Date,Open,High,Low,Close,Volume
2009-09-01,88.27048081385475,89.00267841768498,85.03660751185376,85.4637222290039,3104889
2009-09-02,85.42305040629236,88.51455241316948,84.62984012659338,87.27388763427734,1229235
2009-09-03,87.05016069107452,88.0264220839636,85.07729816071381,86.25695037841797,2341703
2009-09-04,87.05014506501026,87.23319611238392,85.21965445430182,86.2365951538086,822533
2009-09-07,87.05015298618932,89.89759117651823,86.64337799357376,88.33149719238281,3350129
2009-09-08,89.08403645842654,90.01962492018127,87.27388538556741,88.7789535522461,2476568
2009-09-09,88.77894579349186,89.40945129396368,85.82982232650039,86.88743591308594,1883852
2009-09-10,87.74166738713808,88.25014107194144,83.71458387657668,85.4637222290039,4088390
2009-09-11,85.46370556890714,87.0094528218867,84.3247332118687,85.15862274169922,2626638
2009-09-14,84.8128665400969,85.76879456638754,84.30439953884314,84.7518539428711,1045903
2009-09-15,85.74844442613593,88.20944003927924,85.01624700117546,85.9111557006836,3847969
2009-09-16,87.45692432742521,88.18912193196752,85.42304282825322,87.35523223876953,2987335
2009-09-17,87.9043902374788,88.27049239794383,85.26034261993571,86.25695037841797,2502329
2009-09-18,85.93150702575575,85.93150702575575,84.60948353515909,85.0365982055664,1571857
2009-09-22,84.7722171146195,89.65353080836461,84.67051838945052,88.90099334716797,5418711
2009-09-23,89.28741589187695,92.88738445665696,87.5179379099146,91.4636688232422,5806065
2009-09-24,89.63319593489358,93.47722890396317,88.77895976520082,92.27723693847656,5098953
2009-09-25,91.93147352952532,96.56872305035088,91.68740323510656,95.87720489501952,3187805
2009-09-29,96.16196068557493,96.99585053009764,93.53825267826215,95.16535949707033,2938488
2009-09-30,95.22634907443964,99.45682313144091,94.77889464199656,97.11785888671876,7601536
2009-10-01,96.85347138037712,97.95177121137124,94.98230100199088,97.17889404296876,2488944
2009-10-05,96.36531323205318,102.01950905904704,95.2263408194819,100.4940948486328,5116018
2009-10-06,100.88055320300548,100.88055320300548,95.4297472498161,97.01617431640624,3590662
2009-10-07,97.82971846186562,100.63647693010212,97.6263342932022,99.33479309082033,2077728
2009-10-08,100.08734413122518,101.16530420860624,97.72803977990765,98.9076919555664,2147271
2009-10-09,98.8466744733918,102.46699003987128,97.85007335380328,99.25345611572266,3145104
2009-10-12,99.86361156776562,103.19918383131596,98.54159445362768,102.24325561523438,1904124
2009-10-13,102.50763702392578,102.50763702392578,102.50763702392578,102.50763702392578,0
2009-10-14,102.87374390522773,106.1686295076437,102.22289870815294,103.66695404052734,2899997
2009-10-15,102.50765823501769,106.51440889597303,102.50765823501769,103.78900909423828,1609361
2009-10-16,102.12121258676972,105.19237446999443,101.9585012780084,103.1584930419922,2831215
2009-10-20,103.44324230615528,104.48052282283732,98.39921791973048,98.9687042236328,2157072
2009-10-21,99.25344069854565,100.168682699098,95.2060109952212,97.54497528076172,2779112
2009-10-22,97.01616657928346,99.21275925499964,95.30770781628512,97.09751892089844,913914
2009-10-23,98.03311143215927,99.05005216112528,91.158589985626,92.37892150878906,4613666
2009-10-26,92.37893323454088,105.68052336556592,92.37893323454088,101.10428619384766,12472624
2009-10-27,97.62634456326153,101.08394200436524,93.66027340499014,96.26364135742188,4447026
2009-10-28,94.697545458014,99.45682644796676,92.96874689270224,95.89753723144533,4638866
2009-10-29,95.18569279666922,98.43989959289796,93.05011234491388,95.55178833007812,5578121
2009-10-30,96.8127869535748,100.06700017146257,93.55858035669716,94.18907928466795,2293232
2009-11-03,93.55857882174634,95.87720354962302,90.71114064755798,93.68061065673828,3203782
2009-11-04,94.3721239431396,97.56531771521904,92.76535718629005,96.36532592773438,3326350
2009-11-05,96.10090529177826,98.72461231194968,91.76873973410224,97.58563995361328,2545410
2009-11-06,98.43989815151652,101.85682285168733,98.03312313557034,98.94837188720705,4625335
2009-11-09,98.9483583652954,101.81612944997909,97.74836660438169,101.34833526611328,3390024
2009-11-10,102.1415497794671,103.11781098666692,99.25343901828604,100.77884674072266,2488294
2009-11-11,100.8398763633428,104.52120428700444,99.45683344123944,103.3822250366211,2140000
2009-11-12,102.995772035379,107.06353450837206,101.8974790809148,104.56185913085938,2605651
2009-11-13,104.94832921964608,107.6330497324396,103.32122246773544,105.8839111328125,2394903
2009-11-16,106.1686257363257,110.56181079749852,106.1686257363257,109.7889404296875,3788681
2009-11-17,109.82960135123716,111.80246315599128,108.24317468839152,110.62281799316406,2353881
2009-11-18,109.138112037944,112.04656940765724,107.9381202020709,108.50760650634766,2793709
2009-11-19,107.79574393391952,110.4397911578355,104.6432296551787,105.37542724609376,1664845
2009-11-20,104.54155073243663,108.38559046749752,102.71105971922393,106.73814392089844,1316296
2009-11-23,106.20932283611026,108.14151231822464,105.25340127690146,106.92118072509766,1111591
2009-11-24,107.77541053376984,109.74827950751614,105.43644605353008,106.86016845703124,1488792
2009-11-25,106.57542385598542,108.08049196807174,105.2737333056255,106.63643646240234,613060
2009-11-26,106.94150927899032,111.57875825408296,106.1686322428051,109.70758819580078,3402739
2009-11-27,107.79573602151902,107.79573602151902,103.7686528775862,105.45677185058594,1915419
2009-11-30,105.7618694655303,106.53474659065672,102.5686754925478,103.42290496826172,1138199
2009-12-01,104.1347548939182,109.01607432280902,103.32120496627452,107.06354522705078,4150402
2009-12-02,107.79574809745768,108.14151047522031,103.52459421531452,104.50086212158205,1297492
2009-12-03,106.16863539834742,106.90083297517752,104.17543345848024,105.0093231201172,578906
2009-12-04,104.33815918657702,106.5550919646164,104.13476836784471,104.66358184814452,1408413
2009-12-07,104.98899431644948,106.65678043447872,85.78915063138683,105.6805191040039,1686361
2009-12-08,105.76186803282351,108.8126903851923,105.76186803282351,106.79914855957033,2817527
2009-12-09,106.16863710274474,107.69405150438328,104.92797246095373,105.43643951416016,1087808
2009-12-10,105.33475582230308,107.14491350703884,104.70425026991016,105.59915924072266,2068115
2009-12-11,106.3516940657388,106.96185986030476,103.72798644591316,104.90763854980467,1591961
2009-12-14,105.39577263470692,107.3482952344226,104.05340920927117,106.90084075927734,935466
2009-12-15,106.69744875901834,107.633030505054,102.20257121519168,103.03646087646484,1992243
2009-12-16,102.50765830892767,102.50765830892767,96.3246610475927,100.18903350830078,2593177
2009-12-17,101.1246149867281,106.51440161279676,100.22970606919834,105.90423583984376,2632251
2009-12-18,105.76185665442874,105.76185665442874,101.3279918697452,102.1618881225586,1441080
2009-12-21,102.1008859241763,107.1652570226914,102.1008859241763,106.49407196044922,2124808
2009-12-22,107.1855681083831,110.19571715565858,106.59574214271498,108.62962341308594,4385986
2009-12-23,109.42284369847224,109.82961864152033,107.0432000190766,107.53133392333984,2950392
2009-12-24,109.0160703640243,109.0160703640243,107.40930368741763,107.85675811767578,1025565
2009-12-29,108.24320884655154,109.72794391343244,107.06355669045492,108.0601577758789,1516559
2009-12-30,108.6093023343328,108.81268651131064,105.55848009057752,105.90423583984376,1126043
2009-12-31,106.61608811534994,107.34828568032958,103.28052290177811,104.58220672607422,1063866
2010-01-04,104.78558977038068,104.88728184602722,101.91781894487536,102.71102905273438,1607836
2010-01-05,103.52459088382524,105.111024525205,103.36188619235983,103.82967376708984,1259269
2010-01-06,103.28052230396808,107.95845079642726,103.28052230396808,106.12796020507812,4309042
2010-01-07,106.98219693993212,107.79574689842924,105.5991540652752,106.18898010253906,2303302
2010-01-08,106.5754154839208,106.90083147493772,103.91102860709567,104.60254669189452,808849
2010-01-11,107.38897660038006,109.707601366279,104.60255760849924,109.0567626953125,4366540
2010-01-12,109.05676673989532,111.578775787313,106.73813526699531,110.0737075805664,3217920
2010-01-13,110.2364238938902,116.46009443982597,107.93813206082874,113.55164337158205,4566587
2010-01-14,114.30416082973804,116.13465797216568,113.36857251858495,114.10077667236328,2879129
2010-01-15,114.50757350468862,114.89401541775864,111.07031550313263,111.90420532226562,3483039
2010-01-18,113.89739569878292,117.3753328257582,110.6431891223963,116.56178283691406,2389742
2010-01-19,117.6397256401319,117.84312305052912,109.05675218193647,110.216064453125,5126965
2010-01-20,111.25334013881714,115.4431414748107,110.74487308835766,114.3245086669922,4841008
2010-01-21,113.816049414872,113.816049414872,109.91099094861497,110.74488067626952,1238505
2010-01-22,109.7075963401977,113.69400701839793,107.04320930737464,111.82283020019533,1370711
2010-01-25,111.131314640112,112.39231239225242,106.49405886899218,108.9347152709961,2246198
2010-01-27,107.79574450400597,123.29392582350292,104.05340418443052,107.49066162109376,2536458
2010-01-28,106.98219693993212,108.99573871507084,104.82628359100588,106.18898010253906,1030150
2010-01-29,105.6398200877996,107.95844445716445,103.11780494422368,106.61608123779295,1210992
2010-02-01,105.59914342611462,107.9177678573398,105.45677186667112,107.1448974609375,636585
2010-02-02,107.95846079077144,108.93472208846852,104.05340897897302,104.80594635009766,1078109
2010-02-03,105.76186834691542,106.94152045452252,104.60255598199257,105.02967071533205,1618484
2010-02-04,105.15170634521732,105.72119267688863,103.48392683703992,104.03307342529295,1108259
2010-02-05,102.81273135779584,104.94831150591624,100.49410677950134,103.40255737304688,1325521
2010-02-08,105.76187494875998,108.34490325271832,104.60256251147078,106.55509185791016,1866367
2010-02-09,106.63643374992982,108.54828342087754,106.63643374992982,107.81608581542967,1180606
2010-02-10,108.20251560409704,109.72792996409792,104.62288672484276,106.5957489013672,2366673
2010-02-11,105.98560484882124,108.14151837930416,104.94832426072816,106.49407196044922,1048875
2010-02-15,106.49406910923123,107.63304176495356,105.39577594007332,105.6805191040039,503978
2010-02-16,107.22625958843577,107.22625958843577,105.57881332391004,105.82288360595705,440632
2010-02-17,106.18899025084576,107.1855913626017,104.76527437690868,106.6974639892578,804546
2010-02-18,107.79574981097328,107.79574981097328,104.66357510301998,104.927978515625,946583
2010-02-19,104.5415475147486,105.63984738568033,101.4907248392882,101.87716674804688,1205827
2010-02-22,103.5652698022572,103.5652698022572,101.4907088557784,101.71443939208984,532467
2010-02-23,101.71444614060302,103.72798799595164,100.49411453323532,101.45004272460938,2017179
2010-02-24,102.50765323691648,103.32120982381828,100.0669967182308,100.7991943359375,2457412
2010-02-25,100.47376812411362,103.32120614538074,99.39581478873455,101.71443939208984,2408947
2010-02-26,103.32120037443208,103.32120037443208,99.2127581940985,100.47376251220705,1110663
2010-03-02,101.69409713929322,109.7482704484336,101.49070634957891,108.44658660888672,2841092
2010-03-03,107.99913742064533,114.4872171928422,107.99913742064533,113.6126480102539,8257528
2010-03-04,113.4499363380872,113.4499363380872,109.38216694322622,110.0126724243164,1927133
2010-03-05,109.82962954989516,111.66012690693202,108.83302852309082,110.1550521850586,1963660
2010-03-08,111.04997575812784,114.5889324847079,110.8465849290904,111.90420532226562,1815036
2010-03-09,105.86355339624636,112.33130643611295,105.86355339624636,110.72453308105467,1114322
2010-03-10,109.82962552590664,113.4092611395322,108.03980771909384,111.21266174316406,1355884
2010-03-11,109.82962096659166,113.89738372520478,108.3042132426164,113.44993591308594,1216622
2010-03-12,110.78556776894754,115.46349705575024,110.78556776894754,112.73809051513672,1562848
2010-03-15,108.7110074061952,111.6601379136767,108.7110074061952,111.1923370361328,694316
2010-03-16,110.66351878334514,112.39231069688604,109.62623833841305,110.29741668701172,1420977
2010-03-17,111.1109676003541,113.38891254312745,110.256731625805,110.66351318359376,1621795
2010-03-18,111.25335035166222,111.37538881114456,108.24320739231108,109.36184692382812,1589273
2010-03-19,110.23641031167637,110.23641031167637,107.49066429711031,108.100830078125,1618289
2010-03-22,107.71440484507148,109.76862630075658,106.005945796347,106.6974639892578,1666255
2010-03-23,107.79575795033972,108.54829538065992,106.75847734325086,107.04322052001952,1140941
2010-03-25,106.5754112535822,110.37877050052182,106.16862969419115,109.0160675048828,2335058
2010-03-26,109.78895748829002,114.71094343129612,107.85676802652824,112.39231872558594,2878908
2010-03-29,111.94486698426574,113.69400532398836,108.73133344751912,109.4228515625,1534094
2010-03-30,110.1753878907258,111.86350698964492,109.50420952367584,111.21266174316406,1834160
2010-03-31,111.61944298317032,112.67705657387526,108.54828105560183,109.11776733398438,1806345
2010-04-01,109.8296312969956,111.37538552810582,108.4669347497129,108.79235076904295,939861
2010-04-05,109.78895113223938,112.92113225046886,109.11776615354258,112.49401092529295,1448878
2010-04-06,112.81942583344777,116.09397829593624,111.86349778397214,114.44652557373048,1815713
2010-04-07,115.52452136830848,116.70417361396797,113.30758185042,113.9380874633789,1434631
2010-04-08,112.29064328938802,115.68722168157696,112.02623985563817,112.79911041259766,1474001
2010-04-09,113.85670808638226,115.890589534332,113.49061922484547,114.7109375,962023
2010-04-12,114.71093166500866,119.83632112802152,114.71093166500866,118.43294525146484,3416178
2010-04-13,119.18550425233352,119.77533037970964,116.80585999760766,117.84314727783205,2156925
2010-04-15,119.24648542825506,122.31764031422576,118.12785276619938,120.01935577392578,6621042
2010-04-16,120.20242552325048,120.38546994822607,118.49396675008236,119.18547821044922,2632166
2010-04-19,119.18548010459249,123.82272920317968,117.21261791198664,123.11087799072266,3252437
2010-04-20,123.70070507515472,125.18543997831046,118.88039826471314,119.99903106689452,3265880
2010-04-21,120.40581423968705,125.44984502873838,120.32445527350352,123.90409088134766,9251725
2010-04-22,124.04644552718278,128.13454785008858,122.15494241465376,126.85321044921876,5349885
2010-04-23,126.91425803383856,127.36170592664922,124.67697884372193,126.28375244140624,1408919
2010-04-26,126.91426370683772,127.7278137932358,125.08376608092578,126.10070037841795,1412198
2010-04-27,125.3888359897792,126.48712915439717,123.88376120321888,124.31088256835938,1246433
2010-04-28,123.04988962853577,124.47360565253908,120.97532821012456,123.5176773071289,4616576
2010-04-29,123.92050907811212,127.52547263976103,121.72885115451233,122.40478515625,7315985
2010-04-30,123.10121673563262,125.2723779122812,121.31921841005376,124.5759735107422,3126592
2010-05-03,123.30601965688308,124.94463209869303,121.46257065806186,122.30236053466795,1652388
2010-05-04,122.48671090763672,123.30601711162976,118.2058136544536,118.65644073486328,2144361
2010-05-05,116.7515664503561,120.7252230828102,115.85032542731064,120.25411224365234,2717552
2010-05-06,118.79982867204887,119.78300424808376,116.58770029561396,117.3045883178711,1824680
2010-05-07,116.75155654749572,118.39018251209748,112.90080220032512,114.25267028808594,2408636
2010-05-10,117.98054173050512,118.51309025406738,115.1129624992336,116.93592834472656,2181560
2010-05-11,118.39019963252764,118.39019963252764,113.51530168555664,114.2731704711914,1611010
2010-05-12,113.88397535376306,118.77934281384506,113.88397535376306,118.22631072998048,2275770
2010-05-13,118.7998401087185,124.47356053760096,118.7998401087185,123.9819793701172,5172449
2010-05-14,124.535014845044,125.94832074111044,119.72156799850076,120.72522735595705,4708377
2010-05-17,117.9805253778933,126.15313172211695,117.9805253778933,125.47721099853516,3367988
2010-05-18,125.374804138953,126.09170558063812,120.45895235618023,120.9915008544922,2672351
2010-05-19,120.0288145150872,123.63377888338108,116.38288282410126,116.93592834472656,2119037
2010-05-20,118.59500931690744,121.85176435012164,117.40701045780146,120.95052337646484,2615267
2010-05-21,118.39020439729772,120.95054210412168,116.3009642410426,117.81668853759766,3572317
2010-05-24,120.84811786763753,121.0529544758531,114.5804110420077,115.09247589111328,1844928
2010-05-25,113.8839774688467,115.1129436050214,112.10197923853634,113.16707611083984,1846914
2010-05-26,113.88398202425432,116.21901244210252,111.48750062999632,112.9622573852539,2757033
2010-05-27,113.67914964090744,114.70327915594778,110.6067344243578,113.6176986694336,7133404
2010-05-28,114.70327098729229,117.03830105129384,112.3682409232907,115.95272064208984,4427225
2010-05-31,116.75156756977252,117.75522690132672,113.51529598683344,115.85032653808594,2313905
2010-06-01,116.05515914694196,116.87446551056031,112.32729318854751,112.8803253173828,2451569
2010-06-02,115.72742475370156,115.72742475370156,112.34776793527472,113.10563659667967,1132676
2010-06-03,114.70328128319028,120.02879220016496,113.51528248885415,119.57817840576172,2993588
2010-06-04,119.82398334048877,122.40480447854722,117.46846912667084,121.79032135009766,2301576
2010-06-07,118.79982699517149,120.19266237548952,116.87445652195926,118.63597106933594,1741354
2010-06-08,118.7998212250346,120.8071262315266,115.3996942415889,116.19851684570312,2321805
2010-06-09,116.19854946091093,117.81669211574088,114.72379244321934,115.8298568725586,1209868
2010-06-10,115.82984492902476,119.20950219161952,115.7888909440687,118.5130844116211,2842479
2010-06-11,119.61917202637792,121.46260826017247,117.20220659111338,119.10709381103516,2573808
2010-06-14,119.946845657916,122.26140537982694,118.39016785392394,121.85174560546876,2204788
2010-06-15,121.46258418559088,121.66742076541516,118.79982866930833,119.37334442138672,4475633
2010-06-16,119.8239892560416,123.5108748730395,119.8239892560416,122.56867980957033,4330397
2010-06-17,124.12534428113564,124.7807946893248,122.07707175733098,123.18313598632812,3158197
2010-06-18,124.12532683312983,124.24822876828252,119.61913591561348,120.80712127685548,2164123
2010-06-21,121.48306635532356,124.53499800016924,119.22997069057674,120.02879333496094,2958612
2010-06-22,120.43846818420133,130.27017170798328,117.2021965516108,119.18901824951172,3837626
2010-06-23,119.1889998321237,122.48672193600515,117.98051740474745,121.48306274414062,1447321
2010-06-24,121.483093352792,122.50723645982032,118.267305067157,120.09027099609376,3819887
2010-06-25,120.0288077496802,120.09025873025458,118.14440436208037,119.02516174316406,1126950
2010-06-28,119.33240670977952,120.848117592828,118.47211962866372,119.9468765258789,1801749
2010-06-29,119.94685757001362,121.01196775483729,118.86127706336669,119.57817840576172,1886600
2010-06-30,118.63598079896543,126.3374899948634,118.18535362846004,124.88321685791016,3844150
2010-07-01,125.96882980994764,125.96882980994764,121.91325091252742,122.4253158569336,1583758
2010-07-02,123.18316724419206,123.90006881051016,119.20952314069493,119.84449005126952,1341308
2010-07-05,120.3565381284826,121.72887674146696,119.96736190390386,120.37702178955078,1042730
2010-07-06,120.23362706455484,121.40114231423374,120.13122210267925,120.90956115722656,572951
2010-07-07,121.25775544006676,121.7903038520188,120.31554722276704,120.64327239990234,1015310
2010-07-08,122.07707168626833,124.04340957397584,120.93004014046262,123.42893981933594,1945764
2010-07-09,124.86273445220392,125.14949235059896,122.17949506875156,123.26507568359376,1784821
2010-07-12,124.53501259998085,124.9446591312061,123.40846463553704,124.4325942993164,1434808
2010-07-13,124.57598094847712,127.38210905268151,122.77349885620312,126.52183532714844,2854205
2010-07-14,127.03389077913836,128.01706639385495,123.55182881362568,124.14582824707033,3206131
2010-07-15,124.78079982473974,125.41576660032317,122.69155989747516,124.90370178222656,2499161
2010-07-16,124.53504251978352,129.65571874036596,123.92055923959852,128.30386352539062,4502670
2010-07-19,128.017073169609,130.67982893165123,127.279688085614,129.94244384765625,2505451
2010-07-20,131.08949342549047,133.67031463923507,126.05073962586536,126.7061767578125,8115949
2010-07-21,127.03390376164212,128.160451767295,125.06756566697013,125.62059783935548,2573178
2010-07-22,125.600090615854,125.6615415869723,122.60961004523844,123.3879623413086,2561120
2010-07-23,124.73981864811635,125.51815761858546,121.052933697398,122.17948150634766,2071562
2010-07-26,122.17947630392844,123.5518146063964,121.68789522095476,122.65057373046876,1353484
2010-07-27,123.10121581447764,124.43258696607175,121.5445244147007,121.81079864501952,2280237
2010-07-28,122.63012095365104,123.46991107174694,120.192685245729,120.58184814453124,2019300
2010-07-29,120.64329145077755,121.58549981686215,119.49625981753243,120.70474243164062,1916402
2010-07-30,120.64330633840146,122.40482132621896,119.86496715856975,121.38069152832033,1341596
2010-08-02,122.07708353165044,124.33017952443178,121.76984195666056,123.65425872802734,2925785
2010-08-03,123.6542496663769,125.1494901103243,123.63376600716424,124.06389617919922,2072635
2010-08-04,124.0639075582315,124.76032536390616,121.8927461682756,122.85543823242188,1177531
2010-08-05,122.89635116163748,124.0229121381533,120.0697402325048,120.49987030029295,2379807
2010-08-06,121.09389710112944,128.07851806452186,121.09389710112944,125.82540893554688,6922395
2010-08-09,126.58327072490522,130.67981558095852,125.72299710527692,129.69664001464844,4784553
2010-08-10,129.0411883384339,130.06533120999757,126.80857634856837,127.6073989868164,1651460
2010-08-11,127.77129169198378,129.24604862935064,125.9688095090113,126.50135803222656,616710
2010-08-12,124.9446763977785,126.00978686473148,122.896403451445,123.22412872314452,1434842
2010-08-13,123.4289490387071,125.29286877200684,122.89638720776227,124.16632080078124,1359848
2010-08-16,123.8795630833524,124.53501354112568,120.45895184390471,120.70474243164062,1695737
2010-08-17,121.46262307044496,123.69524915527556,120.90959079930212,121.29876708984376,1656700
2010-08-18,122.38432660765086,124.12535777537455,122.07708502889275,123.12171173095705,2554424
2010-08-19,124.10487079896347,125.72301329338552,123.16266242689514,124.86273956298828,2583637
2010-08-20,124.4940175177092,126.05070866208726,122.63008487556856,123.24456787109376,1633398
2010-08-23,123.71571072312688,124.84225872874148,123.265083519451,124.22777557373048,653155
2010-08-24,124.2277587266548,124.82175814022943,120.76618053572496,121.1758270263672,1695370
2010-08-25,134.63301618187302,134.63301618187302,118.79985221611648,119.10709381103516,1649024
2010-08-26,119.6191338412853,123.20360019013832,118.53354010673571,121.85174560546876,4101824
2010-08-27,121.85175564441114,123.14217270459618,120.39748266241124,122.3228530883789,1165565
2010-08-30,122.4867301933929,123.71569636074196,118.0829436508689,119.823974609375,1566091
2010-08-31,118.43112955655536,119.6191281766512,114.94905497868945,117.63229370117188,5620433
2010-09-01,119.66011709781102,119.66011709781102,114.80571626270137,117.57087707519533,3812409
2010-09-02,119.00467835845068,119.1275669841676,116.60819679623326,116.83350372314452,2677823
2010-09-03,117.570862535934,118.55403811196888,116.85397451367687,117.3045883178711,1016270
2010-09-06,118.22631822684946,121.01197581613226,118.2058345679471,120.41797637939452,2297616
2010-09-07,120.41796822523612,122.17948275726518,118.45163045376852,120.00830841064452,4921573
2010-09-08,119.98783511869034,120.80714148293757,117.61183732737246,119.49625396728516,2275354
2010-09-09,120.11071731457456,121.42160461456842,118.24678464058869,119.27092742919922,1929956
2010-09-13,120.438449139341,121.19630444300088,119.20948305927485,120.76617431640624,2904562
2010-09-14,121.1348748977599,122.4457758378884,119.45529473697223,119.90592193603516,2653485
2010-09-15,120.43847584910864,121.66744220172394,119.61916939260416,120.58184814453124,2731428
2010-09-16,121.4625727972596,121.4625727972596,117.8166553825209,118.20581817626952,2692358
2010-09-17,118.71790609401764,119.78300295476927,116.60818269456138,117.28410339355467,3478881
2010-09-20,118.22632566712991,119.59867755709224,117.36605194623766,119.02516174316406,3208369
2010-09-21,119.94687068271148,122.28191454729163,119.51674049882386,120.25411224365234,6212343
2010-09-22,120.99148427466868,126.17360959647534,120.52037348632244,125.53864288330078,11778133
2010-09-23,127.9146495384926,127.9146495384926,122.93734710399708,125.55913543701172,10735374
2010-09-24,124.45308276170366,126.50135550401508,113.55626857203498,125.06756591796876,8400867
2010-09-27,126.11216440510316,126.84954943992082,124.59645368988448,125.47721099853516,5010095
2010-09-28,125.27238668903703,126.78811088849832,124.14583870362728,126.41941833496094,2660216
2010-09-29,126.7880998218482,127.19775966065676,123.14218193288453,123.42893981933594,2071545
2010-09-30,123.83857558672932,124.73981648540644,120.64327179531568,122.97830200195312,6261087
2010-10-01,122.97830253623408,124.86271896957692,121.25775535920673,123.3879623413086,7926501
2010-10-04,124.0229412239882,126.583278584056,123.4698957652981,125.006103515625,4564057
2010-10-05,124.53499405765156,126.480848130539,123.51085121064315,124.7807846069336,3852176
2010-10-06,125.7434767256414,126.31699245364564,119.84445018861832,121.48306274414062,22654180
2010-10-07,134.24615005635806,134.24615005635806,125.44312382315428,129.6685791015625,9778526
2010-10-08,130.28478825141636,130.6369039278037,127.02767123160136,129.6685791015625,4761996
2010-10-11,130.02069297689036,130.9009955880167,127.7539164397104,129.0523681640625,3229992
2010-10-12,128.52417945314505,128.8102751113478,122.80221255968311,123.44043731689452,9814512
2010-10-13,124.18867119284668,124.58480462720384,120.07325436222776,123.26435089111328,12604436
2010-10-14,124.4747532432177,125.53112686278388,121.34969048777153,121.81184387207033,4388310
2010-10-15,122.16399656053524,122.93426138987624,117.1242718794017,118.95089721679688,6851356
2010-10-18,119.28098763784932,121.48174386732993,118.00455171122056,120.71147918701172,5043716
2010-10-19,121.92188078098684,123.99059676645562,121.26165398975408,122.49407196044922,3523862
2010-10-20,122.80220892922172,124.67285189678157,122.2080020059972,122.82421112060548,9411006
2010-10-21,124.49676995004953,125.9932813477098,123.06627854610171,125.4430923461914,9098716
2010-10-22,125.44310762500096,127.22571483410032,124.18867386228088,125.0469741821289,2612154
2010-10-25,125.50913331746376,126.2573958575326,124.78288640054454,125.31107330322266,1029926
2010-10-26,125.66317371317456,125.66317371317456,120.95355027112464,122.18598175048828,5389298
2010-10-27,122.40608102304635,124.47478410416709,122.36206320592638,123.48444366455078,3584216
2010-10-28,123.48441401939496,124.29869642739676,120.9315424275312,121.92188262939452,7958552
2010-10-29,122.14196201887582,124.05662248834425,118.70878791885244,121.56977081298828,4138776
2010-11-01,123.68251958667352,126.27940966020796,122.05395434728892,125.17903137207033,2720132
2010-11-02,125.44309520395956,128.06200028378885,125.44309520395956,127.13768005371094,3563414
2010-11-03,127.64386551662336,129.8006040061238,126.67552737079842,128.30409240722656,3712988
2010-11-04,128.5241415699601,131.60519975828106,128.48012376651454,130.9009552001953,4289206
2010-11-08,130.30675311749982,131.51716887784,128.52414618884723,130.17471313476562,11113952
2010-11-09,130.50485904722956,131.09906598231288,128.7662560579768,129.99868774414062,5048800
2010-11-10,130.24072639717485,130.63685975725917,128.9642907114153,129.88861083984375,3487098
2010-11-11,136.44684845025088,136.44684845025088,128.56814601652823,129.9326171875,1505021
2010-11-12,130.2847359070922,130.37277150699512,125.17898005669628,126.36739349365234,1031206
2010-11-15,126.76357859102342,129.18441082106034,124.78289767553868,126.05933380126952,1743608
2010-11-16,126.80757747809578,128.0399956019157,116.64008094335588,122.58212280273438,4010600
2010-11-18,127.29174242761212,128.216049274453,117.56439745584392,126.4554443359375,2817046
2010-11-19,127.20370103570173,129.27241711752646,124.56279374776328,125.39907836914062,4725503
2010-11-22,127.59985725814798,128.48015984486491,123.99062471201948,127.7319107055664,767629
2010-11-23,126.41144939103532,128.17205446092524,123.2863727055106,127.15969848632812,635308
2010-11-24,127.37972208045775,127.99593091670364,122.36200236767677,125.7071533203125,2518442
2010-11-25,126.05929934513516,126.631503957062,122.53808979117971,124.43074798583984,2467375
2010-11-26,125.88328595683288,126.32343730633232,120.68950540568106,124.51881408691406,3658554
2010-11-29,122.31803491984876,126.23537852591636,121.5697858222576,123.72652435302734,1134701
2010-11-30,123.24234754199878,129.40446491909873,123.24234754199878,126.67552185058594,1406688
2010-12-01,127.20370669373553,129.93264971892853,125.88325299103238,127.90795135498048,828861
2010-12-02,129.3604617538314,133.14576554335238,126.85160745424356,131.9573516845703,2358974
2010-12-03,132.74962452648995,134.20211833150748,129.22841439810747,130.680908203125,2230874
2010-12-06,130.68088332021514,132.48550585386363,129.44846538288587,130.1527099609375,973711
2010-12-07,128.96434348226822,132.04540288286847,128.6122277808551,130.7689666748047,659507
2010-12-08,131.25311675900633,131.693268037967,128.83228472472274,130.32879638671875,1113980
2010-12-09,131.8693124646302,131.8693124646302,123.6824968213052,127.5118179321289,1977009
2010-12-10,126.14734457798922,128.17204291240395,123.2423437879463,127.59983825683594,1288791
2010-12-13,128.17206209562215,129.2284225140091,125.97130562716951,127.55583953857422,734851
2010-12-14,127.3797718944838,131.16507541508037,126.76356281725889,130.064697265625,472592
2010-12-15,130.06469335508106,131.95733834229958,127.42378587579007,131.38514709472656,1538861
2010-12-16,132.04537812064484,132.22143593833562,126.85159862083968,128.30409240722656,989244
2010-12-20,128.43612298054305,129.75657666478037,121.481738949833,124.56279754638672,1990808
2010-12-21,125.0029663172919,127.37978059600955,121.08562252410054,122.62615203857422,2231162
2010-12-22,126.10332687617884,126.41143810885102,121.65779678499898,124.07862854003906,1372754
2010-12-23,125.04697812663753,125.79522722403202,123.55046649949776,124.1226577758789,1617905
2010-12-24,124.12263480520052,124.12263480520052,121.9218788689381,122.27399444580078,897361
2010-12-27,123.06629985582228,123.06629985582228,118.44471144281012,120.02925872802734,819528
2010-12-28,125.7072090537134,125.7072090537134,120.73349149868,122.89024353027344,1439224
2010-12-29,123.5944744357691,126.76356903457388,122.45009185008786,125.83924865722656,2170869
2010-12-30,125.4431224440738,128.9643328986443,125.046988954405,127.29176330566406,2960350
2010-12-31,125.00295414301252,131.42916503542614,125.00295414301252,129.62454223632812,1284305
2011-01-03,131.0330297989303,131.0330297989303,125.88325490706497,127.24772644042967,1200625
2011-01-04,127.24775350314374,128.17207399215673,125.26707249769572,125.92729949951172,1443283
2011-01-05,126.58750375969336,126.58750375969336,122.45008464474374,123.59446716308594,1158259
2011-01-06,123.24234200925028,125.00294689509673,120.68947029771266,121.30567932128906,1555554
2011-01-07,122.00993376586422,123.06629409578308,118.8408393437572,119.28099060058594,1171415
2011-01-10,119.19296089567106,121.56978854646512,115.14357719115544,117.78448486328124,890007
2011-01-11,117.5203898851354,117.5203898851354,112.76676150991295,114.92350006103516,1883000
2011-01-12,114.92348674926605,117.91650968588976,110.34591001081716,115.45166015625,3457188
2011-01-13,115.49567985962685,120.02924557995422,113.82311056154848,114.87947082519533,4360382
2011-01-14,118.40068434987153,118.40068434987153,95.33676190647806,103.56758880615234,14090199
2011-01-17,97.62554167417652,106.20849044087336,96.39311691828767,100.66258239746094,8941410
2011-01-18,102.11508586510836,103.17144613586368,93.1360034151636,95.11668395996094,10150809
2011-01-19,95.11668660378096,100.5305415371016,95.11668660378096,98.6819076538086,6011973
2011-01-20,98.59387016554004,100.61856840005213,96.56917193102792,97.8896255493164,2355638
2011-01-21,98.1977479750101,100.97069551698614,96.92130530193089,100.5745620727539,1416756
2011-01-24,99.47417718266878,107.264852547988,99.47417718266878,105.76834106445312,2685567
2011-01-25,106.51661538960846,110.78608168802288,106.07646408634562,108.84941864013672,6856321
2011-01-27,109.3775889003982,109.7737223507907,101.85099961353852,103.83168029785156,3022428
2011-01-28,104.66798545448134,104.66798545448134,99.65025636645689,102.73131561279295,2345749
2011-01-31,100.00234237493125,102.51120264786528,99.12204005346852,101.36681365966795,2011928
2011-02-01,101.10275711238717,102.77533347578506,94.7645807750833,98.50586700439452,4062540
2011-02-02,99.47417256399146,101.10273068308742,96.8332653277793,98.85796356201172,4232948
2011-02-03,98.81395605482088,102.51122388443324,98.41782261456784,101.14675903320312,1464324
2011-02-04,102.11509044418015,103.78766654469057,100.266456529374,101.14675903320312,1410444
2011-02-07,101.19077867143352,103.96373313582914,100.26646499408544,101.45487213134766,2148271
2011-02-08,103.2594815043402,105.50424875328468,100.88266082665363,101.27880096435548,1094942
2011-02-09,101.36683370487096,102.7753163545028,98.94600184213108,101.23478698730467,1193299
2011-02-10,102.02706262519077,103.47956311523536,94.63252017092528,100.09039306640624,2801816
2011-02-11,101.14677951453946,102.59928028321124,99.07806955488036,99.65026092529295,3108413
2011-02-14,101.93902588770474,104.5799332245243,99.91432757633989,102.3351593017578,1005537
2011-02-15,102.11510828913023,105.41624325537369,100.53056081886288,102.9513931274414,1679740
2011-02-16,103.43554684745908,104.27183156103224,102.2911508767192,103.83168029785156,2151264
2011-02-17,103.7876710016952,105.90039844484804,102.51122828662297,104.53592681884766,941257
2011-02-18,104.97607326596837,105.98842248556284,103.65561951419518,105.06410217285156,2844424
2011-02-21,105.2841777981471,105.63630014185496,101.32281654282754,105.06410217285156,1254918
2011-02-22,103.78765967262176,105.19614224225384,101.80697917015256,103.6115951538086,568509
2011-02-23,102.33516684981552,103.8756962432536,102.33516684981552,103.21546936035156,424138
2011-02-24,100.88267121021472,102.99539868022362,100.4865377479148,101.80699157714844,1788110
2011-02-25,102.9954022517224,104.0077515658078,100.57457014751526,103.5235824584961,1184145
2011-02-28,101.41085010958248,105.81236281774449,101.41085010958248,104.53592681884766,1120868
2011-03-01,105.63630854028592,107.79304715317984,104.75600596911688,106.3405532836914,1648901
2011-03-03,106.51660149996395,107.92508414350536,104.7559965164935,107.39690399169922,2145685
2011-03-04,108.76137731536905,109.8617554479965,107.83705699749191,108.98145294189452,2473210
2011-03-07,107.48493265523622,112.54667197129854,107.48493265523622,110.9181137084961,6417430
2011-03-08,111.79842196066257,112.2385732282242,110.25789252419672,111.09417724609376,1542495
2011-03-09,111.35825634511824,112.19454095926396,110.03780271256744,111.00613403320312,2266643
2011-03-10,111.44628422621442,111.44628422621442,107.4849233647411,108.05712127685548,620420
2011-03-11,107.30886552102636,108.67333023189246,105.10810948784768,105.4162139892578,795996
2011-03-14,104.75599569730092,107.83705439428036,104.09576883366248,105.72432708740234,1108653
2011-03-15,104.0957744930463,106.0764551916455,102.37918724073047,105.50425720214844,1649128
2011-03-16,106.56064252564296,106.56064252564296,104.22783907109988,105.63632202148438,890452
2011-03-17,104.8440217781244,106.07644656695048,104.22781274179874,105.59227752685548,455243
2011-03-18,105.63630785819284,107.13281953304704,103.7876738139096,104.66797637939452,1106817
2011-03-21,105.15213107973476,105.54827123497176,103.52357279578284,105.06410217285156,494008
2011-03-22,105.54827863095797,107.30888375669149,104.84403389419435,106.82471466064452,882634
2011-03-23,106.86873265511618,108.40926214272568,104.7560051574452,105.54827880859376,897013
2011-03-24,105.63630684921009,105.98842921527589,104.05175956000171,105.15213775634766,1136707
2011-03-25,105.63629613188768,109.68568614037508,104.8880403775218,109.02545928955078,2071957
2011-03-28,108.27721388850232,110.6980459063347,108.27721388850232,109.55364990234376,943236
2011-03-29,110.56599436894082,110.56599436894082,109.02546497008488,109.28955841064452,750871
2011-03-30,109.64166454423156,110.21385572052984,102.9953788627711,109.7737045288086,1013716
2011-03-31,109.77372082661432,110.91811678146458,107.39690672491014,108.80538940429688,1166293
2011-04-01,108.58531457104094,110.87409978132936,107.17683188133849,110.0818328857422,1597808
2011-04-04,110.03781692171192,112.45864889398958,108.71736311865136,110.6980438232422,1041698
2011-04-05,111.00613024176808,112.67870612910689,108.89340315861249,111.93045043945312,1102006
2011-04-06,112.6787186160703,114.7034170276728,111.0501603543074,112.19454956054688,1070457
2011-04-07,111.88644323329522,113.86713051829146,108.62932676214784,110.2138671875,1997292
2011-04-08,110.21387795689942,111.31425615821102,107.5729702737516,108.1891860961914,1945860
2011-04-11,108.14517602205098,112.41464240548764,107.66101360852576,112.0185089111328,3460989
2011-04-13,113.11887282969734,113.11887282969734,110.1698607567496,111.05016326904295,1612143
2011-04-15,111.09416678442793,111.79841143267844,108.7173528498881,109.68568420410156,1471924
2011-04-18,110.03780937896362,112.23856556654287,108.98144909539552,110.2138671875,1523773
2011-04-19,110.83007182004822,120.909538176675,103.7876527270021,118.66476440429688,15644592
2011-04-20,119.5450571079655,121.48171951521688,116.81611455751084,117.96051025390624,4666559
2011-04-21,119.41302305988182,120.9095479844256,116.68409349937448,117.43234252929688,2229871
2011-04-25,117.0362129598692,119.14894698807356,112.23856709220192,116.1999282836914,1168617
2011-04-26,117.1682509476575,117.3883265403974,114.65938381748346,115.31961059570312,1248644
2011-04-27,116.1559066772461,118.44469844158915,114.92348860866106,116.1559066772461,1193143
2011-04-28,116.46403837386109,120.86555143838832,115.36366010772926,118.97289276123048,2842555
2011-04-29,119.7211669468924,123.06631988629093,118.00457937199216,118.62078857421876,2922067
2011-05-02,117.3442941395027,121.61375204819088,116.77208961014377,120.2052764892578,1552106
2011-05-03,120.29332551791958,120.82151236568204,116.46401788486504,117.43234252929688,2868176
2011-05-04,117.08022880991945,119.63310060651914,116.37598414564546,117.65242004394533,301956
2011-05-05,118.444715641553,120.2493386294571,117.30031959319784,117.74047088623048,1152146
2011-05-06,117.6964397670148,119.41302692934282,116.19992822632754,117.08023071289062,1211527
2011-05-09,117.08023838615507,118.18061656647608,115.58372674738868,116.99220275878906,750402
2011-05-10,117.08023457077314,117.96053708634284,115.53970516852613,116.64008331298828,828966
2011-05-11,116.904161490365,117.96052168465336,116.02385908973326,116.55203247070312,424753
2011-05-12,117.34432425190454,117.34432425190454,115.4956836555031,115.71575927734376,431292
2011-05-13,115.58371927717934,118.84083579395096,115.14356803349804,115.71575927734376,1001371
2011-05-16,115.6717415148614,118.3126489780532,114.87947464884384,115.2315902709961,1070229
2011-05-17,115.7597789549304,117.34432614420558,112.4586445740864,115.62773895263672,1245674
2011-05-18,115.80378919325528,116.86014943957252,114.6593933295994,115.45166015625,1373580
2011-05-19,115.75977321915678,117.34432032991931,114.48333734161316,115.84780883789062,1730362
2011-05-20,115.67173948769305,117.78447348063042,115.67173948769305,116.8601531982422,1855670
2011-05-23,116.86015514893964,117.7404576359373,115.75977704019256,116.1999282836914,795818
2011-05-24,117.08024175893492,121.21766114966012,116.19993918931888,119.67713165283205,3998907
2011-05-25,119.85320247208696,122.97827961944512,117.08025445015592,120.90957641601562,2099385
2011-05-26,122.18597982679388,126.05930514129967,120.38135716094608,121.56977081298828,4914276
2011-05-27,122.3620357479061,123.02226255949552,120.60143091700098,122.14196014404295,2369073
2011-05-30,122.36205521720603,122.36205521720603,119.4570540975216,119.85318756103516,846435
2011-05-31,120.99755852564576,124.07861683224748,120.16127395746638,120.68946075439452,4702723
2011-06-01,119.01689127701115,123.6824970552448,119.01689127701115,123.02227020263672,1389136
2011-06-02,121.48176833414666,126.49949086147784,120.24934997036452,125.92729949951172,3440731
2011-06-03,126.76355176303476,127.2917386016538,122.62613296835,123.46241760253906,1456839
2011-06-06,123.46243862424578,125.70721292206602,121.61379780666404,123.24236297607422,1056270
2011-06-07,124.0346199380638,128.26007472881224,121.56978362311516,127.33575439453124,1900712
2011-06-08,126.67552752863924,127.64386567567072,124.65084247414693,126.93962097167967,1313501
2011-06-09,127.42380369921824,127.95199064189671,124.82691366781164,125.53115844726562,685498
2011-06-10,125.00295467137006,127.64386216442718,121.56978030333586,122.58212280273438,2312823
2011-06-13,123.24237065967051,124.1226733072396,121.87789886946796,123.15433502197266,3189859
2011-06-14,122.80220971840194,124.47477924485182,122.6261518891469,123.50645446777344,1045222
2011-06-15,123.77054812654475,123.99062377155472,121.65781387503826,122.53811645507812,642781
2011-06-16,122.7141649446573,122.89023619314533,119.28099051674644,120.16129302978516,993380
2011-06-17,120.16131829596186,121.34973231139068,117.65245023332469,118.62078857421876,712314
2011-06-20,119.3250104665198,120.55742863391204,115.31963127396908,118.1365966796875,1518687
2011-06-21,118.4447020457354,120.60144044756125,109.64167719554848,119.80917358398438,856532
2011-06-22,120.46940617005714,122.00993559201515,118.6207654907673,120.3813705444336,888762
2011-06-23,120.02925311013492,120.95356000359496,118.6647815274958,119.28099060058594,1431793
2011-06-24,119.80919063950942,121.43774240921772,119.0609280477841,120.42539978027344,1778672
2011-06-27,120.51340821738168,126.3234101549392,120.51340821738168,124.65084075927734,1727903
2011-06-28,125.04695886748368,125.48711006840242,122.45006946853285,123.77052307128906,1738421
2011-06-29,125.83925092437885,125.83925092437885,123.24236100397954,123.8145523071289,983025
2011-06-30,124.1226505253028,124.9589352005281,117.9605331233374,118.75279998779295,3812829
2011-07-01,117.08024213363856,120.64547023846396,113.99918313012174,117.12425994873048,1367057
2011-07-04,117.43232515233726,118.66475647063172,114.08718705266767,116.02384948730467,1138483
2011-07-05,116.19993737812132,116.19993737812132,111.3582733206996,112.5906982421875,5534866
2011-07-06,113.42698469772148,115.4076653611344,113.11887344380594,114.48334503173828,3258175
2011-07-07,115.53970516852613,117.03621675852456,114.48334483631254,116.64008331298828,1767156
2011-07-08,117.08023690726355,117.47637036070522,112.50266642141963,112.94281768798828,2580582
2011-07-11,112.9868164703119,114.08719445139266,110.4779493005084,113.29491424560548,1327682
2011-07-12,112.23855683256392,113.03082362550136,109.02545170549486,110.78605651855467,2166127
2011-07-13,111.79841231073644,113.42697723308464,111.1822032758086,112.63469696044922,1004246
2011-07-14,112.63471806150164,113.2069228265493,111.27025302392038,112.0185089111328,585670
2011-07-15,112.7667574340958,114.65940246655366,108.0571336105141,108.80538940429688,4720571
2011-07-18,110.56597985391971,110.56597985391971,107.0887880680267,108.32121276855467,2955032
2011-07-19,109.20153482886712,112.9428206942858,108.36524337042115,112.10652923583984,5264811
2011-07-20,113.11886511101716,113.11886511101716,108.409248334844,109.68568420410156,2493499
2011-07-21,109.15751019966096,118.70879771507134,103.7436484715234,116.33197021484376,11348301
2011-07-22,116.33194559761114,118.44467921380593,112.766731966412,117.96051025390624,3737247
2011-07-25,117.65240288722056,119.58907878964465,116.19990939275031,117.91649627685548,1444275
2011-07-26,118.1806068665236,122.09795018047102,115.27560602244078,117.34432220458984,3018140
2011-07-27,118.0925844344372,120.55743431778154,117.5203931366748,118.8848648071289,1184282
2011-07-28,118.3934109770856,121.74416789153145,117.72325959419643,120.67192840576172,1509170
2011-07-29,119.55500460797823,120.67192353437142,115.84682559179436,117.63389587402344,1263558
2011-08-01,117.63390024896398,119.6443543912428,115.98086835698246,116.56166076660156,556900
2011-08-02,116.2489268003701,116.87439866954082,113.97040947371715,114.37249755859376,994724
2011-08-03,113.65767125392831,114.19379781131715,112.04931203315896,113.12155151367188,696208
2011-08-04,113.16621791481867,116.07020007354204,112.5854187562214,113.56830596923828,2179388
2011-08-05,111.33447236713576,115.44473247369804,109.9941697138786,114.64055633544922,2376453
2011-08-08,113.07688735185792,115.17668698535428,110.93240141237438,113.92574310302734,3752268
2011-08-09,112.22800051981186,114.19378171314104,110.12819452316162,111.82591247558594,3650319
2011-08-10,111.82591995925414,114.64055690859227,111.06641648203764,113.97040557861328,1934017
2011-08-11,114.10445073136466,114.81928167095536,110.57498915782666,111.55787658691406,1247981
2011-08-12,112.13864676070902,113.43426983308382,109.05595362043448,109.54739379882812,1053230
2011-08-16,110.66432681628191,111.46850981363436,109.23467194161763,109.90482330322266,748130
2011-08-17,109.45804660781538,110.88770136334828,108.65386367747448,110.75366973876952,2117876
2011-08-18,110.574978564151,112.54075323399408,108.96661251272856,110.30691528320312,1783228
2011-08-19,105.7498857783463,109.81547351994418,105.7498857783463,109.18999481201172,2345453
2011-08-22,108.51984405517578,109.59209035326444,107.89437216080664,108.51984405517578,705799
2011-08-23,108.96660988414068,109.3240253110718,108.20710636261964,108.56452178955078,1072890
2011-08-24,108.25178708361588,110.2622412137886,106.77745269139608,107.2242202758789,1635178
2011-08-25,106.77745305008132,107.67098822204852,102.62251313700732,104.09684753417967,2870486
2011-08-26,103.69475734222152,105.97326789450308,100.65673645538055,102.6671905517578,859158
2011-08-29,103.60540272893486,104.9457055162025,101.55027587873732,102.57784271240234,1943869
2011-08-30,102.80121416173267,104.6776364750838,100.25463371811504,103.15862274169922,2152366
2011-09-02,103.51604114150238,106.77744565678884,103.51604114150238,105.57117462158205,2212741
2011-09-05,105.34778879267324,105.34778879267324,102.0417048594068,102.97991943359376,1045079
2011-09-06,102.75653234184114,104.45425032656742,102.3544442899648,102.89056396484376,865394
2011-09-07,103.6500769758835,108.87725621856843,103.3373410380896,106.46471405029295,1149514
2011-09-08,108.3411404926665,110.0388586968028,106.33068633919434,109.50273895263672,1012993
2011-09-09,109.90481839689396,111.60253646726422,108.11774817905828,108.69854736328124,1636753
2011-09-12,107.17953988577248,107.89437074176335,103.91814200028628,105.43714904785156,940062
2011-09-13,105.48181531221856,106.91147002788236,100.56737254034635,101.77364349365234,1877420
2011-09-14,101.95235226116404,102.22041551463704,100.12060941953764,101.50558471679688,1770820
2011-09-15,102.30977749382076,102.71186559554614,100.29932335092909,101.95236206054688,845624
2011-09-16,102.62250792715906,103.69475416936427,101.28220523725156,102.3991241455078,568690
2011-09-19,101.46092299088774,102.57784197221794,100.96947591224948,101.5949478149414,377622
2011-09-20,101.55027245909028,105.83923714363875,101.41624082145044,105.43714904785156,822317
2011-09-21,105.66053408512232,106.5093897716382,102.84589692999911,104.09684753417967,1092347
2011-09-22,102.89057238954896,105.1690828986324,100.52270291305938,101.05882263183594,799448
2011-09-23,99.67383860896386,103.65006689668226,99.67383860896386,101.41622924804688,867973
2011-09-26,101.77364341578205,103.6500656547258,99.45045365246447,100.79075622558594,1051100
2011-09-27,102.71187382427378,103.38202525892665,101.41625044413144,102.26510620117188,1028353
2011-09-28,102.30977238480764,105.3031137068756,101.99703645273462,103.87345886230467,1486223
2011-09-29,103.29266063095524,109.10063903029332,103.29266063095524,104.67764282226562,2277645
2011-09-30,104.36489814086944,106.42002469658571,103.02459554565516,105.03504943847656,763853
2011-10-03,103.29266599471278,106.37536647241076,103.02460952956454,105.2137680053711,1196289
2011-10-04,105.34778088214811,105.3924535431496,101.68428864059764,101.9970245361328,753219
2011-10-05,101.23753042223008,102.7565373783618,97.8420942863532,100.96946716308594,1968220
2011-10-07,101.10350213494894,104.49893156594044,99.5844883114696,100.07593536376952,4008524
2011-10-10,100.52271649606465,100.96948412493605,99.62918123832183,100.1206283569336,484997
2011-10-11,100.92479101723438,101.9523577884138,99.62916779518127,100.07593536376952,660198
2011-10-12,100.92479256284987,101.72897556205083,99.85255310867008,101.19285583496094,426540
2011-10-13,102.7118674394239,102.7118674394239,100.61206110480124,100.92479705810548,1075107
2011-10-14,100.567395985805,101.86301938267884,99.89724454249787,100.1206283569336,888313
2011-10-17,100.96948397311353,103.65008974231122,100.4333641827006,101.103515625,4420728
2011-10-18,100.96947535409376,102.26509863842166,99.67385206976589,101.28221130371094,2878235
2011-10-19,101.77365504644676,102.62251071291143,100.65673610787104,101.19285583496094,1668458
2011-10-20,100.79076245444976,100.96946674839064,100.165283791393,100.47801971435548,378558
2011-10-21,100.5226986060395,101.86300125412002,99.94189942844493,100.165283203125,1283578
2011-10-24,100.56738494702353,101.77365604914333,100.52270546218742,101.01415252685548,498246
2011-10-25,101.72897438181236,102.66718900618386,100.52270330557192,101.5502700805664,664102
2011-10-28,102.89057213808675,105.79456132625565,101.86300536961598,105.16908264160156,769945
2011-10-31,107.44759414963764,111.60253366521214,103.33733411524,108.92192840576172,1903938
2011-11-01,105.12439615307665,109.0112721150646,104.9903645370499,105.4818115234375,512257
2011-11-02,105.34778648350816,108.83257463207715,104.8116668030664,107.80500793457033,782538
2011-11-03,107.67097741329307,112.22800496943351,107.2242098721591,110.57496643066406,1088728
2011-11-04,111.51318145928904,113.34492429530404,109.0112804916445,112.04930114746094,925152
2011-11-08,111.06640788377986,112.04929506156536,107.04550021518637,107.89435577392578,1245609
2011-11-09,108.29646076229196,108.87725999096553,106.33068609907794,107.04551696777344,277127
2011-11-11,105.6158521728905,109.6814398387775,105.21376408159716,105.79456329345705,999968
2011-11-14,107.58162877952216,107.58162877952216,102.44380188880328,103.42668914794922,498475
2011-11-15,102.9352394953455,104.36490109102586,100.38866585587893,101.50558471679688,1662747
2011-11-16,101.01414163347243,103.29265195462104,100.07592709014968,101.90767669677734,692490
2011-11-17,101.9970245361328,103.3819997355404,101.1481621715302,101.9970245361328,1123190
2011-11-18,101.99703700326556,106.33068104372194,100.52270266738418,105.16908264160156,1001107
2011-11-21,105.34779941401668,107.04551762473852,101.72897919687624,102.7565460205078,921728
2011-11-22,103.11395812873052,104.00749328267597,101.0141518803852,102.6671905517578,2224988
2011-11-23,102.39912631569568,105.4371471739652,100.1652884518405,101.86300659179688,1219501
2011-11-24,102.22043312464746,109.36871506599157,101.32689788197943,106.86681365966795,2748397
2011-11-25,106.19664389747378,106.19664389747378,103.82877454968576,105.6158447265625,895722
2011-11-28,106.82213693038796,110.03886231838533,105.43715463000515,108.43049621582033,745626
2011-11-29,109.36870564790712,114.64056448909858,108.34113884389934,111.33448028564452,3331224
2011-11-30,110.61964438635792,113.47895388333744,107.40291268084154,111.42382049560548,3375813
2011-12-01,112.94285603627368,116.11490205745444,109.45806722645386,112.76414489746094,1838084
2011-12-02,113.2108991727822,113.92573000949857,111.11109296348454,113.38961029052734,573847
2011-12-05,112.58541718876486,114.72989587198852,112.09397018053276,113.43427276611328,363905
2011-12-07,113.61299421405008,116.1148885113583,113.47896257986004,115.17667388916016,1745412
2011-12-08,114.37248720760232,115.48940602798908,112.8088008590609,114.59587097167967,805999
2011-12-09,114.23846293954486,114.23846293954486,109.45805144398888,110.97705841064452,1011431
2011-12-12,110.84304019063846,111.6918958724159,107.492283314466,108.38581848144533,527350
2011-12-13,106.37535057096078,109.99416343799932,104.99036851476453,109.0112762451172,2656557
2011-12-14,109.5474152267314,109.5474152267314,106.82213693038796,108.43049621582033,1000064
2011-12-15,108.11775382545233,108.9219368289028,105.52650051083737,108.07307434082033,1721159
2011-12-16,107.80501141033965,108.92193028774238,105.79455743101468,106.7327651977539,1096165
2011-12-19,106.1966553451795,106.33068698631983,102.57784193718506,105.2137680053711,2160058
2011-12-20,105.16908147382082,106.6880952764292,102.30977180099516,105.52649688720705,1691356
2011-12-21,105.52651004981692,107.1795488736427,103.87347122599115,105.07974243164062,1027867
2011-12-22,103.203309990866,106.28600353646756,102.48847914286426,105.79456329345705,1032659
2011-12-23,106.2413287123982,106.9114800623707,103.91813872925334,105.34779357910156,439727
2011-12-26,105.0350697601027,105.92860499645532,103.91815071466192,105.07974243164062,990434
2011-12-27,105.6605416986964,105.79457334757586,104.09685503507932,105.07974243164062,818478
2011-12-28,104.85634221698643,104.85634221698643,103.24798313347138,104.45425415039062,675655
2011-12-29,104.45426774874107,107.17954605773616,101.72898262261332,105.3031234741211,2211144
2011-12-30,104.72232422232456,107.31357770309424,104.14153178766068,105.3031234741211,953717
2012-01-02,105.61584232328386,106.15196881785276,103.47136361353456,104.36489868164062,595675
2012-01-03,105.43714473814347,108.74322197341893,105.03505665879148,105.52649688720705,831590
2012-01-04,105.97326108767685,106.46470811763332,104.00748660211448,104.45425415039062,289594
2012-01-05,103.47137774719803,104.76700104607475,94.31264204807424,104.54361724853516,756827
2012-01-06,104.36491043256136,104.54361473945109,101.95236138675617,103.60540008544922,933489
2012-01-09,103.82878663920826,104.9010329604626,102.66719497926503,103.38201904296876,627843
2012-01-10,103.60539833529036,104.45426082150792,103.11395809107916,103.65007781982422,721616
2012-01-11,103.20331198638118,106.24133292343272,102.97992819420288,103.60540008544922,860859
2012-01-12,104.63296271610048,108.92193408156754,103.60539594967273,107.31356811523438,1894543
2012-01-13,106.86679497999704,112.3173576441199,106.86679497999704,108.92192840576172,2846914
2012-01-16,107.84969216730194,109.05597009911143,106.55406889915466,107.2242202758789,262208
2012-01-17,107.2242067623851,110.038843553324,106.59873494979044,107.17952728271484,1526885
2012-01-18,107.84968506205448,109.54740313466829,104.6776395114834,105.57117462158205,1203438
2012-01-19,106.77745495271516,108.92194076707486,105.48183165712936,105.70521545410156,1810335
2012-01-20,106.50937683950704,106.9561443712451,102.39911691094294,105.03504943847656,2064273
2012-01-23,104.5436068862232,106.5540608648044,104.23087096409247,104.7669906616211,995119
2012-01-24,104.54359121283068,107.62628412430544,104.54359121283068,106.59872436523438,1163669
2012-01-25,107.71567486217874,114.23847796051686,106.55407633461286,111.64722442626952,2695765
2012-01-27,112.27269711950512,115.266038619452,111.15577814063448,114.41718292236328,2285723
2012-01-30,113.38962221761837,113.38962221761837,110.35160106771228,111.64722442626952,1801891
2012-01-31,111.28980826020997,116.96374841475205,111.06642446748944,114.28314971923828,1826394
2012-02-01,114.37249215024596,117.94663252994114,113.47895705532216,116.7850341796875,1179527
2012-02-02,117.58923157492748,120.58256615657317,116.65101693753292,119.59968566894533,1242441
2012-02-03,120.26983725707358,120.53788689602912,116.382953881045,118.4380874633789,935883
2012-02-06,120.22516159162228,121.6994891897697,116.56166188785647,117.1871337890625,1000414
2012-02-07,120.13579625896288,120.13579625896288,114.81926492880118,115.53409576416016,1626031
2012-02-08,115.53409556851824,117.85727873667076,114.64056043439864,116.69569396972656,742773
2012-02-09,112.6747807990916,117.9019600514521,112.6747807990916,114.68524169921876,999195
2012-02-10,114.86392214670109,117.36582276834588,114.6405384060946,116.02552032470705,975116
2012-02-13,115.44475003031312,118.1253557444888,115.22136622079849,117.54456329345705,1080966
2012-02-14,117.94662900635517,121.87817785286175,116.65100588427435,120.00176239013672,1002979
2012-02-15,121.1186543799985,125.4522903198243,120.09108109873334,124.87149810791016,1275237
2012-02-16,124.64816110627802,125.3629919971814,118.84018227336902,120.26984405517578,912721
2012-02-17,120.80594875504453,124.60347311745625,117.49987144873896,118.1253433227539,4276869
2012-02-21,117.94663806611706,119.91241264036618,117.4998704976848,119.15291595458984,1267713
2012-02-22,119.28695081100312,120.04646119496658,111.46851770541303,112.36205291748048,2289610
2012-02-23,112.49607419219636,112.54074685840196,110.84303556568452,111.6025390625,1632683
2012-02-24,112.40670556833427,118.79547535561989,111.51317056959437,117.72323608398438,2404999
2012-02-27,118.84018105539322,118.84018105539322,110.03886073915338,110.9323959350586,1162047
2012-02-28,111.78122426185904,114.1044138386866,111.02172089481766,112.18331909179688,723924
2012-02-29,113.30024779752274,114.95327947012538,110.3515793866543,113.61298370361328,1433645
2012-03-01,113.52362792462988,116.96372959855049,112.63009289749272,116.15955352783205,369984
2012-03-02,117.9466372262658,124.82685500427849,117.3211653617672,122.10157012939452,3460035
2012-03-05,122.36963226737036,127.50745922039542,120.53788253987383,126.25651550292967,3160704
2012-03-06,125.98846149804535,128.22229946786888,123.53123973123952,124.55879974365234,1689538
2012-03-07,122.72705780770256,125.98845563824938,122.23561075034588,123.39720916748048,849952
2012-03-09,124.73749376467114,126.88197235069627,121.83350496087,122.45897674560548,2050886
2012-03-12,125.00556202957512,125.00556202957512,118.34872788901951,119.10823822021484,1765358
2012-03-13,120.4038542236675,123.66525187138237,119.77838238312452,121.5654525756836,3009893
2012-03-14,122.86107769187232,125.8990916138204,121.34207073089829,122.324951171875,1764960
2012-03-15,122.9504599842838,125.0055802209138,118.7508332607827,119.55502319335938,1204064
2012-03-16,120.269818800201,120.269818800201,110.8876943000222,112.22799682617188,1356704
2012-03-19,114.72990358034278,115.2660301043009,108.83257998812292,110.4856185913086,1358037
2012-03-20,110.53029067131412,111.60253689641785,102.80121740315914,110.17288208007812,2141676
2012-03-21,109.01128677316524,113.03219489184757,107.44760028256655,112.40672302246094,1832932
2012-03-22,113.5236314907527,116.87438794777457,111.87058618491676,112.63009643554688,1837268
2012-03-23,114.01507824366612,115.5787714974156,111.33447292375014,113.97040557861328,1102703
2012-03-26,112.5854188133899,114.37248895328496,110.53028542565792,111.42382049560548,378611
2012-03-27,113.4789565538304,117.23180120907293,111.20043934499137,113.3449249267578,1338521
2012-03-28,113.30026140025538,114.9979727563245,109.18999419656808,109.86014556884766,1525642
2012-03-29,108.11774289268334,116.15955847974244,108.07306341256928,114.23845672607422,1244360
2012-03-30,114.81927129079604,115.71280647593842,112.183345221479,113.25558471679688,1178640
2012-04-02,114.90861211228987,117.7232420471893,113.9257181101832,116.6063232421875,540771
2012-04-03,117.9466323563682,125.98844819884783,117.49986480956376,123.03977966308594,1450232
2012-04-04,123.30782978574548,125.1842587361899,119.0635385431202,120.0464324951172,1197100
2012-04-09,107.35825406770807,120.2698416084817,107.35825406770807,115.71280670166016,739101
2012-04-10,116.60633999116016,117.0531075773332,113.38961473414084,114.10443878173828,1341554
2012-04-11,114.10443291626838,114.50652099630206,111.24512323859504,112.09397888183594,626217
2012-04-12,113.43427440298744,114.68523168147188,110.2622289949526,111.42382049560548,2320073
2012-04-13,111.78124629549272,113.65766875367883,110.61965468667856,111.20044708251952,418248
2012-04-16,111.87058803057924,112.362035045903,109.90481360354728,111.42382049560548,349689
2012-04-17,112.58542146285538,113.8363719536468,111.78123851755149,113.3449249267578,707818
2012-04-18,114.05975526425908,114.77457924386384,111.468502147504,111.87059020996094,863930
2012-04-19,112.54075234672482,112.7194634716586,111.60254450506888,112.13866424560548,515537
2012-04-20,112.36203702680724,112.58542079823228,110.57496685540671,111.06641387939452,600346
2012-04-23,111.11110200318986,112.18334834549952,109.99418299065852,110.8877182006836,379687
2012-04-24,112.1386587768914,112.31736307597788,108.56451825810602,111.6025390625,625220
2012-04-25,111.60252871387569,112.94283128413728,109.90481076145136,111.82591247558594,385069
2012-04-26,111.2451318901989,115.26604027177235,109.18999821276392,110.9323959350586,2313592
2012-04-27,111.8259228562191,112.94284176845234,109.86014148040935,110.6196517944336,578382
2012-04-30,112.4067251595798,113.21090134489992,111.24512673191178,112.8534927368164,682695
2012-05-02,112.40672416915464,114.5958825514722,112.31736520078888,113.03219604492188,1164571
2012-05-03,112.45140119690817,114.32782371410704,111.33448222034542,111.9599609375,786137
2012-05-04,111.46850471118888,114.14911003490484,111.42382522894088,112.80880737304688,1430997
2012-05-07,110.39625902583592,113.6576565303767,110.35157954613064,113.43427276611328,749405
2012-05-08,113.3449310303332,113.92573023416912,110.8877093978315,111.24512481689452,1107421
2012-05-09,110.79836060064524,112.36204714138016,109.36870569825692,110.35159301757812,2879501
2012-05-10,111.06641837099478,111.33447481726624,106.5093837959286,108.83258056640624,1648126
2012-05-11,108.25178527832033,108.56452121881638,106.24133118167556,108.25178527832033,1764054
2012-05-14,108.83258346354398,110.26223833311184,107.40292177684395,109.4133758544922,1564503
2012-05-15,107.49227748195707,109.27934771894968,107.2242142195554,108.34113311767578,2688559
2012-05-16,108.11775718196743,112.04931335201094,107.26890148466448,110.7983627319336,1776666
2012-05-17,111.69189571536016,113.92573362966736,110.48562460506072,111.33448028564452,784435
2012-05-18,108.56451787426312,111.60253866791582,108.56451787426312,110.12820434570312,904325
2012-05-21,110.12821253221892,111.15577936754848,108.83258922928113,110.44094848632812,1209200
2012-05-22,110.44092825365036,112.9875017236276,110.44092825365036,111.37914276123048,1650514
2012-05-23,111.28980041646057,113.25557492699951,110.75367389801188,112.80880737304688,2617724
2012-05-24,112.85348471700058,114.59587541754922,112.85348471700058,113.3449249267578,1157041
2012-05-25,113.47896580801134,114.0597650279355,112.04931090928964,112.49607849121094,791914
2012-05-28,112.31735371251968,113.83636739664846,111.78123404282248,112.63009643554688,825460
2012-05-29,112.40671831979094,114.14910903813876,112.36203883793308,112.98751068115234,855472
2012-05-30,112.22803090098712,117.05312282355256,112.04932657009452,115.26605224609376,1268449
2012-05-31,113.07688419394154,120.6719335220352,113.07688419394154,118.08067321777344,4708560
2012-06-01,117.67858873211806,117.67858873211806,112.04932079360871,112.76414489746094,1152569
2012-06-04,112.40671615806436,114.28313846876794,111.51318107514535,112.54074096679688,1397278
2012-06-05,112.89816558829884,114.19379565467636,112.22801422135151,112.6747817993164,1384482
2012-06-06,112.2726860406014,118.6614633327329,112.2726860406014,116.7850341796875,1334099
2012-06-07,117.7679562848911,124.6481754275134,117.05312531185848,122.41433715820312,6984198
2012-06-08,118.84017540644145,123.3525306581254,118.84017540644145,122.36963653564452,3472373
2012-06-11,124.8715568252694,124.8715568252694,120.76128903599044,121.4761199951172,2509267
2012-06-12,120.49319536289786,122.503649032128,119.95706893073188,120.6272201538086,1407358
2012-06-13,121.34207170326717,122.1462478554436,117.45518848779872,118.2146987915039,895986
2012-06-14,119.28693452447246,121.4760927682936,118.66146268827548,120.58255767822266,930122
2012-06-15,120.80592441977674,122.32493113189832,119.7336851897063,120.6272201538086,2572361
2012-06-18,120.58255648577337,121.11868298821952,119.55499659605876,119.95708465576172,401295
2012-06-19,121.16334658597458,122.32493113189832,119.7336851897063,120.6272201538086,913549
2012-06-20,120.85060389483417,120.98462868574488,119.7336851897063,120.6272201538086,1500583
2012-06-21,119.33159718271258,121.74413885893644,119.33159718271258,120.6272201538086,6094477
2012-06-22,120.13581326307396,121.74417946171496,119.55502079641256,121.07402801513672,213141
2012-06-25,120.71657690837608,123.44184759191263,120.67189743413128,121.34204864501952,2520628
2012-06-26,122.19093730943548,126.39054997822672,120.62725072595094,125.0502471923828,5096411
2012-06-27,126.07780034534572,127.77551147770806,125.6756986675511,127.15003967285156,1422224
2012-06-28,128.49036068991356,128.53504017544628,123.53123774960451,125.76507568359376,1718558
2012-06-29,128.1329318579307,133.1367340267351,126.43522056901352,131.17095947265625,2275617
2012-07-02,132.24319714467677,135.459929015415,130.0540388377156,133.18141174316406,1336430
2012-07-03,133.13672770113996,134.74509358142922,131.7517455921613,132.60060119628906,2410190
2012-07-04,132.68996818857426,135.1025103378773,131.1709611785882,133.09205627441406,4882215
2012-07-05,132.82126981389328,136.02559147706214,130.97089949069343,134.35574340820312,667116
2012-07-06,133.63364875645522,134.4008718273705,132.91154592214914,133.5433807373047,741161
2012-07-09,133.1823240497939,133.22745805524931,129.03024346125912,130.7452392578125,2282873
2012-07-10,130.8806363824073,132.95667681754895,128.2178951554273,128.80459594726562,1998457
2012-07-11,128.0824803355204,131.46732404177584,126.5931546139537,130.02313232421875,2104255
2012-07-12,127.94712445275051,132.4151165203165,127.72146814860103,128.9400177001953,2235986
2012-07-13,129.5718453943449,132.41510915938463,128.80460849370016,130.42933654785156,3017066
2012-07-16,130.42930425919553,131.60271943964955,128.71432237673758,130.92575073242188,926767
2012-07-17,131.42221586639388,131.7381263775117,129.39130945634088,130.47445678710938,663951
2012-07-18,129.9779907355212,133.58849047817455,129.9779907355212,133.18231201171875,1377657
2012-07-19,135.1229506564558,135.1229506564558,131.42219666916313,132.0540313720703,2490959
2012-07-20,131.64786036082356,137.19899854267362,131.60272635671006,135.21322631835938,3799924
2012-07-23,136.29636615978242,139.99713392893543,134.94242874759914,137.83082580566406,3304023
2012-07-24,138.5529598880124,139.72637533221103,137.33441043192786,139.0042724609375,2281192
2012-07-25,139.50070019553712,146.6765663808051,138.68832941026454,145.18724060058594,5713345
2012-07-26,146.22522964548256,147.84995717391377,141.4864490551197,144.2845916748047,3104095
2012-07-27,145.32263815497157,146.99250006531747,142.07318235163683,145.0067138671875,1892962
2012-07-30,143.51737082959053,149.38443315910212,143.33684858942917,146.0447235107422,3740472
2012-07-31,146.04474259494853,153.17547531035308,146.04474259494853,152.00205993652344,3388889
2012-08-01,151.64099231731495,153.40110822354816,148.4818049773709,149.38442993164062,2815552
2012-08-02,148.9331045577775,152.0471576257567,148.39152412292785,151.18966674804688,1065477
2012-08-03,149.38444503375803,151.0091728702892,146.67656989719444,147.08274841308594,1499994
2012-08-06,147.08272917144254,148.70745679542378,144.87130085381193,145.77392578125,1306080
2012-08-07,146.8119616706208,152.54363635651634,146.58630540382123,151.23483276367188,2675564
2012-08-08,153.44625583847,153.44625583847,146.94735834578665,147.57919311523438,1203744
2012-08-09,147.5791898122648,150.5578551135273,146.22525229105136,148.03050231933594,541771
2012-08-10,148.88797055937962,152.18255962095043,148.75258233714848,151.18966674804688,1940837
2012-08-13,151.82153183981765,155.11612156179902,150.0162817257343,154.07809448242188,1575246
2012-08-14,154.07807541305718,156.96647248351707,153.44624070591965,155.6576690673828,1423484
2012-08-16,156.15414017829744,158.3204348796771,154.6196802837397,155.43203735351562,2663377
2012-08-17,156.69571457747466,156.74083481171428,152.09232130188147,152.85955810546875,669724
2012-08-21,153.71703921653307,156.42491419824665,151.86665522443593,154.21348571777344,1326645
2012-08-22,153.49137154101277,154.0329382332586,151.41533145499542,152.63388061523438,1364132
2012-08-23,149.83576558279387,153.9878465237926,149.83576558279387,151.4153594970703,788365
2012-08-24,149.15878678803034,152.94980917419213,149.1136527817617,150.46759033203125,802196
2012-08-27,151.50559396764146,153.26570975635536,149.88086640384293,151.27993774414062,862919
2012-08-28,148.93313001247748,152.81442039769863,147.218147963944,148.7074737548828,1326498
2012-08-29,149.38442417911705,149.70034841013128,146.8119376493246,148.5720672607422,1348553
2012-08-30,148.1207804171366,151.41535643393462,147.53406585420933,148.978271484375,4339762
2012-08-31,148.97826316672123,149.3844416734761,146.99249086583598,147.5340576171875,1264612
2012-09-03,148.30128472017108,148.84285143618175,143.60763764992512,145.4580078125,1075636
2012-09-04,145.59341513808437,153.62677212247002,145.32262488370816,152.5436248779297,4161355
2012-09-05,152.36310910541343,155.20637246474095,151.1896938019101,154.52940368652344,2428398
2012-09-06,154.52941927493666,156.9665043677717,152.99495931077877,156.24441528320312,1873576
2012-09-07,156.56031338928648,157.86911696740387,153.31087144771564,154.07809448242188,1642207
2012-09-10,156.47007574502138,156.47007574502138,153.94272256262107,154.70994567871094,655672
2012-09-11,154.25862380297846,154.8002043711894,151.82153879196107,152.58877563476562,1879037
2012-09-12,153.7621632922817,156.06384585974536,151.73125718713368,152.72413635253906,2038282
2012-09-13,153.2206004608503,156.06386382619553,152.2728414147469,153.9427032470703,1181844
2012-09-14,155.34176423840574,156.74082193607333,152.54362129714232,153.53651428222656,1114409
2012-09-17,156.10900803403334,156.51518657377306,153.44626674799946,154.9355926513672,1387404
2012-09-18,154.8904763845066,164.27777214049098,154.8453423738308,162.60791015625,3522045
2012-09-20,161.97606079502205,170.8669229548835,160.6672572406324,166.66970825195312,4951254
2012-09-21,166.9855902280588,169.6934646641895,158.13986431543958,160.4866943359375,4063845
2012-09-24,160.6672528476117,163.55565014421182,157.23727503222707,158.4106903076172,2030666
2012-09-25,159.31329894333743,162.7432764060586,159.13277671329175,160.667236328125,1165648
2012-09-26,161.66014878477517,164.9998586494992,159.9000189535199,161.3893585205078,1553392
2012-09-27,164.1874985516873,169.4227268343347,160.71240021494805,166.44406127929688,2597296
2012-09-28,168.24928499424755,182.330239708656,167.48206205133093,176.32778930664062,7896653
2012-10-01,176.3278308933699,180.43476436180487,176.3278308933699,177.9074249267578,3351771
2012-10-03,180.1188085561781,180.1188085561781,173.12346530906066,175.69593811035156,4198295
2012-10-04,177.54632367507543,187.97164452963085,175.56055155348477,184.9478454589844,4606626
2012-10-05,187.43008026355548,187.47521426923748,178.71975431255862,180.93118286132807,1949057
2012-10-08,182.1497429268176,183.14262224574108,177.59148354254287,178.448974609375,1688890
2012-10-09,177.9074111183672,181.7886879950705,174.61282126923248,175.65084838867188,1829450
2012-10-10,175.65084253383566,177.36582464205358,169.6935116168248,170.23509216308594,1964364
2012-10-11,171.49872577486866,172.94293108005257,166.53428897612244,171.76951599121094,3024769
2012-10-12,173.8456160233788,177.18532645104136,171.49878503476873,174.02613830566406,2337374
2012-10-15,179.62236142539467,179.62236142539467,168.97138447572834,170.46072387695312,1992030
2012-10-16,172.13061374852586,175.42520381742594,170.5961537445702,172.08547973632812,2050266
2012-10-17,173.75532497390245,175.83136537753438,170.14482471470447,174.34202575683594,1524880
2012-10-18,174.74818120463885,177.99762248891727,173.34910989463336,174.6579132080078,2718915
2012-10-19,178.22330744379036,178.22330744379036,169.19705724382158,173.39427185058594,5521807
2012-10-22,173.6650359478258,173.71016995019846,169.69349165238114,170.64125061035156,1543149
2012-10-23,170.6412586709629,173.30399966116394,169.55811142767354,172.6721649169922,1117927
2012-10-25,175.87650458254706,175.87650458254706,169.78378521510962,171.04745483398438,1675473
2012-10-29,166.3538161184901,166.44407036874372,161.11858754994887,162.15660095214844,1862163
2012-10-30,162.337097945215,163.51049932699357,156.78594640380797,160.667236328125,2128120
2012-10-31,160.7123960871553,171.99520943541157,160.7123960871553,170.86692810058594,3220499
2012-11-01,171.36337233445923,171.36337233445923,167.88826036081537,169.64837646484375,1525506
2012-11-02,169.82887611116362,175.74107219349102,169.82887611116362,172.22084045410156,1620226
2012-11-05,172.2208673638677,177.14017127657306,170.77666173217182,175.56057739257812,1757399
2012-11-06,175.96673162237943,177.1852808166581,173.84557124914366,175.24462890625,896141
2012-11-07,173.75531563645063,178.90027547472923,173.34913713371162,177.41094970703125,907104
2012-11-08,174.4322791081509,181.3373547641779,173.9358326096539,178.94540405273438,1382697
2012-11-09,178.90026258612414,179.98340977304937,170.64124979123517,172.35623168945312,1206925
2012-11-12,172.35625537461237,173.66505897920936,167.07590694786623,168.61036682128906,1840864
2012-11-15,171.13770943068712,180.1639596375173,169.78377189966258,178.62948608398438,2269230
2012-11-16,181.6081730785208,182.0594856427184,172.85271208768063,174.20664978027344,2299968
2012-11-19,174.20664379880637,176.32781828689014,169.69351831179063,171.67929077148438,1304057
2012-11-20,173.07837647788753,173.16864450414238,167.43696916113765,169.287353515625,1807230
2012-11-21,171.09258152018367,174.8836039875135,168.56522861764205,173.07835388183594,1404274
2012-11-22,174.79334429071287,178.2233224093113,174.29691150640065,176.869384765625,1487387
2012-11-23,177.501192807875,185.5796972151995,176.3277913786886,184.451416015625,2474616
2012-11-26,185.80537624455647,187.02391182577472,181.96921969549004,182.4656524658203,2766718
2012-11-27,184.0001146740705,184.9478599207129,179.216199343692,180.84092712402344,2681497
2012-11-29,177.8622547945571,184.4965401237435,175.47029033739668,182.9169464111328,4886552
2012-11-30,182.91696743937223,184.1355168097999,175.33492225639034,176.19241333007812,3281254
2012-12-03,177.90739141867704,181.4276233780201,174.3420116821803,180.7055206298828,3431892
2012-12-04,181.4276265243476,190.6343988471096,178.22330499283208,188.8742828369141,7355287
2012-12-05,189.5963957379881,192.43965915476105,187.3849671057241,189.82205200195312,3816064
2012-12-06,191.67241099695568,194.8767185068711,189.00965641282585,194.0643615722656,5768464
2012-12-07,194.06438582720617,195.82450192081336,187.74601047469247,189.19021606445312,3010293
2012-12-10,189.506122208416,192.2139972971944,184.40629630040263,186.1664123535156,2005350
2012-12-11,187.5203637406205,188.1521985533844,180.66040750012863,183.8195953369141,3301907
2012-12-12,183.7293355724128,187.02391156548663,182.64618824407103,185.30892944335932,1651707
2012-12-13,185.9407471254399,190.2733498130528,184.3611533998597,185.80535888671875,3215995
2012-12-14,186.1212750455554,187.79113682986383,182.60104300178017,186.6177215576172,1702854
2012-12-17,186.6177167665615,190.8149174627664,184.1354980429434,189.8671722412109,2012891
2012-12-18,190.5441444021071,201.2853764714421,189.55125138566305,200.3827514648437,6378547
2012-12-19,200.3827636220176,202.3234019947564,196.3660848535567,197.9456787109375,3399588
2012-12-20,197.9005235429556,202.5941706055732,196.36606385730653,200.6083984375,2742199
2012-12-21,199.52525421587572,204.39942358970723,198.30670498593585,200.7437896728516,2150901
2012-12-24,202.0526034930472,208.46123246708612,201.46588900327143,207.4683532714844,2943607
2012-12-26,207.8745334835615,208.46123420526527,203.5419308700931,204.12863159179688,1738436
2012-12-27,204.6250856551972,208.68689817325657,197.2686973816756,198.6226348876953,3861401
2012-12-28,198.57749639265165,202.9552330723117,197.1332909097012,198.44210815429688,2194095
2012-12-31,198.89340960541324,201.73667263674577,197.3138159717922,199.20932006835932,1591895
2013-01-01,199.4801288009824,202.9101066209316,199.4801288009824,201.601303100586,1140531
2013-01-02,202.3233942223808,209.2736179462315,202.14287197163668,208.6417694091797,2538267
2013-01-03,209.3638889903688,211.9363760320973,206.7011477025061,208.6869201660156,2197827
2013-01-04,209.4541033432437,209.4541033432437,203.7224299231001,204.94097900390625,1751976
2013-01-07,205.34721946929892,206.520634906574,200.9243617899161,201.5110626220703,1719502
2013-01-08,201.3756465350016,204.9861465982165,201.0597222702844,202.18800354003903,1964416
2013-01-09,202.7747046045729,205.5277136616228,199.93144130958188,201.601303100586,1832937
2013-01-10,203.09062612324925,206.4303358871276,201.73668861576093,203.812728881836,2162614
2013-01-11,204.6250887045381,210.9434638267874,204.48970046110435,209.67979431152344,6910771
2013-01-14,209.4089825679316,213.0194822673787,209.00280410633647,210.0408172607422,2518292
2013-01-15,210.71781643360225,211.84609775287936,205.07640983721663,207.69403076171875,1655372
2013-01-16,207.28781274568456,208.1453174602981,199.93142496605145,201.0145721435547,2349607
2013-01-17,201.64642086762265,207.15243891440252,201.64642086762265,206.1595458984375,1673201
2013-01-18,206.34011829757688,207.42326574134773,201.1048895842229,202.2783050537109,1475275
2013-01-21,202.41366442512063,205.34719579360063,198.8482982857149,199.48013305664065,3614810
2013-01-22,199.48012021236613,202.6393076365439,197.76513826271244,200.7437896728516,1668538
2013-01-23,201.28535893627927,215.72735778372527,195.32802890252248,211.80093383789065,6746948
2013-01-24,212.11688895123712,214.9601523790569,202.639325827884,203.72247314453125,5490321
2013-01-25,203.99324101570588,207.1524283765686,201.96233485515128,205.7533569335937,3003887
2013-01-28,206.7914024043071,209.8151880279076,206.2046878638723,208.1453399658203,2770800
2013-01-29,208.0099443088548,210.5824312636076,196.95278721826145,200.337631225586,3460076
2013-01-30,203.1357537844743,203.45166426257745,197.8553921609816,198.39697265625,2802339
2013-01-31,199.1190927352126,209.40901285783383,197.720021144716,207.69403076171875,6035234
2013-02-01,208.14534261200416,211.8912310706268,206.8816592747473,208.8223114013672,2796250
2013-02-04,210.80805395606,213.92210719224047,208.1904334101829,210.0408172607422,2070185
2013-02-05,208.2356018337871,213.92214255503296,206.2949634337188,213.0646514892578,2124457
2013-02-06,213.0195057434183,217.4874968592911,209.2284833957979,214.9150238037109,3861752
2013-02-07,215.3663541634133,217.5326488921571,208.0550853512125,208.6869201660156,2095124
2013-02-08,210.67268242623808,210.7629504409664,206.7462716989329,207.69403076171875,1356263
2013-02-11,208.5515214719528,210.22136955799883,206.069302573564,208.28073120117188,2557782
2013-02-12,208.8674401702225,209.31875271490577,205.392341839941,207.4232482910156,991639
2013-02-13,209.138219076281,210.3116343832268,205.16667440827305,205.84364318847656,1376511
2013-02-14,206.43033345364103,208.4161056866219,202.3685209790584,205.4374542236328,5356960
2013-02-15,204.3091765769858,206.92678359749564,202.729582809066,204.444564819336,1982721
2013-02-18,205.1666794419572,207.01706357450493,201.87208970035616,202.5941925048828,1744272
2013-02-19,203.3614253305826,203.3614253305826,196.8625277631733,198.9836883544922,4583385
2013-02-20,201.6464173540097,201.6464173540097,197.3138284182928,198.5323638916016,1623881
2013-02-21,197.85542377107672,200.11198657360487,193.02638763744625,194.42544555664065,4579026
2013-02-22,194.4254159588923,201.14998310510572,191.356496523828,198.44210815429688,3326097
2013-02-25,199.02882487571395,200.56328471653453,194.51569959508552,197.3589630126953,1229504
2013-02-26,196.5917465755287,198.71290726482167,193.0715004747352,194.10952758789065,4372889
2013-02-27,195.1926571178523,200.2022286447184,194.92186686205545,198.6226348876953,2085422
2013-02-28,199.97659978985257,204.76051572109617,194.56084902383336,196.77227783203125,5156328
2013-03-01,196.50146326395296,202.8198383770895,196.4563292585519,199.2996063232422,3629091
2013-03-04,197.67489403214336,200.02172476728208,196.05016612112163,198.758041381836,1560196
2013-03-05,199.4801201713189,199.84116465339355,192.93608907972583,197.8553924560547,2763889
2013-03-06,196.77224640994208,201.87207205771128,194.78647420076484,195.5988311767578,3393298
2013-03-07,195.41833242360832,200.9243509941527,195.41833242360832,199.389877319336,2045605
2013-03-08,199.97654424199683,201.2402135605363,197.08814739036188,199.8862762451172,906068
2013-03-11,200.0217191066596,202.0526254947206,197.40409816493505,197.9456787109375,1043999
2013-03-12,198.5774931193521,199.61550632419952,196.50145293669337,198.93853759765625,957966
2013-03-13,198.532376565244,198.532376565244,185.2637911134192,187.4752197265625,4377666
2013-03-14,185.038123035355,193.3422701925927,180.5249980832732,192.7555694580078,4348439
2013-03-15,193.1617597397781,198.03592947636216,192.2591346942652,196.0952911376953,3688395
2013-03-18,194.7864744910854,198.57749667297665,192.43964402121907,195.0121307373047,3304827
2013-03-19,195.64399575005484,196.72714314494283,191.62731670032173,193.2971649169922,1010818
2013-03-20,194.96699697767573,194.96699697767573,182.19485893485165,182.9620819091797,3970882
2013-03-21,182.96210910446345,188.46812784670496,180.16397949570708,181.1117248535156,4077562
2013-03-22,180.0737171728634,187.65576291306044,179.44188232334147,185.94078063964844,3426100
2013-03-25,188.60349232387543,191.04057708644865,185.21864855003355,186.5725860595703,2549734
2013-03-26,189.00966808914688,189.5512485943164,184.58681113113192,188.7840118408203,1685784
2013-03-28,190.45388978042496,191.35651485047435,185.2186616195453,189.9574432373047,2507589
2013-04-01,192.9812114239708,196.6819653470237,189.912278419894,193.97409057617188,1558541
2013-04-02,194.5157109728646,195.4183360817874,190.67955425994268,193.7484741210937,1238020
2013-04-03,194.9670284702409,195.2378187643762,190.67955909415923,191.0406036376953,1310574
2013-04-04,189.1902155816473,192.39452348387263,186.57259467850685,187.4752197265625,987232
2013-04-05,187.0689946078443,189.46094488013503,185.03808875564812,185.71505737304688,900788
2013-04-08,187.0690419350608,188.46811351956623,180.16396579984053,181.15684509277344,2202154
2013-04-09,182.0143297178559,186.48233458385408,182.0143297178559,184.3611602783203,2124231
2013-04-10,185.03814733682785,190.00258543610852,185.03814733682785,189.09996032714844,2189169
2013-04-11,187.92655162202257,190.86008333059127,185.4894664956512,188.1973419189453,2775358
2013-04-12,185.9407598994609,189.50612608468768,185.9407598994609,187.4752197265625,3240717
2013-04-15,187.06901524028865,190.45385870060755,184.677064704182,187.610595703125,2358546
2013-04-16,187.61060852186995,187.92651900264005,178.99053716602074,180.61526489257807,6265692
2013-04-17,181.87894147408343,186.8433790825572,180.52500394449967,184.3611602783203,5420389
2013-04-18,184.58681169974955,191.8078116684439,183.3682624458466,190.4990081787109,3429403
2013-04-22,192.4396622084628,200.78894410765727,191.17599261939253,199.7509307861328,5529088
2013-04-23,199.434997359289,200.38275639412447,194.9218722152772,197.13330078125,1154586
2013-04-25,197.1333240379699,207.242736571582,197.1333240379699,203.22604370117188,4615447
2013-04-26,202.18800354003903,202.7295840587072,197.31383396388472,202.18800354003903,1901966
2013-04-29,200.38274432026023,204.08351222454976,200.38274432026023,202.4136505126953,743205
2013-04-30,202.4588153676561,212.1169013110556,202.4588153676561,211.1240081787109,2769753
2013-05-02,209.4541385997,214.3734422030292,208.8674240730496,211.43991088867188,1723005
2013-05-03,211.4398975026727,215.8176340807503,210.17622806413684,213.83184814453125,1738194
2013-05-06,213.83184998759725,218.4352428460171,212.70356877454964,216.17868041992188,2426663
2013-05-07,216.7202678550384,217.487490840714,208.1904505927338,211.84608459472656,1780216
2013-05-08,212.92923547938744,223.7607356568477,212.02661046459903,221.77496337890625,2993355
2013-05-09,222.9483801530312,225.65625521561864,219.83432658564865,221.82009887695312,3124830
2013-05-10,221.8201060465272,221.8201060465272,215.4114626820803,217.4875030517578,1843957
2013-05-13,218.57064252921376,221.5944418477271,215.18579871280244,217.7582855224609,831660
2013-05-14,217.17159508037565,224.6182518300112,216.4043582697119,223.3545684814453,2830319
2013-05-15,225.02444049663768,230.3499230848362,224.57312794601185,226.60403442382807,3639948
2013-05-16,227.37124829968528,228.2738733644287,221.14314086214176,221.6395874023437,2452035
2013-05-17,221.1431193327192,221.9103560722428,217.21669517415663,219.1122131347656,2182759
2013-05-20,220.2856376136913,227.3712357160011,218.52552158944692,221.77496337890625,3115220
2013-05-21,220.0148402244249,225.1146658835181,219.3830054891424,220.9174652099609,1934466
2013-05-22,223.851023138608,227.1907332292279,214.147803385624,217.8485717773437,6032737
2013-05-23,217.8485460651919,222.94837173123483,211.30451491113743,220.3758850097656,4894636
2013-05-24,222.4970763590326,224.21205845667063,216.1335669580656,217.5326385498047,1600079
2013-05-27,218.29986699750785,218.66091149698565,211.3045230796476,216.04330444335932,2062829
2013-05-28,214.10263185275227,218.2547120634292,212.38764998523465,214.7344665527344,2034552
2013-05-29,213.9672585415032,214.734481526064,208.23558429472243,212.38766479492188,2615980
2013-05-30,210.85321278977108,214.5991011599277,206.70113213721743,212.11688232421875,3098904
2013-05-31,213.7867777388664,214.1929563121317,203.1357979426423,204.08355712890625,14073782
2013-06-03,204.08353618348767,213.92214405046192,200.3827678447365,213.1097869873047,4626084
2013-06-04,213.06465746779628,216.9910683864036,209.2736348049125,215.6371307373047,2443856
2013-06-05,215.5468611919176,215.5468611919176,208.5063831617336,210.4019012451172,1944254
2013-06-06,209.13824852003967,215.0504461207653,208.14536909973663,212.1620483398437,1730315
2013-06-07,213.01948737058524,213.24514360720664,208.14531816874884,209.0479431152344,902809
2013-06-10,209.49927420290288,212.61332779037505,207.69402414953177,208.6417694091797,970329
2013-06-11,207.5134958651336,208.4161209254829,198.5323792692504,200.8340759277344,1505931
2013-06-12,199.61550471912275,200.2473532105204,192.3042507950228,195.9598846435547,3554396
2013-06-13,194.0643714593465,199.84116584476465,190.995452024524,195.5988311767578,1456543
2013-06-14,195.8244945018312,201.05972235016583,193.65819997222744,199.2996063232422,2738472
2013-06-17,200.3827472784129,203.4968007315252,197.8553945581464,202.50392150878903,1428926
2013-06-18,203.0003533732817,208.37098304594693,201.64641589740933,207.1072998046875,1759867
2013-06-19,206.34009251198137,210.3116372338202,205.2118111963493,208.867431640625,1520346
2013-06-20,207.6037408566918,209.09306653191297,203.99324101570588,205.7533569335937,1594158
2013-06-21,203.9932406577572,214.23803944776364,203.9932406577572,212.61331176757807,2168452
2013-06-24,212.6133528264356,214.64425937562527,206.836543711627,208.3710174560547,2263850
2013-06-25,208.6869155521852,208.95770583053272,200.83408011789865,203.9029998779297,1998776
2013-06-26,204.26403542407712,207.55861108698,201.33050424345043,206.4754638671875,1296801
2013-06-27,209.4992866657779,214.0575323033329,208.5063935681717,213.1097869873047,1810169
2013-06-28,215.72739270317672,216.5397497606552,209.1833609161557,213.0646514892578,1056343
2013-07-01,213.2000408155345,224.2571980286338,212.56820601509332,223.489974975586,1330885
2013-07-02,224.48284753509853,227.23585669654145,215.81765530518632,216.9008026123047,1377224
2013-07-03,215.276067886634,219.7891929995613,213.5610858529076,218.3901214599609,2061517
2013-07-04,218.4352800379241,221.8201242533878,217.53265491380049,218.1644897460937,877597
2013-07-05,220.6466654223913,220.6466654223913,214.3734247986652,215.36631774902344,1189724
2013-07-08,213.24516596005105,219.83433151467943,212.6133311858735,218.57064819335932,1097908
2013-07-09,220.2405015117264,224.3023140396066,219.518398752177,222.8581085205078,1906147
2013-07-10,223.8510288675503,223.8510288675503,216.630027936339,218.6609344482422,1304845
2013-07-11,219.7985725584232,221.80087561787047,214.7928079659953,215.83946228027344,1554816
2013-07-12,216.84061393029447,218.88842665366565,214.0646872388677,216.88612365722656,981833
2013-07-15,216.61310273967464,220.7997480955736,215.20238437708124,218.3423614501953,1344426
2013-07-16,215.47542810440063,222.0739364624024,214.9293390990352,218.43338012695312,2604434
2013-07-17,219.343533156903,222.5290201529576,217.11369503718905,220.11715698242188,2755780
2013-07-18,219.7985769411569,226.5336002447616,219.3435074236804,224.9408569335937,3339000
2013-07-19,224.3492849803773,228.21737610072864,217.6142612905784,218.3423614501953,1618866
2013-07-22,217.11368843766272,223.2116177243722,217.11368843766272,220.5722198486328,1049404
2013-07-23,222.5290166086096,226.53362321338892,220.2536687905257,221.8919219970703,2368357
2013-07-24,220.84524487202933,224.2582664632164,214.33775592654752,222.43798828125,1398668
2013-07-25,223.43915307461205,239.0935569866774,212.74501845698805,236.13560485839844,10665549
2013-07-26,238.91153252712536,243.4622283847849,225.4869797470297,229.4460906982422,6942100
2013-07-29,229.08201841647497,234.9069172363008,226.62464551968927,228.3994140625,2248217
2013-07-30,228.53591884972727,230.90227202478653,217.8872809552917,221.2548065185547,1622946
2013-07-31,219.343516583296,228.0353475075855,215.2023810238052,224.89537048339844,2609739
2013-08-01,224.8043580820699,229.62809809779228,214.79282796505464,216.56759643554688,2403581
2013-08-02,218.4333831287084,225.0774013097308,216.9771550194688,220.3446807861328,3006072
2013-08-05,220.3446978910584,231.8579527988372,219.70758936404576,230.5382537841797,2006386
2013-08-06,230.90231421329247,232.4040522385534,214.7928530147134,218.52442932128903,3327236
2013-08-07,218.433391149967,220.1626499415225,212.97255637121785,214.0192108154297,4183864
2013-08-08,212.9725456237793,221.2548168419744,212.9725456237793,218.43338012695312,2469125
2013-08-12,219.43452202917013,222.52898912452488,217.70524956843252,221.11827087402344,1987372
2013-08-13,221.3003053872713,226.98867447380013,220.79974001775253,226.2605743408203,1824167
2013-08-14,227.5347863244941,239.27557574378952,222.52902102535523,235.5895233154297,3111841
2013-08-16,230.7202627026197,234.72486920237043,223.25712483256407,226.442611694336,4449593
2013-08-19,221.1637866598864,224.34927329902047,215.79397188039377,222.84754943847656,1444330
2013-08-20,220.9817842477189,221.4368538141732,215.7029744993252,218.1148376464844,2426431
2013-08-21,222.98408790870948,223.66669225945049,213.88269656549687,215.02037048339844,2747923
2013-08-22,213.20008039474487,214.5652890205384,204.96331890826696,211.1522674560547,2538199
2013-08-23,212.97254220183288,213.01805193281885,206.2830144878812,207.7392425537109,2394672
2013-08-26,208.42185236826947,215.7029651147592,208.05780228599315,213.5641326904297,4027393
2013-08-27,212.97256473076465,212.97256473076465,206.601590572152,207.28419494628903,921197
2013-08-28,205.50941655551023,205.55492628914115,189.3089374039907,200.1395874023437,4820909
2013-08-29,202.86998883194624,207.1931493224721,195.3613416641907,204.417236328125,3290934
2013-08-30,203.32505749703685,213.1545619798541,202.4604281801137,210.6971893310547,2426282
2013-09-02,212.0624217970789,215.9305131817896,209.55953913638385,213.24560546875,1336601
2013-09-03,212.51747575647155,213.65514960955755,199.365968792321,202.3694305419922,1691819
2013-09-04,201.8688679732539,202.4604528707627,194.67876029421456,198.5923614501953,4221146
2013-09-05,202.05088772441897,205.8734693092486,199.32047032273763,205.14535522460932,3119133
2013-09-06,207.0566412616585,207.0566412616585,199.365968792321,202.3694305419922,7002626
2013-09-10,202.9610242183817,211.6073458779092,202.9610242183817,208.51287841796875,2363039
2013-09-11,210.33314992352507,212.06240864498105,206.64708381976848,208.9679412841797,1992703
2013-09-12,209.0589530143668,212.062414886855,200.9132106707006,203.82565307617188,1285527
2013-09-13,202.0508585927436,206.4195285830834,200.3670958827564,204.0531616210937,1145513
2013-09-16,208.4218363894649,209.33197541299964,200.5036296622361,202.68795776367188,2481527
2013-09-17,203.1430206298828,205.6003931355132,200.3215980817957,203.1430206298828,1287580
2013-09-18,203.41609165441727,207.2386731495936,202.41493307556647,206.51055908203125,1249919
2013-09-19,210.24212578913992,211.0612453995041,206.69258896073487,207.64822387695312,4876135
2013-09-20,207.6027491371018,211.83489070023185,200.7311956623197,203.68914794921875,1549853
2013-09-23,202.8245000832266,204.64477824816427,200.2305981431424,202.3694305419922,1413776
2013-09-24,201.64132889298804,208.78591279695968,201.64132889298804,208.2398376464844,2663238
2013-09-25,209.1954780865604,220.39017792768257,208.42185429504585,218.66091918945312,3562443
2013-09-26,221.16379737854004,221.891911423154,212.6084955452825,218.43338012695312,3326330
2013-09-27,219.34354675403569,219.84412609054232,215.6119704865738,217.1137084960937,2546811
2013-09-30,213.9281954203704,214.8838442403322,206.92012722001772,207.9667816162109,2214561
2013-10-01,208.4673803454735,212.6995219447185,204.826823653608,210.28765869140625,2266262
2013-10-03,213.88269972438133,228.67246087553536,213.60965520252807,224.12176513671875,8337183
2013-10-04,221.98292357758663,226.9431928417335,221.75538879987792,225.25942993164065,3342663
2013-10-07,227.07971433706612,231.8124350647634,225.0774110162275,226.3971099853516,3796470
2013-10-08,227.1252352244685,228.2629091998589,219.34354245527365,220.4812164306641,1389576
2013-10-09,219.3435349922949,225.25943946304145,218.4333958429493,221.0272979736328,738462
2013-10-10,221.25480377618672,223.89420140847463,219.34350625789585,220.84523010253903,1134815
2013-10-11,221.6188951896048,227.26175545181573,219.57108198970087,221.20933532714844,2461675
2013-10-14,221.7098675763658,225.5779583546524,218.93394082854223,220.2081298828125,1332401
2013-10-15,220.2536866909741,222.98410429458124,217.52326908736703,220.61773681640625,1472235
2013-10-17,220.66320853078363,229.26401972258745,220.66320853078363,226.94317626953125,2877864
2013-10-18,228.4448971912306,231.17531428913367,227.7167831875992,230.2196655273437,2323736
2013-10-21,231.26631979603872,246.82970187025563,229.99211689464664,242.6885528564453,8686009
2013-10-22,243.9172837244344,245.9650967407775,239.2300728198527,243.32569885253903,2238278
2013-10-23,245.1914920787691,248.9230683105018,239.86717226552497,246.6477203369141,1503994
2013-10-24,246.64767847305689,247.96739118383863,237.63730758204105,239.59410095214844,1589069
2013-10-25,239.4575860369692,245.05493555590016,238.54744700054988,243.7807464599609,1474758
2013-10-28,243.9172730076256,245.00945101178576,236.6361603805323,237.7738342285156,1603856
2013-10-29,239.18453314468715,242.09698923809853,233.9967571833004,239.2300567626953,1397470
2013-10-30,240.2767052283654,243.7352224511023,237.91033818243216,239.59410095214844,1061414
2013-10-31,237.6373148760952,243.9172688550006,236.95471057892635,242.1424865722656,1373452
2013-11-01,241.2778499296108,246.96621857291905,240.18567204000053,246.3746337890625,2042557
2013-11-05,246.6476796193166,255.47603940951328,244.281312562386,252.56358337402344,2929617
2013-11-06,253.47372566807303,253.74675627323907,245.009443605052,246.0105743408203,1025830
2013-11-07,245.7375836085656,250.5613102507842,243.5987509369237,245.96511840820312,1415945
2013-11-08,245.28251950633623,245.28251950633623,239.139079778441,241.9149932861328,937981
2013-11-11,242.2335447717296,259.2531590796885,242.2335447717296,256.5682373046875,7854909
2013-11-12,256.65918219878546,257.8878753281886,253.06412226002,254.3838348388672,3794319
2013-11-13,253.06418786549995,258.43403124719816,251.5169679247892,253.0186920166016,3240001
2013-11-14,253.473708659575,256.9322257107237,248.60445950909212,252.38153076171875,1395331
2013-11-18,252.74561178375387,257.0232484249351,251.51691857688976,254.29283142089844,1877893
2013-11-19,254.65694089161147,256.43172346848314,251.6534925963996,252.97320556640625,1099845
2013-11-20,252.83663848572849,255.38504470763505,241.1868687649161,242.64309692382807,1850703
2013-11-21,241.09586238271973,242.55209062066925,232.7680944699293,233.45069885253903,2234292
2013-11-22,234.9523974858162,236.8181992612985,229.1730226717314,230.4927215576172,999600
2013-11-25,232.5860581414448,238.8660264897131,229.62810596013875,236.772689819336,3254779
2013-11-26,235.7260539884376,236.95474746968097,226.9887120693385,228.8089904785156,1779249
2013-11-27,228.89996826679933,232.44950496320484,227.17070964806223,229.62808227539065,1171037
2013-11-28,231.03880695498,235.6805217364989,229.17301909622745,232.8590850830078,1482870
2013-11-29,234.7248531186668,237.45527024166452,233.90573353681523,235.90805053710932,852554
2013-12-02,237.0457382669814,247.2848030798628,236.8182034933618,245.2824859619141,2584524
2013-12-03,246.64772973782704,248.4225123349684,243.46224245339016,246.60223388671875,1651489
2013-12-04,246.6022068175565,250.4702980954923,243.46221572890013,247.330307006836,1565055
2013-12-05,248.9230349861615,252.3815523329116,238.5929510139547,240.04917907714844,3679099
2013-12-06,240.9138357133373,250.1972380544373,238.13789473750143,247.92189025878903,3255617
2013-12-09,252.10852733418483,258.02443140520364,247.2848012786812,255.8401031494141,2438283
2013-12-10,257.5693412552184,257.7968760089774,248.6954858586164,250.333724975586,1433073
2013-12-11,250.10618115629453,257.9333819569424,249.1505463352407,255.74905395507807,2020839
2013-12-12,255.7490723538405,258.4339936541279,254.3838637825567,254.97544860839844,1326123
2013-12-13,254.8390045166016,256.65928312029155,252.3816172915212,254.8390045166016,1742091
2013-12-16,256.11318373559794,259.29867116458604,254.2474093515748,256.47723388671875,1128200
2013-12-17,256.52270994396576,265.7606162198472,253.92880796348413,259.7536926269531,2628132
2013-12-18,261.209918030536,263.348750440538,256.9777768300372,258.9345703125,1960795
2013-12-19,259.38958404771137,261.1188423863158,254.4748395892227,255.4759979248047,1068289
2013-12-20,254.83895362699744,257.5693709872867,254.42937991285737,255.1119842529297,2048522
2013-12-23,255.4760464982212,259.66266397445025,252.79112514802915,253.61024475097656,1213359
2013-12-24,253.0186669035097,256.38619264505564,252.1540236583115,254.2473602294922,996460
2013-12-26,254.11088399739265,262.4841482440046,254.11088399739265,256.2041931152344,1529128
2013-12-27,257.93340052075393,258.84353956830444,253.47372474280456,254.5659027099609,669787
2013-12-30,254.65694444466783,257.2963704215072,251.9265267653816,254.79348754882807,617722
2013-12-31,253.33721971617496,256.0676369695732,250.65229830690387,251.74447631835932,678082
2014-01-01,250.5157923095924,255.4305379933153,250.5157923095924,252.1085357666016,406220
2014-01-02,252.1540077492012,258.8435351906082,252.1540077492012,254.74790954589844,1450520
2014-01-03,253.01863700893853,257.56933191917125,251.19835904484543,255.74905395507807,939877
2014-01-06,255.6580960570637,268.4455684988217,253.61028285440344,261.3464660644531,3360584
2014-01-07,262.21115384910973,265.2601262447881,257.2508832520174,260.0268249511719,2698073
2014-01-08,260.11774703789314,262.1200641939154,257.0232796128744,259.5716857910156,2154240
2014-01-09,256.7502536907018,270.4023406174469,256.7502536907018,262.8026733398437,3633639
2014-01-10,263.0301776544941,270.2202703813512,261.6649691199552,268.58203125,3580563
2014-01-13,268.71851299123813,273.40572281944213,266.39766988244094,269.3556213378906,704200
2014-01-14,270.6753970078057,270.6753970078057,256.84129760383547,258.9801025390625,1024574
2014-01-15,258.251910433467,261.57391183201355,253.200650696316,255.4759979248047,1634885
2014-01-16,256.24967499520534,258.1609728280773,252.56362242664363,253.0186920166016,1141556
2014-01-17,253.47373883591763,258.4795038757652,251.65346063960945,253.56475830078125,956754
2014-01-20,253.6102868067806,259.79925013641844,253.6102868067806,258.570556640625,1001519
2014-01-21,258.7070289805363,261.5739614775153,255.2940074900279,256.295166015625,1038427
2014-01-22,256.6592427990009,261.3009580642441,253.9288253224157,258.6615600585937,2635235
2014-01-23,259.84470120777166,260.7548402662928,251.7444691419819,256.8867492675781,1807921
2014-01-24,256.11312559436425,258.7525233098682,253.0641541922995,253.7922821044922,1364843
2014-01-27,251.19838583424217,251.4259206040196,239.9126668083316,241.96047973632807,1942148
2014-01-28,241.59643983001928,246.64770082162,233.5871989315523,241.823974609375,2263844
2014-01-29,241.82399678001207,243.0071666310393,234.26982474768343,236.0901031494141,2017301
2014-01-30,232.67706647227715,236.135611882597,231.31185775707672,232.99562072753903,3382153
2014-01-31,237.00021826723892,244.2813311342832,234.40631625330624,242.506576538086,3193898
2014-02-03,241.36888973598616,249.78767603798272,240.27671175427983,244.91842651367188,2228610
2014-02-04,244.2813622000536,250.7433562463888,240.4587941238762,246.60223388671875,1190926
2014-02-05,247.92185402760336,249.5145972517944,241.5508811308392,243.59869384765625,1714764
2014-02-06,244.50886299231968,246.3291411873494,241.5964345454168,244.78192138671875,977138
2014-02-07,245.737569363494,250.2882650924476,244.41785649200045,247.3758087158203,1102162
2014-02-10,247.10274798909435,249.7876692522944,243.09814179035945,245.7830352783203,763913
2014-02-11,244.82741389774125,247.0572657663857,240.7317880146936,241.368896484375,690860
2014-02-12,241.86948469179032,244.7364175253744,239.41209782000783,240.8228302001953,3431439
2014-02-13,239.1845502276979,242.82510671685765,237.1367372025456,240.5497589111328,2906327
2014-02-14,239.45758683261832,239.45758683261832,234.08777205494985,237.91033935546875,2816752
2014-02-17,237.91034052010093,241.0958271737468,235.4074581493792,238.9114990234375,4240044
2014-02-18,239.1845557901852,244.1903210791941,238.3199402690473,242.87063598632807,3803958
2014-02-19,244.5088721543725,245.05496118839227,238.4564524841552,239.4576110839844,2287978
2014-02-20,237.5463101373188,243.5077102586376,237.5463101373188,240.64077758789065,1240711
2014-02-21,242.0969574591643,247.1027216171545,241.32333380697312,245.6009979248047,1712605
2014-02-24,246.8297574695577,247.2848270609284,237.8193573402232,238.5474853515625,3061522
2014-02-25,239.36658837591887,242.64309476044747,238.5929645694655,240.64077758789065,2078008
2014-02-26,241.5964272714885,246.7387074625768,239.7306255126136,243.05262756347656,4471723
2014-02-28,244.00832376966943,254.29288556455217,232.58607409325103,244.55441284179688,26989816
2014-03-03,235.72602332077392,246.5111770470621,234.7248647709272,243.28016662597656,4394526
2014-03-04,243.2801765532319,247.46682207555045,243.2801765532319,245.82858276367188,1707242
2014-03-05,246.6477010482744,249.74216849530768,246.6477010482744,247.92189025878903,2839750
2014-03-06,248.012884688704,251.198371281036,246.69317199035663,249.1505584716797,1497517
2014-03-07,249.74215027428167,254.56590391426303,248.14940693353336,252.88214111328125,2919808
2014-03-10,253.01869994681343,263.80385512189736,250.51581712359857,256.5682373046875,4139375
2014-03-11,256.70470724364344,257.9334005128468,251.0163381966274,254.97544860839844,1826872
2014-03-12,254.1108687712344,263.485291163679,253.42826438998136,261.8925476074219,1777179
2014-03-13,259.3896509235174,261.027890240306,252.7911422596736,254.11085510253903,2182410
2014-03-14,254.20179925241428,255.70355074971835,249.01402386934183,252.01747131347656,1854474
2014-03-18,249.6511763517011,257.842429312533,249.0595914151344,256.9778137207031,2472383
2014-03-19,258.0244199726469,258.66152841600854,251.1983771162277,254.97544860839844,4478778
2014-03-20,255.3395239345744,258.47951506928047,252.2905800439157,253.3372344970703,1146695
2014-03-21,255.6580573805786,262.98469350685394,252.83662072869743,262.0745544433594,2770930
2014-03-24,261.2099250839457,269.03712700039443,260.48182490460965,264.1678771972656,2147262
2014-03-25,264.03135536942955,265.3965640034233,259.57167938676497,261.9380187988281,1265727
2014-03-26,263.6673033579524,263.6673033579524,252.4725759760368,253.74676513671875,1588879
2014-03-27,253.1096663607861,256.43166822012506,246.05608897407456,246.7386932373047,5207941
2014-03-28,248.46797819517252,249.6511479336244,243.0071435095644,246.9207305908203,2184327
2014-03-31,249.15056042519697,251.6534427673679,246.056093266288,246.9662322998047,3154640
2014-04-01,249.1960660638824,252.4270764250368,247.28479623854727,248.8320159912109,1310101
2014-04-02,251.06190012567623,256.2041809738323,249.4691565494624,253.9288330078125,2835976
2014-04-03,255.2485452826108,256.65924990782224,251.19841480340048,255.5215759277344,2029631
2014-04-04,253.06415938052652,256.4771809210403,250.6522963802783,251.243881225586,1269800
2014-04-07,251.1983901657253,253.33722259356136,249.01406189324544,249.8786773681641,4658623
2014-04-09,250.33375474443432,250.97086324081772,246.55668293792547,250.0152282714844,3046210
2014-04-10,250.28827120807875,255.0210059919288,249.6966863039083,254.2018585205078,2687067
2014-04-11,254.20184437191205,257.47835074949967,248.96854444702285,250.6068115234375,1761902
2014-04-15,251.47141479482733,252.42707748675463,241.27787384095183,242.55206298828125,2556607
2014-04-16,242.0970259048456,248.37698079620063,242.0970259048456,244.55441284179688,1076727
2014-04-17,243.91728532908192,245.2824940156253,238.54747005039303,238.9570159912109,1981985
2014-04-21,240.27666773854068,245.0094010919695,237.77378578293087,243.234619140625,1589176
2014-04-22,243.37118041140417,245.60103223061688,236.68165272900603,237.4552764892578,1682482
2014-04-23,237.5463154058017,243.7352504442084,237.45529593680465,241.86947631835932,1457955
2014-04-24,241.86947631835932,241.86947631835932,241.86947631835932,241.86947631835932,0
2014-04-25,243.0071390364684,247.8763887632211,242.82510010686897,244.78192138671875,2029693
2014-04-28,245.7375496328264,247.9674014710722,243.59871725690004,245.2369842529297,1753759
2014-04-29,245.73756738842192,246.96626078041248,238.91152384985463,240.7772979736328,700454
2014-04-30,241.1868920380849,244.2813598148454,235.68056089599253,239.0025634765625,910856
2014-05-02,238.91151230056565,246.1926250563924,238.91151230056565,245.2824859619141,2641901
2014-05-05,246.1471475925932,246.6477130218392,241.1868780471859,243.0071563720703,861847
2014-05-06,242.73409173284205,244.2358155854715,238.5474466169969,239.59410095214844,603884
2014-05-07,239.3665496806791,240.6407386866695,237.1822217025188,238.18338012695312,635333
2014-05-08,239.3665547980193,240.68626744597424,237.40976152106788,238.3199005126953,1732209
2014-05-09,239.18451866716305,240.4587354904287,237.7738143238536,239.13902282714844,3739301
2014-05-12,240.27675242477216,254.56594919043408,240.27675242477216,252.97320556640625,2897962
2014-05-13,255.65810543948388,257.2053532483741,249.37815027590608,251.51698303222656,1829510
2014-05-14,251.65343453835555,254.6113863005604,248.6499869360581,251.1073455810547,804654
2014-05-15,251.15285491944653,252.97313282348247,243.4166738272941,244.73635864257807,958905
2014-05-16,245.96510965471143,253.9288273586105,245.0094746403408,249.6966857910156,1781753
2014-05-19,253.7467786308948,256.65923496040045,246.875239301449,248.24044799804688,3821649
2014-05-20,250.19717861922456,264.6683816068146,249.15052443691104,262.5750732421875,4029565
2014-05-21,263.9403815840556,274.8620525461545,253.0187106219568,267.2168884277344,4063279
2014-05-22,267.58086710407423,268.2179755167982,250.2882260327225,251.1073455810547,5124917
2014-05-23,254.7024172849846,256.4771717574982,248.2404245107745,249.28707885742188,2868384
2014-05-26,251.97203039003608,254.38389359356697,245.96510641739343,250.87985229492188,2434783
2014-05-27,250.78879137469264,253.4282167057737,247.6488284768796,251.1073455810547,1333190
2014-05-28,253.1551738799415,253.1551738799415,244.09930690180607,245.32797241210932,3790658
2014-05-29,247.37580700215173,249.3781242191175,240.2767328242592,241.86947631835932,1843698
2014-05-30,244.73642630111547,245.4645543291662,241.82399751464533,242.77963256835932,1013128
2014-06-02,241.3688980591677,244.87291133955543,240.45875896810784,241.18685913085932,1809308
2014-06-03,253.01865372269435,253.70125800432032,244.37233282209868,246.69317626953125,4405039
2014-06-04,245.82856660746745,250.28824246358883,245.82856660746745,249.4235992431641,3450790
2014-06-05,248.92301983725804,253.3826954420004,248.92301983725804,250.4247436523437,2161848
2014-06-06,250.6523054519585,252.65462260495784,249.0140661633165,250.1062164306641,1660344
2014-06-09,250.33371710367035,258.75250272801986,250.33371710367035,256.7502136230469,3280502
2014-06-10,259.2531453255564,259.2531453255564,251.4714388410747,255.9766387939453,1263765
2014-06-11,256.56820781062083,262.1200618989454,252.1995512224016,253.3827209472656,3828324
2014-06-12,253.92877623728089,254.3838457287455,244.1902780098421,246.3746337890625,2218554
2014-06-13,248.33144886507372,248.96852954395405,241.0048127436509,242.1424865722656,1499398
2014-06-16,241.9149506719737,242.73409804492653,237.2277400751117,240.73178100585932,1119306
2014-06-17,241.0048273962969,245.2824923620584,240.91383570466755,243.73524475097656,2617444
2014-06-18,245.6920767989222,253.8378055974364,244.32686806199592,251.88101196289065,13410779
2014-06-19,254.8389385071656,255.97661233978687,249.65113472031652,251.6079559326172,5039803
2014-06-20,252.10855116556863,260.208784258078,250.5158076112736,258.8890991210937,4341464
2014-06-23,259.7536700047057,264.34988870760907,257.6603613748312,263.39422607421875,3781579
2014-06-24,263.43976553511806,265.2145200606072,256.7502377999909,258.70703125,1827918
2014-06-25,259.84474331074364,261.7105175729297,255.9766516852772,258.1609802246094,3138414
2014-06-26,256.93226589495856,267.2623505998737,256.93226589495856,263.8038330078125,3741120
2014-06-27,264.3044425733626,264.759512215457,259.2986765103245,262.89373779296875,848869
2014-06-30,263.9403011927282,268.3544807504816,262.2565385438651,267.0802917480469,988584
2014-07-01,267.71742001262953,277.3649003629096,266.67076556630843,272.586669921875,2728735
2014-07-02,274.4069471504603,275.3170862786542,269.4922014132616,271.17596435546875,1568741
2014-07-03,271.6765362317049,273.9063882589466,267.35337526989383,269.62872314453125,1495994
2014-07-04,269.8562641933775,275.6811493325536,267.8539469071405,272.26812744140625,1447880
2014-07-07,274.634445450225,275.1805344096475,268.9915724949221,270.3567810058594,539477
2014-07-08,270.3567602472975,273.81530487459395,256.65918034938403,262.8481140136719,2837630
2014-07-09,262.57511433593726,268.0359486028892,258.7525192389752,261.2554016113281,3144578
2014-07-10,260.9804791589756,267.12120750370605,259.7890079136383,262.6760559082031,2725620
2014-07-11,261.66784252110244,277.0654486863108,261.66784252110244,272.8494567871094,4539646
2014-07-14,274.9575125028989,274.9575125028989,267.1670496486501,268.95428466796875,799480
2014-07-15,269.9165611413203,273.9492647799684,267.9001953369373,271.1080322265625,434164
2014-07-16,271.0622527339278,284.9017850102253,270.69564834961375,275.1866149902344,4600344
2014-07-17,275.87396762813023,279.44840879075025,271.2913435811513,275.64483642578125,1977580
2014-07-18,272.2995523644919,277.47791243607924,267.9002160788915,270.1915283203125,2772241
2014-07-21,270.7414272157192,276.5613654378465,268.5417732337665,274.6366577148437,1768636
2014-07-22,276.7905925890292,279.2652216578431,271.97883559865704,275.59912109375,4627604
2014-07-23,276.10316647084005,278.1653477971783,272.34540823771,276.37811279296875,1180914
2014-07-24,275.9197700613741,277.6153464752327,273.1701957589384,274.54498291015625,749549
2014-07-25,274.2700680517699,276.28643395899525,261.4845348943915,264.96734619140625,826414
2014-07-28,264.9673385266137,269.3208315443577,261.85115964477853,263.455078125,533088
2014-07-30,260.8430022207022,271.5205121245725,260.8430022207022,270.5123291015625,1002520
2014-07-31,270.4206684279949,271.2913782963865,265.5172824463699,266.4338073730469,1154209
2014-08-01,263.9591384339905,271.5662829716456,262.5843512546468,264.9214782714844,1041423
2014-08-04,265.83802034809133,269.73325094291494,261.5303703547105,263.455078125,786465
2014-08-05,267.9002402278689,267.9002402278689,258.5975172831608,260.6596984863281,1168274
2014-08-06,258.0934200706638,260.61386357141225,253.0983481265869,255.02305603027344,2216363
2014-08-07,252.5026201136595,258.46003220345546,252.45680505486345,255.6646423339844,1105042
2014-08-08,253.41915065977625,255.71046305272176,246.8660028099764,248.9739990234375,1471492
2014-08-11,250.0279940969095,253.7857519697767,249.38644341674103,250.94451904296875,976283
2014-08-12,251.8610545608313,252.5942913305292,248.65321711497583,251.76942443847656,1560908
2014-08-13,251.12785540150384,252.6401160900064,244.34557584964853,246.91183471679688,1333515
2014-08-14,244.8037991606924,251.03615710874848,242.92490638906,247.4617156982422,5623265
2014-08-18,251.9526522327965,257.45180082123204,249.6613403209484,256.9477233886719,2356493
2014-08-19,257.5435182512453,260.8430137588089,255.3438639029104,259.8806457519531,1102589
2014-08-20,260.7513388177777,265.42562148726995,260.3847344450985,264.0966491699219,1551138
2014-08-21,269.4583327148633,274.9574823621054,266.3879685677955,267.5794677734375,4037382
2014-08-22,268.54178759956085,270.51231048109685,263.9591632377936,264.96734619140625,2670024
2014-08-25,262.58442869161235,265.79226638941566,259.009986565228,260.5222473144531,1797577
2014-08-26,258.689162695787,260.8888169439944,255.6646416007669,259.3765563964844,2031880
2014-08-27,257.085175880226,259.6972768441548,253.92315450755729,254.33560180664065,1501579
2014-08-28,253.4649637461718,256.5353279228381,249.79886394600229,250.85289001464844,3192438
2014-09-01,252.54840389842752,261.11791659119376,251.2194596865756,260.7513122558594,1661598
2014-09-02,258.7349639931091,264.7840338315384,258.7349639931091,259.4682006835937,1104866
2014-09-03,260.38470247633506,263.5008812167004,256.26034085729106,258.8265991210937,1782590
2014-09-04,258.00180340903626,261.7595617347737,254.10657191884653,260.5222473144531,1590796
2014-09-05,259.9265111406127,261.20964062333394,256.3978840855357,257.58935546875,1302272
2014-09-08,258.368377318906,260.7513477783919,256.16872303711966,258.1850891113281,1871909
2014-09-09,257.7268089951374,261.1179342894746,256.6727830006982,259.4682006835937,899285
2014-09-10,257.58931379105667,269.36666443393864,257.58931379105667,268.22100830078125,2812289
2014-09-11,269.0917025718882,269.54996499862165,258.4141936230233,260.8887939453125,6415984
2014-09-12,259.834841767924,261.5304186397994,257.36021303922763,260.0181579589844,2051537
2014-09-15,259.6972997963769,263.86747632183204,257.635119058931,262.2177429199219,951887
2014-09-16,262.12611142122955,266.7087357467755,258.91827439334736,261.2554016113281,1313489
2014-09-17,262.1260909706175,268.4501064524586,260.29304138341035,266.4795837402344,2435958
2014-09-18,264.1424707025904,284.35183228447937,264.1424707025904,280.8690490722656,8645470
2014-09-19,283.66445016603063,290.446728679369,277.9819847258685,287.2388916015625,3469500
2014-09-22,286.32234444730625,289.39270814836703,280.5482493445069,281.3273010253906,1152227
2014-09-23,279.631712151732,284.85588654429006,273.2160387793821,274.54498291015625,2892585
2014-09-24,274.59087645925075,277.1571350923726,272.6661684993488,275.0032958984375,1403640
2014-09-25,276.19475546902703,282.3354548779721,269.54995063546545,280.5482482910156,2942673
2014-09-26,278.76102295333453,280.6399156470349,270.9247468026348,277.1571044921875,1105089
2014-09-29,277.1571444664625,280.4566399421594,273.8576489907656,278.0736694335937,1516087
2014-09-30,277.70705271298505,289.85100798838783,276.1489491499793,287.9263000488281,2565838
2014-10-01,290.5384036707536,290.7675349039324,283.71028173397605,287.33056640625,3041803
2014-10-07,285.03926776409924,288.2929202434539,280.5483009721299,282.7479553222656,1713128
2014-10-08,280.4566084108849,285.4974951633681,277.93616503464324,283.756103515625,3095832
2014-10-09,285.2225272435901,298.69542494100733,284.16850135379514,297.7789001464844,2114445
2014-10-10,296.03757375201144,296.03757375201144,289.98850318348747,292.2798156738281,1138339
2014-10-13,289.85100133805605,291.5465780071012,285.95577049003475,289.346923828125,630403
2014-10-14,289.3469409072253,294.6627744843688,285.95578736896755,289.62188720703125,1102825
2014-10-15,289.62188720703125,289.62188720703125,289.62188720703125,289.62188720703125,0
2014-10-16,289.07193701435267,293.9295355840729,282.28965860298024,286.0932312011719,869554
2014-10-17,287.6971485376389,303.8279917000516,287.3305441869266,295.48760986328125,5033585
2014-10-20,297.1831819510955,305.935983061068,293.3796094260844,302.3615417480469,3804979
2014-10-21,302.4532562728888,308.86893140595004,301.1701268403013,307.8607482910156,1866983
2014-10-22,308.8688472764612,316.8884390084168,306.07345791794035,311.3434753417969,2419758
2014-10-27,310.9310836469849,312.0767398137019,295.6709491003392,302.7740173339844,2635941
2014-10-28,304.2862833051539,310.6102998641584,303.41557341487663,307.0358581542969,2594996
2014-10-29,309.78536910898384,313.68059934186306,304.7902979752452,311.16015625,1338488
2014-10-30,310.24369847385753,324.0832309421958,308.3648334968505,318.3549499511719,2989495
2014-10-31,315.28460165895063,320.5546204366802,314.2306034974294,315.51373291015625,1646495
2014-11-03,316.10944211451704,325.22887633735814,314.73465472233727,320.967041015625,1223128
2014-11-05,319.8672272935328,330.8655273723935,318.950702286961,325.27471923828125,3095404
2014-11-07,328.2992463776478,342.597013138786,328.2992463776478,340.8556213378906,4317092
2014-11-10,341.8179798235453,344.4300534673204,334.1191481257214,337.7852478027344,4379838
2014-11-11,337.6019717385439,344.70504011812864,333.38595136437897,343.1927795410156,3000255
2014-11-12,343.6509882024927,346.6296938307017,337.4186027214004,340.3973083496094,2651460
2014-11-13,342.78030257529235,344.4300361589973,336.7770758439065,341.8179626464844,1468403
2014-11-14,339.1600467008326,347.5004293433337,339.1600467008326,344.7508544921875,1504823
2014-11-17,343.69684162742107,350.5249634024674,340.9472668944017,348.3711242675781,2187360
2014-11-18,348.2794590153351,354.4201869807588,345.8048306184939,351.3498229980469,2904251
2014-11-19,353.7327500863789,359.2318987672702,351.2581219919312,356.1156921386719,4062300
2014-11-20,354.6951460251698,357.53637888709585,341.8637970733549,343.8343200683594,5037245
2014-11-21,343.69682458543565,349.8833674279735,340.2598563395813,343.7884826660156,3645597
2014-11-24,343.78848148830525,354.69512175709656,343.78848148830525,353.182861328125,2579824
2014-11-25,355.565836467884,368.8096041304408,352.9995500356421,360.9733276367188,60972072
2014-11-26,354.0077361331135,354.19105229779984,341.9095964869242,344.5216979980469,4445577
2014-11-27,343.6968432919955,346.5838911816241,335.5855921962803,341.1305847167969,4130461
2014-11-28,343.6510368566907,354.60349308899384,343.5593787688223,350.06671142578125,2707877
2014-12-01,350.9832592209879,353.54951802769574,344.70505738978966,345.80487060546875,1223451
2014-12-02,347.36297095426664,351.94559590089284,343.83434415133985,349.9292297363281,1267976
2014-12-03,352.1746786517714,352.1746786517714,342.3220363732898,345.16326904296875,2270335
2014-12-04,345.7132542532121,346.40064802919,338.19773778113705,343.3760986328125,2352452
2014-12-05,342.9178172615249,344.56757901524094,340.07658421633846,341.54302978515625,1137286
2014-12-08,341.86379089033767,348.73772770448653,340.0307410732313,343.2843933105469,1490662
2014-12-09,342.3220653465594,344.3384314041192,334.6232614388137,335.4023132324219,960495
2014-12-10,333.70670770388284,342.5053519693009,333.70670770388284,340.6723022460937,1144165
2014-12-11,343.1927715072072,343.696849031071,335.21899342163795,338.930908203125,846293
2014-12-12,338.9309604076733,340.6723804204201,330.1323420933493,331.18634033203125,1624925
2014-12-15,328.11589840090875,338.0143556562406,328.0242403212981,336.9603576660156,1506778
2014-12-16,333.6150537142524,341.8637775698245,333.0651331965237,337.5102844238281,1752324
2014-12-17,334.66905308864466,341.35970146974006,331.6445321839832,338.4726257324219,1508248
2014-12-18,341.0389178998181,348.0045126728908,338.0602120008828,344.8883056640625,2078875
2014-12-19,349.19594520242515,356.4823284754044,345.3923729156347,349.24176025390625,4097398
2014-12-22,346.904651203351,350.479092477737,342.8261044859644,346.40057373046875,1236281
2014-12-23,348.0045156260055,351.6706152250359,343.6968374090968,347.2254638671875,1322944
2014-12-24,349.1959862105932,350.57077355787897,345.9423340100649,348.7835388183594,2202655
2014-12-26,350.38749228859854,350.38749228859854,344.430079857005,345.4382629394531,479626
2014-12-29,345.5298549566659,349.1959542135005,345.5298549566659,347.8211669921875,467920
2014-12-30,348.41694031868803,352.40382928696,345.5757074924413,346.996337890625,816744
2014-12-31,346.3547260452549,350.1124834247271,345.52985929613124,348.9668273925781,554908
2015-01-01,349.195999361369,349.24181441995586,345.57571468912784,346.1714782714844,321140
2015-01-02,346.4464173189553,351.4873043434375,346.4464173189553,349.1501770019531,960337
2015-01-05,347.45458267660763,349.74589484412667,345.6215329425924,348.2794494628906,842678
2015-01-06,345.5299278403185,346.8589002892922,331.0488439093307,337.1895446777344,1443145
2015-01-07,337.18949366593426,339.11420148460047,330.36140017487,334.39410400390625,1527500
2015-01-08,336.22717289883894,340.94727064846967,331.87367952362325,334.0733337402344,729084
2015-01-09,336.82291827903185,337.28118075288086,327.4285375651269,330.68218994140625,1385760
2015-01-12,330.5905155280291,332.6068533607295,324.4956030663764,330.7738037109375,1646430
2015-01-13,331.78198765225466,336.82287420498227,330.3155423338012,331.5528564453125,1761201
2015-01-14,331.7820633799079,333.5692983900318,328.1159632320637,329.9031982421875,1392613
2015-01-15,332.698546631298,339.8016147756301,330.8654967875994,338.5643005371094,2146779
2015-01-16,338.5643269861173,355.42838127155835,336.8229350925884,353.64117431640625,2633578
2015-01-19,355.6116624755913,357.0781079148755,349.2418032096943,352.4954833984375,798820
2015-01-20,352.77044229965367,360.3776160511146,349.01268446773884,358.0863037109375,1263250
2015-01-21,360.194294800374,366.65578432057663,344.7966872793988,349.7000732421875,7657084
2015-01-22,351.9455632220796,358.17792138275576,351.4873007699675,356.9864501953125,1587469
2015-01-23,361.1108473413508,361.477451744627,354.9243036368987,358.13214111328125,1321254
2015-01-27,355.245025825076,359.04859823404223,352.12884703110785,357.3988647460937,1179774
2015-01-28,354.6951159896513,358.8652928578129,352.99953942771833,354.9700622558594,2090303
2015-01-29,355.6116364742501,357.3988710930314,350.570749874744,353.82440185546875,3507244
2015-01-30,353.7786684599473,354.5577203446224,341.90965790258053,345.3008117675781,1861036
2015-02-02,344.6133705657364,344.6133705657364,338.28935419991063,340.7181396484375,1280710
2015-02-03,341.1763621321603,344.888276442126,340.5806265968732,341.9554138183594,1032469
2015-02-04,344.61333110050293,344.61333110050293,331.78198366590976,334.7148742675781,1900037
2015-02-05,334.53156637977406,337.0520096881148,329.16989047528006,330.544677734375,3533904
2015-02-06,329.49073335038366,336.1355395166988,329.49073335038366,331.3695983886719,3206207
2015-02-09,329.9489251271407,330.22387137669983,319.04228569612803,322.43341064453125,1323352
2015-02-10,319.1339882562682,324.3123484590144,317.0718071867579,320.7837219238281,1895192
2015-02-11,322.4793327613646,322.4793327613646,312.7183469262799,316.6593933105469,3085879
2015-02-12,321.70029196162625,332.6069344426536,321.1962143730981,331.0488586425781,5612430
2015-02-13,332.0569919253477,336.41048561783634,330.17812688821755,333.5234375,1402208
2015-02-16,334.5315547364079,335.4480795439049,328.7574596372237,330.223876953125,1061105
2015-02-18,330.22391630588976,331.14044122260896,323.1208482013157,326.4661865234375,1613325
2015-02-19,328.66584313359925,331.2779447593797,321.2878007179696,323.89990234375,794228
2015-02-20,323.5333179157752,330.4072552652606,322.6167929358439,328.8491516113281,976302
2015-02-23,328.8491088987973,331.2320791311316,314.0930810145854,315.83447265625,1306772
2015-02-24,315.8344909933082,324.4040045341788,314.41386059437883,323.5332946777344,1248168
2015-02-25,323.2583431394588,324.0832099547239,318.12579810985807,319.4547424316406,1078737
2015-02-26,318.72152130079775,322.43343581014256,311.61845360825663,314.4596862792969,1938779
2015-02-27,317.1176511846627,321.1961986379483,313.4515511709672,319.8214111328125,5049108
2015-03-02,318.5840365177905,321.1044798004152,312.0767046304448,314.1388854980469,3356249
2015-03-03,317.5758739148258,320.0963173585943,312.30585580512815,318.90484619140625,4390082
2015-03-04,320.92121932948737,321.01287742241914,312.16841687190026,313.4057312011719,835797
2015-03-05,313.4515075683594,316.292740277769,307.03583343684323,313.4515075683594,1293268
2015-03-09,311.61848478734584,313.9097971754881,307.7690687872181,308.5939636230469,786759
2015-03-10,305.47777315719145,316.2927850045936,305.47777315719145,313.3598937988281,1391166
2015-03-11,313.68062769238634,320.7836952296135,310.8393950834718,319.5922241210937,1390224
2015-03-12,320.05051927825434,324.4498277890402,317.2551014375471,323.48748779296875,1309271
2015-03-13,325.2746641165984,326.2828470470033,314.23055084701554,315.4678649902344,809109
2015-03-16,315.5136566485617,326.7410852438991,311.89337256650833,324.2206420898437,1132825
2015-03-17,324.12902173810915,327.9325944373931,318.4007411758984,325.5496520996094,1805559
2015-03-18,326.0079116085956,339.9849160545145,324.6331242860462,335.7230529785156,2937153
2015-03-19,333.0192782159969,339.3432934864064,329.0323899030922,330.7279663085937,1364591
2015-03-20,330.8654749201692,330.8654749201692,321.7002263074221,324.037353515625,1120247
2015-03-23,326.282883092722,331.7362177481912,318.76736729411056,321.1045227050781,1973628
2015-03-24,319.31724576377377,326.23702502503915,317.43838104687416,324.49560546875,510975
2015-03-25,322.9833891008741,325.4121746417574,317.2551081223182,319.9130249023437,1074608
2015-03-26,318.4924450778014,322.8917539944236,308.96059044503727,310.9769287109375,2189957
2015-03-27,312.76411675347225,313.4515104166667,303.36973668981483,309.3271484375,3034191
2015-03-30,310.5185677366852,315.9719010752688,308.5938881772933,313.7722473144531,1415013
2015-03-31,315.2845625971562,315.2845625971562,308.5480990522918,313.2223815917969,1272398
2015-04-01,313.0849156569278,315.51370108066334,311.2518658322036,312.39752197265625,2323793
2015-04-06,315.14707935812964,316.06360422002905,308.50227410935906,309.9687194824219,1119526
2015-04-07,311.57264989266577,311.57264989266577,305.294448754807,308.3189697265625,2070220
2015-04-08,308.3648202554987,313.68065359885543,308.3648202554987,311.9850769042969,2381333
2015-04-09,314.3680688201713,328.20760164213925,313.4515438381883,327.29107666015625,2486300
2015-04-10,326.74108205848563,327.01602830274635,316.2010471533732,318.17156982421875,1452993
2015-04-13,321.15036447176465,321.15036447176465,314.32226978982624,317.8050537109375,1800659
2015-04-15,315.5594974057024,321.6085670622262,313.9097638494318,315.055419921875,1392928
2015-04-16,315.0554154459411,315.0554154459411,307.21913920980586,311.75592041015625,1332867
2015-04-17,309.83123879948346,311.4810004417174,305.70687664908,308.4564514160156,1942843
2015-04-20,309.0980308573875,309.32716208856425,297.9164155879155,300.4368591308594,2855013
2015-04-21,300.528537040086,305.6610825510091,297.87062017714527,298.5580139160156,5400459
2015-04-22,299.2454267824378,302.68239569647807,287.2389431153656,295.9001159667969,3683272
2015-04-23,295.53346894384174,303.04895643715315,295.121021545559,301.4450378417969,1577106
2015-04-24,301.44500525741125,303.7363172888147,292.41723025965825,294.0211486816406,2149560
2015-04-27,294.38780728149686,298.1455369725961,292.7380456894366,297.1831970214844,1785522
2015-04-28,295.1209896447613,296.4499618110223,288.9344471599721,294.0211486816406,1424585
2015-04-29,292.46314212933635,297.41237168821243,292.37148403248,293.97540283203125,1660071
2015-04-30,291.3632943200899,292.37147742246793,285.0392773617164,286.0016174316406,2932598
2015-05-04,287.7888318694975,295.02937331932367,287.7430168104332,294.15869140625,1230226
2015-05-05,292.8297212486176,294.6169560874794,286.6889929013647,289.2552795410156,1990382
2015-05-06,288.705375,288.705375,281.8314375,286.4140625,1863912
2015-05-07,284.4435310338714,286.32239604093013,282.28969175277217,284.12274169921875,1461410
2015-05-08,286.184910973882,288.3845652240125,282.3813380873887,283.61865234375,775962
2015-05-11,284.2143973451916,292.7380683347817,284.2143973451916,291.17999267578125,2748369
2015-05-12,292.0048631812979,292.0048631812979,279.44845981200075,282.7479553222656,1752599
2015-05-13,285.9557775112656,285.9557775112656,276.332265768098,279.7234191894531,6371228
2015-05-14,279.5401011031778,280.50244108286165,275.8740014165787,278.1653137207031,2617897
2015-05-15,280.5941132512929,280.5941132512929,274.49922781046075,275.9198303222656,5740256
2015-05-18,276.011459541676,287.88046781923833,274.9574615331561,285.4974975585937,25433973
2015-05-19,286.7806542385075,293.47130322504694,286.0932605188706,289.62188720703125,4224236
2015-05-20,291.40911376516414,293.5171099239543,287.4222247108145,291.821533203125,1876828
2015-05-21,291.4090569236354,296.49575812380266,286.0015384952076,290.81329345703125,11374396
2015-05-22,293.1962939121351,295.7167372495591,290.63003552026,292.78387451171875,5925105
2015-05-25,292.2797423472678,294.66271233341195,288.8886174943962,293.333740234375,1695374
2015-05-26,293.5629177330402,294.15868130114006,289.8510030324515,292.6463928222656,1601229
2015-05-27,291.4549140930176,295.35014486312866,289.75933745788643,293.2879638671875,2641075
2015-05-28,295.4876073385232,295.4876073385232,290.95082609324925,291.5923767089844,5902924
2015-05-29,293.83789714279953,298.78712615377657,291.50074179725414,296.7249450683594,5514743
2015-06-01,296.037502458559,296.49576484626573,292.371403356905,293.5170593261719,2099359
2015-06-02,292.0506529873099,302.4532161677081,292.0506529873099,300.1160888671875,3331117
2015-06-03,301.44505890105034,304.6987393467223,291.45494226036425,296.0375671386719,2959167
2015-06-04,296.037597261588,300.2536181726511,293.28802205482395,298.1914367675781,1813821
2015-06-05,296.95404003859034,309.78538744766524,293.92951933735543,308.50225830078125,3111895
2015-06-08,309.785372998341,313.35981401583706,303.6446458366587,304.2862243652344,3114153
2015-06-09,304.2862610307459,306.99002062253084,297.8705868523868,300.52850341796875,1314735
2015-06-10,302.45325740929667,308.7772744701936,299.2454198307132,306.4859619140625,1276379
2015-06-11,309.73963798452604,311.71016115988266,302.63656916466306,305.1570129394531,1750395
2015-06-12,307.72322514728825,308.0440144458588,303.048942715584,305.8443603515625,779489
2015-06-15,306.1193352898167,311.6184850255619,303.5988916609335,310.9310913085937,1515607
2015-06-16,310.01459728738536,318.0341914522475,306.66928645835355,316.2011413574219,2013937
2015-06-17,317.8508267502291,323.3041611381987,313.03907098559256,321.7919006347656,2795132
2015-06-18,319.5464097030745,324.2206924174636,316.4302305501888,318.0341491699219,1354886
2015-06-19,318.76736944277405,320.09634182091685,310.7019609943903,311.71014404296875,1234574
2015-06-22,314.917962521956,317.988326543537,310.5186262018917,316.5218811035156,939170
2015-06-23,316.521850978923,318.21742748350704,310.5644396715483,316.70513916015625,1240791
2015-06-24,317.0259538409678,328.9866204369358,315.92614075509533,325.5496520996094,3883808
2015-06-25,325.366342876471,332.0111484704271,322.6167681479374,328.6199951171875,2412267
2015-06-26,328.1159404629871,330.7738572917075,324.4498405695459,329.2615966796875,1129200
2015-06-29,317.11759700224235,327.886763952463,317.11759700224235,326.4203186035156,1214425
2015-06-30,324.9997732655816,338.5643321890354,324.9997732655816,337.1895446777344,3053780
2015-07-01,337.1895205513538,338.15188852247985,331.8278440468906,333.4317626953125,1675326
2015-07-02,333.4775514780819,340.39730247616853,333.4317084563684,338.289306640625,1783180
2015-07-03,337.2811712405445,339.8474298336742,336.5479624911134,338.5643005371094,771577
2015-07-06,336.3646130196461,343.3760223836614,336.0438237347318,342.5053405761719,2028822
2015-07-07,341.90959458478864,343.51351312145255,334.6232385860159,336.91455078125,2027667
2015-07-08,334.53155153903015,337.28112593524133,324.7705680265038,326.1453552246094,2585634
2015-07-09,330.71101842891875,330.71101842891875,322.8248790708547,325.5919494628906,1249057
2015-07-10,324.4851194424427,335.73788395512213,324.4851194424427,333.1091613769531,1772441
2015-07-13,336.3836069770631,350.4956577262751,332.4174550139311,344.7309265136719,1779739
2015-07-14,345.8377403325746,346.34502538215014,338.7355807499192,345.42266845703125,1475541
2015-07-15,346.4833624449478,355.9375206314627,344.2697115235787,346.437255859375,5729299
2015-07-16,349.9882990730476,353.21654787354385,346.8522634340888,352.5247802734375,1989486
2015-07-17,354.41554753373794,355.1073150305507,344.7308025783593,348.0051574707031,1389759
2015-07-20,347.26733523791825,351.7868779287926,342.0098902181059,349.2503967285156,1653937
2015-07-21,348.00524101125427,358.79682781134903,348.00524101125427,357.1365966796875,3689418
2015-07-22,356.95212483274344,376.5061026202884,356.95212483274344,375.6298522949219,3606087
2015-07-23,377.243929376186,377.52062515561,363.0857469350156,364.5615234375,2771748
2015-07-24,367.9281287142189,371.5253146713155,357.8744450373757,360.6876220703125,2368111
2015-07-27,363.4085628130964,369.0349446690094,359.58078789531845,362.4862060546875,1457508
2015-07-28,362.3017608383554,369.4961611853636,358.7045747389,361.6561279296875,2306518
2015-07-29,363.1318251372137,370.5567849262823,362.0249858956212,369.4038391113281,1611745
2015-07-30,373.0472412031132,373.0472412031132,364.79213609297136,368.6660461425781,3066839
2015-07-31,369.8651340332378,371.064186799542,363.869813905517,367.8359375,1641685
2015-08-03,367.8820307575184,370.97193179688696,365.71448655688096,367.7436828613281,667286
2015-08-04,371.7098044831472,373.8312139442837,368.0664837258726,371.894287109375,2609875
2015-08-05,376.69051240792606,384.4844386461488,374.9380401132765,382.31689453125,3415385
2015-08-06,382.3168727617317,383.7004078863218,376.0448581228276,382.82415771484375,1906686
2015-08-07,383.00868418076254,385.26846973558935,375.2147574938837,378.5352478027344,1647443
2015-08-10,378.1663003837123,383.100915054924,374.2923904376162,377.79736328125,882985
2015-08-11,377.24399930077374,385.7296946518652,377.24399930077374,382.5936584472656,982625
2015-08-12,380.9333491848441,386.2369006565459,368.6198805731,370.4184875488281,1356894
2015-08-13,370.4185053738594,379.0886538717199,368.02037200685214,369.68060302734375,1447259
2015-08-14,367.09801580487823,388.957883784156,367.09801580487823,387.2053833007813,1674969
2015-08-17,382.7780812626922,385.6834996233801,374.66135248551706,377.336181640625,1124164
2015-08-18,377.5206489643524,380.287719525483,372.7244102139176,374.7997131347656,1693445
2015-08-19,375.5376068804519,377.0594901385679,368.0204037615586,374.29241943359375,1172957
2015-08-20,373.5545285301063,374.8919572371692,360.64153248215206,363.8697814941406,1721757
2015-08-21,360.6415154684775,360.77986336141646,348.28193974956065,353.4471435546875,3088270
2015-08-24,340.53414216169244,344.82309565638644,319.7811141408224,330.8493957519531,3059361
2015-08-25,336.66024554687215,343.16284998929217,327.8056142809515,337.0753173828125,4419332
2015-08-26,330.7110119942708,348.3280321104106,330.7110119942708,340.2113037109375,3074553
2015-08-27,343.67017358652447,345.8838244332779,334.53884625110544,342.19439697265625,4254812
2015-08-28,348.2819787429874,362.39402836466536,346.0683277638359,357.69000244140625,3144551
2015-08-31,357.87440430050424,358.79676101261896,349.573193891472,354.9228515625,2007786
2015-09-01,350.4956312606096,351.92527323414333,337.58263431942925,342.7939453125,2247154
2015-09-02,344.68473694087044,347.590155142927,332.0484379057739,332.9707946777344,3146977
2015-09-03,335.5533616649745,343.0705914108606,332.371247887012,339.38116455078125,1944303
2015-09-04,340.76476622484495,344.9614788391838,331.7256517621248,332.4174194335937,3507953
2015-09-07,332.4174194335937,337.2597931338764,330.7571882813077,332.4174194335937,1509043
2015-09-08,333.1091271538592,343.485640358384,330.065361206436,341.17974853515625,1818377
2015-09-09,345.4226496470962,356.58317346291034,345.33040832998734,355.15350341796875,1855339
2015-09-10,353.0781923022659,364.6998942873581,347.0828727538077,361.6561279296875,2049659
2015-09-11,363.4086176035356,368.06650867652417,357.966717538077,361.56390380859375,2001623
2015-09-14,362.57851721664673,366.08346231464594,361.3333297232708,364.5154724121094,1197568
2015-09-15,365.2532828858661,367.0979964357947,362.025034173491,363.4085693359375,1425312
2015-09-16,363.8236712319003,367.1902681093165,363.77753650047975,365.16107177734375,1201798
2015-09-18,368.2970360186273,375.2147115873325,364.6537437746323,367.697509765625,2423414
2015-09-21,365.8989581331279,371.89427740381166,365.1149492142654,370.5107421875,900067
2015-09-22,371.7097970543903,372.1709754626464,355.6146593470151,359.580810546875,1152813
2015-09-23,353.26270509352435,359.9036862657495,348.650920431729,357.27496337890625,1410076
2015-09-24,357.27491098683686,368.85047753122086,354.23111666754494,363.9158630371094,1966984
2015-09-28,366.9134941354894,366.9134941354894,353.0320366762988,353.8621520996094,763642
2015-09-29,350.49559812618486,362.94741542803615,347.7285276146623,360.7337646484375,1836485
2015-09-30,364.28486561780574,365.3455704135876,358.1511697698309,361.9789733886719,2221047
2015-10-01,361.9789521880716,371.70980556585465,354.6000974870125,369.49615478515625,2231208
2015-10-05,373.3700550775561,374.56913591463103,369.1272359331165,371.3869934082031,1747745
2015-10-06,373.5545578576569,373.5545578576569,366.6368808602928,368.0204162597656,1360555
2015-10-07,368.1126779433379,369.8651505833144,362.02511621932894,368.3893737792969,1217685
2015-10-08,369.1272517623273,372.5860902228135,364.60768032214577,366.6829833984375,946190
2015-10-09,372.5399393589221,372.5399393589221,367.32862860036334,370.2801818847656,1368389
2015-10-12,371.89425450160536,374.3846008487468,367.4208186147309,370.1417541503906,569277
2015-10-13,371.709771891553,372.6321286456263,366.6368097441497,370.1417541503906,805554
2015-10-14,367.1902326477161,369.8650616283772,351.0489893098193,356.5831298828125,10382179
2015-10-15,360.549265585108,389.9263351394881,360.549265585108,386.2369079589844,10395979
2015-10-16,385.31457615196734,393.2468507340869,381.9018445294435,390.572021484375,3867850
2015-10-19,387.6665461842604,398.827068932762,384.0232537657138,396.9362487792969,2417911
2015-10-20,396.5212160206077,403.1160620653289,394.16921724214495,401.8247680664063,2265169
2015-10-21,400.348945838925,406.4365061669609,398.5964736008178,400.3950805664063,2856545
2015-10-23,403.0699636762076,404.31515111581103,396.4289827637217,398.5965270996094,2324249
2015-10-26,403.30051334091024,403.30051334091024,391.3098748653657,391.9555358886719,2370772
2015-10-27,391.0792645263461,395.0453873177293,388.4505421422458,391.817138671875,2673636
2015-10-28,390.8025732056444,393.84633927570354,385.3145391860074,388.1277160644531,2603192
2015-10-29,388.4967299406216,390.1108544840508,382.4552754749273,383.42376708984375,2916664
2015-10-30,383.4237756296286,388.4506038594092,374.4769024161125,376.921142578125,2159297
2015-11-02,380.887260218156,382.778080440612,373.5545122372238,380.8411254882813,2642350
2015-11-03,382.7319562609566,384.1154914278504,380.4260643161337,382.6858215332031,2732271
2015-11-04,382.96257760272,385.45292422332057,380.65668546433193,382.91644287109375,2599447
2015-11-05,382.7320092320997,382.7320092320997,372.6782964427345,374.5230102539063,962740
2015-11-06,377.01338748553394,379.31927976373294,364.1926320483674,367.51312255859375,2654554
2015-11-09,362.6707235257831,363.13190194931633,355.8913950702249,360.5492858886719,2779743
2015-11-10,356.95211404368143,367.42087030481474,354.830704470103,357.1365966796875,1872753
2015-11-13,355.93750084935084,357.96669716755247,346.62169108540235,348.0513610839844,4395598
2015-11-16,348.0513722954571,353.1704416907705,345.4687561574547,349.6654968261719,3496301
2015-11-17,353.262693372721,354.46174608576484,347.5902040565386,350.40338134765625,1814631
2015-11-18,351.69466506164025,353.9544506638801,348.6970052188842,349.6654968261719,2297968
2015-11-19,351.3256908499047,361.9789285167572,350.4955753799396,361.0104370117188,2190565
2015-11-20,362.0250541007448,369.3578021245718,359.81140334860163,365.5299987792969,2503663
2015-11-23,366.6368724057248,377.70515534627503,365.3916849452932,375.6298522949219,2804622
2015-11-24,375.62979771314224,377.5667525759045,368.9427110749095,370.4184875488281,1310215
2015-11-26,367.55918070972695,382.31688934550016,367.55918070972695,377.2439270019531,3022983
2015-11-27,379.0886499397677,382.2246574726673,375.2147400680061,380.37994384765625,1500618
2015-11-30,379.4115142597427,384.4844771805296,374.7997297863001,376.4599609375,2516202
2015-12-01,378.074072374324,384.1155267135993,375.67593890179097,382.2708129882813,2216108
2015-12-02,386.1446900510479,386.3752792638036,380.1032639360879,381.57904052734375,3036346
2015-12-03,380.4260858769512,383.1470216371956,376.0448909334814,377.79736328125,1521090
2015-12-04,375.53758469959786,376.1371110206453,363.4085977888042,364.9304809570313,1739804
2015-12-07,365.7606197574656,370.7874761536136,364.3309778126303,369.0350036621094,1946681
2015-12-08,368.2509612123702,374.2001739739752,365.99117573905454,369.68060302734375,1113890
2015-12-09,369.6806226616317,371.940408254968,362.6707329600536,365.2072143554688,1325884
2015-12-10,365.34551154837465,372.4937763069466,357.3671313506841,370.9718933105469,1729318
2015-12-11,371.7098050312304,373.09334028568907,364.1926024449576,366.867431640625,1079115
2015-12-14,368.0203983779315,377.243967259584,364.42321214370673,374.2463073730469,922975
2015-12-15,374.2924127511702,380.01103669859225,374.2924127511702,376.6444396972656,1310961
2015-12-16,378.1663300261235,379.9188025112589,375.6759551301265,376.921142578125,878128
2015-12-17,377.705089013098,384.4382820268655,372.6782334678496,382.82415771484375,1258859
2015-12-18,382.7781025541195,384.71505761835033,380.19551456721047,381.440673828125,2949501
2015-12-21,380.1032915737317,385.9141288984471,380.1032915737317,384.8534240722656,1750059
2015-12-22,383.23924448202285,385.4528951382206,380.5644154329467,383.1470031738281,917169
2015-12-23,384.43830801268007,387.8510394765876,382.1785507119595,386.51361083984375,1648251
2015-12-24,385.0840022806271,385.7296633640496,378.2585669117399,378.8580932617188,2861942
2015-12-28,378.81196646799,383.7004464739238,377.4284312042619,379.595947265625,777602
2015-12-29,380.0571033164363,385.4067895768235,380.0571033164363,384.0232543945313,1810627
2015-12-30,384.57667221864745,396.4289343705836,383.0086544271369,394.95318603515625,2196200
2015-12-31,395.69106307119694,405.23746148120506,392.69340350247575,403.3005065917969,3974352
2016-01-01,403.2543895095732,403.2543895095732,397.9969446821128,399.2882385253906,512541
2016-01-04,396.6134378016409,398.7809819866878,388.1738784175741,389.1884765625,1100846
2016-01-05,390.6642551722565,396.9824055901084,388.22001500788855,392.04779052734375,2545828
2016-01-06,391.079266444388,392.831738659685,385.0839475012546,390.2952575683594,2048184
2016-01-07,387.435956597979,388.9578678129543,381.3022896023142,383.1470031738281,1897702
2016-01-08,387.3437577280724,387.3437577280724,377.5667698087291,379.73431396484375,5154901
2016-01-11,373.5545162326914,382.0402103298085,371.7098025722832,377.79736328125,2618029
2016-01-12,377.5668420329049,379.3193146961055,372.8628157225548,375.4454040527344,1417516
2016-01-13,376.6905408976605,384.3461198241697,374.2001942321029,382.0863342285156,1746239
2016-01-14,380.2877436107733,389.23461691764606,375.3992632357392,383.74658203125,2107954
2016-01-15,387.7587945320391,389.3729189380402,365.2532941579845,371.1563720703125,5656028
2016-01-18,368.9427274378908,370.1417800428255,348.7431187402856,363.31634521484375,2733395
2016-01-19,364.00810272396257,368.4815387995841,358.5662032749395,363.6852722167969,1175138
2016-01-20,362.5785194513119,362.5785194513119,345.65326393965665,354.4617614746094,2017744
2016-01-21,356.7676445230481,366.1756963432479,354.4617522286952,355.7069396972656,1469042
2016-01-22,358.75070538750697,369.5883982940686,358.3356335488679,364.6998901367188,1608149
2016-01-25,368.9427228933706,373.13943510704433,359.995850603968,360.8721008300781,1763816
2016-01-27,364.3309688557624,368.02039638847896,362.67073772527925,365.8989868164063,2871738
2016-01-28,364.2848694418838,376.7827941957468,363.7314496714625,373.18560791015625,2784606
2016-01-29,373.6928924564148,389.9724861140183,372.724428970522,387.4360046386719,2605656
2016-02-01,388.3122268438625,389.7880034068552,379.1808998232343,384.16162109375,2035568
2016-02-02,383.70042519462606,384.1616035902927,368.9427165332943,370.464599609375,997951
2016-02-03,368.9427744043936,380.4722361045309,368.9427744043936,372.6322021484375,1836644
2016-02-04,378.1663184366073,379.8265495509922,365.53001800034,368.2970886230469,2081736
2016-02-05,368.94271589433066,378.90415796423946,362.2095225884973,377.2439270019531,2171019
2016-02-08,374.476858299519,382.1324084291626,369.3116546243893,371.3408508300781,945374
2016-02-09,368.0204426627658,369.8190500703584,358.2434528421045,359.2119445800781,2257810
2016-02-10,359.39638358626354,359.39638358626354,347.0368059604164,349.8961181640625,2014216
2016-02-11,349.57322272808057,349.57322272808057,335.7378709050695,340.6724853515625,2504341
2016-02-12,343.2089919320455,345.42264275801807,332.9708251953125,341.73321533203125,2963811
2016-02-15,344.0390898464065,355.430202070136,344.0390898464065,354.0927734375,2312852
2016-02-16,352.6631656506567,355.10740580122723,332.27907257114833,334.4004821777344,1703936
2016-02-17,336.1990795805894,343.6701758675554,322.9171462638153,341.7793273925781,2665334
2016-02-18,343.57793310758296,353.63161733265514,343.48569179122313,351.8330383300781,2001163
2016-02-19,343.48566481536506,357.41325804895644,341.3181207175781,354.0466613769531,1358187
2016-02-22,354.04669394805137,364.3309675284109,353.2626849705858,362.3940124511719,1437597
2016-02-23,359.9497604870766,363.6391878847661,352.0636206837543,357.0443420410156,1409276
2016-02-24,355.107410470235,361.1488369735409,349.5271624220852,357.8744812011719,996109
2016-02-25,356.95213130905694,359.53471944946915,346.9445530057852,350.0344543457031,1317234
2016-02-26,355.10737887160235,355.983629117667,347.08286320669373,351.5101928710937,1266637
2016-02-29,351.60240762056884,352.9398080316176,335.876207998342,343.4395446777344,2064381
2016-03-01,345.883857484123,363.3625330082275,345.0998484442056,361.056640625,3744149
2016-03-02,366.1756736263306,369.8651010684095,360.8721216783422,368.2509765625,2729195
2016-03-03,373.0472066091777,373.0472066091777,357.3671415308022,363.8236389160156,1836911
2016-03-04,364.6999254159825,368.25100523509553,361.1488455968694,365.3916931152344,1704396
2016-03-08,364.3309300448398,369.9111773343898,354.18500541067976,360.3648071289063,1300712
2016-03-09,356.0297491006788,366.0834332772701,355.19963355363865,364.74603271484375,1391465
2016-03-10,365.2532989365627,366.08341444089024,358.889042539257,361.3332824707031,680460
2016-03-11,361.194960567193,370.6029838733372,359.7652905114463,367.6514587402344,1396069
2016-03-14,368.9426607853465,376.0448182647008,367.0979474814197,369.4038391113281,1226585
2016-03-15,368.1126426723517,371.01806126394126,354.64622636665115,356.30645751953125,1649771
2016-03-16,355.29186528480443,357.874453172169,350.77229425977123,354.60009765625,2218381
2016-03-17,359.4425235230485,362.3479423574545,353.81614035991737,356.9521484375,1834984
2016-03-18,360.5492537419885,362.34786069264266,354.36948030649177,360.3186645507813,2219331
2016-03-21,362.30174099609656,362.9935085984171,355.3379583919749,360.6415100097656,1273122
2016-03-22,361.471680325721,364.7460643621735,356.49095846322865,359.7192077636719,2031111
2016-03-23,360.1342394213783,364.1003625739648,356.3525707479255,358.33563232421875,2149658
2016-03-28,361.5638937643451,362.4862506361929,355.1996369782147,357.5516357421875,2045328
2016-03-29,357.27487160678555,357.8743978292005,349.71153544497264,352.2480163574219,1664535
2016-03-30,354.1850155485262,354.1850155485262,345.6532150437766,347.3134460449219,4315209
2016-03-31,348.835383161995,358.15116512849227,343.62404427320826,356.906005859375,3913862
2016-04-01,354.18504565287657,359.4424911835258,353.3549300817473,356.7215270996094,3562491
2016-04-04,356.9520766950998,365.48387697786376,356.9520766950998,364.100341796875,1433084
2016-04-05,363.2241291887906,363.2241291887906,352.89374899025006,354.50787353515625,1443476
2016-04-06,355.2456620504464,359.62685618644616,354.41554668587526,357.8282775878906,916721
2016-04-07,361.5638980589836,361.5638980589836,353.35492743165184,354.50787353515625,593787
2016-04-08,354.50790355675423,360.7338130429209,352.801537549444,358.8890991210937,948219
2016-04-11,358.889078612063,365.068853008175,357.505543249756,364.0081481933594,868551
2016-04-12,360.4109487769575,374.93806955299607,360.4109487769575,374.2001953125,1556917
2016-04-13,375.8604250561849,378.1663172344437,369.4500335413863,370.6952209472656,1173446
2016-04-18,372.0787455139945,377.7512344791526,366.8674349711761,376.0910034179688,1792223
2016-04-20,379.78045998133535,379.78045998133535,367.513124263643,368.85052490234375,2155336
2016-04-21,370.372391590077,372.8166598252798,364.83825034466327,368.2970886230469,603318
2016-04-22,368.2970772147263,372.6321656485898,367.5592029974333,369.9573364257813,1038722
2016-04-25,369.9573770906054,371.6176083360519,364.9305204699533,369.5884399414063,953370
2016-04-26,366.4523986921327,382.68588636339416,366.4523986921327,381.39459228515625,2370767
2016-04-27,379.8726855660389,384.4383352200604,374.7074814232617,376.1832580566406,1175412
2016-04-28,377.2439315984278,378.3968775996455,370.5107382105549,373.5545043945313,2736668
2016-04-29,371.8942641202886,383.8849022333681,370.7874247275356,382.6858215332031,1474626
2016-05-02,381.855776444812,385.1301323507388,379.31929483799263,384.0694274902344,1406101
2016-05-03,382.7780763899875,390.0646895639368,382.6858350793105,387.1592712402344,1808007
2016-05-04,384.3460925320285,385.4990385401662,371.433097240886,373.1394348144531,1440825
2016-05-05,373.0011421574536,373.4623206290004,365.530045288775,369.35784912109375,2185694
2016-05-06,368.9427510381162,373.7851246454915,366.9135546481674,371.8020629882813,873252
2016-05-09,371.70982484637113,390.0186146526669,371.70982484637113,388.0355529785156,1385009
2016-05-10,388.3122467784626,389.2346036591716,382.31692705385456,385.1762390136719,2321134
2016-05-11,387.38985501578986,416.8591659601578,386.4674982181332,413.1697387695313,11074720
2016-05-12,413.2158781424581,415.7984661216093,407.7278435016394,412.7546997070313,3706501
2016-05-13,412.29351212683616,418.8883579775453,406.8054776077434,413.9998779296875,2003016
2016-05-16,416.9052850014808,423.3156761960298,411.094448261805,412.3857421875,3336110
2016-05-17,412.9852689111298,417.82764224844624,408.9269045056649,410.6332702636719,2404883
2016-05-18,409.5264671969127,409.5264671969127,400.0262023027104,401.9170227050781,4031334
2016-05-19,403.9461607682786,406.3442658641959,396.8440023433377,404.130615234375,2393541
2016-05-20,402.6087689985801,406.94385749560456,399.2421720924727,400.67181396484375,889187
2016-05-23,403.9923123582218,409.8953907447954,400.5795806521209,401.8247680664063,2402640
2016-05-24,403.53112038847325,406.62102145421017,397.858631411489,405.00689697265625,2308055
2016-05-25,412.754680769658,413.1236178714529,405.6064153485075,408.2351379394531,784790
2016-05-26,406.7593555308397,412.06290721860006,405.4680616190912,409.9414978027344,1784352
2016-05-27,411.3250225115015,419.6723402170194,408.6040587167904,418.1965637207031,1674549
2016-05-30,421.05587477136737,421.05587477136737,407.3127642255355,409.4341735839844,1365844
2016-05-31,411.2789090817529,414.09211433093776,404.49958068216586,408.9269104003906,1688323
2016-06-01,411.0944580775743,417.36647337962034,408.0045570096749,414.8760986328125,872313
2016-06-02,416.3057644032812,423.2234406873234,411.87843469263606,421.1942443847656,1156365
2016-06-03,421.5170615692406,425.9443629916923,418.6116432515007,421.10198974609375,1085037
2016-06-06,421.5171083173199,421.5171083173199,416.1674494928824,419.0267333984375,1391466
2016-06-07,417.0897698551663,429.8182828520616,417.0897698551663,426.8667297363281,1258062
2016-06-08,427.0512229262376,427.0512229262376,416.9975388584576,420.3641357421875,712771
2016-06-09,420.5947290835848,428.57311031048505,420.5947290835848,426.082763671875,1542812
2016-06-10,423.3618148096901,428.3425364131255,421.5171010196696,423.1312255859375,838038
2016-06-13,417.827674820481,428.8959575971825,416.2135502488787,427.7430114746094,777891
2016-06-14,428.9881507409582,430.18720331454034,417.6431452800315,420.17962646484375,1012262
2016-06-15,422.4394264721665,425.4831927399108,419.94905178176015,422.25494384765625,1041386
2016-06-16,422.3933250732074,422.3933250732074,412.75468486024886,416.8130493164063,1530552
2016-06-17,418.84226664205113,422.4394528599287,414.3688301251593,415.4295349121094,1797381
2016-06-20,413.30809957343166,417.59705318692494,411.3711446082132,415.0144653320313,1410878
2016-06-21,415.5217451131984,419.3956549950238,411.6939699609757,412.80078125,1634768
2016-06-22,412.8008165581703,417.3664944416889,410.8638895996822,413.4925842285156,1855643
2016-06-23,414.7838631654304,418.38104904667216,411.3711317548625,413.1697387695313,3701026
2016-06-24,405.8370163935341,416.0290483869055,401.1791255328018,413.5848083496094,2316743
2016-06-27,405.3297244800396,417.36646997932047,403.3005281733876,405.6525268554688,2851463
2016-06-28,404.7301946404672,405.6986862699706,399.8417143516928,402.9777221679688,2858825
2016-06-29,408.9269333055336,411.37117343736907,404.2690141165428,410.4027099609375,1259973
2016-06-30,411.3711313203809,425.6676616689592,409.8031135067825,421.0558776855469,2447805
2016-07-01,423.82295664803496,424.28413505570416,415.8445758249762,417.1819763183594,1003524
2016-07-04,419.6723459653746,427.5123788020904,416.9052755524161,425.8982543945313,1716981
2016-07-05,424.2841565316864,433.32324252029633,422.162747008267,426.082763671875,3169316
2016-07-07,426.1288897305233,427.1434879547396,411.8323577157547,413.0775451660156,3383986
2016-07-08,417.5048195186697,420.5024792595996,413.86152687624383,417.9198913574219,1993312
2016-07-11,422.4394557993067,422.4394557993067,414.09213720050303,419.16510009765625,1042445
2016-07-12,418.8422195213579,420.5946917741311,417.22809515599664,419.25726318359375,1745816
2016-07-13,418.2888407968066,425.66769576124864,417.6431797281788,421.51708984375,990366
2016-07-14,415.1528366766324,431.8936083931654,413.4925774063369,430.0950012207031,1247664
2016-07-15,431.10953436098447,437.1970944705732,427.5123487069846,435.3062744140625,1688028
2016-07-18,434.3378453291573,437.9350314997909,424.099678421894,425.2526245117188,904262
2016-07-19,430.2794439827607,433.9688711551745,424.5147140258641,430.23333740234375,935805
2016-07-20,429.8183009380897,434.06114816495216,423.6384986567793,426.5439453125,1201100
2016-07-21,428.6757036571454,429.7879546349752,418.4801734080025,419.9631652832031,919699
2016-07-22,421.5388040491756,431.68800188111794,418.85089729525015,430.5294189453125,1048763
2016-07-25,430.6221872663999,441.095767540972,428.2586606886314,440.0298767089844,2456774
2016-07-26,440.49323915531096,442.1152552910749,434.7003243847256,439.8444213867188,1771096
2016-07-27,454.1645099181033,457.8719753051898,440.9103324735553,452.1717529296875,4810711
2016-07-28,451.8937272825331,455.32314446864575,447.7691885432564,449.3912048339844,1673468
2016-07-29,453.2376540039272,463.75759293907583,443.9689903228653,460.9306335449219,1285090
2016-08-01,457.9647176088023,472.0994309406436,456.2500090228777,467.8821716308594,1446878
2016-08-02,465.7503562217002,468.4382630681248,457.87199198710425,462.9697570800781,1429965
2016-08-03,458.3354457656172,462.5063446654054,453.00596383811,456.8061218261719,1466935
2016-08-04,458.7988797701322,459.4013372884442,448.4179645095307,451.8473815917969,1365502
2016-08-05,453.2376604993165,461.57945793181926,452.6815350133396,460.0964660644531,1491874
2016-08-08,467.6968053913896,467.6968053913896,459.5867241435206,463.803955078125,719355
2016-08-09,461.5795000502173,476.3630314966357,457.9183661953704,474.8336791992188,1629914
2016-08-10,474.32392658122535,479.93145753526426,470.89450925159656,477.3362426757813,1930239
2016-08-11,477.3361823708562,477.9386681422279,460.7916119461016,464.823486328125,1554397
2016-08-12,464.7308575879368,470.43108090757215,461.5331851333711,469.2261657714844,1144279
2016-08-16,464.36008304458255,470.1066662448509,461.9502246610597,467.6968078613281,954609
2016-08-17,468.6237200459495,469.1334853197025,459.7257957611697,461.57952880859375,819571
2016-08-18,465.28698359564527,467.8821984846792,461.6722098981619,464.5455017089844,768492
2016-08-19,466.9553189137329,468.2529546076509,462.7380877656599,466.7236022949219,714686
2016-08-22,464.5454272896804,474.5555725846002,464.5454272896804,472.4701232910156,852737
2016-08-23,471.821356601524,480.0704906620821,468.5309920075491,476.9654541015625,1128798
2016-08-24,477.3362352911177,485.6780335777586,476.9654660720242,483.638916015625,1525305
2016-08-25,483.8242746668129,487.1609711738713,470.3383794745829,473.443359375,1750407
2016-08-26,473.7214705756803,478.0313941141363,467.1407128134264,468.9944458007813,1939625
2016-08-29,468.9944200209138,493.6027127610832,468.1138855860336,491.3318786621094,3385040
2016-08-30,494.9466278019282,495.2246763909013,483.9168956773948,490.4976806640625,3109674
2016-08-31,484.3340660191216,504.1690312463677,484.3340660191216,500.0444641113281,5861296
2016-09-01,505.0031975486141,505.0031975486141,494.2052366028603,496.2443542480469,1539206
2016-09-02,500.507760543567,500.507760543567,491.5171468639624,494.4367980957031,1194571
2016-09-06,494.946651588082,499.8127001289761,492.1660524218569,498.8858337402344,1076564
2016-09-07,496.9857410638797,498.2833199924296,491.4708750461057,496.0125427246094,1112034
2016-09-08,497.7735653639168,502.7323343132533,494.2978165276012,499.3029174804688,1258079
2016-09-09,498.5614627950148,499.8127098154917,492.4441105679024,494.39056396484375,877367
2016-09-12,491.1929084047858,491.1929084047858,474.3702589582218,477.8460083007813,1518821
2016-09-14,478.4484889398363,482.8511047258133,470.2920469333309,480.2558898925781,2913337
2016-09-15,481.970500305492,495.9661595127132,475.2043872885668,492.0269775390625,3332908
2016-09-16,492.1660810096128,497.2175144359576,478.86557018717497,481.4607849121094,2508819
2016-09-19,481.0437001270506,489.9415956511137,480.4876028710867,487.300048828125,1711991
2016-09-20,483.6388957154617,490.63672600346354,482.06321145761234,486.9292602539063,2177115
2016-09-21,487.5317111416271,491.2391766255938,481.970512915677,487.763427734375,1535258
2016-09-22,493.0929462103399,495.8735455310749,485.3072454837067,487.2073669433594,2089493
2016-09-23,487.809753950495,491.1928387930459,484.5657216905164,486.2340698242188,1274962
2016-09-26,486.60491743317647,493.510084242469,485.2609496802631,491.84173583984375,1574191
2016-09-27,494.0197507303239,503.8445111369137,490.0342368511009,493.4636535644531,2744720
2016-09-28,492.0734567426852,511.6303176322993,488.5049867076378,507.9228515625,2133278
2016-09-29,511.6302861834818,517.8866347917038,492.9075723675521,509.4985046386719,4017561
2016-09-30,506.9959683307077,513.020600495515,501.0176681759569,506.7642517089844,1827559
2016-10-03,512.0011466413517,546.7586451034787,508.61806082912494,536.5167236328125,3906682
2016-10-04,537.5825006688079,537.5825006688079,517.8865900839594,522.1038208007812,2639742
2016-10-05,526.3675679381965,532.4848649064538,520.5746516533135,525.71875,1350725
2016-10-06,525.2089808765303,528.6847306222813,511.7694151929597,514.3182983398438,2062374
2016-10-07,517.6548852924157,531.5578813163838,514.8742860876221,530.3529663085938,1273456
2016-10-10,527.3870045562757,532.9482031983454,521.4087047017632,527.0162353515625,821752
2016-10-13,527.0162835020193,527.0162835020193,499.7201095971161,506.5788879394531,2313854
2016-10-14,510.4717173075609,510.4717173075609,486.6049052863721,489.8489379882813,4313266
2016-10-17,492.1660409444937,492.1660409444937,460.8843010539538,465.8893737792969,6199392
2016-10-18,463.4332496657372,481.73886302753385,461.8575653025854,476.5020446777344,5249857
2016-10-19,478.2167987255463,478.8192280287647,467.92857455834286,471.172607421875,3673486
2016-10-20,473.5360335759382,483.59253957694335,471.4505841958747,482.2022399902344,2148787
2016-10-21,480.1168417349044,489.94160389858666,479.83879310224194,484.6121215820313,2305920
2016-10-24,485.6779935030128,486.6048599028277,472.8872484998541,474.6019287109375,1361502
2016-10-25,477.33617443596665,484.00962352877553,469.7358589850297,476.3629760742188,6353691
2016-10-26,475.01907570072007,481.1827604822912,472.2384762332037,478.9119262695313,1642999
2016-10-27,481.9705732736209,482.8511077506205,463.15519490049655,467.4651184082031,2678717
2016-10-28,467.140678446818,484.2413753113907,467.140678446818,482.294921875,3035406
2016-11-01,483.5462011885624,484.2413509727404,470.4773795888709,472.0993957519531,1849912
2016-11-02,464.5918344701929,469.04078236878615,462.1356438952253,464.2674255371094,912986
2016-11-03,463.4332102563804,469.9212751999697,460.0501534786525,466.4455261230469,1665044
2016-11-04,467.0479734509015,472.4238155440362,463.0624592439252,469.1334228515625,2161223
2016-11-07,471.3115814390813,478.2630796903952,466.3065083552791,470.2920227050781,2083446
2016-11-08,472.7482400351723,477.3362404567633,464.49913396403446,468.2529602050781,1493571
2016-11-09,440.2615401395543,478.0313459515265,422.65107853397205,469.1334228515625,3941734
2016-11-10,475.62150837226,483.5925366593944,465.9820753339924,468.9480590820313,1970232
2016-11-11,464.36011084435177,464.36011084435177,444.38614932691183,446.888671875,3202412
2016-11-15,447.6764503487415,454.1645148465494,417.55329375177655,420.3338928222656,3447068
2016-11-16,426.4048984716911,446.9350129419347,425.802440937093,440.5396118164063,5472898
2016-11-17,440.2615333174828,444.6641486506576,422.60473997977385,425.4316711425781,2716817
2016-11-18,432.56858307316406,432.56858307316406,410.0457113904818,413.9848937988281,2718263
2016-11-21,418.8509441216107,419.8705028762466,397.8574246349422,402.2600402832031,5082345
2016-11-22,409.6749767875583,418.0167749574407,405.55040971149526,416.5337829589844,2330691
2016-11-23,417.3679154859883,429.3245142987136,407.5894865876548,423.6706237792969,2756613
2016-11-24,425.4316970949365,425.4316970949365,405.13332766192974,406.987060546875,3893991
2016-11-25,412.1774738641144,418.34112938519553,400.220875416129,407.3577575683594,5241765
2016-11-28,409.6749618646967,428.2122904558594,407.3577957908013,424.2267761230469,2630326
2016-11-29,420.7973294516717,431.8733938209088,419.63874649613297,423.94866943359375,2024945
2016-11-30,427.3781241213404,428.6757314892451,418.1557916647436,422.3266906738281,2154416
2016-12-01,423.4853068782642,429.7880161789612,421.7242661492906,424.1341247558594,2194455
2016-12-02,422.9754991882231,423.5779567080164,408.8871181978704,410.6945190429688,2048264
2016-12-05,410.8335407087471,413.9848808799389,399.0159938524887,410.1847229003906,2651910
2016-12-06,412.45553533651247,420.51928408322095,411.1115677834888,414.0312194824219,1254611
2016-12-07,413.38242253913705,415.1434630766669,404.7162158713635,409.1651916503906,1857313
2016-12-08,412.455568570069,421.5388484287851,411.0652689007317,419.7314758300781,1673849
2016-12-09,424.5048119001377,430.0660103093098,421.9559292959338,426.4048767089844,2444150
2016-12-12,426.2195072571066,433.68077024504817,417.0898678264292,419.2216491699219,1764769
2016-12-13,417.0899098439708,417.5533430771308,407.40414395663953,409.4895935058594,2783090
2016-12-14,414.3093025604141,414.3093025604141,405.9675045222849,410.0920715332031,2180480
2016-12-15,403.37231107156987,414.8654499847159,402.2600599601567,405.7358093261719,2329688
2016-12-16,407.6821897700143,414.2165865448388,405.0406148853575,409.76763916015625,2510449
2016-12-19,410.8335398889518,415.23615537563546,407.82122402964194,409.1651916503906,1530874
2016-12-20,409.8603078022541,417.0898539565479,407.8211905352912,415.6995544433594,2433259
2016-12-21,416.16302179388464,416.16302179388464,407.9139163286105,409.1651916503906,1281057
2016-12-22,409.7212456602472,413.243354649555,406.1991649566547,409.2578125,1551814
2016-12-23,405.9674816982431,412.45554647424245,396.3744088365863,410.27740478515625,2423318
2016-12-26,407.8212639535941,409.58230466352217,398.6452911717824,400.220947265625,1139208
2016-12-27,400.5916854220768,406.4772646689863,398.8769768563273,404.3918151855469,973466
2016-12-28,404.76257957334815,415.236158873504,404.76257957334815,410.6945190429688,1741946
2016-12-29,408.4700147580821,417.0435285585248,405.1796222199958,414.8653869628906,2261179
2016-12-30,413.8458455070215,421.9095944605272,413.8458455070215,419.9168090820313,1152276
2017-01-02,419.9168152982299,424.8755562437014,417.4606249714353,418.5728759765625,869094
2017-01-03,420.7973531543777,426.0341427512477,417.0898874878193,424.7828674316406,1015828
2017-01-04,425.4317150565916,427.9805978810047,420.2876173979732,425.06097412109375,1856523
2017-01-05,430.06601521872096,439.7054202475142,425.9414483705473,436.2760314941406,2003059
2017-01-06,439.7981447737808,440.1688857086484,428.2123137734178,429.23187255859375,1468901
2017-01-09,430.9002171979431,433.77350891843565,428.0732857724848,431.0856018066406,780077
2017-01-10,430.06599913148045,434.7003310186731,429.46354164328886,433.541748046875,1745473
2017-01-11,433.7734777674684,446.6569151465808,433.7734777674684,443.3201904296875,2458862
2017-01-12,445.3593275794991,449.9936598123763,438.9639547552724,441.60552978515625,2125687
2017-01-13,442.1615973254183,445.4519899611836,432.38316828513257,442.6250305175781,1482826
2017-01-16,443.0421546095374,450.874187276232,443.0421546095374,445.82275390625,1493638
2017-01-17,445.8227542345008,452.58886788052894,442.6714140197166,445.034912109375,1636232
2017-01-18,447.0276760844117,449.0667935821478,441.5128376960625,446.79595947265625,1153910
2017-01-19,447.2130304342475,447.352054734752,441.1883989361696,442.6250305175781,1331433
2017-01-20,442.25432124423065,443.4129043074743,431.039231534888,432.9856567382813,1984461
2017-01-23,435.58086408263136,449.8082403049868,434.0978722260426,447.630126953125,2891303
2017-01-24,446.7496412083816,453.237706537134,438.871276166325,444.33978271484375,4600230
2017-01-25,447.6764811530376,466.2601415719147,445.63736371341554,461.7648620605469,5501753
2017-01-27,456.9451493300201,473.6287450459235,449.0667846863991,460.4208984375,3272897
2017-01-30,460.79159161510745,465.2405669832115,454.9523450337583,460.0501098632813,1011830
2017-01-31,459.7257496927186,459.7257496927186,451.70836072316473,453.376708984375,852786
2017-02-01,455.0914647094118,469.504227888466,451.7547395554164,467.5578308105469,1553861
2017-02-02,469.9212817888185,472.9335976977212,457.87201815320776,470.2920227050781,2282533
2017-02-03,470.43108259547154,476.5484354621952,455.6475788342459,459.5867614746094,2404103
2017-02-06,461.6258193996202,468.5309856959752,459.679422503049,467.14068603515625,1204460
2017-02-07,469.9212924165474,469.9212924165474,457.5012875837865,465.5186767578125,1655229
2017-02-08,466.21377865822507,476.40930860900136,463.7575884635904,474.7872924804688,2284842
2017-02-09,475.48247604200657,486.1414399298878,470.8481439168408,484.38037109375,2178843
2017-02-10,483.8242807176618,485.6780135939747,473.62874989794096,480.16314697265625,1588149
2017-02-13,481.0437041646978,487.5317695387881,477.7996714776526,485.9560852050781,1270325
2017-02-14,483.8242872915634,484.6121011461256,473.8604729459996,475.4361572265625,2379095
2017-02-15,474.5556051125118,487.9951681479248,474.04583989786966,482.6193542480469,2240024
2017-02-16,478.26303433130425,482.7583134789074,471.1725124445822,480.5802001953125,1917115
2017-02-17,485.5853448624569,486.5122112916111,479.05089127977,483.0827941894531,868741
2017-02-20,485.58539248593775,493.88080258328506,479.5607601055735,489.9416198730469,1448277
2017-02-21,488.4586288955185,489.0611147286145,482.1096162149212,484.9828796386719,1084323
2017-02-22,482.4803392508679,488.4586394156897,475.06540734322937,478.4021606445313,1429221
2017-02-23,480.95102411481776,484.2877207102748,475.52882143290174,480.6265869140625,1594259
2017-02-27,476.40934055982495,478.30940540924894,464.6844859872376,466.9552917480469,3193241
2017-02-28,467.6968003680452,475.6215252165634,467.6968003680452,472.1921081542969,1710395
2017-03-01,472.7018675444287,474.2311914587524,467.6041023062045,469.3651428222656,1411431
2017-03-02,472.5164799252242,474.5092653159894,462.2746175082508,464.9625244140625,1263258
2017-03-03,463.4332372464432,468.0675696189076,457.5476294762694,466.2138366699219,1381418
2017-03-06,465.3332679918529,471.3115676270735,459.12328004076375,470.1529846191406,1686717
2017-03-07,471.7750045220709,474.7873203662688,465.7967048400678,469.5968627929688,1560366
2017-03-08,470.75545444138334,478.12402559317184,468.1138794570476,476.8264465332031,1347206
2017-03-09,477.66060847656166,480.90464109297375,474.8800090910655,479.5607299804688,1442550
2017-03-10,479.09730192239874,484.0560149181639,473.7677914236018,477.1508483886719,1261846
2017-03-14,482.8974360097245,487.0683351691176,481.18275565055023,484.4267883300781,1692945
2017-03-15,479.7460486743326,489.52453491341066,479.7460486743326,487.1609802246094,1247748
2017-03-16,489.339138710784,489.339138710784,483.6388875880555,487.02197265625,900584
2017-03-17,488.4586054104478,488.87570661550313,477.61425693619407,481.275390625,1898303
2017-03-20,483.8242536457703,486.7902373961999,478.86554110766815,482.9900512695313,823128
2017-03-21,482.8974460158412,486.604912012124,478.54116215592046,485.1219482421875,1338710
2017-03-22,481.9705238159584,488.1342079510249,479.4216412380855,482.7120056152344,1941507
2017-03-23,483.3608236634104,486.6048560369904,480.5338924807206,485.3072204589844,1567829
2017-03-24,485.6780023274473,487.4390711476672,477.7996377858761,480.5339050292969,1067930
2017-03-27,480.85828289667296,481.0899994995117,474.4629103154672,478.72650146484375,909104
2017-03-28,477.84601616689696,493.000317492785,477.84601616689696,491.5636291503906,1604175
2017-03-29,491.2391860753172,497.3101496078101,490.0806030892904,492.1197204589844,1769564
2017-03-30,492.1660180821801,499.071183510802,490.4976700131369,493.4636535644531,2074816
2017-03-31,493.0929666140936,501.4347649214749,491.7953309154804,496.3833312988281,1616918
2017-04-03,496.383267148415,499.8590159939665,488.5976236772393,489.8952026367188,1423686
2017-04-05,495.8735276321369,505.3739083017246,488.50492838387686,503.75189208984375,1749704
2017-04-06,500.507943944715,514.2718897746165,499.5810773818544,512.927978515625,1635566
2017-04-07,508.8496069050426,510.7033395349335,503.28840901537,507.5519714355469,1005806
2017-04-10,505.7446962374463,514.4108748335442,504.1226799654486,512.9742431640625,717580
2017-04-11,512.2791361505281,512.2791361505281,497.8663731004173,500.64697265625,1593393
2017-04-12,500.50784309506514,502.26891183823255,489.478110590878,491.6562805175781,1571762
2017-04-13,492.1660954994544,495.4564601531948,481.97056433091575,483.4071960449219,1596472
2017-04-17,479.4679924871768,489.1537579861256,479.4679924871768,483.0827941894531,762417
2017-04-18,485.6779694913823,493.5563335003074,477.984990067542,479.7460021972656,1448421
2017-04-19,480.34848259989406,486.04873324195336,478.8191305042883,483.7315673828125,1669756
2017-04-20,485.1218038665384,496.197809976983,482.34120519685183,494.4367980957031,1199526
2017-04-21,497.5882686635092,498.28341855355126,487.80983819120655,489.9416198730469,576204
2017-04-24,491.1929068417161,492.2587693605112,483.5925903225502,486.1878051757813,702237
2017-04-25,487.9951437774142,491.23917607223086,486.3731276300059,489.339111328125,640982
2017-04-26,489.38546416094266,494.6686140087856,484.79746412014657,489.15374755859375,1718550
2017-04-27,489.1537877503735,497.0321528775704,488.134257244842,491.9343872070313,1365348
2017-04-28,490.8684628862173,491.2392321050614,480.67293165384814,488.319580078125,1363820
2017-05-02,488.9220935435158,498.6541920879839,485.9097773273709,495.1321105957031,1210736
2017-05-03,496.80033296112543,498.5614015460891,485.9096540202799,488.6439208984375,1055609
2017-05-04,491.2391631098476,494.9466284918087,480.11676696396427,482.6656494140625,1858552
2017-05-05,481.9705904952111,484.473141413994,466.9090095422357,468.6237182617188,1663429
2017-05-08,468.9017066183935,472.8872491142061,463.5258928067701,464.9625244140625,1312543
2017-05-09,464.3601393815666,466.0748481482039,457.7330492371578,459.4013977050781,1882542
2017-05-10,459.7257428712607,483.9169337284519,459.7257428712607,478.4484558105469,5689814
2017-05-11,487.0682835782433,508.1544937616972,487.0682835782433,504.9104614257813,7628233
2017-05-12,503.9373052887593,503.9373052887593,486.00240535655234,487.9025268554688,4495808
2017-05-15,491.2392215836948,492.72218528442846,483.3608567092393,487.1146545410156,1559318
2017-05-16,487.6244035813661,487.76345617369583,474.1848687041039,484.38037109375,2224569
2017-05-17,484.380336664162,487.2536563203925,477.89227215009936,485.7243041992188,1913188
2017-05-18,479.18997602752574,487.2537258165518,475.5751740826875,477.8460083007813,1417434
2017-05-19,479.189965903759,481.9705653190613,469.1334590279384,474.5556335449219,1600136
2017-05-22,478.2630755526946,483.8242741056329,469.6895611169147,482.294921875,2395747
2017-05-23,481.92417476029874,485.5853081932732,473.16527635193614,474.7872924804688,1450458
2017-05-24,475.7605219674351,476.8727729854787,466.2138091578149,471.9140319824219,1705811
2017-05-25,472.701900601387,479.6533991396427,467.2333940751032,474.5556335449219,1638401
2017-05-26,472.7019028856576,484.4731184482747,472.331161952303,481.043701171875,1142694
2017-05-29,482.8974341488783,487.3463819207988,476.4093688148243,483.638916015625,1110381
2017-05-30,483.6388955823056,486.6048794954224,472.1457574189861,484.33404541015625,1642014
2017-05-31,483.8242609452513,486.6975241575397,474.5555969424687,477.1971435546875,5695502
2017-06-01,477.8922818203981,484.9828322399622,476.8727514332738,483.8242492675781,924316
2017-06-02,488.4585801553792,490.219648898365,483.0364344843153,484.8901672363281,1745270
2017-06-05,484.75116526944464,490.68313332388,484.1950680143463,486.280517578125,1367833
2017-06-06,486.5122017395496,487.7171167595056,479.60703566363776,480.81195068359375,1186782
2017-06-07,481.0436740190178,484.70480770782376,476.4093418993741,481.275390625,1597449
2017-06-08,481.5071095432416,488.5512717703522,480.9046237362199,482.5730285644531,1547900
2017-06-09,483.3608160786245,486.4194638114316,480.62654894951135,483.8242492675781,833424
2017-06-12,485.6779924619443,486.6048588597724,472.14573739651,475.6678466796875,1037176
2017-06-13,479.6533858465621,479.6533858465621,469.9212881627189,471.5433044433594,974745
2017-06-14,472.6555371693324,476.5947194124621,469.5041687462543,475.62152099609375,1381697
2017-06-15,473.62879807569067,475.945964406785,468.9944654135019,471.172607421875,1184226
2017-06-16,470.8481382084412,476.6873853010696,469.92127179464507,470.89447021484375,1102231
2017-06-19,474.4629209947483,474.9727145038989,470.98717187393447,471.8677062988281,1290352
2017-06-20,474.4629116793639,474.4629116793639,466.7235714651586,467.5114135742188,1338618
2017-06-21,466.2601479184016,470.66276347620953,462.1819412693654,467.6968078613281,2120763
2017-06-22,470.4310297932168,474.5555965856408,469.8285722906325,473.3043212890625,1627586
2017-06-23,473.628706231896,479.0972403414244,468.7626578801984,472.4701232910156,2365270
2017-06-27,471.9603837851226,474.09216519802106,451.7083472197156,455.8328857421875,6090641
2017-06-28,454.1645930080451,455.0451275128594,444.8959278446156,449.1131591796875,3001156
2017-06-29,453.2376571115258,456.94512260937057,450.2253413945269,453.0986328125,2280950
2017-06-30,454.1182555868313,456.6671384764108,451.1522714555777,455.4158630371094,2518745
2017-07-03,456.94515683235375,459.1232986326133,453.2376910568377,454.62799072265625,1575218
2017-07-04,453.2376844274957,459.16962392441326,452.3108179971737,455.462158203125,1678968
2017-07-05,457.7446132753419,466.6880365514351,455.8348039192575,465.5235290527344,2102665
2017-07-06,467.6661954881613,469.0170355126109,465.3837494966038,466.7811584472656,1527078
2017-07-07,468.59780737805374,473.9545417566299,465.8029894414053,472.6502990722656,1556358
2017-07-10,476.98226643598616,479.7770844033845,426.7687093078008,471.1597290039063,315533
2017-07-11,473.6750710876516,475.3985194033978,471.0665572899275,471.8118591308594,1612346
2017-07-12,472.790007626104,477.1219979279487,472.3707735871008,475.2121887207031,1320194
2017-07-13,475.9574871703359,483.6432648981405,474.8861459846423,481.6402893066406,941685
2017-07-14,481.5471783754501,481.5471783754501,474.8861725343103,479.0783996582031,847919
2017-07-17,483.503508255376,489.0931441889641,477.0288352601596,488.3944396972656,1555429
2017-07-18,486.2983290288496,500.41218258690486,485.4598608896853,494.2169799804688,5524539
2017-07-19,492.3537668951773,512.3832957281884,492.3537668951773,508.0979309082031,3828407
2017-07-20,508.097920188239,512.1038144981804,498.92156724191767,502.0890502929688,991406
2017-07-21,502.0890905848131,519.5101350421728,502.0890905848131,518.01953125,2986634
2017-07-24,519.7894629460163,521.6992434472088,508.8430948915436,514.1532592773438,3145170
2017-07-25,520.1155625118361,520.7676980138706,498.5022942632683,501.8561096191406,4217161
2017-07-26,503.9057431695852,504.09201889395854,490.9563961252196,494.3567810058594,2055941
2017-07-27,493.75111576184,503.5795464109949,492.0276676303517,502.4150390625,3294819
2017-07-28,501.0177350688826,506.7937040980266,499.9929911320909,503.626220703125,1508160
2017-07-31,504.9304723101494,508.0979555818443,502.2287920571909,504.6975708007813,1133189
2017-08-01,506.6072920303092,512.8490631170463,502.5082600655111,506.42095947265625,1854664
2017-08-02,508.1910111525003,508.1910111525003,502.97404093169945,503.3466491699219,818289
2017-08-03,503.0671988068557,504.6509402493162,501.5300262884384,503.0206298828125,1906088
2017-08-04,503.5330650384617,510.5201103442683,501.6698529569133,504.7907104492188,3433629
2017-08-07,505.0701994826283,508.0047241722962,503.02065497606776,503.67279052734375,809866
2017-08-08,497.3844254164709,505.44278254018985,497.3377996317146,503.0206298828125,2100718
2017-08-09,503.020722327164,507.72532173439305,499.3408668800636,503.0672912597656,2995580
2017-08-10,503.0672405454188,505.39625554794384,467.7593787932103,484.481689453125,2917821
2017-08-11,481.6403283060423,483.9227745028476,468.2717757898121,470.3678894042969,3637319
2017-08-14,474.3737516694472,485.3666902884832,465.9892982863448,481.82659912109375,2735176
2017-08-16,485.1804099810526,487.4628561310678,474.0943038888929,483.22406005859375,1654668
2017-08-17,482.5718373650332,493.6579698866218,474.3271197857566,490.723388671875,2086690
2017-08-18,487.276459220479,489.23286574536536,473.3489679422818,476.6095886230469,3540595
2017-08-21,477.35490092503744,479.8236225212928,470.78706206515614,474.4668884277344,2214978
2017-08-22,478.7523457615427,482.571907614202,475.7711951917825,481.1279296875,1303170
2017-08-23,481.17447622853246,483.9692940962684,473.2558256032807,479.6839294433594,1323845
2017-08-24,482.5718646901789,483.4103327592152,475.1190173590565,476.7027587890625,1187770
2017-08-28,479.77707967945406,484.528247432964,475.49168648556594,482.478759765625,1011745
2017-08-29,482.9445426882076,484.99403027038585,476.9822419199229,482.8047790527344,1432981
2017-08-30,483.037690632971,486.2983114954887,476.889085606152,484.7611389160156,1662465
2017-08-31,482.5718903674657,488.34785872856304,480.6621095093901,483.9692993164063,1866057
2017-09-01,484.6680270731963,490.9563676455059,484.01589149355385,487.8355102539063,925942
2017-09-04,487.2299609028617,490.30424947522897,483.0377337058007,485.9256896972656,1397252
2017-09-05,486.298295575426,489.09311336608937,484.10904438369175,485.0872192382813,795813
2017-09-06,484.1556500970586,485.459864382042,483.5035145242081,484.481689453125,2443611
2017-09-07,485.3201234209062,489.09311608715007,483.9692834424275,485.2269287109375,1333714
2017-09-08,485.4598557043964,489.0465728606028,481.3608234896536,484.248779296875,1749804
2017-09-11,486.1119168191684,488.7670275843959,484.1555672959128,484.7145080566406,1824480
2017-09-12,488.1615181974632,499.1544570442708,485.8790722459619,496.0335998535156,2428261
2017-09-13,497.57072424718007,499.34079832882605,491.8879505925749,496.2665100097656,1497057
2017-09-14,498.4091949528433,498.4091949528433,489.09313523409855,493.0990295410156,1206622
2017-09-15,493.7512141048564,500.1793186931517,485.8325625578917,497.6639709472656,2324216
2017-09-18,498.4092371773133,509.5885097868979,497.7105326392143,506.5142211914063,2319294
2017-09-19,508.7033657918855,510.38024495887976,504.2316690596644,507.8183288574219,1456833
2017-09-20,507.7252684780026,512.2901606086056,505.0702141302487,511.5448303222656,2073516
2017-09-21,513.3149249451618,513.361493874737,491.7016535753268,498.9216003417969,1832084
2017-09-22,496.73236001589913,497.66396607112,484.6680502286449,486.0188903808594,2143608
2017-09-25,484.6680324369686,492.8195851209156,481.6868817975527,490.4905700683594,3142128
2017-09-26,488.5807659382681,491.2823891547428,484.43510796908174,489.0,1404616
2017-09-27,490.9563167659381,493.4250951827653,484.9008783238535,488.1614990234375,1334186
2017-09-28,489.093149625338,489.9316177689829,482.8048091301551,484.4351196289063,3202761
2017-09-29,486.298364055889,488.906849655692,482.6185087411762,484.5282897949219,1863618
2017-10-03,486.29836946855386,488.62738464800094,484.43515732499617,486.2518005371094,2808823
2017-10-04,485.4598221007026,487.1367582450415,483.5500413371088,485.7393493652344,2262048
2017-10-05,486.2052169989794,488.4410373876463,483.7364382386442,485.9256896972656,951792
2017-10-06,485.36672339802175,487.1367975328197,484.435117403016,485.9722900390625,2112206
2017-10-09,490.6769072175508,495.1020358586476,487.9286580577784,489.7918701171875,1782320
2017-10-10,492.81949165619454,492.81949165619454,482.33892590736247,487.13671875,1261110
2017-10-11,487.5093695534279,488.1615050735696,472.4639395392356,479.3112487792969,3156121
2017-10-12,480.7086710728024,483.4103510769936,475.3053679251348,482.1526489257813,711624
2017-10-13,481.91979320525945,484.15567044594377,474.2806407341217,475.1656494140625,2513289
2017-10-16,476.2369900269829,480.0565518141611,471.1597260459411,479.26470947265625,3224630
2017-10-17,477.4480550471005,479.7770699497693,458.722769543572,460.9586181640625,5486362
2017-10-18,456.5801002218488,459.18858561505976,444.3760560978692,457.1856384277344,8936181
2017-10-19,461.09840805650106,461.3313095600288,453.22632586511736,455.8814086914063,237675
2017-10-23,459.0954195693976,466.5482674742928,451.87547316153046,458.0240783691406,4161942
2017-10-24,462.0765404863432,500.6916175906612,459.0022522947663,489.9781494140625,12855678
2017-10-25,497.2447278398752,506.0949852908893,483.3637749882068,495.7541809082031,6160124
2017-10-26,496.08019608993743,503.9988471073355,488.6739170015216,495.1485900878906,2043223
2017-10-27,498.0365864805746,506.5608048372982,494.91572886402696,504.4646911621094,2033147
2017-10-30,504.9304185877732,513.0819705483692,503.3466771204289,511.45166015625,1578588
2017-10-31,510.6131915973424,510.6131915973424,501.8095609765751,504.8372802734375,1913570
2017-11-01,507.53890289237046,507.53890289237046,494.4498508551586,499.1544494628906,2157014
2017-11-02,499.1544365540576,499.1544365540576,489.4657691803162,493.0524291992188,3005136
2017-11-03,496.5459833839874,503.4398903253498,491.1892490416648,502.0890502929688,2077512
2017-11-06,500.2723898727188,501.43689729793465,491.3755645162127,494.3100891113281,1726014
2017-11-07,494.5896312775697,508.2841935219774,492.9593208331673,501.2505798339844,3723260
2017-11-08,501.20403639368766,506.188105832869,493.2853852610736,503.5796203613281,1439091
2017-11-09,501.20401687639287,505.3962437833516,494.6362060943009,501.3437805175781,1968191
2017-11-10,502.4151286809079,509.30903615798405,460.1202199252804,505.6291809082031,1677858
2017-11-13,503.06722351491817,510.14740613861954,501.204011575974,505.3031005859375,1878625
2017-11-14,504.9304573015111,507.21290339761913,502.36854077461226,505.0702209472656,1242144
2017-11-15,503.9987828559685,505.8619946225339,499.9928889299948,503.2535095214844,2774139
2017-11-16,503.0672060076657,505.2098882907408,498.54893995725286,502.4616394042969,2819009
2017-11-17,503.2535286726175,506.6072872357772,496.5459546855852,498.8749694824219,2420965
2017-11-20,497.4775863947633,498.4091923617946,491.8879505925749,496.2665100097656,833238
2017-11-21,496.9187223006114,509.2158774759677,496.2200177174332,503.3002014160156,905931
2017-11-22,506.3279102845625,527.5685177799211,505.8621072392225,523.6091918945312,5021437
2017-11-23,523.5626054830332,528.9193403256087,518.6251047394122,526.4505615234375,2726742
2017-11-24,522.8173026641588,530.7359537261369,518.205841555922,525.5655517578125,1803843
2017-11-27,521.2801459367537,540.3315007401674,519.0908944970082,535.9063720703125,2017820
2017-11-28,534.7418339406851,549.6009607333057,519.8361382210841,546.5266723632812,4481588
2017-11-29,545.1758117007507,555.8427111688652,533.2046411622053,537.8626708984375,2850438
2017-11-30,533.8568276482426,537.6298207225389,527.5219179745117,529.2919921875,2197682
2017-12-01,533.2512881550338,539.9122368263165,516.8084197879314,518.7182006835938,1664018
2017-12-04,525.4257971733458,533.6239188067435,515.3644634932341,527.475341796875,2158402
2017-12-05,526.3107903233089,530.7824874899138,518.625041272336,529.5714111328125,1309807
2017-12-06,529.1055914262713,534.5088943675612,525.425736685498,530.782470703125,1802909
2017-12-07,531.4811650167094,535.580253713796,527.7547414232531,533.7636108398438,1257528
2017-12-08,534.7419303501055,539.3068232315313,521.8392079108614,524.4942626953125,1155304
2017-12-11,526.3574036074357,536.8845403074405,526.3574036074357,529.1522216796875,1822824
2017-12-12,531.0154063480209,536.3255717836444,526.8231794557996,530.0372314453125,1255967
2017-12-13,530.8290672816756,538.4216786378057,524.0749240380109,528.2671508789062,1162608
2017-12-14,529.1987208865422,532.7388119395085,523.8885558767367,528.9192504882812,1799443
2017-12-15,538.4217120134455,540.3314929872047,529.3851222241019,532.412841796875,2011184
2017-12-18,531.947074488717,547.4117127540823,521.6062696904058,535.0679321289062,2138309
2017-12-19,539.0739171311649,543.6387531132267,534.5555932233588,539.2601928710938,1725444
2017-12-20,537.7229539154084,545.2689392005764,537.7229539154084,540.8438110351562,985134
2017-12-21,542.5674066010821,553.6534848951837,533.3444836160954,535.0679321289062,2084276
2017-12-22,538.0023991262693,540.0985123696184,530.7358845881346,535.254150390625,918969
2017-12-26,535.6733979452163,544.3838904544752,534.0430876036438,542.1015014648438,1068113
2017-12-27,542.1945815618225,549.600859125401,537.2105132213013,547.1786499023438,1297410
2017-12-28,548.2035205682039,552.3491783264838,543.4989219965279,545.7813110351562,2027534
2017-12-29,546.0609435422033,548.7159982086004,539.3999371184713,542.0084228515625,1001667
2018-01-01,542.1481593471988,547.3185616210061,535.3940153952799,539.5862426757812,1102118
2018-01-02,541.2630865851456,544.057904588167,536.6981944359236,538.6080322265625,769766
2018-01-03,540.3315343359207,542.1481775907465,538.0025191017141,540.0986328125,1207540
2018-01-04,540.3314819335938,541.2630879369275,535.4405504160914,540.3314819335938,1456032
2018-01-05,540.8903538463376,549.6940408278173,538.9340042329914,546.712890625,1568108
2018-01-08,548.6228533037554,558.0786210724946,547.4583456824287,553.2808837890625,2621722
2018-01-09,552.5354363410097,553.0012392908371,539.2134833480876,540.3779907226562,3938517
2018-01-10,542.1946501029554,546.3868767790092,539.3998323189195,540.7972412109375,3939541
2018-01-11,542.1015560842151,543.3592014444285,537.9093290692131,540.3314819335938,3333739
2018-01-12,544.0579807133037,557.5197006835778,540.005516786185,550.5792236328125,9177336
2018-01-15,555.1906007009651,568.9317890432759,555.0042681309599,564.6929931640625,2944837
2018-01-16,568.6522648160332,576.0119173188178,565.9505849583669,571.4470825195312,4805427
2018-01-17,573.8226913157489,574.2884942867234,544.8031434797458,552.5354614257812,8594970
2018-01-18,562.6899618802987,563.0160012000176,548.4829719487184,555.0973510742188,4229588
2018-01-19,549.6475129354684,561.6652524880044,544.9894831648288,559.2896118164062,1852650
2018-01-22,558.7772295960873,574.5213926744227,557.1003502817632,567.208251953125,2713393
2018-01-23,563.9942201578205,566.4163726914934,551.0914446568923,556.3084716796875,2448720
2018-01-24,556.0755962263316,569.4441184300568,549.6474926359649,561.9447021484375,3537117
2018-01-25,561.758355983146,565.1121144686115,552.069631908472,555.0973510742188,1782889
2018-01-29,558.0320212529438,576.6641421628917,558.0320212529438,567.2549438476562,4384110
2018-01-30,568.6988989836467,568.6988989836467,556.2619246598055,561.7584228515625,1627474
2018-01-31,558.9635887314115,565.6711631683318,549.1351570016942,553.094482421875,1844853
2018-02-01,558.4977678747753,559.3828049007649,545.4552845549307,554.2589721679688,1806045
2018-02-02,547.7843564628225,553.8863647077387,537.8161603727324,546.0142822265625,1443177
2018-02-05,536.6050908158485,546.0142892820461,534.3692135264938,542.8468627929688,1228509
2018-02-06,526.3574111998524,537.3969200001984,519.8827378669314,532.645751953125,1296900
2018-02-07,543.033203697162,545.8745908529062,534.0431823318485,541.4028930664062,1708635
2018-02-08,542.0083437021818,551.7902064183737,541.4028339361806,544.8031616210938,1194015
2018-02-09,539.7725138390579,544.896346598846,536.1857967907771,541.2164916992188,868462
2018-02-12,544.9894846189318,549.4611818385339,539.3998488792504,544.523681640625,908184
2018-02-14,544.9895766006063,546.526749432744,532.9718349876877,537.1640625,672167
2018-02-15,537.4435177696384,540.8904144401804,526.4505216114528,531.8538818359375,1621559
2018-02-16,540.3314243415844,541.7288331976401,526.8697076561042,530.6427001953125,1908094
2018-02-19,530.9222337267871,532.3196425993503,515.5507361285922,529.1055908203125,1708758
2018-02-20,531.0154068454336,534.3691656180656,523.0036181881926,531.714111328125,1080131
2018-02-21,532.8786374814025,538.2353720365039,531.0154254622367,533.9033813476562,1201048
2018-02-22,531.0153998467474,532.9717496282124,526.3573700235304,528.2671508789062,1898985
2018-02-23,531.0153799595013,534.7418036785153,527.8478970540539,530.9688110351562,1052867
2018-02-26,532.4128371698412,547.1322008235654,530.0838221341027,545.4087524414062,1041351
2018-02-27,545.4086849495626,548.715874518918,535.6733919327298,537.07080078125,1137417
2018-02-28,532.8785513156323,534.6486251919085,525.6120369880156,526.683349609375,1239880
2018-03-01,525.3792214900006,529.9906826184763,513.8738531330243,517.4140014648438,1671540
2018-03-05,516.9481942886421,519.4634850105016,509.5419151857765,514.1067504882812,1269210
2018-03-06,516.5754908339268,530.5495798555839,515.8302174582478,521.2335205078125,2853083
2018-03-07,523.9352706511531,529.8043774543524,517.972969125563,526.4505615234375,2115998
2018-03-08,527.1958992914515,531.0154614452778,521.9323022363454,524.9600219726562,1291874
2018-03-09,527.2889660891464,533.3444047456471,526.2642222915628,529.6179809570312,1112161
2018-03-12,535.673444172824,538.4682621424214,526.4505221288659,536.8379516601562,894309
2018-03-13,532.878606490983,540.6574934743188,531.2482960690262,539.5396118164062,1279371
2018-03-14,535.2542813387582,542.0549945976978,531.8539531396508,537.1640625,844455
2018-03-15,537.5832687783549,539.0272468078798,529.7111861519488,531.3881225585938,948246
2018-03-16,531.388056450119,541.2164878472547,530.1769232269442,531.3414306640625,2562954
2018-03-19,534.7418043239547,534.7418043239547,525.1462746080543,527.7081909179688,1501099
2018-03-20,528.639789373335,537.5831834390093,523.5625257497051,535.7665405273438,1329829
2018-03-21,540.1451189837097,540.1451189837097,526.1244607941838,528.080810546875,1232152
2018-03-22,530.6893959147749,537.4901085383206,515.9234062734556,520.9541015625,2725681
2018-03-23,517.5070761760308,533.2046128081028,513.6875147397183,530.4564208984375,2132211
2018-03-26,530.9688108730264,549.6474983867382,528.5000324156481,545.7813110351562,1384646
2018-03-27,548.0172123043128,556.1687645485334,543.6852217959549,546.3869018554688,1852675
2018-03-28,544.5236746939652,548.529568884156,533.8102063295843,536.1392211914062,2085254
2018-04-02,537.8160380746098,541.8219317996811,534.1361836480517,539.3532104492188,1225071
2018-04-03,541.2630187607937,546.386851124278,530.2700806985514,541.775390625,1568079
2018-04-04,545.8746029083553,546.7596400710272,533.8102926021822,535.1611328125,1035604
2018-04-05,537.629827790907,548.6228246506763,537.629827790907,546.0142822265625,496158
2018-04-06,546.0142284269207,548.3898691048573,541.8220016221596,544.523681640625,704908
2018-04-09,544.9894704212718,549.5543622340431,531.3414207681459,532.6922607421875,1633939
2018-04-10,539.3066429125328,539.3066429125328,530.3166238223805,534.5088500976562,984946
2018-04-11,535.6734086531764,538.2818938796926,530.968810088452,535.8597412109375,2447568
2018-04-12,536.092749727118,541.2631522881907,531.248386561688,532.1799926757812,1018165
2018-04-13,534.2295175167245,538.3751759415212,532.8321083978531,536.5585327148438,1152067
2018-04-16,534.6486410966412,541.7753920131395,534.415739624977,538.5613403320312,1007968
2018-04-17,540.3315085542024,540.3780774845198,534.4624018161888,536.0927124023438,950334
2018-04-18,537.5367046182732,554.2590450162375,535.9529629205637,548.0172729492188,2090582
2018-04-19,552.442319978209,557.7524851848808,549.6940710952133,552.3491821289062,1580356
2018-04-20,549.6475040651158,552.3957529575841,545.1758069296102,547.5048217773438,883269
2018-04-23,549.0419541959601,560.8267924289952,547.7843088841348,554.5384521484375,1535205
2018-04-24,556.9140542399742,560.5939093042688,547.7843268315912,548.4364624023438,1354271
2018-04-25,547.7378227911781,547.7378227911781,533.2047333840948,545.3156127929688,1336463
2018-04-26,545.3155930916422,549.97362346523,539.0272520872986,541.4028930664062,1151834
2018-04-27,544.0578840005059,552.8615717490271,540.7041252680767,551.1846923828125,552782
2018-04-30,545.0826833660049,558.404695522463,545.0826833660049,547.8309326171875,840452
2018-05-02,553.2808422490074,568.0467750345223,551.091533968851,555.5166625976562,2543082
2018-05-03,554.7713024057699,566.9287477866005,548.6227263324587,553.1875610351562,1581619
2018-05-04,557.0538085931062,558.8238258433787,544.9894997479107,546.5266723632812,603439
2018-05-07,553.7465846999827,562.1310380270373,541.7754144443711,558.8237915039062,963603
2018-05-08,561.6652969887859,561.6652969887859,548.3899110906534,553.8863525390625,1146711
2018-05-09,552.5355901670307,554.818036628761,548.7625965951687,550.9984741210938,908387
2018-05-10,552.2560146252638,563.5284811211956,545.5484401843261,548.156982421875,3059687
2018-05-11,544.8964491914171,558.0320729044776,543.592177862709,552.256103515625,1891104
2018-05-14,550.5791288831259,555.237158738313,531.9470094623771,538.1422119140625,1196118
2018-05-15,538.4681995818082,543.0330911460766,527.8944955695985,533.484130859375,1217139
2018-05-16,531.0153970788781,539.3998507169656,527.8479140713144,536.3721313476562,1309330
2018-05-17,540.3314745022286,541.2630804927497,529.1987715433582,531.9004516601562,1194524
2018-05-18,531.946962748122,532.6922360873607,523.3296082727802,528.7794799804688,1115516
2018-05-21,529.1521649141135,530.968807838338,513.3148642036558,516.2028198242188,976703
2018-05-22,516.2029117993876,528.360416764225,509.2158661233768,526.9163818359375,1134934
2018-05-23,526.3573471416798,528.0342264329973,514.8520367227796,516.2028198242188,730959
2018-05-24,518.718156382133,518.9510578583158,512.5695801551925,517.507080078125,761773
2018-05-25,518.5318916956486,529.1522231438805,513.8738615623398,524.2612915039062,1586328
2018-05-28,525.1928337412814,538.7011194871769,515.8767746061811,533.9965209960938,2004869
2018-05-29,535.6733958667162,537.2571372788124,517.6934132558541,519.1839599609375,1012003
2018-05-30,521.6993755023534,525.332661754604,515.4576037447349,519.3237915039062,1626422
2018-05-31,523.376266022192,526.3574167458169,514.432870712038,518.01953125,5696521
2018-06-01,517.0412515891497,526.3573101763417,517.0412515891497,520.1155395507812,842901
2018-06-04,521.5595858397893,528.4534928450782,515.643910603351,521.9322509765625,1328975
2018-06-05,518.531863139532,521.839109840623,501.8561502970678,507.1196899414063,2846864
2018-06-06,503.5330169778432,517.9729092316019,497.01177531485536,513.268310546875,3910943
2018-06-07,512.8490471681465,523.8419853992451,509.44866289404587,511.6845397949219,1528491
2018-06-08,507.81841711229,521.6993695096007,507.72527925487935,519.2305908203125,1435606
2018-06-11,519.8360740949438,531.294814893712,515.4575151452997,528.3602905273438,2142949
2018-06-12,529.152125156192,531.0153368644885,524.726997348988,526.5436401367188,1380864
2018-06-13,526.4505286756705,526.4505286756705,517.0413308053026,518.9976806640625,1664214
2018-06-14,520.7212102569915,521.5130526510021,513.9204975002165,516.2960815429688,1020807
2018-06-15,517.9729879293355,521.0472766654045,513.5012900531694,517.0413818359375,1356388
2018-06-18,517.3673923190184,528.1740565151019,516.1097469074851,522.8173217773438,1283641
2018-06-19,521.6993332253156,521.6993332253156,514.9451900719521,516.5755004882812,802433
2018-06-20,517.0412831158419,528.0807904705167,517.0412831158419,522.5377807617188,1526705
2018-06-21,518.9045816175264,535.6734908978056,518.4387785819631,524.9134521484375,3124614
2018-06-22,528.0342662305271,530.9688478570449,524.2147043979423,527.0560913085938,1174956
2018-06-25,528.220548339288,530.8290335021544,518.904489285685,520.8142700195312,811954
2018-06-26,518.4386677046264,529.9906032602983,516.4823181179495,523.5625,1210014
2018-06-27,521.9322476938722,523.9352232851768,502.5082858519611,507.1196899414063,2043841
2018-06-28,507.8184555416896,515.5974004885911,499.0613924358005,502.13568115234375,1806489
2018-06-29,504.6044183778754,510.0077218671271,497.6173732984848,506.7471008300781,1814420
2018-07-02,506.8402125385946,514.0135898221662,496.03360611761184,502.7411804199219,1147657
2018-07-03,502.64800890076015,508.7966426535568,495.7541585764173,507.5389404296875,1223253
2018-07-04,506.7936396010314,508.84318407450206,500.7847698181776,505.1167602539063,592033
2018-07-05,505.862119278272,515.7371213302063,499.9464432059559,514.0602416992188,1982070
2018-07-06,513.5012089139288,513.5012089139288,504.0919547409471,507.4457702636719,3569128
2018-07-09,510.911164093804,513.0184970346126,504.448653542632,506.3218383789063,1041485
2018-07-10,508.5696545550885,510.4428392864147,503.0906120819836,504.2613525390625,1321786
2018-07-11,503.6525638465818,510.2555288433569,502.2476752444993,506.0408630371094,936083
2018-07-12,507.6331161262531,508.1482305490873,498.9696358233604,499.7657165527344,1611621
2018-07-13,504.3549584194258,504.3549584194258,474.4776694774735,476.4445190429688,2674118
2018-07-16,477.1938554036808,485.7168238706737,472.6513762844109,475.8357849121094,2393688
2018-07-17,479.3948253743505,488.8075961383295,474.89916470747744,484.0777587890625,3789259
2018-07-18,486.5597499761554,498.9227810428259,480.5187175857872,487.8710021972656,6994625
2018-07-19,489.18218967482505,492.7412292933343,480.7528582370105,488.7607116699219,1779190
2018-07-20,486.0446263306464,488.7607099296785,478.2240742524575,481.73626708984375,1073646
2018-07-23,481.408530592961,486.60660737938497,472.7918684178165,481.9236450195313,1169294
2018-07-24,480.4718731640067,499.9529825142527,480.4718731640067,491.9451293945313,2899553
2018-07-25,493.5842110053517,495.551032243901,481.4553275941237,488.011474609375,1807789
2018-07-26,488.85440687023015,493.0222544172299,483.1411590216821,485.8572998046875,1969908
2018-07-27,489.27595485687465,493.0691431263163,483.5158879982282,485.76373291015625,1410513
2018-07-30,487.40270431282863,492.366632564036,484.21826730975664,490.7744140625,888530
2018-07-31,491.2427689581797,496.15987961028736,488.99492407975976,493.7247619628906,1473609
2018-08-01,495.2700611216651,500.6086493579338,490.54028082547774,493.069091796875,1491570
2018-08-02,491.711028218633,495.0827381175346,484.4056186609693,485.529541015625,1038569
2018-08-03,487.9646867170564,492.5071374221953,485.248545633218,487.5900268554688,845588
2018-08-06,488.9012938799958,494.4740307892283,487.96470136298433,489.88470458984375,837636
2018-08-07,492.6476041327894,498.92278466787377,491.7110117294951,496.9090881347656,982782
2018-08-08,499.2973171823665,506.4622709269672,493.7714570783132,497.0495300292969,1397385
2018-08-09,497.564694534173,497.9861725319672,488.05825915140144,489.7441711425781,1510816
2018-08-10,491.7109783572581,491.7109783572581,481.2679509032658,484.1246032714844,1018363
2018-08-13,482.2514362314763,487.0280344727808,472.979148862989,474.3372192382813,983867
2018-08-14,474.85233536213815,486.6065582659992,474.85233536213815,481.3616638183594,1007964
2018-08-16,480.4719051688464,482.3450899843195,461.9273869286757,468.7176818847656,2685550
2018-08-17,471.0591653911943,474.38405702320085,467.5000970734851,471.57427978515625,1187919
2018-08-20,477.56843469987393,478.36454391579935,472.0893637226583,474.0562133789063,1564381
2018-08-21,474.8523147743341,483.2816458058311,472.979130100668,482.4855651855469,1787518
2018-08-23,483.2816932378637,483.8905011825809,472.6513634549817,473.5411376953125,1467587
2018-08-24,472.9791542250805,479.347971007376,468.81130668057966,477.9899291992188,1462613
2018-08-27,484.2182656894197,484.2182656894197,474.0094143536732,478.7860412597656,1580911
2018-08-28,483.2348591122366,485.5295219200223,476.91286042663774,478.3177490234375,1583481
2018-08-29,479.7694513150961,481.7362724661753,470.216197513291,472.9791564941406,2311842
2018-08-30,471.57422760293576,477.6620776117125,471.57422760293576,476.4445190429688,1918899
2018-08-31,477.6621008618904,478.5986932165215,466.4229926063164,468.2493591308594,2175231
2018-09-03,472.7918331658128,472.9791630792529,465.7205719626901,467.9215698242188,1002670
2018-09-04,469.2328105399541,469.60744179793056,453.3107391244268,461.8805541992188,1688952
2018-09-05,460.8034546568071,463.4727486777278,447.36334817947727,451.8590087890625,2382133
2018-09-06,445.302898695019,448.34682420474985,408.4011327264092,440.5730895996094,17884116
2018-09-07,441.8843133334482,446.2394911595516,430.8793518751906,440.5730895996094,3356100
2018-09-10,439.96430103416986,447.7380068945757,434.9535257369654,442.7740783691406,1960433
2018-09-11,445.8179808522499,449.5643504392436,429.19346580996535,436.4520568847656,3978893
2018-09-12,439.9174252951173,442.5398723650093,426.24317167061326,434.4383544921875,1634651
2018-09-14,438.6998518358012,443.71062663408526,435.2812954684773,442.118408203125,1862346
2018-09-17,439.2618370317021,448.4404311486055,436.4520598225441,445.1155395507813,2190873
2018-09-18,443.9447727404411,447.0355160543562,432.0500384934974,435.0939636230469,1810871
2018-09-19,436.452067024402,437.43547763082177,420.9046271606744,422.2158508300781,2779776
2018-09-21,426.149548111738,428.9593253520352,406.52792561731655,422.2626953125,6224800
2018-09-24,425.540746803609,426.7583054452379,412.6157550155916,419.6401977539063,2277877
2018-09-25,415.847009009069,424.6978182689634,409.2908624706377,420.9046020507813,2593052
2018-09-26,422.59050444933695,423.6675799982755,415.7533627452541,420.2490234375,2217261
2018-09-27,418.18852808364267,424.9320051430887,413.03726961900657,417.0646057128906,3419982
2018-09-28,416.8772792569106,423.3397610430527,401.985465945575,410.7894287109375,3038916
2018-10-01,410.7894380145436,413.9738465018979,396.3659205723866,411.4918823242188,1334884
2018-10-03,412.1006230828903,415.61284430234673,405.5912949898192,409.9464721679688,3046534
2018-10-04,409.75918064384695,412.6157760701798,404.6079223728957,411.4918823242188,2655971
2018-10-05,410.6020921990341,411.1640533415196,388.77950125651705,395.52294921875,3626666
2018-10-08,393.36878694005344,395.5697846787241,384.5648245679012,387.7960510253906,2181111
2018-10-09,388.779538736908,407.2303931858023,387.9366112331826,405.3572082519531,5532725
2018-10-10,406.71527666329104,435.5154948726087,406.71527666329104,430.6452026367188,8275808
2018-10-11,419.593385862513,448.6277496163923,407.0898718842556,434.4851989746094,10862887
2018-10-12,440.1047751461019,449.56436436274106,434.0637711494971,437.1076965332031,3593561
2018-10-15,441.13502836681545,444.8813980344742,433.642289031498,442.5399169921875,1191834
2018-10-16,447.5038831101898,447.5038831101898,437.1545474634582,439.9643249511719,1878710
2018-10-17,443.9448096584579,446.37995568110784,431.0198456204019,434.2042541503906,1055730
2018-10-19,433.6422619907195,440.1984085002984,422.4499718734976,426.33685302734375,2504457
2018-10-22,427.6480626667075,432.61199057192624,415.9406585671072,420.71728515625,6148366
2018-10-23,415.847060908301,422.1690601450826,403.2498806257003,409.8528747558594,2665809
2018-10-24,417.9075496886525,418.3758458991586,400.86155619321767,407.69866943359375,3308450
2018-10-25,406.2937652817761,410.4616128290828,401.0956889767364,405.0293884277344,2281803
2018-10-26,405.54454314311215,405.638208107458,389.4819878552209,394.9610595703125,2739983
2018-10-29,396.64686158576217,405.9191201660661,394.4927106063841,403.9522705078125,3394383
2018-10-30,402.7347518885605,419.03145473684674,398.0517896572981,416.2685241699219,2276513
2018-10-31,416.3621590392177,426.1027433109605,403.7181610606437,422.4968566894531,2888328
2018-11-01,420.76411460225177,427.5544091617761,413.5991888180183,418.4694519042969,1506859
2018-11-02,421.5602656901745,425.5876017752389,411.5855618560933,413.3650817871094,1313184
2018-11-05,412.147487834767,419.452925946197,404.701595157724,410.5552978515625,1102185
2018-11-06,412.9904662266224,422.3095442697459,410.4148369020223,419.78076171875,2155272
2018-11-07,420.8109918594153,422.6373586372326,416.7836556090161,418.516357421875,277310
2018-11-09,418.56313041806266,422.6841311884485,414.910425839369,421.6070556640625,1794045
2018-11-12,418.7504880239088,421.37293543782187,407.4645319081528,410.0401611328125,1037663
2018-11-13,407.4176640142171,413.786480432462,404.9357000533951,410.3211059570313,1076278
2018-11-14,412.1006120765738,440.1983810817948,394.0243921162265,407.60498046875,17498505
2018-11-15,410.4148016537201,416.4089873051109,405.7318396475504,413.2245788574219,2526406
2018-11-16,415.84707391397217,422.87151773008657,407.8860375890425,415.4724426269531,2982959
2018-11-19,421.4197406823904,421.4197406823904,410.4615987188354,418.4694519042969,1776424
2018-11-20,416.5962702987817,423.2929285388671,412.8030826737593,419.6870422363281,1677610
2018-11-21,422.2158634113902,422.2158634113902,407.97967537538455,410.8831176757813,4199188
2018-11-22,412.19429520830334,431.1602901235701,412.19429520830334,429.7554016113281,7795070
2018-11-26,435.5154631098615,440.1984250787848,429.61494246203085,432.3310546875,4394459
2018-11-27,428.9593516213784,433.6423139753236,424.13590611332165,430.1769104003906,1592419
2018-11-28,430.6452064571835,451.3439057695436,430.0832738409703,447.1760864257813,8684139
2018-11-29,449.9389966982527,464.830810587064,449.6111836319436,451.5780334472656,5908504
2018-11-30,455.2307213198872,465.2054531743259,454.2473107399576,457.6190490722656,5134455
2018-12-03,461.5527204135866,467.68741774491406,442.86771929942927,445.162353515625,2943614
2018-12-04,447.69118714103786,457.853220850181,441.6970012305515,454.3878173828125,2278015
2018-12-05,450.8755810708779,453.6853583047004,444.0384679015893,447.1292114257813,1335099
2018-12-06,446.2863054901791,450.3136416198263,433.4081592142296,438.5594177246094,3184476
2018-12-07,438.3252484763105,453.21706209906336,437.38865606503634,447.1292114257813,2945851
2018-12-10,440.19844642186223,443.9916343675906,434.3447436768906,436.5925598144531,1359195
2018-12-11,434.2979010108676,451.90582644234433,433.9700879591182,448.5340881347656,3315576
2018-12-12,449.61114649184833,453.26387952536953,446.05210699242735,451.2501831054688,1666841
2018-12-13,452.3741405534407,464.5498420590198,452.3741405534407,462.3956909179688,2765088
2018-12-14,459.8668679182791,463.5664193274165,451.437536327109,458.4151611328125,3480276
2018-12-17,454.3409774968836,474.75868031827673,453.0765720444393,470.0289001464844,2230134
2018-12-18,466.4230294199471,466.4230294199471,425.2597807519808,433.361328125,14368480
2018-12-19,431.7690618739558,442.8208398771972,418.6567693224691,435.6559143066406,14077750
2018-12-20,435.9837661286668,440.0111020519446,427.88224751217,432.6588745117188,4191791
2018-12-21,433.6423144155693,435.983795594919,416.1280237610198,419.4060974121094,5119793
2018-12-24,419.5933654121351,421.4665500791536,407.60499497622885,409.05670166015625,4194897
2018-12-26,408.2138228228218,428.0227473157876,403.9523100490419,426.1963806152344,9222938
2018-12-27,430.31740631805934,436.4052571543915,422.8714850159938,434.9535217285156,5809491
2018-12-28,432.0032706294513,448.3468204309936,432.0032706294513,444.3663024902344,6000271
2018-12-31,445.06870046911536,452.3741094369483,443.0550040310632,446.2394409179688,2663133
2019-01-01,447.1291984206416,450.6882666294841,440.9945297382408,449.7984924316406,2203533
2019-01-02,445.8647803932999,449.564331638756,432.9398172916978,440.43255615234375,2687773
2019-01-03,442.53991705065226,442.91454830096114,428.6315139411253,432.1905822753906,3488230
2019-01-04,433.6422997235888,438.9808880646462,426.71152138403806,434.5320739746094,2552610
2019-01-07,439.2618315187147,439.2618315187147,428.4910190187889,433.595458984375,3020561
2019-01-08,433.1739964149193,434.3915551339915,420.29585057555687,423.011962890625,4224183
2019-01-09,424.370030793333,432.37788454329706,417.53288898466366,422.6373291015625,6334834
2019-01-10,423.8080019069852,426.61777871520826,420.3425990771656,422.7309265136719,3412584
2019-01-11,424.18268330946574,426.3836811196152,420.76412683797287,422.4499816894531,2587687
2019-01-14,422.35633617885856,423.1055986338532,414.2547893987604,419.6870422363281,2341591
2019-01-15,423.7144176475594,433.8296332328263,421.4666014894556,427.8354187011719,6762709
2019-01-16,438.2315900476996,445.5838463022463,421.6539212706825,423.4334411621094,19555435
2019-01-17,424.650977701907,428.0695341589279,406.6684212262965,412.9435729980469,8620833
2019-01-18,413.7865109145467,416.783618027759,408.54161634022273,412.3816223144531,4546785
2019-01-21,416.7836261397091,416.7836261397091,406.52792772640447,408.9630737304688,4326866
2019-01-22,408.3542875169937,409.6186929769586,393.3688090760031,398.2859191894531,6199011
2019-01-23,397.5834999632322,411.91335319320456,396.9278738070757,405.404052734375,12987032
2019-01-24,406.4342716432471,411.1640516932666,397.4429791471159,406.3406066894531,6954715
2019-01-25,409.9932592716554,411.4918125948648,270.01953544995484,298.2109680175781,74261004
2019-01-28,327.99465287966143,357.7782782199316,299.7095524355448,349.6299133300781,121305516
2019-01-29,346.44549769941705,363.86612078152496,339.74886824581256,353.4699401855469,37435712
2019-01-30,355.9050912360596,366.8163863429749,350.3792021149531,364.1939392089844,15810931
2019-01-31,365.5519980073696,366.1139591572969,339.327411114388,356.0924377441406,21434530
2019-02-01,354.59389250472844,374.4964812375592,326.49612017602624,331.9283447265625,24540656
2019-02-04,323.03068784120046,338.9996041648524,308.2325405087389,325.6999816894531,25098014
2019-02-05,321.25117624441924,346.44550475816067,319.42480972780186,342.1840209960937,12141903
2019-02-06,343.72941691605087,372.76378183266553,343.72941691605087,363.3978576660156,25112956
2019-02-07,364.33445294581423,385.4077824863819,361.52467567373856,382.8321533203125,15012316
2019-02-08,379.928694547607,383.0662847479904,371.0310669067613,373.5130310058594,7589058
2019-02-11,373.70037604158233,379.2262656099013,367.8934915973969,376.2291870117188,4888722
2019-02-12,378.38332667348106,392.4322125648232,376.1355106473727,388.4048767089844,6978555
2019-02-14,388.2175361131118,412.0069765178917,380.7247971772737,405.9659729003906,12652652
2019-02-15,412.2879941295074,413.0372566314268,394.39907321649247,403.9991455078125,9519734
2019-02-18,402.64104021288233,413.6460001795497,397.1151511376149,411.1172180175781,6340575
2019-02-19,412.1006606342871,422.4031771501442,405.5445137605598,418.1416931152344,7740843
2019-02-20,418.6568109846553,422.403180657896,410.6021104706812,416.8304443359375,5484272
2019-02-21,415.8470564240972,426.0559086243081,412.1006865464026,418.18853759765625,5404437
2019-02-22,415.6129095584935,422.2158750548036,413.27142837788233,419.82757568359375,3919632
2019-02-25,419.4060362372077,426.05584753312087,410.22744278596736,416.924072265625,4694262
2019-02-26,413.0372697539199,457.0571148297344,412.1006773054983,439.4491882324219,16046457
2019-02-27,442.7272330933019,448.9555667549232,425.21294401051694,434.0169067382813,12254981
2019-02-28,440.526253170705,440.6667363180618,429.3339622499112,437.1076965332031,6557729
2019-03-01,437.3886501216029,457.9468647027294,436.7798707790535,455.51171875,9336298
2019-03-05,454.153627144534,456.4014430796396,449.1428523296436,453.732177734375,4576304
2019-03-06,453.3107173601083,455.8395282494686,436.4520543177902,441.0413513183594,6600928
2019-03-07,446.0521548402076,448.2063060447428,426.0559002925441,429.89593505859375,8463460
2019-03-08,429.8959298966111,432.3310759567586,422.8246684086669,426.24322509765625,4199115
2019-03-11,429.3808073206717,430.738849183121,422.2626991966045,424.2763671875,4004669
2019-03-12,428.9593308514213,442.68040416760766,424.3700336832729,434.2042541503906,7745774
2019-03-13,431.76908990840514,433.1739784872828,418.1885003125876,420.3426513671875,4092092
2019-03-14,426.1495584585325,433.6422979479133,419.5465932165288,421.2792663574219,6932993
2019-03-15,423.3397800611413,439.9174775717699,412.849933369976,425.4471130371094,13077954
2019-03-18,426.8051228053216,434.29786120992657,422.9650886564558,428.3504943847656,4386384
2019-03-19,432.70570439877713,438.13792908159286,428.0227422299593,436.2179260253906,3925879
2019-03-20,430.83248810936857,430.83248810936857,413.1308981187724,415.0977478027344,8926752
2019-03-22,419.3124400560236,420.3895156281399,404.1396313398013,407.2772216796875,9029272
2019-03-25,403.6713227253761,411.9133243781716,387.7960701782216,390.0439147949219,10544330
2019-03-26,391.5892772365454,400.11227355537727,390.1843886757225,394.3053894042969,8873124
2019-03-27,397.1151464576885,401.0488456622152,392.5258497740938,396.2253723144531,4887525
2019-03-28,399.7844819968079,416.7836287799792,399.2693390139648,414.7231140136719,7121490
2019-04-01,416.5026669782839,416.5026669782839,402.73474676066206,404.3269653320313,4419758
2019-04-02,393.1815125082704,407.4177296676002,377.3999520526908,391.2146911621094,17842383
2019-04-03,395.2420178671354,397.115202785937,375.33942810486855,378.8984680175781,10354691
2019-04-04,375.57352235462025,393.3687765310237,366.2075991038816,390.8399658203125,18795965
2019-04-05,394.2585231304024,395.75704787981175,383.3003822595497,385.40771484375,7437616
2019-04-08,388.40485972803896,392.3385304561169,377.44671777886623,379.0857543945313,4496728
2019-04-09,381.14628681732825,386.2506982237609,378.9452889711914,384.6585083007813,5077210
2019-04-10,385.4545819379081,390.2312087847549,380.30332385616816,386.3911743164063,3790484
2019-04-11,386.8127056956467,389.24785193227154,380.350223108764,384.8458557128906,3943816
2019-04-12,383.8624327824864,392.8537262868019,382.5980272208189,391.6361389160156,4109394
2019-04-15,391.49558018889104,394.8204714105939,388.6858032975832,390.1843566894531,2724082
2019-04-16,391.49565174988265,397.5835027938401,388.1239131474917,389.2009887695313,3495678
2019-04-18,391.495619138186,391.495619138186,375.5735485033794,376.7911071777344,4424726
2019-04-22,376.9784678105148,379.97557513668016,369.485728077635,371.4057312011719,3418483
2019-04-23,374.6369720893379,395.24200555425153,374.6369720893379,383.206787109375,9490195
2019-04-24,384.4711691767053,392.4322043484519,379.4603942638644,391.4019470214844,4319048
2019-04-25,392.85371592296974,397.34934826526165,386.1570570166446,389.7161254882813,7201604
2019-04-26,392.76006304089344,398.94157913856384,388.7795449924169,391.2146911621094,4435037
2019-04-30,393.6497576569989,411.6323424103257,387.8429021718323,405.16986083984375,8420428
2019-05-02,406.1533020621391,407.6986738570698,390.23123073217954,391.9171142578125,3222471
2019-05-03,392.3385916840096,395.616665426912,384.0965891348689,385.3141479492188,3099254
2019-05-06,383.5346128364135,384.7990183754578,360.30713123318014,363.1637268066406,5717642
2019-05-07,366.2076217972973,368.1276247496671,320.314595024746,345.7430725097656,19850777
2019-05-08,348.412395916056,348.880692147126,301.2549597308036,310.5740661621094,67279826
2019-05-09,318.4414223221038,339.655234886761,314.50772273099426,335.2064208984375,37171854
2019-05-10,338.9527600786833,350.19186809068185,337.17324035995614,347.6630859375,18020131
2019-05-13,348.412307171814,348.5059721106773,317.0364676818791,320.3613586425781,12773904
2019-05-14,323.07751174188803,330.5702498270337,310.9954487135685,324.3418884277344,13507661
2019-05-15,324.34189006721164,327.4326616924739,289.7348230110302,301.9105224609375,43282009
2019-05-16,305.3291461487383,329.39958413396835,297.93007132973884,323.780029296875,21326506
2019-05-17,327.90100542859227,353.8445977964248,324.3419371539492,348.5528564453125,22192180
2019-05-20,360.54128290055127,369.9072076042151,332.53714517056943,339.5147705078125,18302126
2019-05-21,340.8727932343548,343.7293884354796,322.5623958561893,325.6531677246094,13357386
2019-05-22,327.7605447325772,328.69713719807095,317.6921757285185,320.501953125,10800128
2019-05-23,327.807324997422,341.80939216960974,326.21510655727946,337.5947265625,15921072
2019-05-24,337.22009445978256,356.27975620994664,333.1927584262243,352.9548645019531,19472832
2019-05-27,350.7538292797649,352.9548269824056,335.2532375763813,338.1098327636719,13387434
2019-05-28,347.475786243302,360.4007501476411,329.9614966357615,357.5909729003906,36723569
2019-05-29,354.0319612559858,354.0319612559858,344.19774010998617,348.9275207519531,10489381
2019-05-30,347.85039989782587,351.7840992780116,338.3908112607361,342.0903625488281,9111202
2019-05-31,344.3850140907604,348.83382769593936,330.1956173050604,334.7849426269531,8797856
2019-06-03,339.4679414804918,342.79283321113854,331.1322458943038,336.7518005371094,7788331
2019-06-04,336.1898212380748,336.1898212380748,323.124347075489,324.1077575683594,9926310
2019-06-06,318.4414245915584,323.96731418414066,312.353573827308,319.4248352050781,12082449
2019-06-07,321.15753605409066,324.48245630447224,314.6013890946442,318.6287536621094,6359040
2019-06-10,322.0941269368101,324.0609767317462,308.51353687146235,314.0862731933594,7567914
2019-06-11,317.22387807349367,327.1985820697744,311.22966345518137,324.2483215332031,8073539
2019-06-12,322.18776272287465,327.3858387407696,317.78576732242817,321.1106872558594,5294117
2019-06-13,318.6287523959888,331.5537163459537,315.25701397087937,330.24249267578125,7058722
2019-06-14,328.46295306272526,331.038582060392,305.56325835954914,315.163330078125,15916909
2019-06-17,316.5682307955664,319.9867873346927,313.0560093000535,316.6618957519531,5143097
2019-06-18,318.4414209545279,327.8073451002494,312.1662403438817,317.8326416015625,12217829
2019-06-19,319.61213595468666,335.48738754720614,318.90969169984123,330.6170959472656,9906470
2019-06-20,329.0249068151098,333.380084448724,320.5019386305865,329.3995666503906,7619490
2019-06-21,326.9644094794787,333.3332263065297,321.6726681857851,323.733154296875,9443466
2019-06-24,326.77704029999614,328.74388980163974,312.8218210648082,319.7057800292969,5065730
2019-06-25,315.44435305000354,323.4990545341887,304.0647595133377,321.4385681152344,16090793
2019-06-26,318.44141946523126,324.34194021642713,317.4111620975138,321.15753173828125,5768024
2019-06-27,320.3146242366608,325.1849165060212,316.05313993787075,321.7195129394531,5548839
2019-06-28,318.4414073753864,322.51558992154827,313.80526368793824,317.177001953125,7717045
2019-07-01,316.568237720816,343.7294178802943,309.30964647130025,335.6278991699219,13803574
2019-07-02,337.36061265671344,345.602614801625,329.9615094195951,333.8015441894531,19447923
2019-07-03,331.5537227344799,341.8094213537714,330.9449433668695,338.0162048339844,9791478
2019-07-04,340.91965020324216,343.6826093508147,332.9586144155291,333.848388671875,8785356
2019-07-05,335.25324001902817,337.2200610698379,321.85995238821386,323.96728515625,4604955
2019-07-08,324.1546592665269,325.98099743172065,310.9486997359338,313.4306640625,6707235
2019-07-09,315.53801486232146,318.722423719777,306.35941958214914,310.7145690917969,9036432
2019-07-10,310.99546647638886,319.1906492250931,309.356429926648,311.6510925292969,9280667
2019-07-11,314.55456934178846,335.9088650418898,313.89894321609216,332.302978515625,10224753
2019-07-12,334.73813441512533,335.159612448752,325.6532048403116,328.4629821777344,6387659
2019-07-15,328.93595649511906,330.87531419373767,322.2664010310053,326.94927978515625,7224859
2019-07-16,323.2597967838391,333.7607500294647,320.98929231603114,327.5642395019531,7023880
2019-07-17,327.56422535544664,336.69344636739373,326.9965992630087,334.1864624023437,7135323
2019-07-18,334.32837047971736,345.2550792161842,330.3550454697265,340.66680908203125,12053241
2019-07-19,341.51824085601044,343.74142631438593,325.2464460869046,333.9026794433594,9466701
2019-07-22,331.1118609058955,347.43094547911465,329.50359174751594,344.40362548828125,9232951
2019-07-23,343.93060316188473,347.3836498966821,335.3690081549941,341.3290100097656,7846302
2019-07-24,344.7347447185421,362.8039978428672,339.10586037949275,359.1144714355469,20283703
2019-07-25,355.992521000314,373.3522476680589,355.1884153361036,370.7979736328125,18014267
2019-07-26,370.93987022440217,383.3329191617544,368.3855673371534,382.1030578613281,14751785
2019-07-29,379.7852578617376,380.8258718830207,363.4188567774216,366.2569580078125,6958407
2019-07-30,366.5407980345264,371.1763577624791,358.5468010796064,360.5334777832031,5335270
2019-07-31,361.85797992034543,370.7506931298759,338.1598414110827,342.0858764648437,14884681
2019-08-01,337.7340734274825,341.5182087039809,317.4889554723482,328.1318359375,18541033
2019-08-02,327.327739844036,334.0445865224829,321.6515362629255,323.0705871582031,9741289
2019-08-05,322.07719469614284,323.07051856366826,307.697470462176,313.0898742675781,9700604
2019-08-06,310.2990701051594,312.1911376058006,288.2564952709528,295.5882568359375,19901832
2019-08-07,296.1558896337864,322.3610392198817,296.1558896337864,310.2044982910156,21918018
2019-08-08,304.62289592608533,316.7321175078017,302.92004656544634,313.5629272460937,9559063
2019-08-09,315.0292672963091,320.5162519952475,306.79876137724006,310.3937072753906,8625986
2019-08-13,310.96134184059406,319.2864282739917,308.2178205455618,309.6368713378906,8077371
2019-08-14,313.2790960907008,328.1791288685088,313.2790960907008,323.1651611328125,8277699
2019-08-16,325.1518324289262,329.0305479579743,318.1511591301372,327.89532470703125,5719534
2019-08-19,326.9019747774401,332.86200516264074,324.15848247504346,329.2670593261719,6986559
2019-08-20,330.63883362401214,335.7001205423176,327.8480221925117,331.9159851074219,5975057
2019-08-21,331.1118319359262,332.76739109560583,324.06386853645444,325.6248474121094,4703700
2019-08-22,323.6854749145824,325.3410341465136,305.758150839782,311.1978454589844,5478339
2019-08-23,312.191187350644,335.1797995981987,308.92735884371274,332.1997985839844,8092013
2019-08-26,333.0039027207647,349.8432930714481,327.5169181446528,345.2077331542969,7275260
2019-08-27,341.5182189312178,347.7620480985525,341.5182189312178,344.11981201171875,4847123
2019-08-28,342.46424625355263,349.9852267457833,341.3289941099725,344.5455322265625,4279391
2019-08-29,344.54554529951747,347.19442857416163,338.8693421075693,342.5588684082031,3030633
2019-08-30,343.9779187693448,355.7087329103406,342.7007672786459,352.9652404785156,4850836
2019-09-03,347.8093072269989,349.9852022045083,339.3423223697124,341.5181884765625,2968075
2019-09-04,342.46422189532785,346.24835694389503,329.5508668162243,336.31500244140625,4848241
2019-09-05,337.26107590198984,343.6940946935103,335.1797898320295,341.3290100097656,2699787
2019-09-06,342.22774715225586,347.0052065732209,339.29503642671506,341.7547302246094,2378166
2019-09-09,340.66680427303265,347.5728400145259,337.5448751621142,343.3630065917969,2156163
2019-09-11,346.6268037171482,347.4309382796748,333.47693871636585,335.3217163085937,4379279
2019-09-12,335.6055352976235,339.57888933567074,317.20516388596445,327.7061462402344,4778366
2019-09-13,330.02391928304974,333.7607357240469,325.05724149625934,331.5848693847656,3330475
2019-09-16,329.5982113163828,337.54489045488003,325.7667854960588,326.3344116210937,3921989
2019-09-17,329.2197546924112,329.2197546924112,315.54955505418934,319.1445007324219,4239728
2019-09-18,319.90133670816607,323.8273713637293,315.40767597538206,317.2997436523437,3322772
2019-09-19,316.92136830205374,316.92136830205374,289.5809933480393,292.1825866699219,14628929
2019-09-20,291.3784113949844,299.3724085805461,258.31451842381534,285.13458251953125,53252658
2019-09-23,293.27050562659406,295.1625734048302,252.7329477037532,256.9428100585937,29747305
2019-09-24,260.5377232061472,271.46443177662843,242.1846718189964,263.9434509277344,62278170
2019-09-25,274.34981100195193,278.1339463261168,254.48310055008645,258.6929626464844,39978864
2019-09-26,259.8754995367717,273.9713975523329,255.6656375278272,271.2279052734375,39001467
2019-09-27,265.83550003871176,274.06600571628843,256.9900781600887,258.7875366210937,27027102
2019-09-30,258.2672512248411,260.15931899938204,238.0694219574837,251.1719970703125,23045752
2019-10-01,250.22594559664,256.942791498319,188.4026296344532,220.5677795410156,33544990
2019-10-03,224.21002729597456,244.0294484301074,213.23602862465512,237.97482299804688,30258702
2019-10-04,235.562436373396,240.19799661624992,220.04748649883905,224.0681304931641,21327140
2019-10-07,202.68775873203165,242.6576901506003,192.3286906360606,237.92752075195312,52976308
2019-10-09,236.5084726141181,244.07674373777,227.71035454580664,232.67703247070312,25509295
2019-10-10,232.29859599868803,234.75827514889403,229.31858095059704,231.7782745361328,9050814
2019-10-11,233.24463246344428,235.7989207946148,222.31793936503303,229.41319274902344,12400539
2019-10-14,229.88623513964149,234.4745052776723,224.4938448567656,229.7916259765625,9279242
2019-10-15,224.1154147144593,240.0087863824809,221.8922438140361,237.17068481445312,13377512
2019-10-16,237.7855812112005,253.06402000961188,236.74493834544063,245.6376495361328,19213679
2019-10-17,246.5364139990258,259.21326114206016,241.99544887297475,250.1786499023437,36055426
2019-10-18,234.90018870033168,248.5703738317985,226.6223931873793,236.69764709472656,52011333
2019-10-22,236.6976498791859,241.2386149296332,233.7649538098668,236.9341583251953,16599201
2019-10-23,239.34656868856223,239.6303817361288,227.0954329807001,229.0348052978516,11827523
2019-10-24,231.7783037220597,232.25132066843128,223.54781174226108,224.87225341796875,9431942
2019-10-25,226.10209193099053,230.69036191376443,220.70970183058125,226.76431274414065,12497867
2019-10-27,227.99417136673665,230.6430691908439,224.21003574239245,225.392578125,867134
2019-10-29,227.04811316629667,228.2779599996801,222.6017571705228,223.83160400390625,11536048
2019-10-30,227.0481085006025,232.62970206044363,221.37190578808745,222.4598388671875,15183348
2019-10-31,223.26395701963412,249.80019121035724,221.98680572865305,246.5363922119141,28812635
2019-11-01,247.6243676600048,297.52765474334865,246.9621323968896,292.7974853515625,61798777
2019-11-04,284.70887503389474,291.0472839794961,274.3497936894267,280.12060546875,31754992
2019-11-05,280.12059734910434,283.47900559176,266.4031080622516,270.7075500488281,15365133
2019-11-06,269.76151816252064,287.49965098318427,267.4910429356075,270.3764343261719,28483062
2019-11-07,272.4577079232283,276.6675694723885,266.9707239647042,270.3291320800781,10964624
2019-11-08,271.51172426970106,279.07999532948367,269.146639563519,271.9847412109375,10777211
2019-11-11,273.6402908033468,291.2838163117811,270.045373725673,288.9187316894531,20972910
2019-11-13,285.9859829151935,285.9859829151935,274.3497796705341,274.8700866699219,18302144
2019-11-14,276.5730116451952,279.7422309293947,265.8355212921792,266.78155517578125,12868799
2019-11-15,269.19393978070127,277.47173656203483,263.28122779403446,272.3631591796875,11986311
2019-11-18,277.14062510255155,282.2018830523285,271.9847291239375,278.2758483886719,8332827
2019-11-19,277.89745968524994,277.89745968524994,267.2545782504957,270.4237976074219,11267424
2019-11-20,274.3497986436278,293.270474412154,267.3964445245625,290.432373046875,32195266
2019-11-21,319.4756549572331,344.3563346190829,302.92006194670023,326.5235900878906,100218862
2019-11-22,325.4356365028407,343.22106090298723,316.5429243027674,338.77471923828125,62126781
2019-11-25,334.8486647980842,335.7473795581502,319.8067047424602,325.24639892578125,24057077
2019-11-26,322.59753014768137,324.489597773181,295.540957328905,302.447021484375,65151467
2019-11-27,298.0006902990207,312.09659019300017,294.59496235004184,302.2578430175781,38703704
2019-11-28,298.000657550775,309.68418116856463,285.89143603030965,294.2165222167969,55851231
2019-11-29,298.0006856432102,306.5149909473019,268.9101425208968,277.2352294921875,35061676
2019-12-02,275.29583843609913,290.4323793810393,268.86282008276385,276.9986877441406,34042733
2019-12-03,280.9720449601674,282.86411260299684,256.4697747596588,264.7948608398437,28025661
2019-12-04,264.8894745217005,271.5117113847431,261.10533917139054,266.1666259765625,24045142
2019-12-05,270.61294906071674,285.9859978630098,268.1059653378593,283.857421875,49260051
2019-12-06,281.918087302121,286.08063046802,268.10598731788474,272.1739501953125,29245323
2019-12-09,273.40376029411146,280.9720304752633,267.9167759610402,268.81549072265625,20169323
2019-12-10,270.42374712542,272.5523230150138,254.38846387554972,256.3278503417969,25667054
2019-12-11,257.7942375666041,270.37647687938767,254.625018229726,268.1533203125,28858296
2019-12-12,268.1532918284548,271.2751918163509,262.240580585727,268.9573974609375,15359473
2019-12-13,267.7275825649385,270.8021926120624,262.99741326167106,264.6056823730469,12476782
2019-12-16,267.72757799777486,267.72757799777486,261.81486646955545,263.2339172363281,8518794
2019-12-17,264.41647614316287,271.13332263506464,263.2339337632739,264.6529846191406,15385576
2019-12-18,264.98409949923814,266.21393201324577,259.30789613490174,264.4164733886719,11256891
2019-12-19,265.9774263104835,267.0653595258486,262.2878998593628,264.6529846191406,8292661
2019-12-20,266.6869496447387,272.4104720408656,264.7002726879894,268.7209167480469,24912419
2019-12-23,269.619657068536,280.40443757714485,268.2952154044372,278.8907775878906,20771744
2019-12-24,278.41771555590446,286.88472899877297,277.6136099808764,281.2085266113281,21072703
2019-12-26,281.63429602137643,282.86412851011187,275.3904666747799,281.255859375,15749313
2019-12-27,281.25583622189095,288.4456988512305,280.1679031297745,282.8641052246094,12450895
2019-12-30,281.77619505770514,288.0673145437229,279.5530096803616,286.45904541015625,8044851
2019-12-31,286.45902661541726,287.59427873764594,274.63360396995483,276.4310913085937,10764717
2020-01-01,278.1339491755708,280.45174363363185,271.1333045282772,273.0726623535156,9363059
2020-01-02,266.7815420923909,275.95808186156404,264.1326588964758,273.9714050292969,15563216
2020-01-03,273.4037800986152,273.4037800986152,257.60500340278344,258.9294738769531,23061627
2020-01-06,259.355170141325,260.3485229906642,246.3472049075569,247.38784790039065,17225140
2020-01-07,250.69898959746652,256.7063107827085,249.13803939863405,253.3005828857422,15972104
2020-01-08,249.7529231441748,251.8342090519737,246.678313294862,250.1786499023437,12568683
2020-01-09,256.46975450132265,260.34849863687634,254.4830778591456,257.36846923828125,10045128
2020-01-10,257.2739302222847,258.740271216563,247.86088138478792,248.80691528320312,14873579
2020-01-13,251.07736243189373,252.780240578596,246.2052941809277,250.79356384277344,12464909
2020-01-14,250.84087471719204,257.0374138846515,249.61104223513945,255.00341796875,12052587
2020-01-15,255.42911990119825,259.4024733145919,250.93545945849195,258.0780029296875,9489809
2020-01-16,258.2672439584036,265.3624979133048,257.0847016325867,264.6056823730469,11664707
2020-01-17,264.5583550235757,269.0993347340612,262.42977890415915,266.49774169921875,14955571
2020-01-20,265.83551910203136,268.9101291984072,254.0100956544321,256.138671875,9849474
2020-01-21,254.4830733789296,271.22788194878046,252.7329052042365,268.7681884765625,21251797
2020-01-22,262.9974322966502,287.59431445389083,257.32122872190234,284.14129638671875,52316203
2020-01-23,279.174604996642,280.9720636024577,262.6190120234332,264.1799621582031,32391499
2020-01-24,265.8355195933076,270.2818903660871,264.03806100008325,265.64630126953125,13636858
2020-01-27,265.6462574523335,266.6869003201284,260.34849170839215,263.8961181640625,8305172
2020-01-28,263.84883073900204,266.45042378457794,257.08469459463697,257.7942199707031,6919138
2020-01-29,260.1592934120756,262.1459701540816,256.9427842858401,259.44976806640625,6924475
2020-01-30,258.6929207119557,259.73353466088685,251.69224840054164,253.39512634277344,7915600
2020-01-31,255.42913453098907,258.172626868486,252.7802513507841,254.625,7257076
2020-02-03,243.8875121025605,247.05673123677923,237.2652896660691,242.75228881835932,10334388
2020-02-04,245.87418228354693,253.5370619448172,225.77096375247467,231.3052673339844,22976013
2020-02-05,236.5084765891189,237.1706974365021,208.22206856319303,214.4185791015625,52508897
2020-02-06,218.533803038285,228.08874998422075,217.68237841096908,223.07476806640625,37223678
2020-02-07,224.2100256384314,237.92751665850423,223.7370087067048,236.2719573974609,27637790
2020-02-10,235.5624188435354,236.27194420149783,215.79031797578045,218.01348876953125,20345685
2020-02-11,220.42588157108395,224.6357292118776,215.45920398203592,218.817626953125,21054895
2020-02-12,220.42588992669403,222.2706530712032,218.62843136236847,219.52716064453125,7565854
2020-02-13,220.52048804967933,227.99414941401488,218.81762429562065,224.35191345214844,22130983
2020-02-14,225.6290463752148,229.31857217702995,224.39919962949992,225.8655548095703,9473212
2020-02-17,227.19001953874468,229.12939178617475,220.89890031462323,226.29129028320312,8200081
2020-02-18,227.04812147288067,234.19067984794788,225.7709700154634,232.34591674804688,12058654
2020-02-19,233.670346519992,241.5224298771629,231.30526204104467,238.63702392578125,11212344
2020-02-20,238.87353351027508,246.77292148167763,237.45448281615464,242.94146728515625,9684251
2020-02-24,243.13068953430863,243.4144881294696,234.7582845291312,235.6570281982422,7445554
2020-02-25,237.4544987623965,241.23863420084103,236.2246518578358,238.3059234619141,6954412
2020-02-26,236.50845940245512,239.8668824130361,233.67035788962568,237.83290100097656,8640042
2020-02-27,241.0494107386573,241.0494107386573,230.35922610621063,231.16336059570312,6816417
2020-02-28,227.0481155587041,231.4471670235218,220.0474711031096,226.38589477539065,9692261
2020-03-02,230.832264250247,235.5151290190772,217.49318091083384,221.2300262451172,9392956
2020-03-03,221.3719183597076,242.1373582418533,221.23001905796824,237.54910278320312,17982847
2020-03-04,234.6636944393884,240.71830517779333,230.7376453833416,238.1640167236328,12369910
2020-03-05,238.16400853620823,240.52909303011305,222.9328586213296,225.2979431152344,13761306
2020-03-06,216.5471400629125,218.3446130189576,204.86363080760813,209.2153778076172,11477990
2020-03-09,204.2959948764953,204.2959948764953,180.030233840554,183.95626831054688,20444162
2020-03-11,179.74641786270325,202.30932924749555,177.85435030625374,198.194076538086,27936837
2020-03-12,181.16549323787112,189.01757755509064,178.37469609855776,180.36135864257807,14234701
2020-03-13,167.44798334822067,186.841676334879,146.77713895172346,172.9349822998047,12851366
2020-03-16,165.5559289864147,168.3467260451194,153.63589632526026,157.37274169921875,9694803
2020-03-17,153.73049503246762,160.06891870981713,124.49805590504134,125.91710662841795,36921358
2020-03-18,127.71456590373964,175.01625697919874,127.71456590373964,155.24415588378906,40664011
2020-03-19,140.9590379311675,149.6152415333453,131.16758220678312,133.57997131347656,19440046
2020-03-20,136.4180709755855,145.0269843235742,128.84980058098623,137.08029174804688,18348624
2020-03-23,125.82250244891056,136.89109564193652,109.69262236820585,115.41613006591795,9693859
2020-03-24,114.28089755794552,123.93044041295674,110.82787239298266,112.71994018554688,13401986
2020-03-25,112.86183486214424,122.74788515311312,107.84785285129014,118.72724151611328,12590917
2020-03-26,118.30153467097564,125.9644001197305,112.57802704746284,121.8018569946289,12043912
2020-03-27,124.87647173430048,131.1675912407217,120.14630235042544,121.13964080810548,8765500
2020-03-30,115.69994389815498,127.71457102614048,115.69994389815498,118.86915588378906,8706148
2020-03-31,123.4574194832644,123.59931878899772,116.36216548997332,117.26089477539062,8732264
2020-04-01,117.30819162842766,119.90978458792908,113.5240564146074,114.37548828125,6571413
2020-04-03,116.362168436541,119.15296552417225,112.62533745918182,117.63931274414062,7887911
2020-04-07,122.03836129045392,135.28283460879777,119.8151832841221,133.29615783691406,11487040
2020-04-08,130.5526602524677,140.15489724328177,127.95106738511778,135.4247283935547,10046602
2020-04-09,137.26950786005978,143.13491443497003,137.17489870750882,141.76316833496094,8715349
2020-04-13,135.2828580923777,135.2828580923777,121.09234850226812,129.70126342773438,27106642
2020-04-15,135.28284952038916,135.28284952038916,122.132983907575,126.53203582763672,26563975
2020-04-16,126.2955064527622,131.45138753698885,124.40343894036128,128.23487854003906,18112259
2020-04-17,131.54599568282674,134.9990130924744,129.70123275938033,132.5866241455078,15287491
2020-04-20,134.33679799532158,141.6685598577423,130.17425509917604,133.0596466064453,23315892
2020-04-21,130.36347204743032,130.55267593708444,121.65996320535766,122.2748794555664,14998821
2020-04-22,123.12628417379857,146.7298372833439,123.0789940355663,143.6552276611328,48546637
2020-04-23,148.71652031341122,164.04226600043998,147.15557021425622,149.04763793945312,69208136
2020-04-24,142.66190271413666,144.60127492909064,135.28283604291173,137.31680297851562,25867166
2020-04-27,142.75651233221632,144.74318933248122,138.8777819328719,141.6685791015625,16271064
2020-04-28,141.90508962949818,147.43939389918148,141.66858114678234,144.22286987304688,15027824
2020-04-29,148.2435170093805,157.04163562737844,146.49336286388933,150.7978057861328,26088658
2020-04-30,154.34542071163875,155.1495552783726,147.533979708435,150.75050354003906,14613831
2020-05-04,141.90507135881398,143.7971389769315,135.70854702241303,138.4993438720703,14571173
2020-05-05,142.66190837264222,147.06096002893372,138.9723676730235,140.39141845703125,22539665
2020-05-06,141.90507963258952,146.1622320215672,139.06697803993774,144.4120635986328,13698946
2020-05-07,143.74984911252355,145.8784254007702,138.21555942428137,139.39810180664062,8145342
2020-05-08,144.60127496308576,150.18286871930897,140.10761432424027,142.51998901367188,30517260
2020-05-11,145.6419104011794,153.1155865841523,144.97968958378462,147.01365661621094,32287526
2020-05-12,146.8717600414984,147.9596932306362,140.06031898461114,146.68255615234375,17380731
2020-05-13,152.3114678835509,159.40672259862316,146.8244680168285,156.2375030517578,27811752
2020-05-14,154.20350989037598,163.6165433432439,148.14889932525404,160.49462890625,32118430
2020-05-15,157.7038295874106,162.90701542190143,153.7304905645018,155.3387451171875,28283346
2020-05-18,154.67652576663423,155.4333556910905,140.06030649410087,141.4320526123047,23889857
2020-05-19,143.79714554518512,147.29746791152144,140.06031471578103,142.14158630371094,21832834
2020-05-20,142.3308081997875,146.3041479951057,141.29017949179118,145.26351928710938,13735926
2020-05-21,146.7298696879336,150.89241324468864,144.60129332554772,145.6419219970703,15507223
2020-05-22,145.3108116699979,156.09559227094897,143.7971516677833,154.44003295898438,38377939
2020-05-26,155.14953715159598,157.6092307098385,150.75048592722223,156.28477478027344,19510809
2020-05-27,156.09557782748058,157.32542466106617,152.9736633838649,155.57525634765625,14838385
2020-05-28,155.52794953543267,178.8476911551512,154.48732102606797,170.94830322265625,71027855
2020-05-29,165.7451130078203,176.7191104736227,165.65051829236577,173.64450073242188,38399694
2020-06-01,177.6178440668261,182.0168954160536,174.16482650756845,175.86767578125,26450211
2020-06-02,175.9622753949549,191.85564509188765,175.30005466494296,188.21340942382807,40657814
2020-06-03,193.8896217326825,194.1261301794009,182.3007078434807,185.1388092041016,24965757
2020-06-04,184.4765979462086,196.585833929231,177.09753114129413,194.5045623779297,47567706
2020-06-05,195.8290193460284,199.0928334480625,191.4299674391997,195.0721893310547,36525490
2020-06-08,198.00488431338383,199.1401220269464,183.86168138428445,186.4159698486328,27555715
2020-06-09,188.26075169682656,191.38266654670468,180.50327637327,182.0169219970703,27072444
2020-06-10,182.58454128728383,184.0982012897049,177.9489809872834,179.55723571777344,17134647
2020-06-11,180.4559380235588,180.8343457498696,165.36670258047653,166.4546356201172,21395919
2020-06-12,162.71782394010262,162.71782394010262,153.39938464381896,159.45401000976562,36209159
2020-06-15,159.4540096698976,167.44799288378022,154.6765357994241,156.568603515625,46155429
2020-06-16,161.39338543311396,162.67052250778633,152.4060635880945,155.05494689941406,25973471
2020-06-17,155.10224265181884,160.25812410868028,152.97366654652762,156.0955810546875,24989870
2020-06-18,157.51463492033494,165.98163493138887,156.56860107696957,164.98829650878906,37916748
2020-06-19,167.25878261975893,168.58322419645123,160.21083353279474,163.61654663085938,27707425
2020-06-22,165.55591288192542,170.286081821409,164.6098790940287,167.4952850341797,20654498
2020-06-23,167.35337061982068,176.81370846006675,166.54925056459774,172.13084411621094,21410683
2020-06-24,174.92165227510208,175.3473790538814,163.19083836394233,164.70449829101562,21627394
2020-06-25,162.71783255261337,166.8803759833149,159.690526927073,163.0489501953125,17818855
2020-06-26,166.0289389752327,170.99561663688496,164.7517875166755,166.73846435546875,17933470
2020-06-29,165.46130918314364,165.65052749522425,158.74447772886649,162.76512145996094,14623425
2020-06-30,164.60988637508794,166.31275015568949,160.44734329835592,161.86639404296875,10279602
2020-07-01,157.98764786193388,168.3940198767918,156.14288480091153,165.934326171875,24691168
2020-07-02,167.44799027567137,169.57656642324346,163.66385490220986,164.98829650878906,13114899
2020-07-03,167.0695834604588,167.77910884700887,162.05560117510535,162.95433044433594,10083203
2020-07-06,164.42069856405672,168.29942898384516,162.9070385144165,165.60324096679688,12011426
2020-07-07,164.60988456383518,171.94164666366115,161.62988380707034,170.5699005126953,25072998
2020-07-08,171.23213152748684,173.4080123289908,161.96099665716437,162.85972595214844,26968168
2020-07-09,165.22479233317458,165.22479233317458,160.589232629346,162.62319946289062,18343908
2020-07-10,162.62321376924498,164.23148286971306,158.08226281717117,160.9203643798828,17017294
2020-07-13,163.47465329174247,165.46131572921178,161.3933816944899,164.37338256835938,15282350
2020-07-14,163.14351048070674,163.19081505329518,156.56857908011798,157.32540893554688,15350736
2020-07-15,158.93369125390015,159.69052124217546,149.85176026525903,151.6019287109375,23665774
2020-07-16,152.83176491567465,153.25747724317296,146.25683282224657,148.9057159423828,18749239
2020-07-17,148.52730819245772,151.1762057479243,146.68254514974487,148.9057159423828,17283895
2020-07-20,150.41938665879948,150.41938665879948,145.8784211556185,146.39874267578125,16709174
2020-07-21,147.29747624188752,147.8177977771294,143.79715367759147,145.4527130126953,21967320
2020-07-22,145.6892117056877,150.37207633773292,141.00634707364247,148.52731323242188,40102718
2020-07-23,152.31145795404353,158.69718678130934,149.18954319586948,150.37208557128906,65194067
2020-07-24,150.3720817864404,150.3720817864404,142.37809841687798,143.51333618164062,38315940
2020-07-27,140.10761711869614,146.7298539817073,136.79649868719056,137.55331420898438,39921647
2020-07-28,138.97236921210396,140.01301223936687,133.48538433477214,136.60728454589844,28327411
2020-07-29,137.17490687690602,139.2561784390067,133.86378843504966,134.6679229736328,22048600
2020-07-30,135.9923490285909,137.69521263392775,130.64726421481618,132.63392639160156,24878872
2020-07-31,133.2961741948987,133.4380879447804,130.64729075442563,131.26220703125,17792928
2020-08-03,131.26219840994256,132.16092769216962,127.3834537999127,127.66726684570312,14721260
2020-08-04,128.47139447366712,137.08029349610712,128.28219059845543,135.61395263671875,48864403
2020-08-05,136.7964917343166,139.39808465541276,134.05298508359897,137.69522094726562,27773529
2020-08-06,138.59395803243171,144.3647702502353,138.12094111081933,140.7225341796875,36848744
2020-08-07,141.38474893245044,143.13491724165183,140.72252815759836,141.9996795654297,13680936
2020-08-10,142.47271727614176,145.68922690112456,140.9590571965426,143.0403289794922,13342848
2020-08-11,144.4593793626493,152.26415934667125,144.3174800461636,151.12892150878906,46604254
2020-08-12,149.6152476637083,155.43336450475334,147.81778912211576,152.54795837402344,38666779
2020-08-13,152.9263596453722,155.29144417088264,151.46001878782002,153.54129028320312,19407436
2020-08-14,154.96034995069112,158.46067236359687,149.6625545333578,152.5006561279297,37388916
2020-08-17,154.67653516778478,161.77178907456388,154.10890908111003,160.9203643798828,40616135
2020-08-18,160.82576059077962,169.43467472594807,156.3794042144538,164.56259155273438,59453332
2020-08-19,163.19083391064223,189.20676395436783,160.11622399638378,186.1794586181641,144862587
2020-08-20,184.47659942828312,195.8290055469467,182.1115148202282,188.6864471435547,165958795
2020-08-21,188.6391465061964,192.9909080500857,178.94229941054255,181.6858062744141,82295320
2020-08-24,184.4766140899472,192.8490200420084,183.0102586293453,190.720443725586,74692814
2020-08-25,192.84899480589,193.463910998256,187.07818288462164,189.15945434570312,32295919
2020-08-26,191.0042207589325,201.88360959068208,187.0781862155202,200.08615112304688,69274346
2020-08-27,200.0861571437528,204.8163263433687,194.0315463423768,198.24139404296875,59247772
2020-08-28,199.755038527372,206.70839299019028,199.47123992507792,202.3093414306641,43106461
2020-08-31,204.20140433527072,205.9988628060594,190.2001010140844,192.565185546875,40765822
2020-09-01,193.93694294173267,195.9236198386829,185.6591465966587,190.90963745117188,35361139
2020-09-02,192.80169680505185,209.0734757403084,191.2880369079128,206.3772735595703,64986844
2020-09-03,206.3772758045292,213.18873098041863,203.2080711112077,208.36395263671875,53032493
2020-09-04,203.7756751078093,211.72236770312216,199.234724408008,208.5058441162109,48959203
2020-09-07,208.5058350750949,213.6617306189497,204.20139301236048,211.8642578125,42979193
2020-09-08,211.5804503833516,213.2833140845623,200.6537717075201,202.2147216796875,33660775
2020-09-09,200.55916990535687,211.43855883890225,196.25471313588807,209.5937957763672,52807559
2020-09-10,208.88330882627463,216.84076242817108,207.9359922329582,211.3936920166016,46078546
2020-09-11,209.3096001097604,212.9094060847096,204.80984625479985,206.60975646972656,27198663
2020-09-14,210.3042841132925,212.86203602909487,202.82048879392525,204.80984497070312,23005269
2020-09-15,206.98868867249087,208.59912409154765,204.9045949269526,205.99400329589844,17216230
2020-09-16,206.98866986343648,207.79389472724657,202.3941787321036,204.4782867431641,14876075
2020-09-17,204.0993733413335,212.8146838007228,203.90991289861083,209.45172119140625,38032583
2020-09-18,211.6305204121425,214.70929932946945,207.65179362534693,208.69384765625,24882963
2020-09-21,210.0674609396358,212.95677952786988,193.58415749792383,199.599609375,29829409
2020-09-22,201.1627050190847,201.1627050190847,183.1636878987394,186.71612548828125,54161220
2020-09-23,189.55805847251656,192.3526395667288,168.05395997168364,181.69532775878903,65002891
2020-09-24,175.25356683702103,185.48458876497384,173.21684197736317,180.3217163085937,76316695
2020-09-25,187.1423981821585,190.8842958803964,173.548399120377,187.75814819335932,61556634
2020-09-28,188.27916886563787,198.69965116763544,186.8108252866484,197.75233459472656,34075362
2020-09-29,198.9364800412031,203.2941420526386,193.53677847392265,196.85238647460932,45045643
2020-09-30,197.98917714293228,201.7784436911224,195.2893189453849,197.8944396972656,31201535
2020-10-01,199.8838039647753,203.67307039064784,199.41014566154124,202.7257537841797,19069858
2020-10-05,203.1994210161606,203.6730793402076,196.5682044795027,197.2313232421875,22137202
2020-10-06,199.88379935838515,207.98335904801132,197.46813917658025,205.47296142578125,26397296
2020-10-07,206.13610072771283,206.98867989727304,193.06312858006208,195.099853515625,33782509
2020-10-08,198.84175679127324,201.7310754318891,193.394686115732,195.052490234375,24845156
2020-10-09,196.23664104688424,197.13660344106376,187.56869935849176,189.9843597412109,23605416
2020-10-12,186.0056263408587,187.56869300056823,176.72192046298096,179.8480682373047,47814117
2020-10-13,180.46380718878405,182.21634863110907,171.98532674989804,172.83790588378906,29409570
2020-10-14,173.35894007303077,178.28498356663874,169.1907527603404,176.39035034179688,35731823
2020-10-15,177.14820469044753,178.47444215215765,169.28547399769818,170.46961975097656,20008464
2020-10-16,171.93796650795616,173.31157271579914,164.3594335489278,166.4435272216797,29518460
2020-10-19,167.39084404277764,168.52762109701752,164.35943374650316,165.02255249023438,20655435
2020-10-20,165.0225292542018,174.1167733174128,163.88575236002606,173.35891723632812,32493833
2020-10-21,175.253565490037,179.2322921939652,166.77508507758083,171.0380096435547,30221784
2020-10-22,171.6537647576589,175.86932073001387,171.038014750594,173.8325958251953,20327311
2020-10-23,175.15882979964502,177.85868783367567,173.92732980999273,176.0587921142578,16063045
2020-10-26,177.1008498180067,177.1008498180067,166.7277350991273,167.39085388183594,21239043
2020-10-27,168.8118224310474,179.65859507282303,168.14870367373754,177.7639617919922,29961255
2020-10-28,176.29563093389783,176.76928924972788,170.8011915792886,171.84323120117188,15589737
2020-10-29,171.65375425555945,171.93795210870326,166.9645402708482,169.66439819335938,14129357
2020-10-30,172.36426225821975,179.61124333232453,170.99065600126815,178.00079345703125,36088319
2020-11-02,176.86399605633338,176.86399605633338,171.46429464094183,173.78521728515625,24307020
2020-11-03,176.0114215107598,180.700635638982,171.180101224165,172.458984375,29130334
2020-11-04,174.30625617882342,175.5851393838363,169.71176483997422,172.26953125,15629613
2020-11-05,174.30624846210628,181.884781003937,173.35893189437746,180.4638061523437,23465361
2020-11-06,181.26901500060825,184.72671438534732,180.5585276375877,182.92681884765625,16331375
2020-11-09,183.8741444625031,186.19506707264213,180.1322326008571,181.5532073974609,12015414
2020-11-10,181.8847649332652,185.6740308693748,178.09549899715543,182.92681884765625,16211541
2020-11-11,185.7687814247154,189.46331019148803,183.0689234725253,185.01092529296875,19537936
2020-11-12,185.67404196601484,189.4633081285866,184.3951588541856,187.99496459960932,11185597
2020-11-13,188.04234185391323,188.37390844015124,180.6532696104865,182.5005340576172,17321552
2020-11-14,184.63197695498368,184.63197695498368,181.4111066912514,182.92681884765625,1626286
2020-11-17,184.6320086784272,184.91620656344668,178.04816087418132,179.56387329101562,16962442
2020-11-18,178.4744355781517,182.07424142650203,176.24825031693115,180.4638061523437,16731478
2020-11-19,179.99015527690423,181.8374197690285,175.5377701162985,176.53245544433594,18335986
2020-11-20,177.90604956658817,178.9480890903617,173.5957564073753,175.7272186279297,15110555
2020-11-23,177.14820131722803,178.09551790181212,174.06942241732966,177.33766174316406,10409948
2020-11-24,179.0428336810657,180.84272940171803,177.62185881058105,178.3797149658203,10723549
2020-11-25,179.84806216124528,183.3057619667705,177.1482040712459,178.4744415283203,19366032
2020-11-26,179.99015556807888,180.8901034549384,177.24294318610677,179.75332641601562,11611301
2020-11-27,180.7480113874546,190.41063788150527,180.03752393267283,182.59527587890625,46930628
2020-12-01,184.72673352405585,187.80551241612343,179.99015061318264,185.3424835205078,22924405
2020-12-02,185.29512333983905,189.463310386378,183.63731937395823,187.33184814453125,17412260
2020-12-03,189.0843965705179,196.09453353322223,188.3265404098435,193.7262420654297,26333709
2020-12-04,195.1472134877512,201.11531077180388,194.6735552025867,195.9524383544922,23908626
2020-12-07,197.5155094487469,205.2361338922399,195.6682449851711,204.4309234619141,25237101
2020-12-08,205.23613975037952,206.42028552427948,197.32605465367047,201.54161071777344,19510057
2020-12-09,203.76781745360813,208.362294538952,202.962592518132,204.1941070556641,18236499
2020-12-10,202.20471161169056,202.63100116168533,197.2786685180664,201.3047637939453,12690594
2020-12-11,202.7257466135639,205.2834984695767,198.4628220352413,201.4942321777344,12922375
2020-12-14,203.6730506117188,206.32553974322408,202.2520758400092,204.05197143554688,11216924
2020-12-15,203.1994101096844,221.67208375601933,201.920526921438,219.77745056152344,47532503
2020-12-16,219.77746144540149,224.4193072198295,216.69868235187755,219.68272399902344,26452726
2020-12-17,219.493248873912,225.6508066489306,212.1989140929477,213.99880981445312,25070715
2020-12-18,215.51451891561464,218.68803519589392,205.3782345433115,213.383056640625,23682246
2020-12-21,213.09886594944444,216.17764489468289,192.0684403529505,201.4468688964844,27190879
2020-12-22,202.96256728571143,205.47295031731903,191.3579397512892,203.24676513671875,26487392
2020-12-23,202.9625718466845,206.98866720420327,199.59959518648225,205.6624298095703,16645688
2020-12-24,207.4623181295267,210.73055723647693,204.1467103055388,205.8518829345703,14303972
2020-12-28,207.69916340039163,210.92003404060253,206.0413593595675,208.5517425537109,10775262
2020-12-29,209.54643840118496,211.53580913212312,204.95196135863503,206.65711975097656,12167033
2020-12-30,208.40965605999185,208.45702478189548,203.1994146584921,207.6044311523437,11515691
2020-12-31,207.4623257425808,214.66193734939884,205.80452176975191,211.72525024414065,19679484
2021-01-01,211.725255544869,214.33037613882155,211.2515972550595,213.098861694336,6985802
2021-01-04,214.9461312437037,216.17764571746707,204.62038606233452,207.5097045898437,26346595
2021-01-05,206.51501423696453,211.2515971323077,203.8151562046573,210.77793884277344,20605048
2021-01-06,210.7779316380028,213.43042085970885,205.56769063122064,209.54641723632807,14154683
2021-01-07,211.96208525380703,212.7673101305876,206.60975234667808,207.4149627685547,14428798
2021-01-08,210.16219607936523,224.371945254308,209.0727733030104,218.97222900390625,44035673
2021-01-11,221.67208810240152,221.67208810240152,210.77794702044588,211.8673553466797,18011706
2021-01-12,213.14623318075212,217.5986182717693,211.9147187202826,214.2356414794922,13723435
2021-01-13,216.5565657558332,220.44055487769825,211.72524564374612,215.8934326171875,13442449
2021-01-14,216.9354927474349,219.25641543388303,214.2830034822497,217.26705932617188,9349315
2021-01-15,216.93550227063545,221.29316443008585,209.92536518446303,213.051498413086,18690401
2021-01-18,213.99880985602945,213.99880985602945,203.0573149099092,206.5150146484375,13959600
2021-01-19,209.3569683983397,214.9934992719296,208.6938496699593,213.193603515625,11383216
2021-01-20,212.9567736346899,219.11433150761744,211.96208831808232,216.5565795898437,10865893
2021-01-21,218.26173864780068,221.57734674460696,211.72525989605853,213.193603515625,10893385
2021-01-22,213.61988067808025,214.70928892175,206.23080874368927,207.7465209960937,9909823
2021-01-25,210.30428331335776,212.9094039399872,203.48360674552697,211.9147186279297,15254124
2021-01-27,212.19893374814785,212.9094212495368,206.7518629041664,209.45172119140625,10201540
2021-01-28,205.5677010621892,213.43043168965005,205.18878020624817,208.5517425537109,8740020
2021-01-29,211.9147212509204,216.9355021390048,206.2781903527,208.4096527099609,13881940
2021-02-01,210.30427301842423,217.4091471068845,202.9152010754449,215.23031616210932,12214573
2021-02-02,215.988169381232,234.6503021780156,215.514511115045,230.10317993164065,31973546
2021-02-03,232.0925729874066,238.4869602023658,225.98238365075989,231.334716796875,25334325
2021-02-04,230.00848603153284,247.24964620957172,229.25062981883667,236.30813598632807,42216784
2021-02-05,238.2501348521156,238.2501348521156,200.8784963120192,203.957275390625,83931232
2021-02-08,208.4096501928684,210.6832042311925,199.6943404394201,208.17282104492188,52078446
2021-02-09,210.2095672887893,210.2095672887893,202.7257712354252,204.38357543945312,24401733
2021-02-10,206.04136406620847,208.6938534830992,203.6730725252176,205.80453491210932,17069196
2021-02-11,205.8045319205204,207.08341511602728,202.7257529619856,203.767807006836,14009697
2021-02-12,204.57300295044283,206.89392557143947,200.83110552619485,201.3047637939453,16761723
2021-02-15,204.38355588677533,204.38355588677533,199.03122289348653,200.5469207763672,16138993
2021-02-16,202.2520957327957,202.48892488470767,192.16317964330884,195.2419586181641,22889782
2021-02-17,195.99978563511,204.6203718998907,194.43671913172489,203.6256866455078,24935346
2021-02-18,203.62567870669648,206.4202594896548,199.88378142409792,200.59426879882807,10113509
2021-02-19,200.59427623112376,202.4415405828855,194.91037702268585,197.5628662109375,11980113
2021-02-22,197.98917979473225,198.55757556653555,189.7001591095461,191.1685028076172,12740682
2021-02-23,193.06311881962296,194.9577519494428,187.61604857139088,191.31057739257807,13790781
2021-02-24,192.82627829489687,197.79968996706864,191.83159306948195,194.76828002929688,14598127
2021-02-25,196.89975731460663,199.69433834001416,195.4314137217948,197.61024475097656,14098285
2021-02-26,194.19991108908584,197.56288805014609,189.46332789179107,190.41064453125,15890204
2021-03-01,192.3052725254129,206.7044821585024,191.73687677539573,205.4256134033203,31327176
2021-03-02,205.5677010621892,209.73588829715675,203.0573178680457,208.5517425537109,20946460
2021-03-03,210.20955332701288,214.09355727187148,208.83594711160347,210.3042907714844,15614989
2021-03-04,208.40966445399016,219.58800389295791,205.3782540438222,213.8567352294922,28577547
2021-03-05,213.1462408481381,217.3144282205399,204.05199545665576,206.56239318847656,18275754
2021-03-08,208.693862158384,215.70399962916272,206.65712267552308,212.956787109375,17810992
2021-03-09,214.0461750300265,215.9881768797948,203.67306153138543,208.7412109375,11173032
2021-03-10,210.39902131639377,212.24628578377468,208.7412172768384,209.97271728515625,7032325
2021-03-12,211.1568778182362,214.56722357759045,206.2308340752064,207.2728881835937,11711197
2021-03-15,207.4623447431629,208.74122799271967,198.03654703964853,202.0152740478516,19822692
2021-03-16,203.4836122237293,204.05199352098984,198.9364895711228,199.74171447753903,9399663
2021-03-17,198.93649057316767,200.6890321054169,192.0210763432148,192.6368408203125,11389219
2021-03-18,195.526136847852,203.5309735339744,193.34732027200488,196.18927001953125,22859020
2021-03-19,195.1472127774276,205.4256033100448,192.4947234991808,204.4782867431641,16239368
2021-03-22,202.8204883028873,205.85189850890305,202.15735512399604,203.00994873046875,8223442
2021-03-23,203.95726655554435,205.04667486189783,199.31540654978085,201.4468688964844,7471433
2021-03-24,200.12064240543955,201.6837090967035,193.63151756796395,194.38937377929688,9492234
2021-03-25,195.14721175012315,195.62087003107004,184.0636108669464,185.768783569336,14877598
2021-03-26,189.0843872149108,193.1104825109531,187.66341240454287,189.4159393310547,9834076
2021-03-30,193.25258448353875,193.25258448353875,187.52131621939412,190.3632659912109,8199118
2021-03-31,190.78956289817165,193.7736189462009,188.4212713306427,192.49473571777344,6453075
2021-04-01,193.4420313283761,199.74169488652225,191.5473982801944,198.2259826660156,8509692
2021-04-05,197.98917029775285,197.98917029775285,185.200396139764,191.5000457763672,14387268
2021-04-06,191.59479120342613,193.7262536519192,188.1370912356105,189.3685913085937,8767242
2021-04-07,190.3632663968068,193.4894140434468,189.2738580972509,189.8422393798828,12421910
2021-04-08,191.35794611180435,194.38935622853532,190.031708702892,191.31057739257807,8695941
2021-04-09,191.83160339915904,197.0418444791362,190.41062855916527,195.194580078125,11821377
2021-04-12,190.6000736473051,190.647442362475,166.82243857715028,171.55902099609375,24875466
2021-04-13,175.11147317760955,179.27966029010767,172.50635261857232,178.14288330078125,9965317
2021-04-15,179.42174496087645,180.46379892561023,175.15882057680693,179.23228454589844,10404058
2021-04-16,179.2323017164654,186.5266368036945,179.2323017164654,183.7320556640625,7952202
2021-04-19,177.1481999920159,181.12692672652423,175.34830427673234,180.3217163085937,9346956
2021-04-20,182.83210268438748,191.1211228838092,182.0742465180309,187.0002899169922,15709132
2021-04-22,185.2004014180279,189.2738658235741,181.6005953281288,182.1689910888672,10203121
2021-04-23,181.8847864029256,182.8321029987741,177.1482034236827,178.09552001953125,8529439
2021-04-26,180.55854463825628,181.03220292486776,175.34830348553004,176.57980346679688,8542755
2021-04-27,178.09551815735134,182.78473236679017,176.9587411452001,178.23760986328125,14247767
2021-04-28,178.85337537374468,180.5585481294976,177.24294005910738,179.1375732421875,8429439
2021-04-29,180.74801958788305,181.55323006689167,176.20089677999886,176.721923828125,9483009
2021-04-30,175.53777782253428,180.89011110351493,173.9746966798824,175.8219757080078,11435285
2021-05-03,174.35362536487276,174.7799149493782,171.60639851657407,174.06942749023438,6894289
2021-05-04,175.63249620855174,177.47977518823322,171.27484841355292,172.50636291503906,6677740
2021-05-05,173.9746879434023,175.11147942821017,171.46430473341073,173.3115692138672,5766913
2021-05-06,174.30625683191872,174.49571726358124,170.1380695157259,172.64845275878906,7055520
2021-05-07,174.25886752032267,180.70062262003853,171.8432075510664,176.4376983642578,21179867
2021-05-10,177.33765870686153,183.4004934173368,176.72190871938605,179.04283142089844,13695685
2021-05-11,178.0955271211186,179.80069995262087,175.30094594291177,177.00611877441406,9111997
2021-05-12,176.6745495178539,187.75815107383755,173.3589413499585,182.8321075439453,30610882
2021-05-14,183.921505048354,184.7267299094077,176.3903412584127,181.505859375,18946472
2021-05-17,182.0742393727037,183.779412066362,177.29028786865527,178.28497314453125,16998275
2021-05-18,179.99016851648273,184.72675189849545,179.6586018977797,180.4164581298828,16370272
2021-05-19,181.69532363445967,185.4372212488842,180.7006383306496,182.5005340576172,17744630
2021-05-20,184.3951633301729,184.4425320493356,179.27965966848927,181.505859375,14928706
2021-05-21,185.67407114020443,188.51602120867693,180.1796314501765,180.65328979492188,36903604
2021-05-24,182.5952774029318,190.07907287380092,180.70064417436703,187.61605834960932,26696689
2021-05-25,189.4633274637531,193.48942317235785,188.0423525077749,190.93167114257807,25885294
2021-05-26,193.25258901164165,196.14190757166912,192.35264112046048,195.099853515625,17320393
2021-05-27,195.5734984958777,203.1520308819028,192.96837798818163,198.6996459960937,102639504
2021-05-28,202.7257309230188,204.9045617631719,199.1732940493677,200.59426879882807,24722072
2021-05-31,200.92587590463452,203.62571980052488,197.18396341197572,198.3207550048828,15441552
2021-06-01,199.4101435879268,202.4415538061211,193.7736127290351,201.9678955078125,27473056
2021-06-02,201.11531570224705,203.9572654829055,199.6469720912593,201.58897399902344,21107780
2021-06-03,202.1573418875923,209.3569533035208,201.0205649416308,208.0307159423828,27032934
2021-06-04,205.18878946077552,209.78326647962515,204.715131142034,206.7992248535156,21970877
2021-06-07,207.4623305667897,210.967399014152,205.6624348506832,206.13609313964844,23608067
2021-06-08,207.4623342517025,209.59379658990488,203.1046721338603,208.5517425537109,16723656
2021-06-09,208.40965792902827,214.2356494028097,202.8204956119844,205.14141845703125,23807905
2021-06-10,207.22550102208464,212.62520261487933,204.14672214975653,210.3990173339844,24055745
2021-06-11,211.2516076051189,214.04618876093213,207.88863069172464,208.88331604003903,11069850
2021-06-14,208.8832987236673,209.26221956070583,202.5362807464005,206.7044677734375,12388921
2021-06-15,207.6991454150715,222.0983535175189,207.17811844209191,218.26171875,44025606
2021-06-16,217.88282779053608,219.7774610756712,214.2356529346891,215.56190490722656,14531890
2021-06-17,213.9987913412713,219.2564008016805,210.49372318596605,211.96206665039065,19041251
2021-06-18,213.14623069405664,214.61457428537423,201.4468651384436,210.2569122314453,17030805
2021-06-21,206.89393299608687,212.34100327069208,204.6203790112566,210.02008056640625,15831666
2021-06-22,212.009467453308,212.10419044460204,205.9466322691993,206.65711975097656,9338957
2021-06-23,208.88331178397985,210.30428669407493,204.6203870536945,205.0466766357422,9257067
2021-06-24,206.51501237471803,207.03603937948824,202.3468252463641,203.4362335205078,8267604
2021-06-25,204.80984874481567,208.26756305360783,204.2888217169261,206.8465881347656,5652460
2021-06-28,207.46233944153727,209.83063098767363,205.80453535924195,207.6044311523437,6550799
2021-06-29,208.4096528207077,209.1201402735056,204.0993593827532,204.66775512695312,5941840
2021-06-30,206.23081451257943,206.420274935704,202.29945652685709,203.4362335205078,6262355
2021-07-01,204.6203842960584,206.51501748398485,203.1046719637556,203.909896850586,7236555
2021-07-02,204.9519423935376,206.7518380655258,203.4835988427559,205.6624298095703,5672652
2021-07-05,207.27286748678424,208.12544661403768,205.80452391882227,207.3202362060547,4474970
2021-07-06,207.4623365173178,211.7252612402764,206.7044803422554,207.8886260986328,11029058
2021-07-07,207.2728840102488,208.69385897221807,205.899277771326,208.07809448242188,5669182
2021-07-08,208.55173262937092,211.2989592963756,203.2467686241233,204.7624664306641,6358866
2021-07-09,205.0940442961366,205.993992176894,203.24677981354947,205.18878173828125,4545309
2021-07-12,207.3676010887232,207.3676010887232,203.6730720749076,204.004638671875,5141836
2021-07-13,205.09402948591145,205.1887669212149,202.15734245034128,203.24676513671875,3801626
2021-07-14,203.2941520475503,203.62570419097744,201.7784396764695,202.96258544921875,3920568
2021-07-15,203.43624883932137,203.5783405536384,198.4154677464852,198.79440307617188,5824639
2021-07-16,199.4101312445746,201.11530390391744,195.71560252841792,197.94178771972656,6418861
2021-07-19,197.0418550431296,199.3154091270501,194.768300959209,195.62088012695312,4489542
2021-07-20,196.85238548202017,196.85238548202017,189.2738529472352,190.78955078125,7631907
2021-07-22,192.02107614410647,194.67356557331257,191.7368782668872,194.0578155517578,4171113
2021-07-23,194.86302436242443,196.4734597132073,193.8209847612847,195.099853515625,4662740
2021-07-26,194.6261872686095,198.17862442168064,193.773608133834,194.910385131836,5690399
2021-07-27,195.19460139005795,195.5261535493142,189.4633326853452,189.9843597412109,6733404
2021-07-28,190.0317284653633,191.35796601219863,187.8528972485008,189.9843597412109,6739382
2021-07-29,190.93165571514413,191.50003697866688,188.04233731380023,188.61073303222656,3907940
2021-07-30,189.1791172228953,195.14721453910104,186.62136536020827,192.0684356689453,9319250
2021-08-02,193.39469142132685,193.48942886981024,191.12113720677704,191.7842559814453,5407707
2021-08-03,192.3052744397362,194.6261972747521,190.4106411940245,193.5367889404297,5731325
2021-08-04,196.3787443811628,202.536302604444,190.41064659684776,191.1685028076172,25196399
2021-08-05,192.6841927584928,192.6841927584928,188.7054658861014,190.97903442382807,5623545
2021-08-06,190.97901976531568,193.7262319424404,185.38984352044025,186.195068359375,10855957
2021-08-09,179.9901553883272,188.27917570226333,179.0428387810202,181.1743011474609,28640365
2021-08-10,182.54791707142613,182.7373775120096,172.69582961203352,173.7378692626953,18572935
2021-08-11,175.15882832549266,175.15882832549266,168.24342891600077,171.93795776367188,18273459
2021-08-12,172.98002724824835,176.57981897880344,172.41163147242122,175.15884399414062,11685849
2021-08-13,176.05877758724944,176.05877758724944,172.03268245583982,173.5957489013672,5903634
2021-08-16,173.73783734488583,174.77989125901436,171.0853627541994,171.55902099609375,4139288
2021-08-17,172.31688143360603,172.88527716790043,167.8644963646464,169.3328399658203,7336721
2021-08-18,169.90125174803305,169.90125174803305,165.7804184224277,167.39085388183594,8089677
2021-08-20,164.9278222192182,166.44352007298244,161.04381846257112,161.47010803222656,10080518
2021-08-23,162.7489861007458,164.6909879182691,158.0124033530809,160.99644470214844,10096320
2021-08-24,161.47012735371203,163.6015899119435,160.66491683799015,162.98583984375,6570936
2021-08-25,163.885771167479,165.30674606199472,160.6649005218717,161.1859130859375,5964565
2021-08-26,161.1859045357674,162.37005021838368,158.72289018886755,159.19654846191406,5813113
2021-08-27,158.20186587064194,162.6542508215296,158.20186587064194,161.75430297851562,5173771
2021-08-30,162.46480213556046,164.92783115689522,162.41743341305312,163.9805145263672,6047087
2021-08-31,164.69099589117243,164.83308759851985,161.99113781233848,162.6068878173828,4048562
2021-09-01,163.88576938261107,165.59094212843985,162.74899237035987,164.6909942626953,6942115
2021-09-02,165.84435521013577,166.56520866830866,163.92207932167474,165.94046020507812,6040834
2021-09-03,166.27687540817695,171.17868511601054,166.18075574104213,169.54473876953125,8531340
2021-09-06,171.32285419347227,175.40769082922125,170.36171616153132,172.52427673339844,11031915
2021-09-07,173.91790376353046,174.0620832510712,170.4097562203845,170.93838500976562,7037519
2021-09-08,171.85147662774685,172.95677945688902,169.73697596958684,170.50587463378906,5332714
2021-09-09,170.45782108455285,176.60909809050014,170.02529727495556,175.88824462890625,8692351
2021-09-13,175.8882511982865,181.4147946102545,174.63876888502904,179.58863830566406,11521335
2021-09-14,197.51384953217269,260.3722658527334,197.51384953217269,251.3856201171875,218600225
2021-09-15,251.3856238493054,289.0622439352722,241.4378546779465,245.9552001953125,200295409
2021-09-16,245.95518370878105,252.2986997399925,235.6710110715872,237.54522705078125,37987576
2021-09-17,237.9777656060664,251.81814641281665,232.787611804184,245.522689819336,76050862
2021-09-20,242.11064711607835,257.2966445368817,240.47671551144552,245.522689819336,52771511
2021-09-21,247.9255450159869,251.00116884562289,238.41027054678287,245.76296997070312,23976844
2021-09-22,270.3200679496373,341.540401051756,270.3200679496373,323.7112731933594,191544190
2021-09-23,329.6703486925683,348.79698987867323,302.758483493175,305.8341369628906,138183537
2021-09-24,309.4864305868629,320.0589484019421,294.4926721827936,306.50689697265625,73023126
2021-09-27,293.1470848776001,315.20521332480195,290.2636709279844,309.7267150878906,47746149
2021-09-28,310.25533089689685,310.4475702272022,295.4057665763226,297.13580322265625,29276423
2021-09-29,294.1082266194627,300.5478629218768,292.18595062848584,297.8566589355469,26734801
2021-09-30,291.12869422380265,297.56833055401387,288.34139989117546,291.41705322265625,30872327
2021-10-01,288.3413776574198,291.0325521162484,272.9631708490241,284.3526611328125,36734296
2021-10-04,284.01627278308155,294.5407453853498,280.5561701925,289.5428161621094,21838276
2021-10-05,288.245269142449,291.4170420182661,282.7187258570191,287.8127746582031,18671616
2021-10-06,288.7739188937612,294.8771216240953,281.13286019180407,283.24737548828125,20947344
2021-10-07,283.7279179766387,285.9385233996935,280.17169603701063,281.3250732421875,9513397
2021-10-08,283.53571447436383,287.4763862028708,280.8925849326537,283.1993103027344,11723263
2021-10-11,283.5357083067602,303.1429175233476,274.26073252847,294.3485107421875,26910318
2021-10-12,296.8955097591483,301.4128699004644,285.45797390988747,294.2523803710937,35716451
2021-10-13,291.12867436106154,309.2461302844508,286.9477184815714,304.68072509765625,45042091
2021-10-14,308.5252856997694,309.0058546806102,299.20223573881754,307.41998291015625,26317075
2021-10-18,307.03553730992513,310.4475653825722,297.0396789221078,298.7697448730469,20938494
2021-10-19,299.8750429585231,308.5252845823267,289.3986450804594,297.1838684082031,28366351
2021-10-20,298.9138960874757,312.3698271010598,294.781014723087,307.6121826171875,37524512
2021-10-21,311.6970321448033,319.04976108545566,304.2482128723697,308.5733337402344,39983507
2021-10-22,309.58253795139234,316.83911770351483,292.1859352805397,296.0304870605469,31263670
2021-10-25,296.9916447601448,299.250324947457,281.61343661722464,292.5704040527344,15469404
2021-10-26,293.9640640506066,312.3698509396531,288.34140086737204,305.16131591796875,32370105
2021-10-27,305.0652051798957,305.0652051798957,289.8311615218843,291.5131530761719,17194768
2021-10-28,291.7053745327156,293.627650476918,283.6318214333861,285.7463073730469,14925459
2021-10-29,285.45797933991986,297.6163688899291,285.45797933991986,289.2544860839844,14679306
2021-11-01,292.08979482834104,300.5958709024523,289.6869501368746,299.0580444335937,10772688
2021-11-02,300.7881189592631,304.5845960832459,298.6736038366288,301.65313720703125,9143980
2021-11-03,301.797332255513,303.23903925673363,293.2912550819907,294.9252014160156,8651729
2021-11-04,296.9916514767546,299.20225721465164,296.94360630786315,298.0969543457031,1383317
2021-11-08,298.91390642161923,308.47724088382665,296.9916304960783,304.4884948730469,14261936
2021-11-09,303.7195899061843,315.1090803939867,300.4036522710866,311.9853820800781,17183572
2021-11-10,309.3903170564813,311.9373268961109,300.9803595368339,305.01715087890625,8233847
2021-11-11,305.6419050432474,310.0631460139678,298.0489201867961,301.84539794921875,10061766
2021-11-12,309.96702330363945,309.96702330363945,296.51109050906285,300.5478820800781,13094002
2021-11-15,301.7973146407957,315.01296138063947,299.9230839159588,312.4178771972656,16644723
2021-11-16,314.77269644451644,323.6632229853157,310.4475754246681,312.033447265625,32373100
2021-11-17,311.8892595570434,313.8115354248834,305.73798264627567,307.7563781738281,9040258
2021-11-18,308.04469818145594,309.91892882658885,294.73293234691994,301.50897216796875,14285918
2021-11-22,301.7973293981193,302.758467389833,281.51731190663827,287.33221435546875,15365142
2021-11-23,287.2841285876449,301.7492723944759,284.8332385375572,300.2594909667969,14920287
2021-11-24,305.11326953070886,324.6724043460704,302.0856613684217,321.404541015625,40329091
2021-11-25,323.9035053816376,330.39118686925195,317.9444380603724,327.70001220703125,30805171
2021-11-26,321.02007523066584,337.4555400384366,313.33097163232657,329.23779296875,46362355
2021-11-29,330.6314896454383,332.5057205781055,315.7338498503677,317.0794372558594,18714952
2021-11-30,321.0200712133312,323.32679639764547,309.00584699127535,311.697021484375,16291378
2021-12-01,315.25325126982284,325.6335295180173,311.98538806810257,323.9515380859375,14940941
2021-12-02,324.43209223387754,330.0547549160892,318.4249802510876,328.85333251953125,13740751
2021-12-03,334.47600718487973,342.1651107983252,332.073162305678,335.9657592773437,34508192
2021-12-06,338.3205484111657,349.8542034706373,337.8399794503544,342.16510009765625,38258224
2021-12-07,346.9227485602347,347.787766833393,335.2929737075896,337.02301025390625,17428900
2021-12-08,339.18558872440417,346.7785729325146,337.4555520856562,342.9340209960937,16944434
2021-12-09,344.0393466584676,356.5821853819852,340.8195286060833,353.6507263183594,28325189
2021-12-10,354.611862748786,358.9850287424586,352.16094334716496,356.5821838378906,14812417
2021-12-13,359.4175541372031,360.4267372689149,340.77145413054217,344.13543701171875,20506495
2021-12-14,341.4923039535507,358.16805335253497,339.3778180498114,355.861328125,19401301
2021-12-15,357.062772352246,363.9829777886189,349.66199790866926,352.9779357910156,25662380
2021-12-16,355.95743185705163,357.0627345904056,346.2018879088561,353.8909912109375,16079499
2021-12-17,351.295931628503,351.4881709571107,325.48937100369994,329.04559326171875,29550773
2021-12-20,325.4413030631587,337.2152424921643,310.0150219674193,318.6172180175781,31648004
2021-12-21,322.50984251915565,342.3092910842904,316.2144003839704,334.2837829589844,46828469
2021-12-22,328.70918756300404,345.6732669612653,319.7706161250724,335.1968688964844,70617043
2021-12-23,341.2039692436234,343.31848444763324,322.2214948983796,325.0087890625,31445496
2021-12-24,328.70916655001065,328.70916655001065,317.2235567463975,318.9055480957031,15973004
2021-12-27,319.0978188402918,320.73176518747715,303.2390416991327,305.5938415527344,22394765
2021-12-28,305.593801111232,312.754260728408,304.68070839129933,309.0058288574219,14889633
2021-12-29,309.4864387547408,312.22568794544367,304.3924190420405,305.5938415527344,10749681
2021-12-30,307.37189292779937,309.00583911298133,301.7973047635339,305.73797607421875,13792892
2021-12-31,306.69912143681177,310.4475535232488,305.9782679843584,308.3330383300781,7867316
2022-01-03,306.2666250366497,311.8892883352078,306.2666250366497,310.3995361328125,5400666
2022-01-04,311.9853752653366,316.59882555708066,308.6694377026694,309.82281494140625,8071486
2022-01-05,309.9669997886104,310.2553294511212,305.0651902047024,306.65106201171875,5910270
2022-01-06,303.959853727188,312.9464987471814,302.99871584978973,311.9372863769531,8785346
2022-01-07,314.772674237969,315.109078382101,306.60300177683087,308.3330383300781,7530603
2022-01-10,309.9189615923426,317.6561108036321,308.0927759166904,315.5415954589844,10038793
2022-01-11,316.6949630020198,319.29004726912376,310.6398054875815,312.0815124511719,8086625
2022-01-12,313.5231917298891,315.7337971462178,310.92810769193744,313.2348327636719,4997507
2022-01-13,313.23486265726245,315.8299469428761,310.68785286974,312.8023681640625,4034933
2022-01-14,312.3698449606682,314.0037912669501,308.14084369521373,310.0150451660156,4719499
2022-01-17,311.50479990803666,312.36981815352624,307.9485779379561,311.02423095703125,5322246
2022-01-18,312.1776091281951,312.1776091281951,302.9987530060922,304.2962951660156,8259952
2022-01-19,304.1521222844102,306.12244338991445,296.60718335494727,305.2093505859375,7401104
2022-01-20,305.1132856616578,305.1132856616578,295.26162065056184,296.4630432128906,10663352
2022-01-21,296.51103990636005,296.51103990636005,274.9815569755895,278.1052551269531,14111047
2022-01-24,279.16256350637843,279.4028480233123,252.29874278053265,257.6811218261719,28800291
2022-01-25,256.52774249637054,278.4897530464216,253.9807325022154,277.57666015625,19734730
2022-01-27,272.9632041214246,275.41409439761924,267.72499005617067,272.1943054199219,10806939
2022-01-28,274.30875705047174,281.3250814794698,272.96316982610006,274.4048767089844,9119101
2022-01-31,278.7300397324023,283.1032062093545,277.48057197658915,278.2975158691406,8827496
2022-02-01,281.7095332938351,281.9498177764584,273.92431019052094,278.3455505371094,7873540
2022-02-02,281.7095516983945,284.4968460126026,279.3067067151799,281.180908203125,6392749
2022-02-03,273.25152557841466,280.6523000169837,267.7730564989636,276.3271789550781,12970686
2022-02-04,276.519400385365,277.5285835018215,265.85076325715625,267.48468017578125,10466445
2022-02-07,265.27408706471186,269.74337288263354,263.20764623831843,264.79351806640625,5716433
2022-02-08,265.3221279655231,267.19635876141905,256.9121706304065,260.2761535644531,6048793
2022-02-09,262.39069249175395,265.56243638263817,256.7199837584365,257.6811218261719,8165778
2022-02-10,259.4111347970468,260.0839431153286,252.77928860491164,253.54818725585932,12375550
2022-02-11,253.25984191917468,257.10439359916217,250.56866747582407,251.72201538085932,11096932
2022-02-14,247.0124591513017,249.9439182373821,238.4102772229673,239.6597595214844,11162019
2022-02-15,242.2067525805063,258.44997734359305,241.8223032840004,257.1524353027344,20413908
2022-02-16,258.5461077687277,261.91009058356246,255.6626939274408,257.2485656738281,11455108
2022-02-17,257.63303209756265,258.5461249405894,251.6739940287496,252.779296875,5741013
2022-02-18,252.2986973698727,257.48883613516136,249.9919722888112,251.241439819336,7291926
2022-02-21,247.97360190561184,251.67398904067912,242.9756872809847,244.4654541015625,9746915
2022-02-22,235.4788020229049,241.19756999601512,227.88581794644608,231.10562133789065,14021583
2022-02-23,235.23852195375773,236.43994443564617,229.90420320101268,230.86534118652344,10738414
2022-02-24,221.06173097719784,224.810163157882,210.3450485809281,212.6037139892578,21321440
2022-02-25,221.97481944556964,229.7600431567388,218.32249209136927,222.3592834472656,16615490
2022-02-28,217.9860962358798,223.9451487633758,210.9697860667854,220.34088134765625,27664374
2022-03-02,220.3408817077885,231.8745374569421,218.3705459174811,228.606674194336,17541419
2022-03-03,232.1148066801184,234.5176514697676,226.4440988428664,228.75082397460932,10838206
2022-03-04,226.8285625478305,229.3275271540849,212.5076125583771,215.43907165527344,13748778
2022-03-07,210.8736528732986,230.48087515631696,206.98105604670732,228.75082397460932,19826821
2022-03-08,227.06884887229683,230.7692359794994,219.860313987462,227.50135803222656,13268000
2022-03-09,228.75083153091683,242.49510711488423,226.44410632297595,240.86117553710932,18640774
2022-03-10,247.97358906436972,247.97358906436972,235.4787958169403,237.20884704589844,12616988
2022-03-11,237.49719333381023,243.6484703480722,231.6342459719345,233.02789306640625,15568427
2022-03-14,235.3826925161769,252.5870570093772,234.6137938416892,249.12698364257807,27764946
2022-03-15,249.8958815208942,253.69238837664176,242.78346614392805,244.0809936523437,15453515
2022-03-16,248.9347336277062,248.9347336277062,243.16790582165893,244.2732086181641,8512767
2022-03-17,249.70361531942507,251.57784596180963,245.859078375494,248.7424774169922,9120713
2022-03-21,248.8866910646581,253.0676178024813,246.14744196181977,246.8202209472656,8909916
2022-03-22,247.0124513067828,248.64639754223123,233.6045799374932,238.89083862304688,14965332
2022-03-23,241.24563022347616,250.7608902504321,234.7098891009946,246.099365234375,18175302
2022-03-24,270.7045182753913,295.3096575272185,270.7045182753913,287.2841491699219,86772872
2022-03-25,291.2248204390622,291.9456739550005,281.6134402265519,283.6318359375,30465535
2022-03-28,284.01629000774045,285.98661125146344,277.1441589077151,278.6339111328125,14722885
2022-03-29,283.53569548882257,284.4968334396321,270.41616832659247,273.635986328125,18848071
2022-03-30,275.70242403665253,286.89967517463526,272.963175040524,282.5745544433594,19227857
2022-03-31,284.01629629112216,284.01629629112216,275.79857762346296,277.1441650390625,7805589
2022-04-01,276.80775289026315,290.1675656530208,274.0685036359656,288.149169921875,13698030
2022-04-04,288.1491285536675,296.70327926560634,286.03464278828545,290.9844970703125,12108609
2022-04-05,292.6665213569672,295.069366359898,286.8035736834953,288.4855651855469,9511869
2022-04-06,288.14918532143014,293.1471150816951,275.9427492760087,279.5950622558594,21387631
2022-04-07,273.92430547458025,285.3618407842161,272.19426896211814,273.6840209960937,67870863
2022-04-08,275.65436619533864,277.72083635708333,272.00205353423434,274.8854675292969,9961914
2022-04-11,276.2310382357795,281.0367279383213,273.5879088993816,279.4989013671875,9139147
2022-04-12,279.4989274058132,279.4989274058132,268.49391456070697,271.3292541503906,12633268
2022-04-13,273.25152129223073,274.40489862328894,267.24440880047746,268.4458312988281,11132353
2022-04-18,262.4867885320688,266.7157897830285,257.00829030658684,263.4959716796875,16517544
2022-04-19,266.23521134549287,269.5991941603276,251.28952800079657,257.2485656738281,10774664
2022-04-20,258.4980513730971,261.4295102517353,253.3559577132225,255.32627868652344,7317765
2022-04-21,256.9602244416758,259.79556365886367,255.6626824052537,256.5757751464844,7922326
2022-04-22,254.79767154598983,265.7065929365058,253.7404139548576,259.1708374023437,12008805
2022-04-25,257.58496613248855,257.58496613248855,246.6279995588449,249.36724853515625,11936505
2022-04-26,251.81813253936184,253.78845352315523,249.22304844849128,250.85699462890625,6874717
2022-04-27,249.89586567985148,251.09728811100464,242.49510643710843,243.9368133544922,9546533
2022-04-28,246.3877388956645,246.8202334085144,237.9777811659717,245.66688537597656,13389263
2022-04-29,248.4541777907536,249.27115097282743,237.40109057762527,238.5063934326172,10858160
2022-05-02,235.62297537014777,247.5891552300341,233.7968190323108,245.47463989257807,9807698
2022-05-04,247.5891463402456,248.55028430792387,233.22012199081408,234.325439453125,10533122
2022-05-05,236.77634084953053,242.63927356982884,232.931789033282,234.85406494140625,6845453
2022-05-06,230.6731052917296,239.9961403641101,228.51054492961964,238.6024932861328,9042587
2022-05-09,236.10354533492296,238.7466748517291,223.17624208588623,225.7232666015625,13981930
2022-05-10,227.11689638398155,229.71196586858355,222.31120672145883,223.60873413085932,16954377
2022-05-11,224.858222159168,232.06675683834072,220.43699635542285,230.2406005859375,14030026
2022-05-12,225.8674100038236,231.2017283647336,223.99319400290943,227.0688323974609,9306586
2022-05-13,229.7600305915889,237.8816433610588,228.318323662128,229.95225524902344,9029271
2022-05-16,231.63426324524332,232.4512364300641,226.3960639597873,230.38478088378903,5814197
2022-05-17,232.54731994163407,237.3049497765261,229.9522504558567,236.4879913330078,6091306
2022-05-18,237.4010736724806,238.5544362794296,231.6342459719345,233.02789306640625,7269946
2022-05-19,225.86742256156268,229.56780960601952,218.3224836437176,221.3020172119141,9742143
2022-05-20,227.5974734899936,230.0964234043969,224.2334906059188,229.4236297607422,5651099
2022-05-23,231.6342423270225,234.5176561319232,224.6659922985125,228.6547088623047,7727997
2022-05-24,228.65471631842635,231.20174072862423,224.9062841161445,227.7416381835937,8267637
2022-05-25,229.327527086427,230.0964257350769,215.48713142370408,220.1967163085937,7610418
2022-05-26,221.06173149538188,222.74372293067285,213.70903194457344,220.8695068359375,9419028
2022-05-27,220.148655297315,229.66391534850203,218.70694834011687,228.1741485595703,11730633
2022-05-30,228.1741648384373,236.1516135039041,226.92469711903144,235.1904754638672,8134439
2022-05-31,230.28866451590244,247.01245940293208,229.80809552873723,243.02374267578125,13992839
2022-06-01,243.16790792382932,246.4357711758527,241.1975721399029,243.31207275390625,7109536
2022-06-02,243.16791455364697,247.49303556349443,240.7650695481761,245.47463989257807,6971401
2022-06-03,247.1566198821185,249.31918028629505,240.668938669589,241.7261962890625,6538215
2022-06-06,241.05341560729448,243.60042546500256,234.7579587147418,239.3233642578125,4606156
2022-06-07,239.03499674114803,239.03499674114803,227.98191070876143,228.75082397460932,6638940
2022-06-08,228.75083158162903,233.98903046409856,228.75083158162903,229.51974487304688,6425645
2022-06-09,228.7508405515601,231.7784193395983,227.0207892444804,230.86534118652344,4658413
2022-06-10,228.75084370799632,230.0483858726608,226.0596543782713,226.9727325439453,4042028
2022-06-13,223.65681219607384,223.7529318634816,211.06591305317025,217.88998413085932,19324289
2022-06-14,217.9380327529792,221.54230010832063,211.5464711758276,214.28570556640625,13094527
2022-06-15,218.6588960535386,220.58117206280048,211.6906455199643,212.4114990234375,10716437
2022-06-16,215.34297131456336,216.0638248128274,203.7612555092945,205.2510223388672,12144356
2022-06-17,204.7223870798124,209.33585225702475,201.7428535142081,206.4524383544922,10180352
2022-06-20,207.22134810447807,207.6057974185624,192.70815917787849,200.5414276123047,9248842
2022-06-21,204.72239176814685,213.949322333877,202.89623545437613,212.94012451171875,9602280
2022-06-22,211.0178434216957,212.79593985976345,201.8389729109198,203.0884552001953,7112101
2022-06-23,202.3195369129825,210.0086404536184,202.2234172524041,206.4043731689453,8689798
2022-06-24,207.6057888510909,213.70902045446863,207.1732797241445,212.3634185791016,6246679
2022-06-27,215.2948908958826,216.8327174114591,212.411477178527,213.4687347412109,6191126
2022-06-28,212.98817642425348,212.98817642425348,206.8849445514218,208.8072204589844,6991281
2022-06-29,206.64466206834075,208.0863690130036,204.1456974979379,204.6262664794922,6359417
2022-06-30,204.7223901805526,207.84608862227464,203.76125219848427,205.77964782714844,6263209
2022-07-01,204.72239358731147,207.4616427481104,202.4156682582823,206.9330139160156,4131369
2022-07-04,207.9902529838641,211.45035557782188,204.81850938283816,210.6814422607422,4711613
2022-07-05,211.8828585988065,212.65177189361603,205.68352174116987,206.98106384277344,4722722
2022-07-06,207.02910802681245,216.1118733634001,205.20295179286853,214.95849609375,7153218
2022-07-07,216.06382745401012,217.3133097994353,210.8256282357532,214.3818359375,5442187
2022-07-08,216.2560443821141,220.58116526975644,213.901259276447,215.15074157714844,9254189
2022-07-11,212.89206188281548,217.02495811663545,211.83480424190748,215.43907165527344,4438442
2022-07-12,214.52599408322124,216.9288390318814,211.4503554820965,212.21926879882807,3381170
2022-07-13,213.85319721891992,216.59244628557272,211.9309212888622,214.4298858642578,4251873
2022-07-14,214.33376453239904,218.3705410209252,213.5167914021657,215.67935180664065,4711666
2022-07-15,216.2560313317417,218.0821875077784,213.8531865391668,215.87158203125,2461734
2022-07-18,217.2171925296196,223.27236498904824,216.5443988487503,221.8306579589844,5029013
2022-07-19,221.0617337306597,224.56988146484736,219.71614643514155,221.59036254882807,4528575
2022-07-20,223.9451476488857,226.3479925807407,220.62922457608613,221.59036254882807,5406856
2022-07-21,222.02287435064093,227.6935825911115,221.35008069486,225.81936645507807,7089613
2022-07-22,226.78050666637893,228.99112698491308,222.3112208622701,226.54022216796875,5037214
2022-07-25,226.82854976286467,227.93385250767696,221.78257566856368,224.4257049560547,3995511
2022-07-26,224.42571499786524,230.9614560979869,221.1578517807052,226.0596466064453,7249321
2022-07-27,227.9819111461802,231.15366920776287,226.39603944828923,230.5769805908203,5622615
2022-07-28,231.87453713828043,239.4675212963843,226.9246824190585,238.4102783203125,11831628
2022-07-29,240.2844911644816,243.16790505845532,234.998232358863,237.4010772705078,12094606
2022-08-01,239.22722661899104,249.3191749560572,236.77633661263008,243.3601226806641,14510639
2022-08-02,242.2548170410466,242.2548170410466,236.15158534816376,237.59329223632807,7244357
2022-08-03,237.40107921256285,239.0350108326874,229.8080950959716,231.5381317138672,6947723
2022-08-04,232.5953742569476,235.23850350986743,227.21299609377235,233.22010803222656,5878522
2022-08-05,234.99823846561355,237.44914327234164,231.97065966458587,234.37350463867188,5339729
2022-08-08,234.32544115950904,242.8795632678172,233.36430318483164,241.4859161376953,5304079
2022-08-10,242.20676532836683,244.41738556412727,237.4971952021913,240.18836975097656,5653826
2022-08-11,243.1679083771397,243.1679083771397,237.0166311856987,238.4102783203125,4886239
2022-08-12,237.83357585863783,239.03499826110195,231.1056104048388,232.4031524658203,8137318
2022-08-16,227.78971091781744,236.1996685993824,227.78971091781744,228.55862426757807,18463769
2022-08-17,230.67311700769525,246.4357741369004,228.31833187140208,242.4951171875,30869267
2022-08-18,241.7261845593733,245.42657138216907,239.1311151334468,242.87954711914065,9844645
2022-08-19,242.9756793035373,253.16373288351056,241.48591253187195,250.1361541748047,26465937
2022-08-22,248.31000454210627,255.3743746053189,244.2251681017266,249.0789031982422,16102139
2022-08-23,246.0032729312448,251.24147219953383,242.35094552734884,246.77218627929688,11492610
2022-08-24,247.87748950660583,254.5093359786843,246.0513331348168,253.64431762695312,11576824
2022-08-25,255.90297789755047,258.54610724672705,251.0011685109389,252.2025909423828,11150822
2022-08-26,253.83655013206,256.28744028460454,246.72413484137027,248.1177673339844,9243882
2022-08-29,241.1495074369028,244.8498944360149,238.7947223764684,241.58203125,6292622
2022-08-30,244.0809822195416,247.9255487286618,242.5912154470953,247.0605010986328,6875275
2022-09-01,236.43993255334684,246.0513119254341,232.21093149594884,235.238510131836,28737633
2022-09-02,237.208852748644,242.63927638579776,233.2201213935137,239.08306884765625,15309256
2022-09-05,239.08306038237188,244.51348382724908,238.6024914167792,241.24562072753903,9926148
2022-09-06,242.20676702112968,244.6096119320536,237.5933018589955,238.9389038085937,6687442
2022-09-07,236.9205033170085,251.81814145661755,236.43993434476303,250.5205993652344,16106949
2022-09-08,256.6238417178725,256.6238417178725,243.93682326273355,247.10858154296875,19901846
2022-09-09,247.92555313300787,254.2209951556385,243.55235773458213,253.2598571777344,18419094
2022-09-12,253.93266574368505,262.5348330553923,252.6351236059226,259.8436584472656,19608773
2022-09-13,261.2372842425465,264.0246077752606,256.09521965239344,260.9009094238281,12425181
2022-09-14,256.96021839817155,269.5991756692887,256.96021839817155,267.7249450683594,18713458
2022-09-15,270.5912152294699,270.8826840318161,264.2758008704338,265.9761047363281,10318297
2022-09-16,264.95594221884824,267.8707489334629,252.71374808727737,253.7825164794922,16065411
2022-09-19,254.85125443320496,264.5187085338475,250.52764227712265,259.1748962402344,13948567
2022-09-20,261.2638379158756,268.0650536351856,259.4663678312971,262.9641418457031,10298995
2022-09-21,263.30419171761173,268.89090427250574,260.8751862589622,263.7414245605469,13406862
2022-09-22,263.2556094138813,270.34829311408896,262.81837659428953,265.6360168457031,11060209
2022-09-23,266.85052841392576,267.5792300369299,251.2563255420152,253.5395965576172,18790529
2022-09-26,250.6247998173625,252.61657247069525,241.3945640746909,250.5276336669922,12171889
2022-09-27,252.6165806295301,257.2316912371849,246.98128471193044,255.5313873291016,9541087
2022-09-28,252.61657126433545,260.5837211415121,246.98127555565185,249.5560302734375,9227792
2022-09-29,252.61656809120512,257.2316784697945,240.7630243997124,243.9693145751953,18822028
2022-09-30,244.843759335406,253.10237820187805,244.06647459464332,250.8191070556641,11165327
2022-10-03,251.64496857155288,256.1629128493085,242.657648265426,245.0380706787109,8645406
2022-10-04,250.13901584951128,263.79001585958184,248.0014789987413,260.583740234375,16090506
2022-10-06,265.7331848642412,278.8498137332257,264.42151604715394,272.0000305175781,53214447
2022-10-07,272.92304931052826,276.4208231256109,269.3767072463115,273.7974853515625,14658804
2022-10-10,269.13381552420185,275.4492299679105,268.3565456068933,270.6883850097656,10302781
2022-10-11,272.53440086096174,272.9230357876156,261.2152418356061,264.9073181152344,11457350
2022-10-12,266.21900173868755,266.21900173868755,255.2884770322633,260.3408203125,17886711
2022-10-13,261.7496192951735,267.5306640809076,258.4461778394448,265.39312744140625,14644033
2022-10-14,269.3766831317792,269.8624841834145,259.07769490692203,259.806396484375,10357588
2022-10-17,262.04113065534057,264.2758039014818,254.4626155470095,256.2115173339844,13737845
2022-10-18,271.07702839605696,272.0971989006093,262.3811763774532,263.0613098144531,34222972
2022-10-19,263.30420285096284,266.02467721930253,259.0291589931661,263.49853515625,10359408
2022-10-20,264.0814691272829,265.53887244399186,261.70106150055943,263.30419921875,7712560
2022-10-21,263.30417844442786,264.51868111252946,258.05753284841774,259.36920166015625,9405211
2022-10-24,261.16665018881025,262.6240534368526,258.93197706885667,259.8550109863281,1646783
2022-10-25,260.6808668206769,262.138270167757,255.0455857390128,255.4828186035156,8693812
2022-10-27,257.4745934556952,259.2720635288772,255.8714556907831,258.3490295410156,7378389
2022-10-28,258.93199562579423,260.7780339420927,253.49101717964064,255.5799560546875,5951654
2022-10-31,256.8916157769765,257.6203174270535,254.4140420270929,254.9970092773437,5845813
2022-11-01,255.53137910388764,256.9887824067615,253.63674294977315,255.0455780029297,5961641
2022-11-02,255.53138916193515,260.34083211110334,255.04558804185544,257.426025390625,5384989
2022-11-03,256.5029552634435,261.7496006909162,255.8714198265062,259.806396484375,5604967
2022-11-04,259.8550179057596,261.21525504329725,256.5515467348093,257.5717468261719,4227965
2022-11-07,258.44617092683524,260.00074029117053,253.24809351371945,256.8916015625,5165695
2022-11-09,258.1061185271049,258.834820177182,254.219709726694,254.9970092773437,7936805
2022-11-10,254.55977934987416,256.06575091694714,252.22793997304169,254.268310546875,4541879
2022-11-11,255.8228422063688,259.709250927474,253.68533520032827,258.3004455566406,8369362
2022-11-14,256.6973273480614,257.8632322622059,248.7787452577929,252.2279510498047,10385896
2022-11-15,250.7705259959517,254.5112002804731,250.7705259959517,252.7622985839844,3182967
2022-11-16,252.5194163849345,253.83108533984665,246.7869690959657,247.5156707763672,6533638
2022-11-17,247.66139070235687,248.97305958058027,245.3295513915961,245.7667694091797,3559267
2022-11-18,246.78696626326527,248.05005212655777,242.07468952056865,243.72642517089844,4831143
2022-11-21,242.8033906354161,243.4835240548021,239.6456833971679,240.0829162597656,5124252
2022-11-22,240.9573562864273,245.23240022583576,239.69427040531505,244.84376525878903,4614912
2022-11-23,246.78695357919304,250.041826810525,245.0380666910964,246.59263610839844,8480358
2022-11-24,247.56423614619607,247.7585536153097,243.6292443883879,245.57244873046875,7607420
2022-11-25,246.68978785733069,253.588169273504,245.5238682050758,252.0335998535156,6214720
2022-11-28,251.4992486900845,255.4828238507765,251.25634812724897,253.10238647460932,4169247
2022-11-29,251.6449603638525,255.2399002294284,251.06199313552327,254.4626007080078,5505725
2022-11-30,253.1023627132872,258.3004402001597,252.5679933855948,257.0859375,7637573
2022-12-01,257.8632209217957,261.21526041080784,255.774282097909,258.7862548828125,6798614
2022-12-02,258.44620360410306,264.17865106212474,257.6203357451033,263.352783203125,6436957
2022-12-05,263.3042147254021,263.3527829784408,258.98057277082347,260.583740234375,5574546
2022-12-06,258.5433519496454,260.14648965317326,255.67711359262137,256.8430480957031,4060189
2022-12-07,258.3490296909791,258.44619584517045,252.1307812850441,253.83108520507807,8540348
2022-12-08,255.0941332930321,256.4544000273653,252.1307585881161,255.19129943847656,2885273
2022-12-09,256.50298257513094,257.3774186309933,250.8677016365104,253.2967071533203,4957696
2022-12-12,254.5597926036685,256.8430638491964,252.66515633268952,255.0941619873047,4921307
2022-12-13,256.4544129659191,257.23168286680016,252.22793745888168,253.24810791015625,5463466
2022-12-14,254.5597750863744,256.50297947634675,253.39384059201265,254.9484100341797,3285704
2022-12-15,254.31688329855456,255.8228548922837,250.18757382761336,250.96484375,4590361
2022-12-16,249.1188005529842,250.52763561695323,242.46333431406475,243.4349365234375,6558107
2022-12-19,243.28918148194268,246.2039880403948,242.46332851899828,244.892333984375,3187837
2022-12-20,243.8721507210044,245.1352365384388,240.81160973975463,244.11505126953125,3363026
2022-12-21,244.7951805001667,247.95288776852195,238.43118288654068,240.2286529541016,5395384
2022-12-22,241.5403031666741,243.04627465592029,235.12772297356963,238.23684692382807,8753085
2022-12-23,236.29365904490945,238.28544657875625,227.160604025699,228.37510681152344,6879193
2022-12-26,228.3750963896704,234.8362449852138,224.10003788337573,232.26150512695312,5052693
2022-12-27,233.1845242369632,236.0021646413041,229.73533351753025,232.26150512695312,3651255
2022-12-28,233.0387898395042,233.9132258752037,230.3183007583117,232.26150512695312,3917229
2022-12-29,231.24132305850804,233.37884492840809,229.34670173803923,232.4558258056641,3877085
2022-12-30,234.15612763530345,235.80784839211765,232.06718885837267,233.2331085205078,4121398
2023-01-02,234.3018665196441,237.26525621902027,231.9214440752339,236.19650268554688,3713958
2023-01-03,235.07914766692176,236.00216678531723,232.26150723698345,233.2816925048828,5316536
2023-01-04,233.1845353990065,233.33026980344152,227.5492394951025,230.2211456298828,4968528
2023-01-05,230.8041131864404,233.4274362478565,228.90949179905508,232.941635131836,4488552
2023-01-06,232.0671976315899,233.42743481792536,229.34670843344549,231.0470123291016,1836104
2023-01-09,231.9214495338339,233.3788528800777,228.95805976471016,230.2211456298828,6043426
2023-01-10,231.2413174524163,231.2413174524163,223.95430114614268,224.9259033203125,6131689
2023-01-11,225.89750596343487,226.04324035967392,221.33097870045145,222.2539978027344,4748624
2023-01-12,223.1770246081103,223.66282571297145,218.22186223381064,220.89376831054688,6422397
2023-01-13,221.91394049035392,224.342946033486,220.65086946830388,223.7114105224609,3503797
2023-01-16,223.85715016632983,225.12023604342747,222.4969129605161,223.12844848632807,4003236
2023-01-17,223.41992635266809,223.41992635266809,220.9909208154017,221.8653717041016,3503736
2023-01-18,222.30258708957345,224.0514740206823,220.06789905679395,223.51708984375,4989562
2023-01-19,222.49690288732472,222.59406903711536,217.3474082833532,218.02752685546875,11476415
2023-01-20,218.3675971239905,219.92216659321605,215.9385915942465,216.4243927001953,3242461
2023-01-23,217.15309735345733,218.7562350950049,215.4527934591909,217.4931640625,3102920
2023-01-24,218.51333244283617,218.51333244283617,215.98717557658227,216.4729766845703,2458629
2023-01-25,216.23007579460128,216.47297634821788,212.7808849681508,213.7524871826172,6143830
2023-01-27,214.6269232773924,214.6269232773924,208.4572581098962,209.2345428466797,6687632
2023-01-30,208.99164691743127,213.80107502108063,207.67997796849352,213.12095642089844,3325048
2023-01-31,213.65531113540047,221.13665970066737,211.80927294360404,220.359375,5794541
2023-02-01,221.42814512864845,221.52531128308487,209.72034996726785,215.0155792236328,3985166
2023-02-02,213.7524753012744,217.83320141011328,212.29507206058383,215.7442626953125,3508465
2023-02-03,215.7442694303028,217.49315633882173,210.4490404555848,214.33544921875,3616152
2023-02-06,213.41242196470392,219.09630088913468,213.02378700639807,217.444580078125,7808545
2023-02-07,217.6389023132062,217.6389023132062,213.84965949776395,215.0155792236328,1657540
2023-02-08,215.69568223097383,217.638886575397,214.72408005876224,216.81301879882807,1795544
2023-02-09,215.6956893139268,218.56191285097668,214.1411198571507,218.12469482421875,2573936
2023-02-10,217.6388938062464,222.30258735290337,215.93858994838504,219.9221649169922,2374095
2023-02-13,220.50512331701745,221.0395075090571,211.2263190476964,212.1493530273437,3390867
2023-02-14,207.825707143894,211.56638158897445,204.3765311528794,210.1089782714844,8849241
2023-02-15,210.83768169696515,211.80928391676684,207.19417337270883,208.4086761474609,3280676
2023-02-16,209.76890411726905,210.06038773550964,206.56262879304035,207.8742828369141,5644841
2023-02-17,208.1657726717605,210.7405125879197,207.43707101713352,209.1373748779297,2805579
2023-02-20,209.81748841328127,209.96323763598687,206.805530541846,208.84588623046875,2142690
2023-02-21,209.67175953608063,209.67175953608063,204.0364637623126,204.66799926757807,3065064
2023-02-22,204.6680053227882,205.0080720359757,194.3204474274651,200.49012756347656,5867677
2023-02-23,191.1141373432584,196.2150485614528,171.5363602169484,193.00875854492188,76578247
2023-02-24,182.66121142532532,199.03271423060352,182.66121142532532,189.996810913086,37357144
2023-02-27,189.4624331442756,189.4624331442756,171.6335264540993,177.75462341308594,23279131
2023-02-28,185.0416347077935,192.863035327216,182.9526959228516,190.0453948974609,19361371
2023-03-01,189.1709578324149,194.514770284322,187.1306019733348,193.5917510986328,7245746
2023-03-02,192.3772271334097,194.3204314478886,189.0252026560281,190.5311889648437,3304473
2023-03-03,190.919826965332,196.6037056067027,190.62834334838203,194.3204345703125,8617953
2023-03-06,194.41761666613016,195.9721713749313,189.17095560705732,189.85107421875,6571348
2023-03-08,192.47440206931583,195.77784362460383,189.80249601488572,191.0655670166016,9528342
2023-03-09,190.96841483145624,192.2315006529552,186.93625681765096,188.2965087890625,4136612
2023-03-10,186.54761869107023,189.8510601752021,184.9930492717889,188.1021881103516,2891305
2023-03-13,188.1993437188821,188.9280453709884,181.10664467328647,182.95269775390625,4321616
2023-03-14,181.8839214226689,188.3936529308544,181.78677010193329,186.98483276367188,6511040
2023-03-15,187.51922215932888,188.4908243466829,182.17541012888168,183.681396484375,4079054
2023-03-16,183.72998003158708,202.0446724150519,182.1268275230442,200.8301696777344,22589250
2023-03-17,200.0043106352117,203.2105859039403,192.5715452133632,201.3645477294922,20518280
2023-03-20,199.1784520964721,202.3361592638552,196.06932800445108,201.0244903564453,9491163
2023-03-21,201.02449618712373,209.23454692082927,200.63586122390123,207.6799774169922,11141992
2023-03-22,207.9228750375601,211.03199917583083,205.54245256414063,208.4086761474609,5994903
2023-03-23,207.48566628726093,212.78089565700955,206.3197465364269,209.8660888671875,5696592
2023-03-24,210.35186558602973,211.5663682741708,204.7165701479608,205.7367553710937,6462530
2023-03-27,205.1538003717741,209.768910861636,204.0364637623126,204.66799926757807,5556669
2023-03-28,204.86233192938963,207.14558822783644,200.6358563852733,202.8705444335937,5241239
2023-03-29,203.06485913994388,213.41241660612027,202.5304749665863,209.91465759277344,15652099
2023-03-31,211.7606942116736,211.7606942116736,205.68818052800853,206.2225646972656,6250236
2023-04-03,206.95126282712056,208.79730102543635,205.83392625847773,207.82569885253903,2691398
2023-04-05,207.922882986511,208.65158467922075,206.75696324327023,207.97146606445312,1650303
2023-04-06,208.0200379086469,208.2629384597661,205.05664821989845,206.41688537597656,2050933
2023-04-10,206.41688418127512,207.77713615495344,204.3765284589672,205.44528198242188,1862218
2023-04-11,206.4654723473746,210.06039760668128,205.78535375650145,207.53424072265625,2490760
2023-04-12,207.5828066092467,208.5058405707835,205.25096723124665,205.59103393554688,3651067
2023-04-13,206.41687539665912,206.41687539665912,197.13807182740013,202.23898315429688,7245647
2023-04-17,199.61566605175744,207.9228677031216,195.9235747816541,198.0611114501953,17026157
2023-04-18,199.6642482085336,201.46171817369,197.4295602269932,198.0125274658203,5445958
2023-04-19,198.2068416849617,198.44974222624228,191.8914276116664,192.42581176757807,13033724
2023-04-20,193.34884087866743,194.3204430941381,188.2965123233145,191.21131896972656,21002757
2023-04-21,191.2113200886801,193.15452453099297,189.17094949406228,190.3854522705078,5468727
2023-04-24,190.38544544222825,191.21131323078035,186.20755307600336,187.2763214111328,8324707
2023-04-25,187.22773935506928,188.00502407343905,181.349543130831,181.93251037597656,12370487
2023-04-26,181.9325150223347,186.15899059389736,178.337589786721,184.02145385742188,11439942
2023-04-27,185.13881310001315,186.01324920142383,179.98931817105026,180.8637542724609,17670756
2023-04-28,182.7583817916613,192.28007159764337,182.7583817916613,191.1627349853516,25665162
2023-05-02,192.37723129183925,193.73746841118844,190.0939602427824,190.7740936279297,7601216
2023-05-03,189.46243174837747,191.7942711320144,188.8794644897316,190.28829956054688,5281432
2023-05-04,189.2195341196993,191.06557242482404,188.24793189058656,189.55960083007807,5880935
2023-05-05,188.4908241440195,189.4138432559189,185.1873826407568,187.2763214111328,5937611
2023-05-08,187.324897289606,188.0050158288018,185.6245935288804,185.9646453857422,5736049
2023-05-09,186.49902793465867,187.37347875653623,183.6328045848051,184.0700225830078,4401972
2023-05-10,184.555832324372,189.36526018150883,184.1186143056273,187.2763214111328,6722726
2023-05-11,187.8107103374328,188.34509451853765,185.96465724138608,186.6447906494141,4525123
2023-05-12,179.697835429084,182.66122529389355,174.20828857783476,180.912338256836,27560297
2023-05-15,182.66121468466733,185.77033877803512,179.9407255434181,184.7987365722656,6676725
2023-05-16,185.2845350809316,186.15898594916465,183.19559629796424,183.72998046875,3757570
2023-05-17,184.60441407149008,184.60441407149008,179.11486768850065,181.78677368164065,4403485
2023-05-18,183.4384924314613,183.4384924314613,179.2120170670631,179.8921356201172,3634991
2023-05-19,182.07825065273568,184.21578740362887,178.43474231663123,180.47511291503903,9067017
2023-05-22,181.49528378634903,181.49528378634903,179.0662784220389,180.523681640625,2713133
2023-05-23,179.8435708955438,180.71800693439204,177.9975178434034,178.28900146484375,4536859
2023-05-24,178.2890028946969,179.6492400383637,175.08271268408458,175.66567993164062,6669607
2023-05-25,175.81141282695387,176.8801811631737,172.70228879268643,173.77105712890625,8412284
2023-05-26,170.56476538743206,187.42205428780528,170.56476538743206,185.38169860839844,46839577
2023-05-29,186.5476147566804,189.17093762410173,184.94447712255413,186.98483276367188,9569139
2023-05-30,186.98484602764532,191.0170041737472,185.8189263178048,189.55960083007807,8735276
2023-05-31,188.92803436898825,191.2113053428135,187.5192142220517,189.5110015869141,9334255
2023-06-01,189.4624316133849,191.1627354868384,186.1589900180075,186.693359375,5210400
2023-06-02,187.7135517602565,189.46243877558743,186.98485007265808,188.00503540039065,2544046
2023-06-05,188.490840517364,196.7494598183825,188.24793994968687,195.4863739013672,15642875
2023-06-06,195.63209768179524,195.63209768179524,191.16272188789944,192.1829071044922,9164050
2023-06-07,193.34883450706977,196.2150579831604,192.2314979262884,195.3406219482422,5766845
2023-06-08,195.58351770804904,195.6806690287333,190.3854402235888,190.5797576904297,5052298
2023-06-09,191.94002121666628,192.81445728306727,188.00502926691524,188.53941345214844,3658281
2023-06-12,189.4138474925124,190.82266772907727,187.1791594489233,189.3166961669922,3190269
2023-06-13,179.74640867734578,189.17094714019848,176.8316020501456,188.44224548339844,47047273
2023-06-14,191.01700003106404,193.59173995218364,188.8794633129952,189.3166961669922,9931784
2023-06-15,189.8510672630957,190.3368683715739,179.26060902846,181.3009796142578,13503602
2023-06-16,182.7583763403836,185.0902156466881,180.7665889024506,181.83534240722656,7779992
2023-06-19,180.7180052228302,183.389911214028,179.21201888087876,179.9893035888672,6624041
2023-06-20,180.23220583533768,180.5236894567697,165.26953807353652,168.378662109375,34115277
2023-06-21,171.2448938490155,183.0498550692689,171.2448938490155,175.1798858642578,54185787
2023-06-22,179.64924841286842,180.47511624782587,173.72248363864125,174.35401916503906,18643830
2023-06-23,175.6656722346955,175.76282355471614,170.8076614694964,171.63351440429688,8603527
2023-06-26,171.73068540659244,175.03412689016525,169.6417466486674,172.79945373535156,9626417
2023-06-27,174.06252822307246,176.88018349873283,172.50797359814854,173.9167938232422,7980906
2023-06-28,174.49976698185094,174.79123579138025,171.4877941292776,172.4593963623047,7919670
2023-06-30,172.7508777019268,174.69408214216114,171.9250098846379,172.31365966796875,5205768
2023-07-03,172.45940558982116,179.74642272741923,171.29348581290031,175.7142791748047,15827828
2023-07-04,178.43473373328794,180.426521159641,174.15969008809287,177.26881408691406,10187047
2023-07-05,178.0946928483429,179.8435798384777,176.44297201201087,177.90037536621094,6480844
2023-07-06,177.99752262107734,187.61639343395464,177.51172151412817,183.972885131836,16082769
2023-07-07,185.6731900824246,202.33616221717944,180.81517898477324,200.29579162597656,49451353
2023-07-10,201.75319501163008,203.45349889628304,188.92804867534247,195.77784729003903,39408934
2023-07-11,198.2068457272973,198.74122989410765,193.0573511820328,196.26364135742188,10820565
2023-07-12,196.3608065953952,198.30401095625825,194.85482025063183,196.21505737304688,5488223
2023-07-13,195.534934208457,197.089503590738,192.03716051106088,193.2516632080078,5586963
2023-07-14,194.5147701423633,211.2263261055816,190.53120975822412,209.8660888671875,34984044
2023-07-17,209.4774488746754,227.69499087471763,207.53424439467088,223.12844848632807,54031974
2023-07-18,226.38330500466483,227.06342355675173,215.987164778558,217.63888549804688,17213357
2023-07-19,218.1246885774768,222.69121584095305,214.38401426856487,216.86160278320312,12411055
2023-07-20,217.9303761547946,219.48493077758263,215.01556955840985,217.1530914306641,8522583
2023-07-21,214.72408464205776,219.97073055380125,213.75248244910728,214.384017944336,9706163
2023-07-24,215.5013723820637,218.0275292238588,209.7203422180737,215.45278930664065,9940786
2023-07-25,215.69568942597297,234.15613131378143,212.9752002879381,228.9580535888672,17049675
2023-07-26,228.42368223425424,236.58513475133915,225.70319312006825,229.7353363037109,22644911
2023-07-27,231.62994499532823,235.6135197124073,228.4722380301104,229.88107299804688,12805957
2023-07-28,229.24954074326112,240.18006571346243,228.7637396334744,238.1882781982422,15516473
2023-07-31,238.04254390797504,239.8400139452246,233.67033391782857,235.46780395507807,8152261
2023-08-01,236.5851293978124,238.9655517593078,228.56941146133624,230.3182983398437,9055794
2023-08-02,229.29811104603087,231.62995031292016,218.6104872260888,220.310791015625,14083361
2023-08-03,220.553703894982,229.54102442814755,220.31080334003155,227.3549194335937,13110605
2023-08-04,228.22934614524704,230.2697166533775,218.6104904937128,227.69497680664065,14618518
2023-08-07,227.4035030364404,231.92144743879427,225.80035047477,229.20095825195312,7673126
2023-08-08,230.9984231304671,235.61353358207475,229.0552187297902,231.58139038085932,10386819
2023-08-09,232.2129287955931,237.653907115972,223.95430998905525,235.37063598632807,14981099
2023-08-10,238.09114123776865,282.44479413283915,232.2615275685744,274.3319091796875,113998476
2023-08-11,278.8498326715183,281.2302699327512,257.9603852762652,263.20703125,50706584
2023-08-14,264.2758078472007,271.5142563563356,258.1547256287657,263.6928405761719,21945155
2023-08-16,267.19059875046,271.7571408440278,262.4297540120045,268.1622009277344,15777738
2023-08-17,268.2593776904478,268.7451787983078,263.8385698183545,266.0732727050781,8705149
2023-08-18,266.0246877750824,270.39689795901074,265.10168341571074,265.92755126953125,11166758
2023-08-21,267.19060990689945,267.4820787118738,260.8751954909182,263.4013671875,8749088
2023-08-22,264.227242090937,266.6076497979412,263.40137425342647,264.7130432128906,5591264
2023-08-23,265.2473901564931,267.6278273131473,263.8871530602385,266.121826171875,9742229
2023-08-24,268.5508346261233,272.7287417596432,262.81838773691203,264.4701232910156,16846419
2023-08-25,263.30418899837576,264.56725996345114,254.0739683508312,258.2032775878906,16867933
2023-08-28,258.4461935488663,263.30420470579986,254.31688406547275,255.4828186035156,11038103
2023-08-29,255.92002412780948,261.3124343512628,255.62855531614056,257.426025390625,7051558
2023-08-30,258.4461845458705,262.8183944348045,256.0171790520184,258.5919189453125,15712205
2023-08-31,260.53513542601536,260.63230158046593,252.7137492333738,254.75411987304688,12108313
2023-09-01,255.38566045642725,258.1547328328781,254.1225597254586,255.0941619873047,5493285
2023-09-04,256.50297197448907,259.7578451626877,255.23990101832604,258.1061096191406,5999687
2023-09-05,259.2234608979919,275.83786481981593,257.4745887592512,267.09344482421875,29199932
2023-09-06,266.2190018456943,273.9918194178314,261.7496258115263,269.376708984375,19205621
2023-09-07,269.1338172346605,276.5180000998081,266.7048116639506,275.3034973144531,11106623
2023-09-08,275.4492208520236,277.6353257794205,268.1622044273668,269.279541015625,11541409
2023-09-11,270.1540050732778,274.331912713927,267.1906299469727,271.85430908203125,5817565
2023-09-12,272.38867904763487,273.89465057706235,261.74962323991923,263.83856201171875,10076044
2023-09-13,264.2758205097376,270.0082680391341,262.332615947166,268.0650634765625,4676896
2023-09-14,268.3079601921118,272.2429671653543,260.92377703023834,265.1016845703125,14090766
2023-09-15,265.198841205388,268.25938230739047,259.9521654294442,266.36474609375,10766194
2023-09-18,266.7048056736407,266.8019718244761,257.8146514147086,260.5351257324219,6098515
2023-09-20,260.38937891424547,261.8953504020656,255.72570040601008,257.0859375,5002324
2023-09-21,256.5029982021749,260.82664014588624,253.97682638060024,259.66070556640625,5993698
2023-09-22,259.5149576583923,260.0493270164731,253.8796470186159,257.9603881835937,4749755
2023-09-25,258.8834054087537,262.33258118994735,254.0739628932268,255.19129943847656,6572902
2023-09-26,255.53137728136056,258.5919182653778,254.17114013856911,254.9484100341797,4935004
2023-09-27,255.5313671875637,256.4058031983208,248.924484383016,254.3654327392578,9762971
2023-09-28,254.754107561364,255.0455763596824,245.7667724260737,246.8355407714844,11808134
2023-09-29,248.48726590403672,259.2720563954569,247.3213462138632,257.037353515625,14122312
2023-10-03,257.0373653524205,259.0291677707958,253.3452886344264,255.92002868652344,5254494
2023-10-04,254.5597731761557,255.0455742700033,247.8557240112476,250.3332977294922,5890144
2023-10-05,251.8393094763686,255.38565168004635,250.33330823169248,250.96484375,4062672
2023-10-06,253.05380526040904,254.2683080123769,251.1591691069607,253.24810791015625,2683516
2023-10-09,250.2361470276542,251.7907165541196,248.1957912028264,249.41030883789065,2847215
2023-10-10,251.15917446007384,254.55978223806324,250.43047279336184,251.7421417236328,3367342
2023-10-11,254.5597602128109,256.16289781067985,251.40205326360612,252.2764892578125,6393152
2023-10-12,251.6449511648929,258.9319671252662,251.159150100868,254.8026580810547,6831071
2023-10-13,253.9768029892584,256.0657417383991,250.673361519577,251.0619964599609,2511931
2023-10-16,250.8677096985072,250.8677096985072,247.661404522711,248.39010620117188,3396777
2023-10-17,249.8961074605593,250.6733773905387,246.3983334737577,248.39010620117188,3695361
2023-10-18,252.13078374964817,256.1143589028572,248.73017587633885,249.45887756347656,12964782
2023-10-19,249.3131424951168,254.3654563886388,247.0784543620589,252.1307830810547,6736073
2023-10-20,252.13077021465705,257.86321724888586,251.35350031714825,254.073974609375,7221547
2023-10-23,254.02539468518972,254.17112907790664,241.29740055456085,242.6090545654297,5388772
2023-10-25,242.9005576336912,245.18382880563723,233.91323700124457,236.5365600585937,7600215
2023-10-26,234.93341965645203,234.93341965645203,230.26972603743465,231.87286376953125,5686883
2023-10-27,233.18452252268364,244.3579475602289,233.18452252268364,242.07467651367188,7945658
2023-10-30,242.511917389628,250.9648388206032,240.08291186619616,243.4349365234375,11390994
2023-10-31,245.0866623384376,257.8146574723278,240.6172861535136,251.8393096923828,14610294
2023-11-01,251.8393118872599,264.5672774811323,247.90430503377155,260.0979309082031,16792204
2023-11-02,261.36098311579764,265.83035901748354,260.92375027994706,261.7010498046875,7952540
2023-11-03,264.95594406545973,268.9394895491053,261.70107061459913,267.4820861816406,9131995
2023-11-06,266.9962781984196,267.38494280718095,259.563527145531,260.7294616699219,5791400
2023-11-07,261.74962539908284,261.74962539908284,252.81090299577767,254.9484100341797,6970383
2023-11-08,256.50296585721253,258.9319712157088,251.1591540685206,252.32508850097656,5882001
2023-11-09,253.10237947704812,258.591926115171,248.8273356195254,255.3856506347656,9494598
2023-11-10,256.4058214011186,258.3976237541315,238.86841308972728,241.88037109375,26360902
2023-11-13,244.84375181958484,247.27275729398548,242.2690119469093,244.94091796875,5655814
2023-11-15,247.1755876302576,247.2727537780412,240.37437239864155,241.1516571044922,9853038
2023-11-16,241.7832227361298,246.30116721039133,239.11131658295983,242.9491424560547,9713921
2023-11-17,242.80338945100445,245.2323950070388,237.0709422689528,239.1113128662109,5410902
2023-11-20,240.32582041814624,240.5201379013943,236.19651089086176,236.68231201171875,4294860
2023-11-21,236.4394078208124,246.25258141616035,235.2734732882794,244.60086059570312,12911518
2023-11-22,244.55226778812832,249.5560279523,241.0545088061312,242.22042846679688,10638003
2023-11-23,243.77499225292465,245.7181967023716,242.269020664982,242.7548217773437,3355581
2023-11-24,243.8721618864244,247.5642533581662,242.75482524223384,245.6696319580078,6668378
2023-11-28,246.4468892940068,249.7017625571392,245.81535380138604,248.5358428955078,7019135
2023-11-29,249.21595216892047,251.88785808886016,237.1680914055632,242.6090545654297,32090406
2023-11-30,245.32956933802177,249.70177948464,241.6374778046716,245.9125366210937,25439157
2023-12-01,247.8071203790629,262.2354027741051,246.7869352015213,258.98052978515625,34690283
2023-12-04,259.4177858930077,260.9723553341662,247.2241753887474,248.63299560546875,44096256
2023-12-05,249.70177135931925,251.74214195820343,241.97753665006925,244.55227661132807,13066339
2023-12-06,246.59262950158748,251.9364265198926,245.6210273481734,250.721923828125,14387456
2023-12-07,254.5597890017393,264.8101808587967,249.750346013274,263.8871765136719,34243388
2023-12-08,272.04861282051115,275.7892871769823,263.98432651513855,271.0284423828125,42790651
2023-12-11,272.1457859169127,279.8214374729609,269.6196142317592,277.78106689453125,28275741
2023-12-12,277.7810726637953,291.1892012784174,274.47763099965266,280.84161376953125,61712266
2023-12-13,283.7078390336304,284.0964739788297,274.5747843921889,276.4693908691406,14187798
2023-12-14,278.80125726091563,279.8214276889869,251.7421306323297,270.0082397460937,35557081
2023-12-15,274.8662770607572,278.41261942649174,265.247420489673,269.716796875,27948051
2023-12-18,263.1584682968477,273.9918271641043,258.4461915803253,272.534423828125,26259529
2023-12-19,266.12182088767366,269.13379345946663,259.56350642611625,263.9843139648437,31847804
2023-12-20,264.7616102610285,268.7937536247226,241.10308979925728,244.7951812744141,26075974
2023-12-21,250.6733785937007,259.2234664683007,248.77874236022984,254.75411987304688,31817471
2023-12-22,258.64050923019727,264.9073254292445,256.2600720559347,259.9521484375,18959049
2023-12-26,260.19504292987216,262.5754800487866,254.46259619664627,256.8916015625,8985988
2023-12-27,259.8064058804921,260.9723403069611,253.92822480349272,258.5433349609375,8129694
2023-12-28,259.41776485333224,265.1502114049213,253.7338865471436,263.5956420898437,21342905
2023-12-29,266.219005995754,270.34831539532314,262.0896965961848,266.8991394042969,20300780
2024-01-01,267.28777592324536,279.4813718906125,266.364741956384,276.9552001953125,17805173
2024-01-02,277.87823264088735,282.9791442540505,270.6397843008773,279.52996826171875,28467964
2024-01-03,279.8214487137479,282.73625547118274,274.33190191743506,277.5381774902344,12136773
2024-01-04,278.2668542595052,284.3393677936727,276.42081607530724,282.3475952148437,12952680
2024-01-05,283.70784503948363,284.87377955070934,272.63158578662456,275.0119934082031,20893253
2024-01-08,277.9753780191832,278.4611790888948,268.50225715980645,270.2511291503906,11033896
2024-01-09,248.8759025601752,261.3609970092058,233.4760162785227,249.02163696289065,157297159
2024-01-10,252.4708391117961,260.1950588574753,249.1187996413481,252.4222412109375,59317188
2024-01-11,253.5881866288167,254.89985559329315,242.9005619049968,244.0178985595703,19043312
2024-01-12,246.3983160414094,249.89608978074824,241.3945559747032,242.8519592285156,15288111
2024-01-15,244.79518395538312,245.5724687205826,235.17632760927685,235.905029296875,17638995
2024-01-16,236.97377239834267,247.70997975265533,236.34223689387204,246.1068420410156,28921018
2024-01-17,241.54031426881772,250.1389997195093,238.04254039808524,238.868408203125,19673798
2024-01-18,238.86840088630467,256.50297444952014,226.96627423097647,241.1516571044922,55813937
2024-01-19,244.35795953628863,245.8153628734832,222.54549255470468,228.32652282714844,73034564
2024-01-23,202.38474413659588,202.38474413659588,148.16933763155996,151.5213623046875,228434365
2024-01-24,153.51315301148037,165.5610147859894,153.51315301148037,161.62603759765625,146400155
2024-01-25,162.2575667747342,163.22916897099006,153.6103131582459,158.5654754638672,38211764
2024-01-29,159.34276702267678,163.1320098204656,156.4765433858392,157.1566619873047,29686724
2024-01-30,158.27399618157713,171.29347486383273,156.71944152020782,166.04681396484375,60085292
2024-01-31,167.11558827610244,169.44742776371896,162.74337811771605,168.18435668945312,16230285
2024-02-01,172.11933800452005,172.16792108362412,164.49226900035512,165.70677185058594,12092548
2024-02-02,168.08718690578752,173.91680032448537,164.88089656040898,167.99002075195312,31839130
2024-02-05,173.13950790327797,176.44296425620743,170.32186747253402,172.9451904296875,26473589
2024-02-06,172.9451847541612,176.05430870599545,169.5931602619419,170.8076629638672,18508957
2024-02-07,173.09093531573427,178.92054882948975,173.09093531573427,177.1716766357422,28616071
2024-02-08,179.7463986140315,189.46242016073592,179.4063319297079,187.81069946289065,45808076
2024-02-09,189.4624311721633,200.53869044896203,179.98930961355512,197.4781494140625,69898250
2024-02-12,200.1500630084876,203.7449883595648,180.2808000098757,182.5640563964844,30673450
2024-02-13,182.85553708767085,185.3817088209272,174.8884017507853,183.29275512695312,17661292
2024-02-14,177.80320056535265,197.08950994484368,175.17987762046658,194.51475524902344,36486252
2024-02-15,197.62389123450168,197.62389123450168,181.1552361025388,182.5640563964844,22513855
2024-02-16,182.6612155213648,185.4788560008136,177.31740336515466,178.5319061279297,16202833
2024-02-19,178.774796344319,180.13503342979337,172.65369980873967,173.4309844970703,17690102
2024-02-20,180.71800489643587,199.42134680104013,178.77480054271075,187.1791534423828,85302095
2024-02-21,168.47580729556532,171.24487936008757,159.09985245511683,159.92572021484375,106831188
2024-02-22,161.09165211039374,165.07521234355195,158.7597978716313,163.37490844726562,29874674
2024-02-23,165.75534142605676,172.1679070575767,164.29793812451044,168.52439880371094,27251454
2024-02-26,169.59316331443574,171.92500261391393,165.56100537618585,166.48403930664062,11795993
2024-02-27,166.28971953064925,171.73069807305438,165.90108455996625,168.13577270507812,17653282
2024-02-28,168.96161127351166,169.78747904742204,154.82481157371808,157.39955139160156,31725213
2024-02-29,158.07966778635185,160.12003824375674,150.11253307374588,156.37936401367188,75726897
2024-03-01,155.4563591272366,157.35098053900504,150.11254678223784,150.88983154296875,33783224
2024-03-04,154.4847498789837,155.40776900436103,149.43242140149522,150.5011749267578,13717476
2024-03-05,151.7642635004965,152.44438208806454,148.94662299822608,150.6469268798828,12693564
2024-03-06,151.08412832398673,151.86141297820768,145.7403167112412,149.67530822753906,16147540
2024-03-07,149.9182249703959,158.37116128881468,148.12075493968936,156.03932189941406,26002110
2024-03-11,156.52512447792424,159.73139996209875,150.59834497143953,151.6185302734375,16333389
2024-03-12,152.4443883022519,156.6222809754378,149.2381127122355,151.91001892089844,19572653
2024-03-13,153.02735661885825,154.92197806904454,137.67603787866528,141.12522888183594,23856313
2024-03-14,141.2709596780151,148.21792458498197,141.02805911816606,142.72836303710938,16457230
2024-03-15,142.77693681523706,144.8658903891713,136.99590683243792,137.676025390625,19414252
2024-03-18,137.96751430958489,141.41670513241914,137.96751430958489,138.89053344726562,10919077
2024-03-19,139.23060910342275,140.6880125172922,135.92715247003417,136.70443725585938,10707225
2024-03-20,137.8703407139296,139.5220762479862,134.42116490280213,136.6558380126953,15709638
2024-03-21,139.13343067844667,139.5706486989638,136.41294158065716,136.89874267578125,10714726
2024-03-22,136.8987529073488,140.6880106278028,136.5101179323928,138.4047393798828,15330156
2024-03-26,138.64763319918876,139.1334343069823,134.51832378294344,135.2956085205078,17706163
2024-03-27,136.70443292176202,141.46529281808105,135.44134703802538,137.3359832763672,72718298
2024-03-28,138.93912079200769,140.54225856326445,134.08110957550392,134.61549377441406,29308668
2024-04-01,137.870355341076,144.08861872639633,135.00413162716984,142.92269897460938,22815634
2024-04-02,143.0684291736493,150.3554459397095,142.87411169164906,148.99520874023438,37622953
2024-04-03,150.74407257176026,152.78444308367088,147.53779723229036,148.5093994140625,24627449
2024-04-04,149.52957306980926,150.0153741711738,147.3920511889,148.70372009277344,7924622
2024-04-05,148.655125540718,149.23809274753702,146.9062387457328,148.02359008789062,6817653
2024-04-08,149.383844580923,150.50118122808678,144.5744164521929,145.4488525390625,7297445
2024-04-09,146.71193156063353,147.34346705769212,141.95108673157037,142.3397216796875,8403197
2024-04-10,143.31132543240088,148.02360206324872,141.6596046467492,146.0318145751953,13758998
2024-04-12,146.03181392145677,146.42044887205628,142.04823896318317,142.3883056640625,6936935
2024-04-15,140.20219975731754,140.88231832898356,137.1902270214742,137.82177734375,8739745
2024-04-16,137.33598051485225,144.62299720664546,137.04449688208584,143.50564575195312,11804053
2024-04-18,145.49743153382545,145.49743153382545,139.91071880381213,140.68800354003906,10568960
2024-04-19,139.0848495380542,140.2022009676621,137.87034678335422,138.7933807373047,5270773
2024-04-22,140.20220393525724,140.88232252719038,136.99591362988858,138.06468200683594,6108928
2024-04-23,138.16182661416576,140.78514952715844,138.16182661416576,139.47349548339844,5996412
2024-04-24,140.39651900312734,140.63941955503586,135.53850796495684,136.12147521972656,19718041
2024-04-25,137.23880858153458,140.8823167739647,136.80159056353753,138.6476287841797,24465317
2024-04-26,139.57065462271217,144.76873249134934,139.0362852557739,141.7567596435547,21769724
2024-04-29,142.82552316029648,147.05199865339242,142.38830513612487,145.06021118164062,26874062
2024-04-30,146.17755488098098,148.31507685614125,141.90251093066044,142.77694702148438,10862244
2024-05-02,143.3113262745835,144.2829284866146,139.52208357785162,139.76498413085938,8301541
2024-05-03,140.88232371194394,141.61102538631607,136.80159730055473,139.03628540039062,11690357
2024-05-06,140.88231994012827,141.0766374163304,132.04073393093788,132.5265350341797,20391420
2024-05-07,132.76942148174152,137.19021401671714,128.73727868335706,129.9031982421875,26162581
2024-05-08,130.29185945080292,132.91518239551937,129.70889220732244,130.5833282470703,10570363
2024-05-09,131.1177213344962,133.74104445764814,126.7940942652584,128.39723205566406,15330548
2024-05-10,129.2230928548177,130.0975289063528,126.4540206491681,127.52278900146484,8401582
2024-05-13,128.05718003275763,128.8344648009945,125.57959132014736,126.11397552490234,7114440
2024-05-14,126.69692844346032,129.903218858195,126.30829347066322,127.96001434326172,8313748
2024-05-15,129.1259270228332,129.75747735091963,126.30828656051854,127.0855712890625,7856069
2024-05-16,127.23129705962012,130.7776537600978,126.55117852782794,129.27166748046875,8765244
2024-05-17,129.70890125070062,132.1379068920995,129.46600068656073,131.1177215576172,8292602
2024-05-21,136.94732940894744,144.4772465845333,135.10129112834798,143.4084930419922,30397454
2024-05-22,145.0602126435554,147.48921816395827,141.46528743845371,146.954833984375,19707535
2024-05-23,148.1693382472351,148.1693382472351,143.94286266868204,144.33151245117188,9677633
2024-05-24,145.25453643364304,148.6065612324016,143.99145054303833,147.34347534179688,17134600
2024-05-27,147.87784556506767,148.4608127903821,143.69995331824063,144.7201385498047,27031081
2024-05-28,144.6229905624664,148.46081621206784,141.70818401965937,146.71192932128906,15404551
2024-05-29,145.74032623584822,150.11253602292368,145.0602076785088,146.66334533691406,14704453
2024-05-30,146.6147661821628,151.56994333682516,145.83749628183958,147.78070068359375,29864192
2024-05-31,149.62674725439138,149.86964781811605,143.6999675693201,144.67156982421875,10833108
2024-06-03,155.45636030344585,155.6506777887304,147.24632424001487,151.86143493652344,30185715
2024-06-04,153.7074602473239,153.80462639446134,121.93607227028134,134.90696716308594,31735462
2024-06-05,139.66782748536517,145.54602423332236,134.08111438595057,142.14541625976562,16668349
2024-06-06,146.7119407003024,153.0759384441189,145.98323900808234,149.1895294189453,30871486
2024-06-07,149.18951285767258,153.1245045239389,147.10055934324862,151.81283569335938,14939089
2024-06-10,152.54154360917454,160.80016221221902,149.62673704339412,159.74111938476562,36227048
2024-06-11,160.34350906416918,163.8121360167486,158.86666957655058,160.53782653808594,25093283
2024-06-12,161.0916454941199,163.32633348826604,159.43992474208932,162.06324768066406,15657290
2024-06-13,163.4720696214942,163.90928764498608,158.9055422613524,160.36294555664062,22155969
2024-06-14,160.3143721921915,160.80017332004664,157.98253270867647,159.32333374023438,11681310
2024-06-18,160.02287475038824,160.4017990044187,155.0579870588501,156.3502197265625,11578858
2024-06-19,156.77772848670685,157.0011928371582,149.6461720377574,149.9570770263672,14055999
2024-06-20,150.48175581258053,152.34723028643816,150.01537607501118,151.1715850830078,9058904
2024-06-21,150.95784005980244,153.07594071924927,149.2575360860178,149.8599395751953,9367367
2024-06-24,149.72391678405182,149.96681735325018,146.6147776379336,146.8382568359375,11607091
2024-06-25,148.65513904601428,149.43242378389854,143.8942941178672,144.5063934326172,15834071
2024-06-26,145.64316948057754,152.92047557709856,144.87561023611076,151.19102478027344,43164207
2024-06-27,153.5131579677647,155.6992630654069,145.83750599956608,146.91598510742188,71011255
2024-06-28,148.50940297829348,150.50117563835082,146.4690324174139,147.4794921875,16504456
2024-07-01,147.68352952680092,150.01536879966665,146.71192735886143,148.5871124267578,9014587
2024-07-02,149.4129725358768,151.8516885151461,148.37336597875168,148.8494415283203,9846565
2024-07-03,150.11253725665563,150.4914615149642,146.22612852509172,146.53704833984375,8479126
2024-07-04,146.7119316261432,147.9652919360326,144.185759985835,145.759765625,11253890
2024-07-05,147.6835333335353,148.84945300002127,145.26423853583543,146.80909729003906,15595180
2024-07-08,146.80910832915242,148.31507998113847,144.2829365072533,146.3913116455078,8987253
2024-07-09,146.8090904281398,148.82029916436582,145.9832226725157,146.42044067382812,7637628
2024-07-10,147.00342054200237,147.5863729854238,141.75675959836863,142.28143310546875,9702233
2024-07-11,143.06843126100762,144.07889107743546,142.24256341861533,143.0004119873047,5574864
2024-07-12,144.76873749858697,154.86368443986547,144.28293636604138,151.0841522216797,45356138
2024-07-15,152.34722889836624,156.95261386748504,150.64692503750382,155.59237670898438,28769035
2024-07-16,157.1858105613363,159.37191562025328,150.39430550779693,151.11329650878906,20651457
2024-07-18,144.76872391758968,144.76872391758968,137.9675086999848,138.37557983398438,49068184
2024-07-19,138.93910642661075,139.91070856945416,132.9637591783125,133.61473083496094,17598440
2024-07-22,133.61474790369388,135.48993316270224,130.09753761597048,130.6416473388672,14443434
2024-07-23,131.263454889925,132.42937449146035,126.0848137107544,130.8942413330078,15815164
2024-07-24,131.16630885333478,134.7126512736241,131.16630885333478,132.80831909179688,9127957
2024-07-25,132.81802599075,139.18202375950816,131.8464237306487,136.03402709960938,14302327
2024-07-26,136.51010860038534,140.39651738616143,136.0534543820188,138.5699005126953,14753283
2024-07-29,139.6192311095702,143.7388297138008,139.13343001675648,139.92042541503906,19007931
2024-07-30,140.3868090582293,142.8060890796879,139.44435372581847,141.03778076171875,16747925
2024-07-31,141.36811256874896,149.09234668215316,141.22237817670202,144.44808959960938,56167370
2024-08-01,145.2545299831375,145.93464856311442,136.99591122155445,137.74404907226562,23849671
2024-08-02,136.02429940169205,141.33896428578163,135.344180869778,138.6087646484375,13396158
2024-08-05,135.53851422963467,136.02431535590577,129.85463512207338,130.3695831298828,16478131
2024-08-06,132.13791172739602,134.71265187130624,129.90322349044075,130.48619079589844,10774872
2024-08-07,132.2350696809747,134.0616717954755,131.17601198093038,133.07064819335938,7612052
2024-08-08,133.1095023681199,137.28739482360078,132.6722843400346,134.32400512695312,14952608
2024-08-09,135.2470245943667,135.82999185024332,133.26496261023797,133.62445068359375,5924140
2024-08-12,133.634158940952,134.23656238120756,131.68124387254596,132.20591735839844,6081288
2024-08-13,132.7694328284838,133.69246676585246,131.21487822567838,131.80755615234375,5287671
2024-08-14,132.13789906614983,132.7791600756138,129.6214529288124,130.1072540283203,4781650
2024-08-16,130.92340456485377,132.59456163847275,130.2724328295622,130.5930633544922,6258945
2024-08-19,131.65208967351185,132.61398112711558,130.58332139172992,131.2440185546875,9562094
2024-08-20,131.36061278172727,132.31277877432186,131.18573150420846,131.45777893066406,6500142
2024-08-21,131.55493494337358,138.64763412986417,131.50636669264682,135.3441925048828,17685721
2024-08-22,136.02430419529148,137.47199676996863,134.87782074758658,135.48020935058594,8447493
2024-08-23,135.4802088883513,135.99515685215306,131.65209396841192,132.7597198486328,6998221
2024-08-26,133.59529892724618,134.5669011012625,131.06912734461463,131.36061096191406,6103947
2024-08-27,131.3606203761076,150.50118161087738,130.97198540883787,146.54676818847656,101988877
2024-08-28,148.70371423122617,150.4428755823494,140.3576551968791,141.52357482910156,52019960
2024-08-29,142.04824911454764,144.04003673602597,137.43313832536637,138.2784423828125,16449010
2024-08-30,139.6192423589068,140.68801077939844,136.03402763299962,136.78216552734375,15141363
2024-09-02,137.36512541108516,138.9876993252932,136.07289269068573,137.96751403808594,9964647
2024-09-03,137.1902213335418,138.81279515348456,132.82773714549225,133.0123291015625,19722509
2024-09-04,132.13790912515864,133.83821310287206,131.38977122383196,131.7881317138672,12648718
2024-09-05,132.57512057370192,134.5474719034849,131.22459407460707,131.749267578125,12071667
2024-09-06,132.04073507121728,133.0123372860915,129.8060618373852,130.60276794433594,11910991
2024-09-09,130.72908257782447,131.60351865173362,128.8053143199403,129.2522430419922,9478885
2024-09-10,130.09752502406204,137.967508554919,129.5923025684829,134.95553588867188,37384945
2024-09-11,135.29561998518497,135.63568671964632,131.17602090483865,131.63267517089844,11068235
2024-09-12,132.1379001355091,132.6917205096571,130.22384260192013,130.90396118164062,9861135
2024-09-13,133.64388523356038,135.82999017797368,131.7492639134968,132.07960510253906,22857222
2024-09-16,132.6722835294865,132.9929140349164,130.68049605207403,131.0302734375,8515777
2024-09-17,131.0691335408615,131.9921675101912,128.98019469816157,129.2036590576172,8390941
2024-09-18,129.31053456856404,130.63191416716026,127.1730126716954,127.4839324951172,12337244
2024-09-19,127.48392786573947,128.54297067805024,122.22755654249308,122.54817962646484,15571976
2024-09-20,123.3934762487478,126.19169525743756,122.03323172093872,124.52053833007812,14064662
2024-09-23,125.44355767380104,126.49288980408728,123.44205956112404,123.73353576660156,9781685
2024-09-24,123.83069534355415,124.94804675005749,123.39347732599754,123.69467163085938,8295717
2024-09-25,124.0250243367207,132.97347985523726,123.6946757287062,130.7776641845703,59580920
2024-09-26,130.82623040837194,134.8583884370017,130.34042930796883,132.65284729003906,28395330
2024-09-27,132.13790483281537,134.85839407387982,131.21488566856323,131.89500427246094,17542580
2024-09-30,132.86660790130475,134.56691184154087,129.19395257643276,133.7896270751953,17555649
2024-10-01,133.49813142156438,137.9577966222899,133.35239702713355,136.1311798095703,28757338
2024-10-03,134.469738068097,139.47349827545574,130.99141525097374,131.9047088623047,33386637
2024-10-04,131.84642005502914,134.26571495240674,126.99813440058776,128.0280303955078,15023314
2024-10-07,128.8344543767425,129.48542605514578,121.83891426684444,122.373291015625,17655490
2024-10-08,122.47046193343613,126.40545386181346,121.67374841515748,123.18944549560548,15608611
2024-10-09,123.6655333117948,127.76569599673948,123.24774404738726,125.27839660644533,19076402
2024-10-10,127.2798827768257,129.2716701670537,125.33667845962226,125.64759826660156,13128442
2024-10-11,125.91964830120452,128.7372886895027,125.21036803634844,126.45401763916016,10132329
2024-10-14,126.93983087132344,128.2320636717811,125.48242746372856,127.53250885009766,7970454
2024-10-15,127.279886957512,127.57137057976118,125.09378202885244,125.62816619873048,7416454
2024-10-16,126.40545940863724,126.59977689470072,124.36508874128596,125.2395248413086,6779608
2024-10-17,125.04519550623596,126.34713884751328,121.93607154741238,122.18869018554688,8192849
2024-10-18,121.45028124391264,130.30157833398795,121.37255128485968,128.6984405517578,41149717
2024-10-21,130.68049070529858,132.5265288817272,122.2275548664072,122.62590789794922,24206987
2024-10-22,122.90768065041284,124.04445346709504,118.09825263353484,120.08031463623048,17585312
2024-10-23,119.50707720963338,121.8194879049418,118.2439913146807,120.0608901977539,12689291
2024-10-24,119.4099096614561,122.82994608081026,119.4099096614561,120.71185302734376,8264160
2024-10-25,120.47867291924788,121.31425140509384,115.43605512418108,116.16475677490234,12774732
2024-10-28,116.8934637986138,118.53547396578948,115.89271467166184,117.20437622070312,9252028
2024-10-29,117.16550779276284,118.51604169414335,113.65803060902536,115.82469940185548,12173164
2024-10-30,115.62065812832093,119.50706680490312,115.42634065958632,118.7297821044922,8282891
2024-10-31,118.14682918955452,119.50707378839252,117.41812752011312,118.68121337890624,5920918
2024-11-01,119.50706649507391,119.99286757838723,119.31274902684312,119.6916732788086,1346411
2024-11-04,119.50706851228132,119.76939784009453,116.5922619632013,117.02947998046876,4256608
2024-11-05,116.59226918192086,119.77912335352212,116.16476182284468,117.99137878417967,8181498
2024-11-06,118.1468276987981,120.28435701649732,118.1176808184261,119.85684967041016,5868263
2024-11-07,119.71110297223638,123.21858741348976,119.5750792608916,121.36283111572266,9101617
2024-11-08,122.13658691742584,122.43042292146134,119.87407509305643,120.0895538330078,4224942
2024-11-11,119.28640741399984,120.6184509780869,117.85642100866868,118.2384033203125,5348290
2024-11-12,118.53223460921387,119.77613188696732,116.40684426713996,116.6027374267578,3947990
2024-11-13,115.98568525945012,118.4147081715203,112.00914745953077,112.53804779052734,8135008
2024-11-14,112.34215016819768,114.35980856692174,112.22462174768155,113.16488647460938,4648289
2024-11-18,113.2236490464313,114.23247449491492,112.25400222840602,113.02776336669922,4208969
2024-11-19,117.28834063347384,123.5959581702426,117.25895852871592,120.02098846435548,54141979
2024-11-21,120.4715342181071,120.4715342181071,115.08459569615924,116.1130142211914,13623299
2024-11-22,115.8191760377494,117.04348022419494,114.44795385441844,114.7613754272461,8245943
2024-11-25,116.55376375832928,118.47347191175926,115.76041700127752,116.0444564819336,7928140
2024-11-26,116.21095425958848,119.92304543003893,116.1619791033648,118.10128021240234,7326817
2024-11-27,117.72909271708694,121.64686628467798,117.37649249819894,119.71736907958984,9792089
2024-11-28,120.17770165952123,122.22474224219998,119.5606550103716,120.57927703857422,6700108
2024-11-29,126.3481911790592,129.9623395040049,124.87902616534922,126.5049057006836,46663653
2024-12-02,127.32763770060994,128.7968027510016,126.84770507057225,127.8271484375,12878159
2024-12-03,128.4050249126623,136.1426211434893,127.95447441072358,135.32968139648438,35419356
2024-12-04,136.0936507175856,138.83609509112557,133.93887833306118,138.199462890625,26851436
2024-12-05,138.28761719900572,140.55012908079436,135.2709297082474,139.93307495117188,20579823
2024-12-06,139.86452143123546,141.3140934881597,137.9448057787247,140.63827514648438,15720705
2024-12-09,140.530527142864,140.530527142864,137.7097404681937,138.3855438232422,9742089
2024-12-10,137.70974878108782,139.72739980504824,135.9271546095529,136.79885864257812,8876327
2024-12-11,136.798851656448,137.51384112126252,134.78120073552626,135.212158203125,6259630
2024-12-12,135.28071861130113,136.89680920014914,131.2454165563359,131.90164184570312,7787100
2024-12-13,131.73512952037186,132.11711182600905,127.93488457035714,130.0015106201172,8463206
2024-12-16,130.03090353932774,135.84879986683998,130.03090353932774,132.9006805419922,12776479
2024-12-17,133.40018605772468,135.35907282786783,132.22485698466278,133.01820373535156,9606240
2024-12-18,132.17588204683068,132.98882185121033,128.3070836583695,128.99269104003906,7861423
2024-12-19,127.327640844329,130.0896783809175,126.73996883161485,127.75859832763672,8321591
2024-12-20,127.87612471511842,129.47262219963497,121.45097856300444,122.55774688720705,9710844
2024-12-23,125.46670447940834,127.0338049393634,122.577341989791,123.03768157958984,9513807
2024-12-24,123.16500711407475,124.9280082168589,123.13562500778836,123.54698944091795,4459275
2024-12-26,123.81143737770772,124.2619804216999,121.84275415320472,122.28350067138672,3910967
2024-12-27,121.95049950241544,123.08664995766654,121.54892412265316,122.1463851928711,2498981
2024-12-30,121.4215962845789,122.2541216580642,119.11010932386398,119.59003448486328,4421171
2024-12-31,118.70853047831606,119.86427392483778,117.55278703179437,118.79668426513672,4445600
2025-01-01,118.5126450380016,123.50780461533932,118.5126450380016,120.54009246826172,9718803
2025-01-02,120.54988873289048,122.77322183879431,120.54988873289048,121.42159271240234,5188330
2025-01-03,121.45097769130064,130.07008232293302,121.45097769130064,122.92993927001952,29628714
2025-01-06,122.9299432639319,123.7134935006356,119.34517683200616,120.04058074951172,10879559
2025-01-07,119.99160660583118,128.1013888557249,119.99160660583118,126.8379135131836,12933885
2025-01-08,128.30707932733574,133.6744247206702,126.67141072016496,131.0201416015625,33626381
2025-01-09,130.2953540310312,133.48833412804004,129.09064283621086,130.01132202148438,9825159
2025-01-10,129.28652240610634,129.28652240610634,122.13658295068414,122.62630462646484,9149763
2025-01-13,121.25509517929969,123.99753219925935,116.06404220151586,116.73986053466795,9177966
2025-01-14,117.72909306740482,122.78302457146472,117.54300390373136,121.9798812866211,6980366
2025-01-15,121.5489197922964,122.87116683716552,118.35593233821498,119.97201538085938,6127348
2025-01-16,121.40199925609308,122.72425374588676,119.6977699332706,120.20708465576172,5194387
2025-01-17,120.22667362927466,121.35303499892852,118.64976920627124,118.90442657470705,6462601
2025-01-20,119.2962093221723,121.01023527523478,118.28737634141932,118.46367645263672,7653484
2025-01-21,118.78689430819075,121.54892439616762,117.65074385038302,118.1208724975586,8758744
2025-01-22,118.51264978330023,118.90442863246776,113.87987927657208,115.53514099121094,9029927
2025-01-23,115.53513628454526,120.86331048202084,115.52533975876116,118.26778411865234,21550115
2025-01-24,119.49209510485548,119.78593111462918,112.7339341331016,113.91905975341795,12107334
2025-01-27,113.85049545962045,114.3500136716162,105.39790185007564,106.30878448486328,17052739
2025-01-28,106.75933029433298,107.68979853264489,101.24506665824276,101.52910614013672,21437621
2025-01-29,102.7925814531922,104.79064687836176,101.67601657920925,103.97771453857422,17513410
2025-01-30,104.80044056757318,106.41652362223932,101.71519245822142,102.2930679321289,10248249
2025-01-31,102.8415503531386,104.26174020232476,102.44977152394804,103.41941833496094,9399765
2025-02-01,103.82099852785224,109.29608344829413,102.29306924262376,106.8083038330078,10073225
2025-02-03,105.5448191629212,106.00515874033464,103.63490011658205,104.39886474609376,5886880
2025-02-04,104.78085635895576,106.66138586014202,104.60455625118456,105.58399963378906,6947979
2025-02-05,105.77988779623878,109.0610217102212,105.5937911579706,107.6212387084961,7329396
2025-02-06,107.738773014151,108.41459134518624,105.79947181196984,106.2598114013672,5388634
2025-02-07,106.3185798120997,108.66923790015392,105.09427561100486,107.20986938476562,6128410
2025-02-10,106.66138683900624,107.2098727470792,102.49875242473534,102.76319885253906,5518115
2025-02-11,102.76320066479722,103.1353939426048,97.7582442476876,98.17940521240234,9959673
2025-02-12,98.46344241138084,99.67795011785712,94.32040107271226,97.7092742919922,14004698
2025-02-13,98.04228139677348,100.13828964399715,97.65050254805054,97.88557434082033,6352262
2025-02-14,98.16961283862952,98.77686294915172,93.71314248997572,94.58484649658205,11911862
2025-02-17,94.71217138762886,96.8963334021316,92.41048095054693,94.76114654541016,10404182
2025-02-18,94.9962114865164,97.61133099446376,94.25183989676356,96.3184585571289,16116331
2025-02-19,95.59367398222308,98.90419744408123,95.49573113710728,96.98448181152344,9701829
2025-02-20,96.63188435553418,98.89439609948344,96.3086662570958,98.4928207397461,6552011
2025-02-21,98.49282345244625,99.80528146139252,95.39778627149104,95.80915069580078,9230204
2025-02-24,94.86888268669796,95.30962920149403,93.63478198368534,94.31060028076172,9069755
2025-02-25,94.48690413237982,98.18919891584136,94.47710760625596,97.71906280517578,11193664
2025-02-27,98.19899302068012,98.7376823832504,94.4869018026235,95.15292358398438,7941905
2025-02-28,94.0265600305274,94.7121673750595,90.21652606042852,91.17637634277344,11503831
2025-03-03,91.57795444226733,92.792462120094,87.72874172670063,88.31640625,15382681
2025-03-04,87.66017902942131,90.99028788371017,87.48387892911899,90.63768768310548,11282143
2025-03-05,90.59851012451084,96.86694907628625,90.58871359866714,96.38702392578124,17336446
2025-03-06,96.96489406152892,98.90419523068586,95.30963236764325,96.16175079345705,12124681
2025-03-07,96.26948704007728,102.59669013651458,96.26948704007728,101.83272552490234,22039380
2025-03-10,102.5477171109212,106.13248340611476,102.3518314273569,105.28036499023438,29620844
2025-03-11,103.99729925427997,104.70249968936848,102.40080922169231,103.8209991455078,16835658
2025-03-12,104.0168814987368,105.84844326599683,101.12752658532293,102.49874877929688,9201595
2025-03-13,102.64566796050666,103.33127532911664,97.5819400685504,98.1010513305664,10232062
2025-03-17,98.42426528507288,99.68774816921004,96.47517500918389,97.15099334716795,8377060
2025-03-18,97.15099334716795,97.15099334716795,97.15099334716795,97.15099334716795,0
2025-03-19,100.88266898112172,102.27347679890336,97.7484531280138,98.22837829589844,16531892
2025-03-20,100.88266786701884,104.64372684921292,100.29500333512102,101.0491714477539,28096891
2025-03-21,101.37239130515886,105.77009005303684,101.09814835037773,104.1540069580078,21328294
2025-03-24,104.9963236952958,106.09330293286544,102.89052647958157,103.2235336303711,12007318
2025-03-25,103.82099946702614,104.43804611335948,100.39294759783188,100.6671905517578,11609317
2025-03-26,100.83369281458116,101.77396503367298,97.99331299534448,98.42426300048828,11145340
2025-03-27,98.17939847670928,100.8434855616619,97.94433416702512,99.56041717529295,16357199
2025-03-28,99.88363934081237,101.00020419800155,95.54470486153846,96.3184585571289,13242194
2025-04-01,96.2401068493119,99.89342640519938,96.13236748167942,99.51144409179688,8847214
2025-04-02,99.5114448457508,100.28520600435569,97.60153326426772,100.02075958251952,5899071
2025-04-03,98.62994769520596,108.6202748895578,97.65050429218482,105.18242645263672,16326392
2025-04-04,105.77988730760768,108.1207564381842,100.0991125928047,102.56731414794922,17150258
2025-04-07,93.29198393574234,96.35763909043824,93.19404109016436,95.05498504638672,18208006
2025-04-08,97.93454360173362,107.64083129525356,96.25969628225096,105.7113265991211,22942156
2025-04-09,104.39886838729764,105.28036894154056,100.93164532820911,101.87191009521484,13592505
2025-04-11,103.8209994881657,103.8209994881657,101.3332123773081,101.71519470214844,7450888
2025-04-15,102.84155623538877,106.50467243183724,102.34203801278578,105.7309112548828,9064491
2025-04-16,105.91700674211695,112.03852788022044,105.1726276794068,110.30491638183594,24822782
2025-04-17,110.33429576617782,112.48906816461653,109.69765608900644,111.94058227539062,14946889
2025-04-21,112.58701117113232,117.33731744214892,111.0101067647338,116.30889892578124,19011210
2025-04-22,116.798620831569,117.38628535381966,112.64578307209663,113.15509033203124,12658688
2025-04-23,113.81131758404284,114.3696000108431,109.52135827665984,112.23441314697266,12122418
2025-04-24,111.6565419900595,113.8015253195087,111.16682031466448,111.6075668334961,7331138
2025-04-25,111.65654233425629,111.95037832942296,104.37927791655106,106.00515747070312,13925734
2025-04-28,105.3881079325222,108.50273823121988,105.1824257160354,107.29802703857422,8458140
2025-04-29,107.59185288432371,108.8553357304956,103.73285108125287,104.0364761352539,8234001
2025-04-30,104.50660679279969,107.05316558652476,102.71423106706492,104.16380310058594,9536409
2025-05-02,104.80043989510192,105.48604726053192,103.28229969264429,103.8797607421875,5376483
2025-05-05,104.70249918231906,107.34699332853434,103.9679166447526,106.45570373535156,6240209
2025-05-06,106.45569905406364,106.7005598891516,103.14517578123612,103.93852996826172,8108413
2025-05-07,102.35183203946129,107.64082772548608,102.35183203946129,107.36658477783205,8938619
2025-05-08,107.33719803220056,113.51749093374468,106.56344432628472,108.87493133544922,23759671
2025-05-09,107.49391251087584,114.00721257666189,106.75932996524344,113.41954803466795,30390201
2025-05-12,115.81917735665512,117.53320323719758,114.20309431763168,114.73199462890624,16333436
2025-05-13,115.17274369460702,121.06899703847392,113.53707504019424,120.6184539794922,22647523
2025-05-14,122.92014248144773,123.10623911228022,120.66741974973588,121.36283111572266,16535450
2025-05-15,121.64686368482752,125.7605228538565,121.30405999950176,124.32074737548828,18031199
2025-05-16,124.8300519865099,127.3178464651362,123.29232622569016,127.0044174194336,10505732
2025-05-19,127.32763848363275,128.99268922862552,124.5949905763922,125.88785552978516,12184781
2025-05-20,126.33840201501653,127.03379841829552,119.91324861268892,120.38338470458984,16011404
2025-05-21,121.31385759029692,122.77322613352683,120.01119610206568,121.4999542236328,7143410
2025-05-22,121.49995304642871,125.02594768417516,121.49995304642871,124.67334747314452,9779862
2025-05-23,124.67335108816272,126.64203441140756,123.40986820742708,125.46670532226562,7624052
2025-05-26,125.46670535094964,126.04457336935116,123.8212326696786,124.93779754638672,5515941
2025-05-27,124.93779538214396,126.8379179339176,123.70370210140848,124.11506652832033,5932949
2025-05-28,124.62437235855523,126.093544886729,123.66452204018772,125.72135162353516,4769860
2025-05-29,125.72135468401224,126.59305870709188,124.29136822511131,125.47649383544922,4377355
2025-05-30,125.36875481517058,128.69885638690047,123.5469894989578,127.73900604248048,7653423
2025-06-02,128.10139407607136,128.58132671619256,124.87903190702907,125.3197784423828,7971944
2025-06-03,126.10333768055182,128.99269271993654,125.46670544895052,127.90550994873048,9978203
2025-06-04,128.7968046686624,128.7968046686624,124.83005598451987,125.33937072753906,5140919
2025-06-05,125.73114424596642,127.41578808649976,124.55581515713672,125.11409759521484,5904099
2025-06-06,125.36875066446068,126.11312224128784,123.4980102513107,123.98773193359376,5354896
2025-06-09,124.69293506822233,126.2894325696843,123.94856347517847,124.80067443847656,5819841
2025-06-10,126.44615215293597,132.7733483095381,126.44615215293597,128.35606384277344,34541089
2025-06-11,128.84578242878763,131.5294477834466,128.14058198424885,129.82522583007812,12129308
2025-06-12,131.39232492628648,135.55495933808984,130.55980701099787,131.77430725097656,29831396
2025-06-13,129.58035985644594,135.3590697175348,128.56173039011074,134.48736572265625,22960756
2025-06-16,135.6529107431122,138.05254408131287,133.2140912996895,135.07504272460938,21038993
2025-06-17,138.0035683883886,140.354241503647,133.45895163303325,134.38943481445312,49586411
2025-06-18,135.0554423228136,135.46680673453858,130.23658285602454,131.0397186279297,10524157
2025-06-19,130.36392097992922,132.06814291094474,123.50780978826198,124.96717834472656,15756740
2025-06-20,124.73211584818849,132.1073309479936,124.68314816158608,130.34432983398438,14756339
2025-06-23,129.77624453539406,148.32690407001215,129.2963119112088,146.58349609375,163874057
2025-06-24,146.72061788059438,147.55313576704623,140.12896827203514,140.62847900390625,35166588
2025-06-25,141.51978476302585,144.26221437570092,140.18774111753203,143.4003143310547,21359854
2025-06-26,143.97817304423606,144.3209841961987,140.05061057476897,140.8145751953125,9391938
2025-06-27,141.03984136102395,143.27297098696397,140.2171125399133,141.3728485107422,14912207
2025-06-30,141.7156620591879,144.8400887668133,141.03984375000002,143.24359130859375,15384747
2025-07-01,143.48845113141675,143.7724831277697,138.3953486877897,139.0711669921875,10751105
2025-07-02,140.0603952005961,140.52073475805375,136.92617955576043,138.11129760742188,11566844
2025-07-03,138.7773315498168,141.86257214421295,137.18083409655836,140.9810791015625,13134714
2025-07-04,141.92134193475508,148.58156000871395,141.0496379111493,144.35037231445312,43378886
2025-07-07,144.07611928116873,144.39932242715275,140.8537423682768,141.95071411132812,13048922
2025-07-08,141.9703065392448,144.2132401159605,138.2973940816318,142.84201049804688,15124630
2025-07-09,142.7049019817212,143.4198914870576,138.29740663259042,138.87527465820312,16496692
2025-07-10,139.17890232989575,140.25628101931292,135.84878606095037,138.98300170898438,15954687
2025-07-11,132.03876276884196,136.24058333703124,130.36392291895862,134.53634643554688,30004805
2025-07-14,134.09558984247712,142.01928279211918,133.4001785026081,140.02122497558594,31345967
2025-07-15,141.15737195026315,143.96838454996123,139.94287175141122,140.27587890625,15545390
2025-07-16,140.30526664246318,142.52860733863884,139.7469767324271,141.19656372070312,13221980
2025-07-17,141.18676112248386,142.75387655152645,138.9830134570229,139.41397094726562,8549330
2025-07-18,139.86452361053685,141.08882788768594,138.20926183661197,138.6696014404297,7607686
2025-07-21,139.09074368711407,140.74600532714547,137.90562561196504,138.9242401123047,9054901
2025-07-22,139.27684943460045,140.9419002368574,130.2169979232184,131.02993774414062,19964817
2025-07-23,130.85363653074288,132.74395500803396,125.29039057410635,125.97599792480467,21441971
2025-07-24,126.8379187439439,128.5029695144929,124.61458554114635,126.72039031982422,11741850
2025-07-25,127.18072836947648,127.210110475151,120.67721747716963,121.15714263916016,12586942
2025-07-28,120.9612535790127,120.9612535790127,115.82897252352356,116.16197967529295,12247300
2025-07-29,116.54396493386528,117.74868357133532,114.30103871158488,116.26972198486328,12255861
2025-07-30,116.55375753881732,116.90635773926051,113.71337035638462,114.2618637084961,11722373
2025-07-31,113.61543075512866,117.2785468612962,112.75352328090096,115.76041412353516,12407153
2025-08-01,115.95630343343689,116.51458587207826,113.61543430715464,113.9288558959961,5230949
2025-08-04,114.48713720916152,119.17867194191432,113.46851518730038,116.74964904785156,8606492
2025-08-05,116.74964834137454,117.17080929524396,114.10515419455896,114.32063293457033,6186004
2025-08-06,114.74179070262387,115.77020174336046,109.69765592239467,110.0208740234375,13765201
2025-08-07,110.08943391465546,112.62618860156498,109.79559792095148,112.3127670288086,9419721
2025-08-08,112.63598927217444,112.72413558999342,109.69765911724816,110.47142028808594,7303584
2025-08-11,111.10806024838296,111.627164048051,109.30588052998972,110.81422424316406,9336592
2025-08-12,110.67710439420264,113.40975238170476,110.48121870288296,110.95134735107422,5990433
2025-08-13,111.5096293233583,115.91712461260218,110.87298962039992,114.45775604248048,10856652
2025-08-14,114.65363725721836,114.81035178154708,113.1452935870737,113.86029052734376,4820467
2025-08-18,114.98665662314818,116.3089037182755,113.46851636453822,113.75255584716795,8938937
2025-08-19,114.17371398967546,116.0346578977441,113.81131725059812,115.56452178955078,6379189
2025-08-20,115.57431974312814,116.73985976565515,114.84953372858126,115.18254089355467,4447063
2025-08-21,115.19233551630104,116.45581836220352,114.50672814529652,114.7026138305664,8729215
2025-08-22,114.69281557695876,121.5880977049482,114.64384789265884,121.03961181640624,42581254
2025-08-25,121.03961203252324,121.04940108586484,117.58217817275124,117.88580322265624,6866543
2025-08-26,117.63114535451852,118.30696366019085,114.98665128698636,115.79959106445312,7159088
2025-08-28,115.80938088451023,117.48422813471085,114.8201484703809,115.77999877929688,4935382
2025-08-29,117.0,119.77999877929688,115.70999908447266,116.04000091552734,9971109
2025-09-01,116.62000274658205,117.37999725341795,113.80999755859376,113.95999908447266,11949988
2025-09-02,114.3000030517578,116.73999786376952,114.16000366210938,115.31999969482422,5066937
2025-09-03,115.75,117.30999755859376,115.37999725341795,116.27999877929688,5610270
2025-09-04,117.4000015258789,117.9000015258789,114.33000183105467,114.70999908447266,5811631
2025-09-05,115.38999938964844,116.6999969482422,114.55999755859376,115.9000015258789,5174953
2025-09-08,116.58000183105467,116.9000015258789,115.62999725341795,116.08999633789062,2529138
2025-09-09,116.23999786376952,116.69000244140624,114.75,115.05999755859376,3455424
2025-09-10,115.69000244140624,117.18000030517578,113.0999984741211,114.3499984741211,10643164
2025-09-11,114.58000183105467,119.1999969482422,114.5,116.68000030517578,10440347
2025-09-12,116.98999786376952,117.4000015258789,115.48999786376952,116.3000030517578,6964514
2025-09-15,116.5,117.29000091552734,114.9499969482422,115.1500015258789,5869814
2025-09-16,115.6500015258789,116.97000122070312,115.0999984741211,115.48999786376952,5121518
2025-09-17,116.04000091552734,116.68000030517578,115.61000061035156,116.12000274658205,4348578
2025-09-18,116.56999969482422,116.95999908447266,115.1999969482422,115.63999938964844,3902720
2025-09-19,116.08999633789062,118.9499969482422,115.52999877929688,116.4499969482422,16560382
2025-09-22,116.4499969482422,121.8000030517578,116.4499969482422,119.91000366210938,14790652
2025-09-23,120.0,120.37999725341795,117.5999984741211,118.13999938964844,4470978
2025-09-24,117.93000030517578,118.37999725341795,115.8000030517578,116.08999633789062,4115775
2025-09-25,116.0999984741211,116.69000244140624,114.51000213623048,114.80999755859376,4032040
2025-09-26,114.8000030517578,115.37000274658205,112.22000122070312,112.58999633789062,7956971
2025-09-29,112.98999786376952,114.58999633789062,111.8000030517578,112.66999816894533,9346752
2025-09-30,112.76000213623048,113.36000061035156,111.93000030517578,112.37000274658205,6368511
2025-10-01,112.56999969482422,114.9800033569336,112.56999969482422,114.20999908447266,7496868
2025-10-03,114.48999786376952,115.06999969482422,112.62999725341795,113.9000015258789,6353842
2025-10-06,114.08999633789062,114.66999816894533,112.51000213623048,112.8499984741211,4576360
2025-10-07,113.08999633789062,113.58999633789062,111.83000183105467,112.38999938964844,6424767
2025-10-08,112.61000061035156,113.48999786376952,108.8000030517578,109.1500015258789,8005179
2025-10-09,110.0,110.79000091552734,109.36000061035156,109.8499984741211,6584549
2025-10-10,110.08999633789062,113.3499984741211,109.4000015258789,111.41999816894533,15127545
2025-10-13,111.58999633789062,111.80999755859376,110.0999984741211,110.5500030517578,3382586
2025-10-14,111.0,111.29000091552734,108.6500015258789,109.16000366210938,5028241
2025-10-15,109.5999984741211,110.48999786376952,108.20999908447266,109.91999816894533,6169897
2025-10-16,110.4000015258789,111.56999969482422,108.0199966430664,109.30999755859376,7326792
2025-10-17,108.0,108.0,104.5500030517578,105.37000274658205,15091842
2025-10-20,105.52999877929688,105.87999725341795,103.54000091552734,103.94000244140624,8468234
2025-10-21,104.69000244140624,105.48999786376952,103.94000244140624,104.51000213623048,1635887
2025-10-23,104.98999786376952,106.70999908447266,104.61000061035156,105.7300033569336,7211771
2025-10-24,105.7300033569336,106.45999908447266,104.41999816894533,104.7699966430664,7128570
2025-10-27,104.7699966430664,105.37000274658205,103.0,103.13999938964844,5677296
2025-10-28,103.31999969482422,103.7300033569336,102.61000061035156,102.83999633789062,6881885
2025-10-29,103.0,105.0999984741211,102.0999984741211,103.83000183105467,9480407
2025-10-30,103.83000183105467,104.58000183105467,101.8000030517578,101.9000015258789,8749059
2025-10-31,101.98999786376952,102.19000244140624,100.0,100.58000183105467,6432833
2025-11-03,100.69000244140624,101.58999633789062,100.30999755859376,100.58999633789062,5363997
2025-11-04,100.8000030517578,102.87999725341795,100.8000030517578,101.9499969482422,5199636
2025-11-06,101.9000015258789,102.0,99.5,99.80999755859376,3954189
2025-11-07,99.62999725341795,99.8499984741211,98.0500030517578,98.8000030517578,5748337
2025-11-10,99.0,99.76000213623048,97.41000366210938,97.58000183105467,4302033
2025-11-11,97.22000122070312,99.27999877929688,96.0199966430664,98.77999877929688,6435893
2025-11-12,98.8499984741211,104.5500030517578,98.73999786376952,103.41000366210938,14723732
2025-11-13,103.0999984741211,103.1999969482422,100.0,100.13999938964844,6888427
2025-11-14,100.1999969482422,101.5,99.8000030517578,100.4800033569336,6003220
2025-11-17,100.5199966430664,101.87000274658205,99.9000015258789,100.08999633789062,5042357
2025-11-18,100.08999633789062,100.19000244140624,99.27999877929688,99.63999938964844,3144486
2025-11-19,99.5999984741211,99.68000030517578,98.5,99.01000213623048,4328277
2025-11-20,99.08000183105467,99.5,98.1999969482422,98.37000274658205,3311415
2025-11-21,98.4499969482422,98.58000183105467,97.9000015258789,98.05999755859376,3435709
2025-11-24,98.05999755859376,99.4499969482422,97.0,98.25,6259026
2025-11-25,98.25,98.25,96.83999633789062,97.01000213623048,3433086
2025-11-26,97.3499984741211,98.0999984741211,97.3000030517578,97.83000183105467,4334251
2025-11-27,97.9499969482422,99.1999969482422,97.6500015258789,98.08999633789062,3858340
2025-11-28,98.1999969482422,104.5999984741211,97.3499984741211,101.47000122070312,26499011
2025-12-01,101.8000030517578,101.87999725341795,99.6999969482422,100.12000274658205,6839288
2025-12-02,99.55999755859376,100.3000030517578,96.9000015258789,97.8499984741211,5994154
2025-12-03,97.37000274658205,99.98999786376952,96.9000015258789,99.73999786376952,7467753
2025-12-04,99.5,99.97000122070312,97.5,97.83999633789062,3815282
2025-12-05,97.83999633789062,98.3000030517578,96.95999908447266,97.5,4089223
2025-12-08,97.58000183105467,98.38999938964844,93.33000183105467,93.66999816894533,7345939
2025-12-09,93.83999633789062,94.08000183105467,91.63999938964844,92.7300033569336,7585367
2025-12-10,92.9800033569336,95.22000122070312,92.7300033569336,93.36000061035156,5453197
2025-12-11,93.9000015258789,94.63999938964844,92.95999908447266,93.70999908447266,4094140
2025-12-12,94.0,95.44000244140624,93.6999969482422,94.16999816894533,5382146
2025-12-15,94.25,95.06999969482422,93.48999786376952,93.80999755859376,4780282
2025-12-16,93.8000030517578,94.25,92.5,92.7300033569336,4981500
2025-12-17,92.9000015258789,94.1999969482422,92.41000366210938,92.58999633789062,6563617
2025-12-18,92.8499984741211,93.18000030517578,89.81999969482422,90.4800033569336,9312385
2025-12-19,90.9800033569336,92.3499984741211,90.26000213623048,90.52999877929688,9262270
2025-12-22,91.18000030517578,93.16999816894533,91.12000274658205,91.91999816894533,7192902
2025-12-23,92.0999984741211,92.58999633789062,91.4000015258789,91.86000061035156,5468149
2025-12-24,92.0,93.62999725341795,91.66000366210938,91.80999755859376,8806313
2025-12-26,91.80999755859376,92.63999938964844,91.0500030517578,91.20999908447266,5028083
2025-12-29,91.5,91.87999725341795,90.3000030517578,90.73999786376952,4260529
2025-12-30,90.8000030517578,91.1999969482422,89.5199966430664,89.68000030517578,6796925
2025-12-31,89.9800033569336,90.6999969482422,89.80999755859375,89.95999908447266,5220393
2026-01-01,90.0,93.56999969482422,90.0,90.4800033569336,12575298
2026-01-02,90.6999969482422,91.3000030517578,90.22000122070312,91.12000274658205,7753613
2026-01-05,91.5,93.37999725341795,90.72000122070312,91.18000030517578,7224118
2026-01-06,91.3000030517578,92.0999984741211,90.91000366210938,91.63999938964844,6793472
2026-01-07,91.66000366210938,92.5999984741211,90.9000015258789,92.12000274658205,6725227
2026-01-08,92.25,92.77999877929688,90.22000122070312,90.58999633789062,5866176
2026-01-09,90.5999984741211,91.4000015258789,89.68000030517578,91.01000213623048,6671342
2026-01-12,91.0999984741211,91.11000061035156,88.72000122070312,89.93000030517578,7319819
2026-01-13,90.0,90.69000244140624,89.0,89.12999725341797,4630511
2026-01-14,89.18000030517578,90.87000274658205,89.18000030517578,90.29000091552734,3977563
2026-01-15,90.29000091552734,90.29000091552734,90.29000091552734,90.29000091552734,0
2026-01-16,90.29000091552734,90.66999816894533,89.30000305175781,89.5,3476581
2026-01-19,89.33000183105469,89.44000244140625,87.87999725341797,88.12000274658203,5135585
2026-01-20,88.0,88.1500015258789,83.31999969482422,83.83999633789062,9097728
2026-01-21,84.0,84.0,81.0,81.56999969482422,13061674
2026-01-22,82.73999786376953,86.3499984741211,82.73999786376953,85.06999969482422,13538686
2026-01-23,85.25,85.25,80.98999786376953,81.38999938964844,10783093
2026-01-27,81.66000366210938,81.97000122070312,78.4000015258789,79.29000091552734,9940017
2026-01-28,79.68000030517578,85.0,79.37000274658203,84.06999969482422,9330106
2026-01-29,83.9800033569336,84.41000366210938,81.77999877929688,82.55000305175781,5355226
2026-01-30,82.13999938964844,84.94999694824219,81.25,84.37999725341797,8612867
2026-02-02,81.36000061035156,82.69999694824219,79.5,81.16000366210938,7768187
2026-02-03,84.0,84.5,82.05999755859375,82.54000091552734,6995042
2026-02-04,82.48999786376953,85.4000015258789,81.75,84.80999755859375,9963281
2026-02-05,84.80999755859375,86.94999694824219,84.4000015258789,85.95999908447266,7481859
2026-02-06,86.0,90.0,85.55000305175781,89.37000274658203,13133948
2026-02-09,89.66000366210938,93.02999877929688,89.58999633789062,92.70999908447266,11068236
2026-02-10,92.70999908447266,94.5,92.0999984741211,93.6500015258789,7560819
2026-02-11,93.68000030517578,94.0,92.0999984741211,92.8499984741211,4330895
2026-02-12,92.8499984741211,94.63999938964844,91.56999969482422,93.72000122070312,9877993
2026-02-13,93.0,99.0999984741211,92.3499984741211,96.1999969482422,31429607
2026-02-16,96.1999969482422,98.81999969482422,94.1999969482422,94.7300033569336,6532538
2026-02-17,94.2300033569336,96.94000244140624,93.63999938964844,94.86000061035156,9892587
2026-02-18,94.86000061035156,95.54000091552734,93.91999816894533,94.7300033569336,3535326
2026-02-19,95.0,95.0500030517578,91.80999755859376,92.6999969482422,3474831
2026-02-20,91.75,93.29000091552734,90.0999984741211,90.6999969482422,8588086
2026-02-23,90.6999969482422,91.1999969482422,90.0999984741211,90.76000213623048,3432505
2026-02-24,90.9499969482422,91.0500030517578,87.47000122070312,88.04000091552734,4923322
2026-02-25,88.47000122070312,89.62000274658203,88.05000305175781,88.37999725341797,3416912
2026-02-26,88.37999725341797,88.44000244140625,87.08000183105469,87.4000015258789,3560107
2026-02-27,87.58999633789062,88.0,86.22000122070312,87.44999694824219,8404473
2026-03-02,85.22000122070312,86.19000244140625,83.51000213623047,84.19000244140625,6769406
2026-03-04,82.51000213623047,83.5,81.4000015258789,81.87999725341797,5303716
2026-03-05,82.01000213623047,83.58999633789062,80.80000305175781,82.38999938964844,6453805
2026-03-06,82.30000305175781,82.69000244140625,81.51000213623047,81.80999755859375,6607087
2026-03-09,79.0,81.5999984741211,78.5,80.05000305175781,7446207
2026-03-10,81.0,81.88999938964844,79.55000305175781,80.4000015258789,6037958
2026-03-11,80.4000015258789,83.87999725341797,80.22000122070312,80.4800033569336,11058224
2026-03-12,80.4800033569336,82.9000015258789,78.62000274658203,82.0199966430664,12516183
2026-03-13,82.0,82.0,77.5999984741211,78.05999755859375,8864905
2026-03-16,78.05999755859375,78.44999694824219,74.62999725341797,75.38999938964844,10377798
2026-03-17,75.8499984741211,76.27999877929688,74.63999938964844,75.30000305175781,7587081
2026-03-18,75.5,77.48999786376953,74.8499984741211,76.87999725341797,10632904
2026-03-19,75.88999938964844,75.94999694824219,73.51000213623047,73.94000244140625,6387905
2026-03-20,74.5,75.54000091552734,71.61000061035156,72.77999877929688,26483328
2026-03-23,71.98999786376953,71.98999786376953,68.0,68.38999938964844,15662966
2026-03-24,69.27999877929688,72.80000305175781,69.0,71.51000213623047,15346374
2026-03-25,72.01000213623047,77.27999877929688,71.72000122070312,75.95999908447266,27827877
2026-03-27,75.0,76.5,72.8499984741211,73.69000244140625,18597045
2026-03-30,72.0,76.69000244140625,71.16000366210938,72.13999938964844,18130263
2026-04-01,74.0,76.8499984741211,73.80000305175781,76.06999969482422,7477556
2026-04-02,74.23999786376953,74.6500015258789,72.37999725341797,74.12999725341797,9198767
2026-04-06,74.44999694824219,74.6500015258789,72.0999984741211,73.7300033569336,9489319
2026-04-07,73.69000244140625,74.73999786376953,73.08999633789062,73.56999969482422,7438911
2026-04-08,76.61000061035156,80.19000244140625,75.22000122070312,78.79000091552734,35920241
2026-04-09,79.0,82.19999694824219,78.0999984741211,79.19999694824219,19845981
2026-04-10,79.69999694824219,84.0,79.4000015258789,81.94000244140625,22740187
2026-04-13,79.81999969482422,81.30999755859375,78.36000061035156,79.88999938964844,14374718
2026-04-15,81.5999984741211,83.80000305175781,81.30000305175781,82.72000122070312,17756007
2026-04-16,83.55000305175781,84.44000244140625,79.16000366210938,80.19999694824219,32966412
2026-04-17,80.25,81.86000061035156,79.95999908447266,81.04000091552734,17454192
2026-04-20,81.30000305175781,89.19000244140625,80.3499984741211,87.5999984741211,71633339
2026-04-21,87.45999908447266,89.08999633789062,86.05999755859375,86.76000213623047,21715130
2026-04-22,86.4000015258789,88.69000244140625,86.1500015258789,87.58000183105469,14807336
2026-04-23,87.5,93.1999969482422,86.83999633789062,91.19000244140624,52256845
2026-04-24,91.0,92.13999938964844,86.63999938964844,88.0999984741211,14798633
2026-04-27,88.0999984741211,92.4000015258789,88.0999984741211,91.43000030517578,18890355
2026-04-28,91.41999816894533,94.3499984741211,90.63999938964844,92.95999908447266,16800160
2026-04-29,93.4000015258789,93.8000030517578,90.01000213623047,90.45999908447266,10022575
2026-04-30,89.6500015258789,90.8000030517578,88.0,89.73999786376953,9543093
2026-05-01,89.73999786376953,89.73999786376953,89.73999786376953,89.73999786376953,0
2026-05-04,90.08999633789062,92.37999725341795,89.58999633789062,90.81999969482422,7508796
2026-05-05,90.47000122070312,93.33999633789062,90.0,90.58000183105467,9289913
2026-05-06,91.04000091552734,96.0999984741211,89.91999816894531,94.52999877929688,29977350
2026-05-07,95.25,97.0,94.18000030517578,94.58000183105467,16080681
2026-05-08,94.1999969482422,96.25,93.94000244140624,95.11000061035156,15670286
2026-05-11,94.1999969482422,94.36000061035156,89.97000122070312,90.37000274658205,14605509
2026-05-12,90.37000274658205,90.75,85.4000015258789,86.12000274658203,15146708
2026-05-13,86.5,90.16999816894533,85.41000366210938,88.37999725341797,21773849
2026-05-14,89.0,91.33999633789062,88.5199966430664,90.62000274658205,10555948
2026-05-15,90.9000015258789,90.91999816894533,87.5,88.33999633789062,7489723
2026-05-18,87.68000030517578,87.68000030517578,82.43000030517578,84.56999969482422,18114915
2026-05-19,84.70999908447266,88.45999908447266,84.70999908447266,87.68000030517578,8880197
2026-05-20,83.0,85.27999877929688,81.81999969482422,82.94999694824219,32621116
2026-05-21,83.26000213623047,84.87999725341797,82.69999694824219,83.41999816894531,10403040
2026-05-22,83.8499984741211,84.0999984741211,81.87000274658203,82.12999725341797,7469610
2026-05-25,82.93000030517578,84.75,82.37999725341797,82.68000030517578,8871000
2026-05-26,83.08000183105469,84.58999633789062,82.51000213623047,82.77999877929688,6639254
2026-05-27,83.69999694824219,92.98999786376952,83.18000030517578,91.45999908447266,122229243
2026-05-28,91.45999908447266,91.45999908447266,91.45999908447266,91.45999908447266,0
2026-05-29,92.1999969482422,95.45999908447266,90.5999984741211,93.11000061035156,42532141
2026-06-01,94.0999984741211,99.8000030517578,92.54000091552734,95.79000091552734,92286105
2026-06-02,94.38999938964844,97.38999938964844,92.6999969482422,94.31999969482422,29387604
2026-06-03,94.1999969482422,95.1999969482422,91.31999969482422,94.5,21003654
2026-06-04,94.0,107.5,93.51000213623048,104.41999816894533,80466080
2026-06-05,107.0,113.6999969482422,106.12000274658205,112.2699966430664,230280587
2026-06-08,113.0,117.1999969482422,109.4000015258789,111.08999633789062,135948580
2026-06-09,111.11000061035156,111.9000015258789,106.66000366210938,107.62000274658205,42715992
2026-06-10,108.25,110.48999786376952,102.25,102.93000030517578,49980653
2026-06-11,103.0,112.88999938964844,102.9499969482422,111.4499969482422,147507343
2026-06-12,113.19000244140624,114.9499969482422,109.0,112.5999984741211,86798974
2026-06-15,113.0,114.01000213623048,107.29000091552734,108.48999786376952,41711971
2026-06-16,109.5,113.75,108.2699966430664,111.19000244140624,52031423
2026-06-17,111.8000030517578,112.8000030517578,109.5500030517578,109.97000122070312,23844626
2026-06-18,110.63999938964844,114.4000015258789,109.75,111.77999877929688,46243980
2026-06-19,112.0,117.79000091552734,110.66000366210938,113.36000061035156,75042015
2026-06-22,114.0,117.6500015258789,113.5,115.75,38133230
2026-06-23,116.48999786376952,118.3499984741211,113.56999969482422,114.86000061035156,30899988
2026-06-24,115.0999984741211,116.0,111.91999816894533,115.4800033569336,23013188
2026-06-25,116.0999984741211,116.9800033569336,110.0,111.36000061035156,24635497
2026-06-26,111.36000061035156,111.36000061035156,111.36000061035156,111.36000061035156,0
2026-06-29,111.98999786376952,112.08000183105467,106.5,107.31999969482422,19277445
2026-06-30,107.5,107.7300033569336,103.11000061035156,103.51000213623048,26871047
2026-07-01,105.0,112.25,104.5999984741211,108.30999755859376,65730657
2026-07-02,108.0,108.4499969482422,103.5199966430664,107.16000366210938,51620794
2026-07-03,107.55999755859376,109.1999969482422,104.01000213623048,105.08999633789062,18164311
2026-07-06,105.37000274658205,105.6999969482422,100.98999786376952,101.8499984741211,20921812
2026-07-07,102.36000061035156,104.58999633789062,100.3000030517578,102.37000274658205,26972652
2026-07-08,101.6999969482422,102.37000274658205,98.5999984741211,99.55999755859376,23255860
2026-07-09,99.8000030517578,101.38999938964844,98.44000244140624,99.79000091552734,16333504
2026-07-10,100.5999984741211,101.95999908447266,96.79000091552734,97.47000122070312,21186362
2026-07-13,97.0500030517578,101.6999969482422,96.3000030517578,101.33000183105467,26171393
2026-07-14,101.4000015258789,105.79000091552734,99.6999969482422,103.12000274658205,36573941
2026-07-15,103.5999984741211,103.8499984741211,101.05999755859376,101.8499984741211,11579584
2026-07-16,101.93000030517578,106.48999786376952,100.13999938964844,105.81999969482422,39701486
2026-07-17,105.6999969482422,109.0,103.5500030517578,107.4000015258789,26326566
2026-07-20,107.0,109.5999984741211,106.0500030517578,107.33999633789062,19249362
2026-07-21,107.5,109.8499984741211,106.51000213623048,107.58000183105467,13385815
2026-07-22,107.0,107.63999938964844,105.0,105.38999938964844,11839197
2026-07-23,105.38999938964844,105.4000015258789,102.8000030517578,103.41999816894533,10518662
2026-07-24,102.8000030517578,106.9000015258789,101.1999969482422,105.45999908447266,13489797
2026-07-27,106.0,109.5,105.8000030517578,108.86000061035156,15284220
2026-07-28,109.1500015258789,110.1999969482422,106.25,107.56999969482422,13030601
2026-07-29,108.01000213623048,108.58000183105467,106.26000213623048,108.12999725341795,10287458
2026-07-30,108.0,113.6999969482422,106.5199966430664,112.20999908447266,27156787
2026-08-03,103.0,106.6999969482422,95.5500030517578,98.13999938964844,107649848
2026-08-04,99.0,100.8000030517578,98.0500030517578,99.5500030517578,27006787
2026-08-05,100.37999725341795,101.5,94.08999633789062,94.5500030517578,33657854
2026-08-06,95.0,96.0,92.0,92.56999969482422,30094304
2026-08-07,93.0,95.5999984741211,92.56999969482422,94.19000244140624,21179751
2026-08-10,95.79000091552734,95.79000091552734,93.36000061035156,94.41999816894533,15355393
2026-08-11,90.0,93.94000244140624,90.0,91.55999755859376,25485672
2026-08-12,92.5,98.8499984741211,90.26000213623048,97.5199966430664,45453756
2026-08-13,97.5500030517578,99.25,95.33000183105467,96.75,27199751
2026-08-14,97.0,104.73999786376952,95.45999908447266,102.27999877929688,111249116
2026-08-17,102.44000244140624,107.1999969482422,101.01000213623048,104.87000274658205,56021626
2026-08-18,104.87000274658205,106.9499969482422,103.5,105.31999969482422,24564113
2026-08-19,105.30999755859376,105.87999725341795,101.25,102.22000122070312,15207062
2026-08-20,103.1999969482422,109.48999786376952,102.75,108.02999877929688,45642965
2026-08-21,108.5,109.43000030517578,106.5199966430664,107.58000183105467,23307195
2026-08-24,107.9800033569336,110.62999725341795,103.62000274658205,104.56999969482422,36707649
2026-08-25,105.0,107.4000015258789,104.30999755859376,104.81999969482422,18052110
2026-08-26,105.86000061035156,107.5,104.0,104.41999816894533,13145288
2026-08-27,105.01000213623048,107.33000183105467,103.4499969482422,103.9800033569336,24740990
2026-08-28,105.1999969482422,106.23999786376952,100.8499984741211,101.51000213623048,20420060
