date,Close,High,Low,Open,Volume
2009-09-01,85.4637222290039,89.00267841768498,85.03660751185376,88.27048081385475,3104889
2009-09-02,87.27388763427734,88.51455241316948,84.62984012659338,85.42305040629236,1229235
2009-09-03,86.25695037841797,88.0264220839636,85.07729816071381,87.05016069107452,2341703
2009-09-04,86.2365951538086,87.23319611238392,85.21965445430182,87.05014506501026,822533
2009-09-07,88.33149719238281,89.89759117651823,86.64337799357376,87.05015298618932,3350129
2009-09-08,88.7789535522461,90.01962492018127,87.27388538556741,89.08403645842654,2476568
2009-09-09,86.88743591308594,89.40945129396368,85.82982232650039,88.77894579349186,1883852
2009-09-10,85.4637222290039,88.25014107194144,83.71458387657668,87.74166738713808,4088390
2009-09-11,85.15862274169922,87.0094528218867,84.3247332118687,85.46370556890714,2626638
2009-09-14,84.7518539428711,85.76879456638754,84.30439953884314,84.8128665400969,1045903
2009-09-15,85.9111557006836,88.20944003927924,85.01624700117546,85.74844442613593,3847969
2009-09-16,87.35523223876953,88.18912193196752,85.42304282825322,87.45692432742521,2987335
2009-09-17,86.25695037841797,88.27049239794383,85.26034261993571,87.9043902374788,2502329
2009-09-18,85.0365982055664,85.93150702575575,84.60948353515909,85.93150702575575,1571857
2009-09-22,88.90099334716797,89.65353080836461,84.67051838945052,84.7722171146195,5418711
2009-09-23,91.46366882324219,92.88738445665696,87.5179379099146,89.28741589187695,5806065
2009-09-24,92.27723693847656,93.47722890396315,88.77895976520082,89.63319593489358,5098953
2009-09-25,95.87720489501953,96.56872305035087,91.68740323510657,91.93147352952533,3187805
2009-09-29,95.16535949707031,96.99585053009763,93.53825267826217,96.16196068557493,2938488
2009-09-30,97.11785888671875,99.45682313144091,94.77889464199657,95.22634907443965,7601536
2009-10-01,97.17889404296875,97.95177121137125,94.98230100199089,96.85347138037712,2488944
2009-10-05,100.49409484863281,102.01950905904704,95.2263408194819,96.36531323205318,5116018
2009-10-06,97.01617431640625,100.88055320300548,95.4297472498161,100.88055320300548,3590662
2009-10-07,99.33479309082031,100.63647693010212,97.6263342932022,97.82971846186562,2077728
2009-10-08,98.9076919555664,101.16530420860624,97.72803977990763,100.08734413122518,2147271
2009-10-09,99.25345611572266,102.46699003987129,97.85007335380327,98.84667447339181,3145104
2009-10-12,102.24325561523438,103.19918383131595,98.54159445362768,99.86361156776562,1904124
2009-10-13,102.50763702392578,102.50763702392578,102.50763702392578,102.50763702392578,0
2009-10-14,103.66695404052734,106.1686295076437,102.22289870815294,102.87374390522773,2899997
2009-10-15,103.78900909423828,106.51440889597303,102.50765823501767,102.50765823501767,1609361
2009-10-16,103.15849304199219,105.19237446999443,101.9585012780084,102.12121258676972,2831215
2009-10-20,98.96870422363281,104.48052282283733,98.39921791973049,103.44324230615528,2157072
2009-10-21,97.54497528076172,100.168682699098,95.20601099522119,99.25344069854565,2779112
2009-10-22,97.09751892089844,99.21275925499964,95.30770781628512,97.01616657928346,913914
2009-10-23,92.37892150878906,99.05005216112528,91.15858998562601,98.03311143215927,4613666
2009-10-26,101.10428619384766,105.68052336556592,92.37893323454087,92.37893323454087,12472624
2009-10-27,96.26364135742188,101.08394200436524,93.66027340499014,97.62634456326153,4447026
2009-10-28,95.89753723144531,99.45682644796675,92.96874689270223,94.69754545801399,4638866
2009-10-29,95.55178833007812,98.43989959289797,93.05011234491387,95.18569279666922,5578121
2009-10-30,94.18907928466797,100.06700017146257,93.55858035669716,96.81278695357481,2293232
2009-11-03,93.68061065673828,95.87720354962302,90.71114064755798,93.55857882174634,3203782
2009-11-04,96.36532592773438,97.56531771521904,92.76535718629005,94.37212394313961,3326350
2009-11-05,97.58563995361328,98.72461231194968,91.76873973410223,96.10090529177826,2545410
2009-11-06,98.94837188720703,101.85682285168731,98.03312313557034,98.43989815151652,4625335
2009-11-09,101.34833526611328,101.81612944997907,97.74836660438169,98.94835836529539,3390024
2009-11-10,100.77884674072266,103.11781098666691,99.25343901828603,102.1415497794671,2488294
2009-11-11,103.3822250366211,104.52120428700445,99.45683344123945,100.8398763633428,2140000
2009-11-12,104.56185913085938,107.06353450837206,101.8974790809148,102.995772035379,2605651
2009-11-13,105.8839111328125,107.63304973243959,103.32122246773544,104.94832921964608,2394903
2009-11-16,109.7889404296875,110.56181079749852,106.1686257363257,106.1686257363257,3788681
2009-11-17,110.62281799316406,111.80246315599129,108.24317468839153,109.82960135123716,2353881
2009-11-18,108.50760650634766,112.04656940765724,107.9381202020709,109.13811203794401,2793709
2009-11-19,105.37542724609375,110.4397911578355,104.6432296551787,107.79574393391951,1664845
2009-11-20,106.73814392089844,108.38559046749751,102.71105971922391,104.54155073243665,1316296
2009-11-23,106.92118072509766,108.14151231822463,105.25340127690146,106.20932283611026,1111591
2009-11-24,106.86016845703125,109.74827950751614,105.43644605353009,107.77541053376984,1488792
2009-11-25,106.63643646240234,108.08049196807174,105.2737333056255,106.57542385598542,613060
2009-11-26,109.70758819580078,111.57875825408296,106.1686322428051,106.94150927899031,3402739
2009-11-27,105.45677185058594,107.79573602151902,103.76865287758619,107.79573602151902,1915419
2009-11-30,103.42290496826172,106.53474659065671,102.56867549254781,105.7618694655303,1138199
2009-12-01,107.06354522705078,109.01607432280902,103.32120496627451,104.1347548939182,4150402
2009-12-02,104.50086212158203,108.14151047522033,103.52459421531452,107.79574809745769,1297492
2009-12-03,105.00932312011719,106.90083297517752,104.17543345848024,106.16863539834742,578906
2009-12-04,104.66358184814453,106.5550919646164,104.13476836784473,104.33815918657702,1408413
2009-12-07,105.6805191040039,106.65678043447873,85.78915063138683,104.98899431644948,1686361
2009-12-08,106.79914855957031,108.8126903851923,105.76186803282353,105.76186803282353,2817527
2009-12-09,105.43643951416016,107.69405150438328,104.92797246095371,106.16863710274474,1087808
2009-12-10,105.59915924072266,107.14491350703884,104.70425026991016,105.33475582230308,2068115
2009-12-11,104.90763854980469,106.96185986030476,103.72798644591317,106.3516940657388,1591961
2009-12-14,106.90084075927734,107.3482952344226,104.05340920927115,105.39577263470692,935466
2009-12-15,103.03646087646484,107.633030505054,102.20257121519167,106.69744875901834,1992243
2009-12-16,100.18903350830078,102.50765830892767,96.3246610475927,102.50765830892767,2593177
2009-12-17,105.90423583984375,106.51440161279675,100.22970606919834,101.1246149867281,2632251
2009-12-18,102.1618881225586,105.76185665442874,101.32799186974519,105.76185665442874,1441080
2009-12-21,106.49407196044922,107.1652570226914,102.1008859241763,102.1008859241763,2124808
2009-12-22,108.62962341308594,110.19571715565858,106.59574214271498,107.1855681083831,4385986
2009-12-23,107.53133392333984,109.82961864152033,107.0432000190766,109.42284369847224,2950392
2009-12-24,107.85675811767578,109.0160703640243,107.40930368741765,109.0160703640243,1025565
2009-12-29,108.0601577758789,109.72794391343245,107.06355669045493,108.24320884655154,1516559
2009-12-30,105.90423583984375,108.81268651131064,105.55848009057752,108.6093023343328,1126043
2009-12-31,104.58220672607422,107.34828568032958,103.28052290177813,106.61608811534994,1063866
2010-01-04,102.71102905273438,104.88728184602722,101.91781894487536,104.78558977038068,1607836
2010-01-05,103.82967376708984,105.111024525205,103.36188619235983,103.52459088382525,1259269
2010-01-06,106.12796020507812,107.95845079642726,103.28052230396807,103.28052230396807,4309042
2010-01-07,106.18898010253906,107.79574689842924,105.59915406527521,106.98219693993211,2303302
2010-01-08,104.60254669189453,106.90083147493772,103.91102860709567,106.5754154839208,808849
2010-01-11,109.0567626953125,109.70760136627901,104.60255760849923,107.38897660038006,4366540
2010-01-12,110.0737075805664,111.57877578731299,106.73813526699533,109.05676673989532,3217920
2010-01-13,113.55164337158203,116.46009443982597,107.93813206082874,110.23642389389019,4566587
2010-01-14,114.10077667236328,116.13465797216567,113.36857251858495,114.30416082973805,2879129
2010-01-15,111.90420532226562,114.89401541775864,111.07031550313265,114.50757350468862,3483039
2010-01-18,116.56178283691406,117.3753328257582,110.6431891223963,113.89739569878292,2389742
2010-01-19,110.216064453125,117.84312305052912,109.05675218193647,117.6397256401319,5126965
2010-01-20,114.32450866699219,115.4431414748107,110.74487308835766,111.25334013881714,4841008
2010-01-21,110.74488067626953,113.816049414872,109.91099094861497,113.816049414872,1238505
2010-01-22,111.82283020019531,113.69400701839793,107.04320930737465,109.7075963401977,1370711
2010-01-25,108.9347152709961,112.39231239225242,106.49405886899218,111.13131464011201,2246198
2010-01-27,107.49066162109375,123.29392582350292,104.05340418443053,107.79574450400595,2536458
2010-01-28,106.18898010253906,108.99573871507084,104.82628359100588,106.98219693993211,1030150
2010-01-29,106.61608123779297,107.95844445716445,103.11780494422368,105.63982008779959,1210992
2010-02-01,107.1448974609375,107.9177678573398,105.45677186667113,105.59914342611462,636585
2010-02-02,104.80594635009766,108.93472208846853,104.05340897897302,107.95846079077143,1078109
2010-02-03,105.02967071533203,106.94152045452253,104.60255598199255,105.76186834691542,1618484
2010-02-04,104.03307342529297,105.72119267688865,103.48392683703993,105.15170634521732,1108259
2010-02-05,103.40255737304688,104.94831150591625,100.49410677950134,102.81273135779585,1325521
2010-02-08,106.55509185791016,108.34490325271831,104.60256251147078,105.76187494875998,1866367
2010-02-09,107.81608581542969,108.54828342087754,106.63643374992982,106.63643374992982,1180606
2010-02-10,106.59574890136719,109.72792996409791,104.62288672484277,108.20251560409704,2366673
2010-02-11,106.49407196044922,108.14151837930416,104.94832426072817,105.98560484882125,1048875
2010-02-15,105.6805191040039,107.63304176495356,105.39577594007332,106.49406910923123,503978
2010-02-16,105.82288360595703,107.22625958843575,105.57881332391004,107.22625958843575,440632
2010-02-17,106.69746398925781,107.1855913626017,104.76527437690868,106.18899025084575,804546
2010-02-18,104.927978515625,107.79574981097328,104.66357510301998,107.79574981097328,946583
2010-02-19,101.87716674804688,105.63984738568033,101.49072483928819,104.5415475147486,1205827
2010-02-22,101.71443939208984,103.5652698022572,101.4907088557784,103.5652698022572,532467
2010-02-23,101.45004272460938,103.72798799595165,100.49411453323533,101.71444614060302,2017179
2010-02-24,100.7991943359375,103.32120982381828,100.06699671823081,102.50765323691648,2457412
2010-02-25,101.71443939208984,103.32120614538074,99.39581478873455,100.47376812411362,2408947
2010-02-26,100.47376251220703,103.32120037443208,99.2127581940985,103.32120037443208,1110663
2010-03-02,108.44658660888672,109.7482704484336,101.49070634957891,101.69409713929322,2841092
2010-03-03,113.6126480102539,114.48721719284221,107.99913742064533,107.99913742064533,8257528
2010-03-04,110.0126724243164,113.4499363380872,109.38216694322622,113.4499363380872,1927133
2010-03-05,110.1550521850586,111.66012690693202,108.83302852309082,109.82962954989517,1963660
2010-03-08,111.90420532226562,114.5889324847079,110.84658492909041,111.04997575812783,1815036
2010-03-09,110.72453308105469,112.33130643611297,105.86355339624636,105.86355339624636,1114322
2010-03-10,111.21266174316406,113.4092611395322,108.03980771909384,109.82962552590664,1355884
2010-03-11,113.44993591308594,113.89738372520478,108.30421324261641,109.82962096659166,1216622
2010-03-12,112.73809051513672,115.46349705575025,110.78556776894754,110.78556776894754,1562848
2010-03-15,111.19233703613281,111.6601379136767,108.71100740619521,108.71100740619521,694316
2010-03-16,110.29741668701172,112.39231069688603,109.62623833841305,110.66351878334514,1420977
2010-03-17,110.66351318359375,113.38891254312745,110.25673162580499,111.1109676003541,1621795
2010-03-18,109.36184692382812,111.37538881114457,108.24320739231108,111.25335035166222,1589273
2010-03-19,108.100830078125,110.23641031167635,107.49066429711033,110.23641031167635,1618289
2010-03-22,106.69746398925781,109.76862630075658,106.005945796347,107.71440484507148,1666255
2010-03-23,107.04322052001953,108.54829538065991,106.75847734325086,107.79575795033972,1140941
2010-03-25,109.01606750488281,110.37877050052182,106.16862969419115,106.5754112535822,2335058
2010-03-26,112.39231872558594,114.71094343129612,107.85676802652823,109.78895748829002,2878908
2010-03-29,109.4228515625,113.69400532398835,108.73133344751912,111.94486698426574,1534094
2010-03-30,111.21266174316406,111.86350698964493,109.50420952367583,110.1753878907258,1834160
2010-03-31,109.11776733398438,112.67705657387526,108.54828105560183,111.61944298317032,1806345
2010-04-01,108.79235076904297,111.37538552810582,108.4669347497129,109.82963129699561,939861
2010-04-05,112.49401092529297,112.92113225046886,109.11776615354258,109.78895113223938,1448878
2010-04-06,114.44652557373047,116.09397829593624,111.86349778397214,112.81942583344777,1815713
2010-04-07,113.9380874633789,116.70417361396797,113.30758185042,115.52452136830847,1434631
2010-04-08,112.79911041259766,115.68722168157696,112.02623985563817,112.29064328938802,1474001
2010-04-09,114.7109375,115.890589534332,113.49061922484547,113.85670808638226,962023
2010-04-12,118.43294525146484,119.83632112802151,114.71093166500866,114.71093166500866,3416178
2010-04-13,117.84314727783203,119.77533037970964,116.80585999760766,119.18550425233352,2156925
2010-04-15,120.01935577392578,122.31764031422577,118.12785276619938,119.24648542825506,6621042
2010-04-16,119.18547821044922,120.38546994822607,118.49396675008236,120.20242552325047,2632166
2010-04-19,123.11087799072266,123.82272920317969,117.21261791198664,119.18548010459247,3252437
2010-04-20,119.99903106689453,125.18543997831046,118.88039826471314,123.70070507515472,3265880
2010-04-21,123.90409088134766,125.44984502873838,120.32445527350352,120.40581423968705,9251725
2010-04-22,126.85321044921875,128.13454785008858,122.15494241465376,124.04644552718278,5349885
2010-04-23,126.28375244140625,127.36170592664922,124.67697884372191,126.91425803383855,1408919
2010-04-26,126.10070037841797,127.72781379323581,125.08376608092578,126.91426370683773,1412198
2010-04-27,124.31088256835938,126.48712915439717,123.88376120321888,125.3888359897792,1246433
2010-04-28,123.5176773071289,124.47360565253909,120.97532821012456,123.04988962853577,4616576
2010-04-29,122.40478515625,127.52547263976103,121.72885115451231,123.92050907811212,7315985
2010-04-30,124.57597351074219,125.27237791228121,121.31921841005375,123.10121673563262,3126592
2010-05-03,122.30236053466797,124.94463209869303,121.46257065806186,123.30601965688308,1652388
2010-05-04,118.65644073486328,123.30601711162977,118.2058136544536,122.48671090763672,2144361
2010-05-05,120.25411224365234,120.7252230828102,115.85032542731064,116.7515664503561,2717552
2010-05-06,117.3045883178711,119.78300424808377,116.58770029561396,118.79982867204889,1824680
2010-05-07,114.25267028808594,118.39018251209748,112.90080220032512,116.75155654749571,2408636
2010-05-10,116.93592834472656,118.51309025406738,115.1129624992336,117.98054173050511,2181560
2010-05-11,114.2731704711914,118.39019963252764,113.51530168555664,118.39019963252764,1611010
2010-05-12,118.22631072998047,118.77934281384506,113.88397535376306,113.88397535376306,2275770
2010-05-13,123.98197937011719,124.47356053760095,118.7998401087185,118.7998401087185,5172449
2010-05-14,120.72522735595703,125.94832074111045,119.72156799850077,124.535014845044,4708377
2010-05-17,125.47721099853516,126.15313172211695,117.9805253778933,117.9805253778933,3367988
2010-05-18,120.99150085449219,126.09170558063812,120.45895235618023,125.374804138953,2672351
2010-05-19,116.93592834472656,123.63377888338108,116.38288282410126,120.02881451508719,2119037
2010-05-20,120.95052337646484,121.85176435012164,117.40701045780146,118.59500931690745,2615267
2010-05-21,117.81668853759766,120.95054210412168,116.30096424104259,118.39020439729771,3572317
2010-05-24,115.09247589111328,121.0529544758531,114.5804110420077,120.84811786763753,1844928
2010-05-25,113.16707611083984,115.1129436050214,112.10197923853634,113.8839774688467,1846914
2010-05-26,112.9622573852539,116.21901244210251,111.48750062999633,113.88398202425431,2757033
2010-05-27,113.6176986694336,114.70327915594778,110.60673442435781,113.67914964090744,7133404
2010-05-28,115.95272064208984,117.03830105129384,112.3682409232907,114.70327098729227,4427225
2010-05-31,115.85032653808594,117.75522690132672,113.51529598683345,116.75156756977252,2313905
2010-06-01,112.88032531738281,116.87446551056031,112.32729318854751,116.05515914694195,2451569
2010-06-02,113.10563659667969,115.72742475370157,112.34776793527473,115.72742475370157,1132676
2010-06-03,119.57817840576172,120.02879220016496,113.51528248885415,114.70328128319028,2993588
2010-06-04,121.79032135009766,122.40480447854722,117.46846912667085,119.82398334048877,2301576
2010-06-07,118.63597106933594,120.19266237548952,116.87445652195926,118.79982699517149,1741354
2010-06-08,116.19851684570312,120.80712623152661,115.3996942415889,118.79982122503459,2321805
2010-06-09,115.8298568725586,117.81669211574089,114.72379244321934,116.19854946091093,1209868
2010-06-10,118.5130844116211,119.20950219161953,115.7888909440687,115.82984492902476,2842479
2010-06-11,119.10709381103516,121.46260826017247,117.20220659111338,119.61917202637792,2573808
2010-06-14,121.85174560546875,122.26140537982694,118.39016785392394,119.946845657916,2204788
2010-06-15,119.37334442138672,121.66742076541517,118.79982866930831,121.46258418559087,4475633
2010-06-16,122.56867980957031,123.5108748730395,119.82398925604161,119.82398925604161,4330397
2010-06-17,123.18313598632812,124.7807946893248,122.07707175733098,124.12534428113564,3158197
2010-06-18,120.80712127685547,124.24822876828253,119.61913591561348,124.12532683312985,2164123
2010-06-21,120.02879333496094,124.53499800016925,119.22997069057674,121.48306635532356,2958612
2010-06-22,119.18901824951172,130.27017170798328,117.20219655161081,120.43846818420133,3837626
2010-06-23,121.48306274414062,122.48672193600515,117.98051740474745,119.1889998321237,1447321
2010-06-24,120.09027099609375,122.50723645982032,118.267305067157,121.48309335279201,3819887
2010-06-25,119.02516174316406,120.09025873025458,118.14440436208037,120.02880774968021,1126950
2010-06-28,119.9468765258789,120.848117592828,118.47211962866373,119.33240670977952,1801749
2010-06-29,119.57817840576172,121.01196775483729,118.86127706336667,119.94685757001362,1886600
2010-06-30,124.88321685791016,126.3374899948634,118.18535362846004,118.63598079896545,3844150
2010-07-01,122.4253158569336,125.96882980994765,121.91325091252742,125.96882980994765,1583758
2010-07-02,119.84449005126953,123.90006881051015,119.20952314069493,123.18316724419206,1341308
2010-07-05,120.37702178955078,121.72887674146696,119.96736190390386,120.3565381284826,1042730
2010-07-06,120.90956115722656,121.40114231423374,120.13122210267925,120.23362706455484,572951
2010-07-07,120.64327239990234,121.79030385201881,120.31554722276704,121.25775544006677,1015310
2010-07-08,123.42893981933594,124.04340957397585,120.93004014046262,122.07707168626831,1945764
2010-07-09,123.26507568359375,125.14949235059896,122.17949506875155,124.86273445220391,1784821
2010-07-12,124.4325942993164,124.9446591312061,123.40846463553703,124.53501259998085,1434808
2010-07-13,126.52183532714844,127.38210905268151,122.77349885620313,124.57598094847711,2854205
2010-07-14,124.14582824707031,128.01706639385495,123.55182881362568,127.03389077913835,3206131
2010-07-15,124.90370178222656,125.41576660032317,122.69155989747517,124.78079982473974,2499161
2010-07-16,128.30386352539062,129.65571874036596,123.92055923959853,124.53504251978353,4502670
2010-07-19,129.94244384765625,130.67982893165123,127.27968808561401,128.017073169609,2505451
2010-07-20,126.7061767578125,133.67031463923507,126.05073962586536,131.08949342549047,8115949
2010-07-21,125.62059783935547,128.160451767295,125.06756566697013,127.03390376164212,2573178
2010-07-22,123.3879623413086,125.6615415869723,122.60961004523844,125.600090615854,2561120
2010-07-23,122.17948150634766,125.51815761858546,121.05293369739799,124.73981864811637,2071562
2010-07-26,122.65057373046875,123.55181460639639,121.68789522095477,122.17947630392845,1353484
2010-07-27,121.81079864501953,124.43258696607175,121.5445244147007,123.10121581447765,2280237
2010-07-28,120.58184814453125,123.46991107174694,120.192685245729,122.63012095365104,2019300
2010-07-29,120.70474243164062,121.58549981686215,119.49625981753245,120.64329145077757,1916402
2010-07-30,121.38069152832031,122.40482132621896,119.86496715856977,120.64330633840146,1341596
2010-08-02,123.65425872802734,124.33017952443178,121.76984195666056,122.07708353165043,2925785
2010-08-03,124.06389617919922,125.1494901103243,123.63376600716423,123.6542496663769,2072635
2010-08-04,122.85543823242188,124.76032536390615,121.8927461682756,124.0639075582315,1177531
2010-08-05,120.49987030029297,124.0229121381533,120.0697402325048,122.89635116163748,2379807
2010-08-06,125.82540893554688,128.07851806452186,121.09389710112944,121.09389710112944,6922395
2010-08-09,129.69664001464844,130.67981558095852,125.72299710527692,126.58327072490522,4784553
2010-08-10,127.6073989868164,130.06533120999757,126.80857634856835,129.0411883384339,1651460
2010-08-11,126.50135803222656,129.24604862935064,125.9688095090113,127.77129169198378,616710
2010-08-12,123.22412872314453,126.00978686473147,122.89640345144501,124.9446763977785,1434842
2010-08-13,124.16632080078125,125.29286877200683,122.89638720776229,123.4289490387071,1359848
2010-08-16,120.70474243164062,124.53501354112569,120.45895184390473,123.8795630833524,1695737
2010-08-17,121.29876708984375,123.69524915527556,120.90959079930211,121.46262307044496,1656700
2010-08-18,123.12171173095703,124.12535777537455,122.07708502889275,122.38432660765086,2554424
2010-08-19,124.86273956298828,125.72301329338553,123.16266242689514,124.10487079896349,2583637
2010-08-20,123.24456787109375,126.05070866208726,122.63008487556856,124.49401751770921,1633398
2010-08-23,124.22777557373047,124.84225872874148,123.265083519451,123.71571072312688,653155
2010-08-24,121.17582702636719,124.82175814022943,120.76618053572496,124.2277587266548,1695370
2010-08-25,119.10709381103516,134.63301618187302,118.79985221611649,134.63301618187302,1649024
2010-08-26,121.85174560546875,123.20360019013832,118.53354010673573,119.6191338412853,4101824
2010-08-27,122.3228530883789,123.14217270459618,120.39748266241124,121.85175564441114,1165565
2010-08-30,119.823974609375,123.71569636074196,118.0829436508689,122.4867301933929,1566091
2010-08-31,117.63229370117188,119.6191281766512,114.94905497868945,118.43112955655535,5620433
2010-09-01,117.57087707519531,119.66011709781102,114.80571626270135,119.66011709781102,3812409
2010-09-02,116.83350372314453,119.12756698416759,116.60819679623326,119.00467835845068,2677823
2010-09-03,117.3045883178711,118.55403811196888,116.85397451367687,117.57086253593401,1016270
2010-09-06,120.41797637939453,121.01197581613226,118.2058345679471,118.22631822684946,2297616
2010-09-07,120.00830841064453,122.17948275726518,118.45163045376853,120.41796822523611,4921573
2010-09-08,119.49625396728516,120.80714148293755,117.61183732737246,119.98783511869034,2275354
2010-09-09,119.27092742919922,121.42160461456842,118.24678464058867,120.11071731457457,1929956
2010-09-13,120.76617431640625,121.19630444300087,119.20948305927485,120.438449139341,2904562
2010-09-14,119.90592193603516,122.4457758378884,119.45529473697225,121.1348748977599,2653485
2010-09-15,120.58184814453125,121.66744220172394,119.61916939260415,120.43847584910863,2731428
2010-09-16,118.20581817626953,121.4625727972596,117.8166553825209,121.4625727972596,2692358
2010-09-17,117.28410339355469,119.78300295476929,116.60818269456138,118.71790609401764,3478881
2010-09-20,119.02516174316406,119.59867755709223,117.36605194623766,118.22632566712991,3208369
2010-09-21,120.25411224365234,122.28191454729163,119.51674049882386,119.94687068271148,6212343
2010-09-22,125.53864288330078,126.17360959647534,120.52037348632244,120.99148427466868,11778133
2010-09-23,125.55913543701172,127.91464953849261,122.93734710399708,127.91464953849261,10735374
2010-09-24,125.06756591796875,126.50135550401507,113.55626857203498,124.45308276170366,8400867
2010-09-27,125.47721099853516,126.84954943992082,124.59645368988447,126.11216440510317,5010095
2010-09-28,126.41941833496094,126.78811088849832,124.14583870362728,125.27238668903705,2660216
2010-09-29,123.42893981933594,127.19775966065677,123.14218193288451,126.78809982184819,2071545
2010-09-30,122.97830200195312,124.73981648540644,120.64327179531567,123.83857558672933,6261087
2010-10-01,123.3879623413086,124.86271896957693,121.25775535920671,122.97830253623408,7926501
2010-10-04,125.006103515625,126.583278584056,123.4698957652981,124.02294122398821,4564057
2010-10-05,124.7807846069336,126.48084813053899,123.51085121064317,124.53499405765156,3852176
2010-10-06,121.48306274414062,126.31699245364564,119.84445018861832,125.74347672564141,22654180
2010-10-07,129.6685791015625,134.24615005635806,125.44312382315427,134.24615005635806,9778526
2010-10-08,129.6685791015625,130.6369039278037,127.02767123160136,130.28478825141636,4761996
2010-10-11,129.0523681640625,130.9009955880167,127.7539164397104,130.02069297689036,3229992
2010-10-12,123.44043731689453,128.8102751113478,122.80221255968311,128.52417945314505,9814512
2010-10-13,123.26435089111328,124.58480462720384,120.07325436222777,124.18867119284667,12604436
2010-10-14,121.81184387207031,125.53112686278388,121.34969048777153,124.4747532432177,4388310
2010-10-15,118.95089721679688,122.93426138987623,117.1242718794017,122.16399656053525,6851356
2010-10-18,120.71147918701172,121.48174386732993,118.00455171122056,119.28098763784931,5043716
2010-10-19,122.49407196044922,123.99059676645562,121.26165398975408,121.92188078098685,3523862
2010-10-20,122.82421112060547,124.67285189678157,122.20800200599719,122.80220892922173,9411006
2010-10-21,125.4430923461914,125.9932813477098,123.06627854610173,124.49676995004953,9098716
2010-10-22,125.0469741821289,127.22571483410032,124.18867386228088,125.44310762500095,2612154
2010-10-25,125.31107330322266,126.25739585753261,124.78288640054454,125.50913331746376,1029926
2010-10-26,122.18598175048828,125.66317371317457,120.95355027112463,125.66317371317457,5389298
2010-10-27,123.48444366455078,124.47478410416709,122.36206320592638,122.40608102304637,3584216
2010-10-28,121.92188262939453,124.29869642739675,120.93154242753121,123.48441401939496,7958552
2010-10-29,121.56977081298828,124.05662248834423,118.70878791885245,122.14196201887582,4138776
2010-11-01,125.17903137207031,126.27940966020797,122.05395434728891,123.68251958667352,2720132
2010-11-02,127.13768005371094,128.06200028378885,125.44309520395957,125.44309520395957,3563414
2010-11-03,128.30409240722656,129.8006040061238,126.67552737079842,127.64386551662335,3712988
2010-11-04,130.9009552001953,131.60519975828106,128.48012376651454,128.5241415699601,4289206
2010-11-08,130.17471313476562,131.51716887784,128.52414618884723,130.30675311749982,11113952
2010-11-09,129.99868774414062,131.09906598231288,128.7662560579768,130.50485904722956,5048800
2010-11-10,129.88861083984375,130.63685975725915,128.9642907114153,130.24072639717483,3487098
2010-11-11,129.9326171875,136.44684845025088,128.56814601652823,136.44684845025088,1505021
2010-11-12,126.36739349365234,130.37277150699512,125.17898005669629,130.2847359070922,1031206
2010-11-15,126.05933380126953,129.18441082106034,124.78289767553868,126.76357859102342,1743608
2010-11-16,122.58212280273438,128.03999560191573,116.64008094335587,126.80757747809578,4010600
2010-11-18,126.4554443359375,128.216049274453,117.56439745584392,127.29174242761212,2817046
2010-11-19,125.39907836914062,129.27241711752646,124.56279374776328,127.20370103570171,4725503
2010-11-22,127.7319107055664,128.48015984486491,123.99062471201947,127.59985725814798,767629
2010-11-23,127.15969848632812,128.17205446092524,123.2863727055106,126.41144939103532,635308
2010-11-24,125.7071533203125,127.99593091670364,122.36200236767675,127.37972208045777,2518442
2010-11-25,124.43074798583984,126.631503957062,122.53808979117971,126.05929934513516,2467375
2010-11-26,124.51881408691406,126.32343730633231,120.68950540568106,125.88328595683289,3658554
2010-11-29,123.72652435302734,126.23537852591636,121.56978582225761,122.31803491984877,1134701
2010-11-30,126.67552185058594,129.40446491909873,123.24234754199878,123.24234754199878,1406688
2010-12-01,127.90795135498047,129.93264971892853,125.88325299103238,127.20370669373553,828861
2010-12-02,131.9573516845703,133.14576554335238,126.85160745424355,129.3604617538314,2358974
2010-12-03,130.680908203125,134.20211833150748,129.22841439810747,132.74962452648995,2230874
2010-12-06,130.1527099609375,132.48550585386363,129.44846538288587,130.68088332021514,973711
2010-12-07,130.7689666748047,132.04540288286847,128.6122277808551,128.96434348226822,659507
2010-12-08,130.32879638671875,131.693268037967,128.83228472472274,131.25311675900633,1113980
2010-12-09,127.5118179321289,131.8693124646302,123.68249682130521,131.8693124646302,1977009
2010-12-10,127.59983825683594,128.17204291240395,123.2423437879463,126.14734457798922,1288791
2010-12-13,127.55583953857422,129.2284225140091,125.97130562716951,128.17206209562215,734851
2010-12-14,130.064697265625,131.16507541508037,126.76356281725889,127.37977189448381,472592
2010-12-15,131.38514709472656,131.95733834229958,127.42378587579007,130.06469335508106,1538861
2010-12-16,128.30409240722656,132.22143593833562,126.85159862083967,132.04537812064484,989244
2010-12-20,124.56279754638672,129.75657666478037,121.48173894983299,128.43612298054305,1990808
2010-12-21,122.62615203857422,127.37978059600955,121.08562252410054,125.0029663172919,2231162
2010-12-22,124.07862854003906,126.41143810885102,121.65779678499898,126.10332687617884,1372754
2010-12-23,124.1226577758789,125.79522722403202,123.55046649949777,125.04697812663751,1617905
2010-12-24,122.27399444580078,124.12263480520052,121.9218788689381,124.12263480520052,897361
2010-12-27,120.02925872802734,123.06629985582227,118.44471144281012,123.06629985582227,819528
2010-12-28,122.89024353027344,125.70720905371341,120.73349149868001,125.70720905371341,1439224
2010-12-29,125.83924865722656,126.76356903457389,122.45009185008786,123.5944744357691,2170869
2010-12-30,127.29176330566406,128.9643328986443,125.04698895440501,125.44312244407381,2960350
2010-12-31,129.62454223632812,131.42916503542614,125.00295414301252,125.00295414301252,1284305
2011-01-03,127.24772644042969,131.0330297989303,125.88325490706495,131.0330297989303,1200625
2011-01-04,125.92729949951172,128.17207399215673,125.26707249769571,127.24775350314374,1443283
2011-01-05,123.59446716308594,126.58750375969335,122.45008464474374,126.58750375969335,1158259
2011-01-06,121.30567932128906,125.00294689509671,120.68947029771266,123.24234200925028,1555554
2011-01-07,119.28099060058594,123.06629409578309,118.84083934375721,122.00993376586422,1171415
2011-01-10,117.78448486328125,121.56978854646512,115.14357719115544,119.19296089567106,890007
2011-01-11,114.92350006103516,117.5203898851354,112.76676150991295,117.5203898851354,1883000
2011-01-12,115.45166015625,117.91650968588975,110.34591001081716,114.92348674926603,3457188
2011-01-13,114.87947082519531,120.02924557995422,113.82311056154848,115.49567985962683,4360382
2011-01-14,103.56758880615234,118.40068434987153,95.33676190647806,118.40068434987153,14090199
2011-01-17,100.66258239746094,106.20849044087336,96.39311691828769,97.62554167417652,8941410
2011-01-18,95.11668395996094,103.17144613586369,93.13600341516359,102.11508586510836,10150809
2011-01-19,98.6819076538086,100.53054153710161,95.11668660378096,95.11668660378096,6011973
2011-01-20,97.8896255493164,100.61856840005213,96.56917193102792,98.59387016554003,2355638
2011-01-21,100.5745620727539,100.97069551698614,96.92130530193087,98.1977479750101,1416756
2011-01-24,105.76834106445312,107.264852547988,99.47417718266878,99.47417718266878,2685567
2011-01-25,108.84941864013672,110.78608168802289,106.07646408634562,106.51661538960846,6856321
2011-01-27,103.83168029785156,109.7737223507907,101.85099961353852,109.37758890039821,3022428
2011-01-28,102.73131561279297,104.66798545448134,99.65025636645687,104.66798545448134,2345749
2011-01-31,101.36681365966797,102.51120264786528,99.12204005346852,100.00234237493125,2011928
2011-02-01,98.50586700439453,102.77533347578506,94.7645807750833,101.10275711238717,4062540
2011-02-02,98.85796356201172,101.10273068308742,96.8332653277793,99.47417256399146,4232948
2011-02-03,101.14675903320312,102.51122388443324,98.41782261456783,98.81395605482089,1464324
2011-02-04,101.14675903320312,103.78766654469055,100.266456529374,102.11509044418017,1410444
2011-02-07,101.45487213134766,103.96373313582914,100.26646499408545,101.19077867143353,2148271
2011-02-08,101.27880096435547,105.50424875328467,100.88266082665365,103.25948150434019,1094942
2011-02-09,101.23478698730469,102.7753163545028,98.94600184213107,101.36683370487096,1193299
2011-02-10,100.09039306640625,103.47956311523535,94.63252017092529,102.02706262519077,2801816
2011-02-11,99.65026092529297,102.59928028321124,99.07806955488037,101.14677951453946,3108413
2011-02-14,102.33515930175781,104.5799332245243,99.91432757633989,101.93902588770474,1005537
2011-02-15,102.9513931274414,105.41624325537367,100.53056081886288,102.11510828913025,1679740
2011-02-16,103.83168029785156,104.27183156103224,102.2911508767192,103.43554684745907,2151264
2011-02-17,104.53592681884766,105.90039844484804,102.51122828662297,103.78767100169519,941257
2011-02-18,105.06410217285156,105.98842248556284,103.65561951419518,104.97607326596837,2844424
2011-02-21,105.06410217285156,105.63630014185496,101.32281654282754,105.2841777981471,1254918
2011-02-22,103.6115951538086,105.19614224225383,101.80697917015256,103.78765967262177,568509
2011-02-23,103.21546936035156,103.8756962432536,102.33516684981552,102.33516684981552,424138
2011-02-24,101.80699157714844,102.99539868022362,100.48653774791481,100.88267121021471,1788110
2011-02-25,103.5235824584961,104.00775156580781,100.57457014751526,102.99540225172241,1184145
2011-02-28,104.53592681884766,105.81236281774447,101.41085010958247,101.41085010958247,1120868
2011-03-01,106.3405532836914,107.79304715317984,104.75600596911687,105.63630854028591,1648901
2011-03-03,107.39690399169922,107.92508414350536,104.7559965164935,106.51660149996397,2145685
2011-03-04,108.98145294189453,109.8617554479965,107.83705699749191,108.76137731536903,2473210
2011-03-07,110.9181137084961,112.54667197129854,107.48493265523622,107.48493265523622,6417430
2011-03-08,111.09417724609375,112.23857322822421,110.25789252419672,111.79842196066255,1542495
2011-03-09,111.00613403320312,112.19454095926396,110.03780271256743,111.35825634511824,2266643
2011-03-10,108.05712127685547,111.44628422621442,107.4849233647411,111.44628422621442,620420
2011-03-11,105.41621398925781,108.67333023189246,105.10810948784768,107.30886552102635,795996
2011-03-14,105.72432708740234,107.83705439428037,104.09576883366249,104.75599569730093,1108653
2011-03-15,105.50425720214844,106.0764551916455,102.37918724073047,104.0957744930463,1649128
2011-03-16,105.63632202148438,106.56064252564296,104.22783907109988,106.56064252564296,890452
2011-03-17,105.59227752685547,106.07644656695047,104.22781274179874,104.84402177812439,455243
2011-03-18,104.66797637939453,107.13281953304703,103.78767381390959,105.63630785819285,1106817
2011-03-21,105.06410217285156,105.54827123497176,103.52357279578285,105.15213107973476,494008
2011-03-22,106.82471466064453,107.30888375669147,104.84403389419435,105.54827863095797,882634
2011-03-23,105.54827880859375,108.40926214272567,104.75600515744519,106.86873265511618,897013
2011-03-24,105.15213775634766,105.98842921527589,104.05175956000173,105.63630684921007,1136707
2011-03-25,109.02545928955078,109.68568614037508,104.88804037752179,105.63629613188769,2071957
2011-03-28,109.55364990234375,110.6980459063347,108.27721388850232,108.27721388850232,943236
2011-03-29,109.28955841064453,110.56599436894082,109.02546497008487,110.56599436894082,750871
2011-03-30,109.7737045288086,110.21385572052984,102.9953788627711,109.64166454423157,1013716
2011-03-31,108.80538940429688,110.91811678146458,107.39690672491014,109.77372082661431,1166293
2011-04-01,110.08183288574219,110.87409978132935,107.17683188133849,108.58531457104094,1597808
2011-04-04,110.69804382324219,112.45864889398958,108.71736311865136,110.03781692171191,1041698
2011-04-05,111.93045043945312,112.67870612910687,108.89340315861249,111.00613024176809,1102006
2011-04-06,112.19454956054688,114.70341702767281,111.05016035430741,112.6787186160703,1070457
2011-04-07,110.2138671875,113.86713051829146,108.62932676214785,111.88644323329522,1997292
2011-04-08,108.1891860961914,111.31425615821102,107.5729702737516,110.21387795689942,1945860
2011-04-11,112.01850891113281,112.41464240548763,107.66101360852576,108.14517602205098,3460989
2011-04-13,111.05016326904297,113.11887282969734,110.1698607567496,113.11887282969734,1612143
2011-04-15,109.68568420410156,111.79841143267845,108.7173528498881,111.09416678442791,1471924
2011-04-18,110.2138671875,112.23856556654289,108.98144909539552,110.03780937896362,1523773
2011-04-19,118.66476440429688,120.90953817667501,103.7876527270021,110.83007182004822,15644592
2011-04-20,117.96051025390625,121.48171951521688,116.81611455751083,119.5450571079655,4666559
2011-04-21,117.43234252929688,120.90954798442561,116.68409349937448,119.41302305988182,2229871
2011-04-25,116.1999282836914,119.14894698807355,112.23856709220192,117.03621295986919,1168617
2011-04-26,115.31961059570312,117.38832654039739,114.65938381748346,117.1682509476575,1248644
2011-04-27,116.1559066772461,118.44469844158917,114.92348860866106,116.1559066772461,1193143
2011-04-28,118.97289276123047,120.86555143838831,115.36366010772926,116.46403837386107,2842555
2011-04-29,118.62078857421875,123.06631988629091,118.00457937199215,119.7211669468924,2922067
2011-05-02,120.20527648925781,121.61375204819089,116.77208961014375,117.3442941395027,1552106
2011-05-03,117.43234252929688,120.82151236568204,116.46401788486504,120.29332551791958,2868176
2011-05-04,117.65242004394531,119.63310060651914,116.37598414564546,117.08022880991943,301956
2011-05-05,117.74047088623047,120.2493386294571,117.30031959319784,118.44471564155299,1152146
2011-05-06,117.08023071289062,119.41302692934282,116.19992822632754,117.6964397670148,1211527
2011-05-09,116.99220275878906,118.18061656647609,115.58372674738868,117.08023838615507,750402
2011-05-10,116.64008331298828,117.96053708634285,115.53970516852613,117.08023457077314,828966
2011-05-11,116.55203247070312,117.96052168465337,116.02385908973326,116.90416149036501,424753
2011-05-12,115.71575927734375,117.34432425190454,115.4956836555031,117.34432425190454,431292
2011-05-13,115.71575927734375,118.84083579395097,115.14356803349804,115.58371927717934,1001371
2011-05-16,115.2315902709961,118.3126489780532,114.87947464884384,115.6717415148614,1070229
2011-05-17,115.62773895263672,117.34432614420558,112.45864457408639,115.75977895493041,1245674
2011-05-18,115.45166015625,116.86014943957252,114.6593933295994,115.80378919325528,1373580
2011-05-19,115.84780883789062,117.34432032991933,114.48333734161316,115.75977321915678,1730362
2011-05-20,116.86015319824219,117.78447348063042,115.67173948769305,115.67173948769305,1855670
2011-05-23,116.1999282836914,117.7404576359373,115.75977704019257,116.86015514893964,795818
2011-05-24,119.67713165283203,121.21766114966012,116.19993918931887,117.08024175893492,3998907
2011-05-25,120.90957641601562,122.97827961944512,117.08025445015592,119.85320247208696,2099385
2011-05-26,121.56977081298828,126.05930514129967,120.38135716094608,122.18597982679388,4914276
2011-05-27,122.14196014404297,123.02226255949553,120.60143091700098,122.3620357479061,2369073
2011-05-30,119.85318756103516,122.36205521720603,119.45705409752159,122.36205521720603,846435
2011-05-31,120.68946075439453,124.07861683224748,120.16127395746638,120.99755852564577,4702723
2011-06-01,123.02227020263672,123.6824970552448,119.01689127701117,119.01689127701117,1389136
2011-06-02,125.92729949951172,126.49949086147784,120.24934997036453,121.48176833414666,3440731
2011-06-03,123.46241760253906,127.29173860165379,122.62613296835,126.76355176303476,1456839
2011-06-06,123.24236297607422,125.70721292206602,121.61379780666404,123.46243862424578,1056270
2011-06-07,127.33575439453125,128.26007472881224,121.56978362311516,124.0346199380638,1900712
2011-06-08,126.93962097167969,127.64386567567072,124.65084247414691,126.67552752863924,1313501
2011-06-09,125.53115844726562,127.95199064189671,124.82691366781165,127.42380369921824,685498
2011-06-10,122.58212280273438,127.64386216442718,121.56978030333586,125.00295467137006,2312823
2011-06-13,123.15433502197266,124.1226733072396,121.87789886946797,123.24237065967053,3189859
2011-06-14,123.50645446777344,124.47477924485182,122.6261518891469,122.80220971840194,1045222
2011-06-15,122.53811645507812,123.99062377155472,121.65781387503826,123.77054812654475,642781
2011-06-16,120.16129302978516,122.89023619314533,119.28099051674644,122.7141649446573,993380
2011-06-17,118.62078857421875,121.34973231139067,117.65245023332467,120.16131829596186,712314
2011-06-20,118.1365966796875,120.55742863391204,115.31963127396907,119.32501046651979,1518687
2011-06-21,119.80917358398438,120.60144044756123,109.64167719554847,118.44470204573541,856532
2011-06-22,120.3813705444336,122.00993559201515,118.6207654907673,120.46940617005714,888762
2011-06-23,119.28099060058594,120.95356000359497,118.66478152749579,120.02925311013493,1431793
2011-06-24,120.42539978027344,121.43774240921773,119.0609280477841,119.80919063950942,1778672
2011-06-27,124.65084075927734,126.3234101549392,120.51340821738167,120.51340821738167,1727903
2011-06-28,123.77052307128906,125.48711006840242,122.45006946853283,125.04695886748367,1738421
2011-06-29,123.8145523071289,125.83925092437883,123.24236100397954,125.83925092437883,983025
2011-06-30,118.75279998779297,124.9589352005281,117.9605331233374,124.12265052530279,3812829
2011-07-01,117.12425994873047,120.64547023846396,113.99918313012174,117.08024213363855,1367057
2011-07-04,116.02384948730469,118.66475647063173,114.08718705266769,117.43232515233726,1138483
2011-07-05,112.5906982421875,116.19993737812132,111.3582733206996,116.19993737812132,5534866
2011-07-06,114.48334503173828,115.4076653611344,113.11887344380594,113.42698469772147,3258175
2011-07-07,116.64008331298828,117.03621675852457,114.48334483631254,115.53970516852613,1767156
2011-07-08,112.94281768798828,117.47637036070522,112.50266642141963,117.08023690726355,2580582
2011-07-11,113.29491424560547,114.08719445139266,110.4779493005084,112.9868164703119,1327682
2011-07-12,110.78605651855469,113.03082362550136,109.02545170549486,112.23855683256392,2166127
2011-07-13,112.63469696044922,113.42697723308463,111.1822032758086,111.79841231073645,1004246
2011-07-14,112.01850891113281,113.2069228265493,111.27025302392038,112.63471806150164,585670
2011-07-15,108.80538940429688,114.65940246655366,108.0571336105141,112.7667574340958,4720571
2011-07-18,108.32121276855469,110.56597985391973,107.0887880680267,110.56597985391973,2955032
2011-07-19,112.10652923583984,112.9428206942858,108.36524337042117,109.20153482886712,5264811
2011-07-20,109.68568420410156,113.11886511101717,108.40924833484401,113.11886511101717,2493499
2011-07-21,116.33197021484375,118.70879771507134,103.74364847152339,109.15751019966095,11348301
2011-07-22,117.96051025390625,118.44467921380593,112.766731966412,116.33194559761114,3737247
2011-07-25,117.91649627685547,119.58907878964463,116.19990939275031,117.65240288722057,1444275
2011-07-26,117.34432220458984,122.09795018047102,115.27560602244078,118.1806068665236,3018140
2011-07-27,118.8848648071289,120.55743431778154,117.5203931366748,118.09258443443721,1184282
2011-07-28,120.67192840576172,121.74416789153143,117.72325959419645,118.39341097708561,1509170
2011-07-29,117.63389587402344,120.67192353437142,115.84682559179436,119.55500460797825,1263558
2011-08-01,116.56166076660156,119.6443543912428,115.98086835698246,117.63390024896398,556900
2011-08-02,114.37249755859375,116.87439866954082,113.97040947371715,116.2489268003701,994724
2011-08-03,113.12155151367188,114.19379781131715,112.04931203315896,113.65767125392833,696208
2011-08-04,113.56830596923828,116.07020007354203,112.58541875622139,113.16621791481869,2179388
2011-08-05,114.64055633544922,115.44473247369805,109.9941697138786,111.33447236713577,2376453
2011-08-08,113.92574310302734,115.17668698535428,110.93240141237438,113.07688735185793,3752268
2011-08-09,111.82591247558594,114.19378171314105,110.12819452316162,112.22800051981186,3650319
2011-08-10,113.97040557861328,114.64055690859227,111.06641648203765,111.82591995925414,1934017
2011-08-11,111.55787658691406,114.81928167095536,110.57498915782666,114.10445073136466,1247981
2011-08-12,109.54739379882812,113.43426983308382,109.05595362043448,112.13864676070902,1053230
2011-08-16,109.90482330322266,111.46850981363436,109.23467194161765,110.66432681628191,748130
2011-08-17,110.75366973876953,110.88770136334828,108.65386367747449,109.45804660781538,2117876
2011-08-18,110.30691528320312,112.54075323399407,108.96661251272857,110.57497856415101,1783228
2011-08-19,109.18999481201172,109.81547351994418,105.7498857783463,105.7498857783463,2345453
2011-08-22,108.51984405517578,109.59209035326445,107.89437216080665,108.51984405517578,705799
2011-08-23,108.56452178955078,109.32402531107181,108.20710636261964,108.96660988414067,1072890
2011-08-24,107.2242202758789,110.26224121378861,106.77745269139608,108.25178708361588,1635178
2011-08-25,104.09684753417969,107.67098822204852,102.62251313700733,106.77745305008132,2870486
2011-08-26,102.66719055175781,105.97326789450307,100.65673645538057,103.69475734222151,859158
2011-08-29,102.57784271240234,104.9457055162025,101.55027587873732,103.60540272893486,1943869
2011-08-30,103.15862274169922,104.6776364750838,100.25463371811504,102.80121416173267,2152366
2011-09-02,105.57117462158203,106.77744565678884,103.51604114150238,103.51604114150238,2212741
2011-09-05,102.97991943359375,105.34778879267323,102.04170485940679,105.34778879267323,1045079
2011-09-06,102.89056396484375,104.45425032656742,102.3544442899648,102.75653234184114,865394
2011-09-07,106.46471405029297,108.87725621856843,103.33734103808959,103.6500769758835,1149514
2011-09-08,109.50273895263672,110.0388586968028,106.33068633919434,108.3411404926665,1012993
2011-09-09,108.69854736328125,111.60253646726422,108.11774817905828,109.90481839689396,1636753
2011-09-12,105.43714904785156,107.89437074176337,103.91814200028628,107.17953988577247,940062
2011-09-13,101.77364349365234,106.91147002788237,100.56737254034635,105.48181531221856,1877420
2011-09-14,101.50558471679688,102.22041551463704,100.12060941953764,101.95235226116405,1770820
2011-09-15,101.95236206054688,102.71186559554614,100.29932335092909,102.30977749382076,845624
2011-09-16,102.39912414550781,103.69475416936427,101.28220523725155,102.62250792715906,568690
2011-09-19,101.5949478149414,102.57784197221794,100.96947591224948,101.46092299088774,377622
2011-09-20,105.43714904785156,105.83923714363877,101.41624082145044,101.55027245909028,822317
2011-09-21,104.09684753417969,106.50938977163821,102.84589692999913,105.66053408512231,1092347
2011-09-22,101.05882263183594,105.1690828986324,100.52270291305938,102.89057238954896,799448
2011-09-23,101.41622924804688,103.65006689668226,99.67383860896386,99.67383860896386,867973
2011-09-26,100.79075622558594,103.65006565472581,99.45045365246447,101.77364341578205,1051100
2011-09-27,102.26510620117188,103.38202525892663,101.41625044413144,102.71187382427378,1028353
2011-09-28,103.87345886230469,105.30311370687559,101.99703645273462,102.30977238480763,1486223
2011-09-29,104.67764282226562,109.10063903029332,103.29266063095524,103.29266063095524,2277645
2011-09-30,105.03504943847656,106.42002469658571,103.02459554565517,104.36489814086943,763853
2011-10-03,105.2137680053711,106.37536647241076,103.02460952956454,103.29266599471278,1196289
2011-10-04,101.99702453613281,105.3924535431496,101.68428864059763,105.34778088214813,753219
2011-10-05,100.96946716308594,102.7565373783618,97.84209428635319,101.23753042223007,1968220
2011-10-07,100.07593536376953,104.49893156594044,99.58448831146961,101.10350213494894,4008524
2011-10-10,100.1206283569336,100.96948412493605,99.62918123832185,100.52271649606465,484997
2011-10-11,100.07593536376953,101.95235778841379,99.62916779518127,100.92479101723438,660198
2011-10-12,101.19285583496094,101.72897556205085,99.85255310867007,100.92479256284989,426540
2011-10-13,100.92479705810547,102.7118674394239,100.61206110480124,102.7118674394239,1075107
2011-10-14,100.1206283569336,101.86301938267884,99.89724454249789,100.56739598580499,888313
2011-10-17,101.103515625,103.65008974231122,100.43336418270059,100.96948397311353,4420728
2011-10-18,101.28221130371094,102.26509863842166,99.67385206976589,100.96947535409377,2878235
2011-10-19,101.19285583496094,102.62251071291143,100.65673610787103,101.77365504644675,1668458
2011-10-20,100.47801971435547,100.96946674839063,100.16528379139301,100.79076245444975,378558
2011-10-21,100.165283203125,101.86300125412002,99.94189942844491,100.5226986060395,1283578
2011-10-24,101.01415252685547,101.77365604914331,100.52270546218742,100.56738494702353,498246
2011-10-25,101.5502700805664,102.66718900618386,100.52270330557191,101.72897438181235,664102
2011-10-28,105.16908264160156,105.79456132625563,101.86300536961598,102.89057213808675,769945
2011-10-31,108.92192840576172,111.60253366521214,103.33733411524001,107.44759414963764,1903938
2011-11-01,105.4818115234375,109.01127211506459,104.9903645370499,105.12439615307663,512257
2011-11-02,107.80500793457031,108.83257463207715,104.8116668030664,105.34778648350817,782538
2011-11-03,110.57496643066406,112.22800496943351,107.2242098721591,107.67097741329309,1088728
2011-11-04,112.04930114746094,113.34492429530403,109.0112804916445,111.51318145928903,925152
2011-11-08,107.89435577392578,112.04929506156535,107.04550021518635,111.06640788377986,1245609
2011-11-09,107.04551696777344,108.87725999096551,106.33068609907794,108.29646076229197,277127
2011-11-11,105.79456329345703,109.6814398387775,105.21376408159715,105.6158521728905,999968
2011-11-14,103.42668914794922,107.58162877952216,102.44380188880329,107.58162877952216,498475
2011-11-15,101.50558471679688,104.36490109102586,100.38866585587893,102.9352394953455,1662747
2011-11-16,101.90767669677734,103.29265195462104,100.07592709014968,101.01414163347245,692490
2011-11-17,101.99702453613281,103.3819997355404,101.14816217153019,101.99702453613281,1123190
2011-11-18,105.16908264160156,106.33068104372194,100.52270266738418,101.99703700326556,1001107
2011-11-21,102.75654602050781,107.04551762473851,101.72897919687625,105.34779941401668,921728
2011-11-22,102.66719055175781,104.00749328267597,101.01415188038519,103.11395812873053,2224988
2011-11-23,101.86300659179688,105.43714717396519,100.1652884518405,102.39912631569568,1219501
2011-11-24,106.86681365966797,109.36871506599157,101.32689788197943,102.22043312464746,2748397
2011-11-25,105.6158447265625,106.19664389747378,103.82877454968576,106.19664389747378,895722
2011-11-28,108.43049621582031,110.03886231838531,105.43715463000517,106.82213693038796,745626
2011-11-29,111.33448028564453,114.64056448909858,108.34113884389934,109.36870564790712,3331224
2011-11-30,111.42382049560547,113.47895388333744,107.40291268084154,110.61964438635793,3375813
2011-12-01,112.76414489746094,116.11490205745443,109.45806722645386,112.94285603627367,1838084
2011-12-02,113.38961029052734,113.92573000949857,111.11109296348454,113.2108991727822,573847
2011-12-05,113.43427276611328,114.72989587198853,112.09397018053275,112.58541718876486,363905
2011-12-07,115.17667388916016,116.1148885113583,113.47896257986005,113.61299421405009,1745412
2011-12-08,114.59587097167969,115.48940602798908,112.8088008590609,114.37248720760233,805999
2011-12-09,110.97705841064453,114.23846293954486,109.45805144398888,114.23846293954486,1011431
2011-12-12,108.38581848144531,111.6918958724159,107.492283314466,110.84304019063846,527350
2011-12-13,109.01127624511719,109.99416343799933,104.99036851476451,106.37535057096078,2656557
2011-12-14,108.43049621582031,109.54741522673139,106.82213693038796,109.54741522673139,1000064
2011-12-15,108.07307434082031,108.9219368289028,105.52650051083735,108.11775382545233,1721159
2011-12-16,106.7327651977539,108.92193028774238,105.79455743101468,107.80501141033963,1096165
2011-12-19,105.2137680053711,106.33068698631983,102.57784193718506,106.1966553451795,2160058
2011-12-20,105.52649688720703,106.68809527642921,102.30977180099515,105.16908147382082,1691356
2011-12-21,105.07974243164062,107.1795488736427,103.87347122599117,105.52651004981693,1027867
2011-12-22,105.79456329345703,106.28600353646755,102.48847914286426,103.20330999086599,1032659
2011-12-23,105.34779357910156,106.9114800623707,103.91813872925334,106.24132871239821,439727
2011-12-26,105.07974243164062,105.92860499645532,103.91815071466193,105.0350697601027,990434
2011-12-27,105.07974243164062,105.79457334757586,104.09685503507933,105.66054169869639,818478
2011-12-28,104.45425415039062,104.85634221698645,103.24798313347138,104.85634221698645,675655
2011-12-29,105.3031234741211,107.17954605773615,101.72898262261333,104.45426774874107,2211144
2011-12-30,105.3031234741211,107.31357770309423,104.14153178766067,104.72232422232456,953717
2012-01-02,104.36489868164062,106.15196881785275,103.47136361353456,105.61584232328386,595675
2012-01-03,105.52649688720703,108.74322197341891,105.03505665879149,105.43714473814349,831590
2012-01-04,104.45425415039062,106.46470811763331,104.00748660211448,105.97326108767683,289594
2012-01-05,104.54361724853516,104.76700104607475,94.31264204807424,103.47137774719805,756827
2012-01-06,103.60540008544922,104.54361473945107,101.95236138675615,104.36491043256135,933489
2012-01-09,103.38201904296875,104.90103296046259,102.66719497926505,103.82878663920826,627843
2012-01-10,103.65007781982422,104.45426082150793,103.11395809107917,103.60539833529037,721616
2012-01-11,103.60540008544922,106.24133292343272,102.97992819420287,103.20331198638118,860859
2012-01-12,107.31356811523438,108.92193408156754,103.60539594967273,104.63296271610047,1894543
2012-01-13,108.92192840576172,112.3173576441199,106.86679497999704,106.86679497999704,2846914
2012-01-16,107.2242202758789,109.05597009911143,106.55406889915466,107.84969216730194,262208
2012-01-17,107.17952728271484,110.03884355332399,106.59873494979043,107.2242067623851,1526885
2012-01-18,105.57117462158203,109.54740313466829,104.67763951148339,107.84968506205448,1203438
2012-01-19,105.70521545410156,108.92194076707486,105.48183165712936,106.77745495271517,1810335
2012-01-20,105.03504943847656,106.9561443712451,102.39911691094294,106.50937683950703,2064273
2012-01-23,104.7669906616211,106.5540608648044,104.23087096409247,104.54360688622319,995119
2012-01-24,106.59872436523438,107.62628412430543,104.54359121283068,104.54359121283068,1163669
2012-01-25,111.64722442626953,114.23847796051686,106.55407633461286,107.71567486217874,2695765
2012-01-27,114.41718292236328,115.266038619452,111.15577814063447,112.27269711950512,2285723
2012-01-30,111.64722442626953,113.38962221761835,110.35160106771227,113.38962221761835,1801891
2012-01-31,114.28314971923828,116.96374841475203,111.06642446748944,111.28980826020995,1826394
2012-02-01,116.7850341796875,117.94663252994114,113.47895705532217,114.37249215024596,1179527
2012-02-02,119.59968566894531,120.58256615657317,116.65101693753292,117.58923157492747,1242441
2012-02-03,118.4380874633789,120.53788689602911,116.382953881045,120.26983725707358,935883
2012-02-06,117.1871337890625,121.6994891897697,116.56166188785647,120.22516159162228,1000414
2012-02-07,115.53409576416016,120.13579625896287,114.81926492880118,120.13579625896287,1626031
2012-02-08,116.69569396972656,117.85727873667075,114.64056043439864,115.53409556851825,742773
2012-02-09,114.68524169921875,117.9019600514521,112.67478079909161,112.67478079909161,999195
2012-02-10,116.02552032470703,117.36582276834588,114.64053840609459,114.86392214670107,975116
2012-02-13,117.54456329345703,118.1253557444888,115.22136622079847,115.44475003031312,1080966
2012-02-14,120.00176239013672,121.87817785286175,116.65100588427435,117.94662900635517,1002979
2012-02-15,124.87149810791016,125.4522903198243,120.09108109873334,121.1186543799985,1275237
2012-02-16,120.26984405517578,125.36299199718141,118.84018227336902,124.64816110627802,912721
2012-02-17,118.1253433227539,124.60347311745625,117.49987144873896,120.80594875504453,4276869
2012-02-21,119.15291595458984,119.91241264036618,117.49987049768481,117.94663806611706,1267713
2012-02-22,112.36205291748047,120.04646119496658,111.46851770541303,119.28695081100312,2289610
2012-02-23,111.6025390625,112.54074685840195,110.84303556568452,112.49607419219635,1632683
2012-02-24,117.72323608398438,118.79547535561987,111.51317056959435,112.40670556833427,2404999
2012-02-27,110.9323959350586,118.84018105539322,110.03886073915338,118.84018105539322,1162047
2012-02-28,112.18331909179688,114.10441383868661,111.02172089481766,111.78122426185905,723924
2012-02-29,113.61298370361328,114.95327947012538,110.3515793866543,113.30024779752274,1433645
2012-03-01,116.15955352783203,116.96372959855049,112.63009289749272,113.52362792462988,369984
2012-03-02,122.10157012939453,124.82685500427849,117.3211653617672,117.94663722626579,3460035
2012-03-05,126.25651550292969,127.50745922039542,120.53788253987385,122.36963226737035,3160704
2012-03-06,124.55879974365234,128.22229946786888,123.53123973123952,125.98846149804537,1689538
2012-03-07,123.39720916748047,125.98845563824938,122.23561075034588,122.72705780770255,849952
2012-03-09,122.45897674560547,126.88197235069629,121.83350496087,124.73749376467114,2050886
2012-03-12,119.10823822021484,125.00556202957512,118.34872788901953,125.00556202957512,1765358
2012-03-13,121.5654525756836,123.66525187138237,119.77838238312452,120.4038542236675,3009893
2012-03-14,122.324951171875,125.89909161382039,121.34207073089829,122.86107769187232,1764960
2012-03-15,119.55502319335938,125.00558022091381,118.7508332607827,122.95045998428381,1204064
2012-03-16,112.22799682617188,120.269818800201,110.8876943000222,120.269818800201,1356704
2012-03-19,110.4856185913086,115.2660301043009,108.83257998812292,114.72990358034278,1358037
2012-03-20,110.17288208007812,111.60253689641785,102.80121740315914,110.53029067131413,2141676
2012-03-21,112.40672302246094,113.03219489184757,107.44760028256657,109.01128677316525,1832932
2012-03-22,112.63009643554688,116.87438794777455,111.87058618491676,113.5236314907527,1837268
2012-03-23,113.97040557861328,115.5787714974156,111.33447292375014,114.01507824366611,1102703
2012-03-26,111.42382049560547,114.37248895328497,110.53028542565792,112.5854188133899,378611
2012-03-27,113.34492492675781,117.23180120907291,111.20043934499137,113.47895655383041,1338521
2012-03-28,109.86014556884766,114.9979727563245,109.18999419656807,113.30026140025538,1525642
2012-03-29,114.23845672607422,116.15955847974243,108.07306341256928,108.11774289268334,1244360
2012-03-30,113.25558471679688,115.71280647593842,112.18334522147899,114.81927129079604,1178640
2012-04-02,116.6063232421875,117.7232420471893,113.9257181101832,114.90861211228987,540771
2012-04-03,123.03977966308594,125.98844819884785,117.49986480956377,117.9466323563682,1450232
2012-04-04,120.04643249511719,125.1842587361899,119.06353854312019,123.30782978574548,1197100
2012-04-09,115.71280670166016,120.2698416084817,107.35825406770809,107.35825406770809,739101
2012-04-10,114.10443878173828,117.0531075773332,113.38961473414085,116.60633999116017,1341554
2012-04-11,112.09397888183594,114.50652099630206,111.24512323859504,114.10443291626838,626217
2012-04-12,111.42382049560547,114.68523168147188,110.26222899495261,113.43427440298743,2320073
2012-04-13,111.20044708251953,113.65766875367883,110.61965468667856,111.78124629549272,418248
2012-04-16,111.42382049560547,112.36203504590301,109.90481360354728,111.87058803057923,349689
2012-04-17,113.34492492675781,113.83637195364679,111.78123851755149,112.58542146285538,707818
2012-04-18,111.87059020996094,114.77457924386385,111.468502147504,114.05975526425908,863930
2012-04-19,112.13866424560547,112.71946347165859,111.60254450506888,112.54075234672482,515537
2012-04-20,111.06641387939453,112.58542079823229,110.57496685540671,112.36203702680723,600346
2012-04-23,110.8877182006836,112.18334834549952,109.99418299065853,111.11110200318986,379687
2012-04-24,111.6025390625,112.31736307597787,108.56451825810602,112.1386587768914,625220
2012-04-25,111.82591247558594,112.94283128413727,109.90481076145136,111.60252871387567,385069
2012-04-26,110.9323959350586,115.26604027177237,109.18999821276391,111.2451318901989,2313592
2012-04-27,110.6196517944336,112.94284176845234,109.86014148040935,111.8259228562191,578382
2012-04-30,112.8534927368164,113.21090134489991,111.24512673191178,112.4067251595798,682695
2012-05-02,113.03219604492188,114.59588255147219,112.31736520078888,112.40672416915463,1164571
2012-05-03,111.9599609375,114.32782371410703,111.33448222034542,112.45140119690815,786137
2012-05-04,112.80880737304688,114.14911003490485,111.42382522894087,111.46850471118888,1430997
2012-05-07,113.43427276611328,113.6576565303767,110.35157954613064,110.39625902583592,749405
2012-05-08,111.24512481689453,113.92573023416911,110.8877093978315,113.3449310303332,1107421
2012-05-09,110.35159301757812,112.36204714138015,109.36870569825692,110.79836060064524,2879501
2012-05-10,108.83258056640625,111.33447481726623,106.5093837959286,111.06641837099478,1648126
2012-05-11,108.25178527832031,108.56452121881638,106.24133118167556,108.25178527832031,1764054
2012-05-14,109.41337585449219,110.26223833311185,107.40292177684395,108.83258346354398,1564503
2012-05-15,108.34113311767578,109.27934771894967,107.2242142195554,107.49227748195707,2688559
2012-05-16,110.7983627319336,112.04931335201094,107.26890148466448,108.11775718196745,1776666
2012-05-17,111.33448028564453,113.92573362966735,110.48562460506072,111.69189571536015,784435
2012-05-18,110.12820434570312,111.60253866791582,108.56451787426313,108.56451787426313,904325
2012-05-21,110.44094848632812,111.15577936754848,108.83258922928111,110.12821253221891,1209200
2012-05-22,111.37914276123047,112.98750172362759,110.44092825365037,110.44092825365037,1650514
2012-05-23,112.80880737304688,113.25557492699953,110.75367389801188,111.28980041646057,2617724
2012-05-24,113.34492492675781,114.59587541754922,112.85348471700058,112.85348471700058,1157041
2012-05-25,112.49607849121094,114.0597650279355,112.04931090928963,113.47896580801134,791914
2012-05-28,112.63009643554688,113.83636739664846,111.78123404282248,112.31735371251968,825460
2012-05-29,112.98751068115234,114.14910903813877,112.36203883793307,112.40671831979094,855472
2012-05-30,115.26605224609375,117.05312282355257,112.04932657009452,112.22803090098711,1268449
2012-05-31,118.08067321777344,120.67193352203519,113.07688419394154,113.07688419394154,4708560
2012-06-01,112.76414489746094,117.67858873211806,112.04932079360873,117.67858873211806,1152569
2012-06-04,112.54074096679688,114.28313846876794,111.51318107514535,112.40671615806436,1397278
2012-06-05,112.6747817993164,114.19379565467635,112.22801422135153,112.89816558829885,1384482
2012-06-06,116.7850341796875,118.6614633327329,112.27268604060139,112.27268604060139,1334099
2012-06-07,122.41433715820312,124.6481754275134,117.05312531185847,117.7679562848911,6984198
2012-06-08,122.36963653564453,123.35253065812539,118.84017540644145,118.84017540644145,3472373
2012-06-11,121.47611999511719,124.87155682526941,120.76128903599043,124.87155682526941,2509267
2012-06-12,120.6272201538086,122.503649032128,119.95706893073188,120.49319536289786,1407358
2012-06-13,118.2146987915039,122.14624785544359,117.45518848779871,121.34207170326717,895986
2012-06-14,120.58255767822266,121.47609276829361,118.66146268827549,119.28693452447246,930122
2012-06-15,120.6272201538086,122.32493113189831,119.7336851897063,120.80592441977674,2572361
2012-06-18,119.95708465576172,121.11868298821952,119.55499659605876,120.58255648577335,401295
2012-06-19,120.6272201538086,122.32493113189831,119.7336851897063,121.16334658597458,913549
2012-06-20,120.6272201538086,120.98462868574488,119.7336851897063,120.85060389483417,1500583
2012-06-21,120.6272201538086,121.74413885893644,119.33159718271258,119.33159718271258,6094477
2012-06-22,121.07402801513672,121.74417946171496,119.55502079641256,120.13581326307396,213141
2012-06-25,121.34204864501953,123.44184759191263,120.67189743413127,120.71657690837608,2520628
2012-06-26,125.05024719238281,126.39054997822672,120.62725072595094,122.19093730943548,5096411
2012-06-27,127.15003967285156,127.77551147770806,125.6756986675511,126.07780034534572,1422224
2012-06-28,125.76507568359375,128.53504017544628,123.53123774960451,128.49036068991356,1718558
2012-06-29,131.17095947265625,133.1367340267351,126.43522056901352,128.1329318579307,2275617
2012-07-02,133.18141174316406,135.45992901541499,130.0540388377156,132.24319714467677,1336430
2012-07-03,132.60060119628906,134.74509358142922,131.7517455921613,133.13672770113996,2410190
2012-07-04,133.09205627441406,135.1025103378773,131.1709611785882,132.68996818857426,4882215
2012-07-05,134.35574340820312,136.02559147706214,130.97089949069345,132.82126981389328,667116
2012-07-06,133.5433807373047,134.4008718273705,132.91154592214914,133.63364875645522,741161
2012-07-09,130.7452392578125,133.22745805524931,129.03024346125912,133.1823240497939,2282873
2012-07-10,128.80459594726562,132.95667681754895,128.2178951554273,130.8806363824073,1998457
2012-07-11,130.02313232421875,131.46732404177584,126.5931546139537,128.0824803355204,2104255
2012-07-12,128.9400177001953,132.4151165203165,127.72146814860105,127.94712445275053,2235986
2012-07-13,130.42933654785156,132.41510915938463,128.80460849370016,129.5718453943449,3017066
2012-07-16,130.92575073242188,131.60271943964955,128.71432237673758,130.42930425919553,926767
2012-07-17,130.47445678710938,131.7381263775117,129.39130945634088,131.42221586639388,663951
2012-07-18,133.18231201171875,133.58849047817455,129.9779907355212,129.9779907355212,1377657
2012-07-19,132.0540313720703,135.1229506564558,131.42219666916313,135.1229506564558,2490959
2012-07-20,135.21322631835938,137.19899854267362,131.60272635671006,131.64786036082356,3799924
2012-07-23,137.83082580566406,139.99713392893545,134.94242874759914,136.29636615978242,3304023
2012-07-24,139.0042724609375,139.72637533221103,137.33441043192786,138.5529598880124,2281192
2012-07-25,145.18724060058594,146.6765663808051,138.68832941026454,139.50070019553712,5713345
2012-07-26,144.2845916748047,147.84995717391377,141.4864490551197,146.22522964548256,3104095
2012-07-27,145.0067138671875,146.99250006531747,142.07318235163683,145.32263815497157,1892962
2012-07-30,146.0447235107422,149.38443315910212,143.33684858942917,143.51737082959053,3740472
2012-07-31,152.00205993652344,153.17547531035308,146.04474259494853,146.04474259494853,3388889
2012-08-01,149.38442993164062,153.40110822354816,148.4818049773709,151.64099231731495,2815552
2012-08-02,151.18966674804688,152.0471576257567,148.39152412292785,148.9331045577775,1065477
2012-08-03,147.08274841308594,151.0091728702892,146.67656989719444,149.38444503375803,1499994
2012-08-06,145.77392578125,148.70745679542378,144.87130085381193,147.08272917144254,1306080
2012-08-07,151.23483276367188,152.54363635651634,146.58630540382123,146.8119616706208,2675564
2012-08-08,147.57919311523438,153.44625583847,146.94735834578663,153.44625583847,1203744
2012-08-09,148.03050231933594,150.5578551135273,146.22525229105136,147.5791898122648,541771
2012-08-10,151.18966674804688,152.18255962095043,148.75258233714848,148.88797055937962,1940837
2012-08-13,154.07809448242188,155.11612156179902,150.0162817257343,151.82153183981765,1575246
2012-08-14,155.6576690673828,156.96647248351707,153.44624070591965,154.07807541305718,1423484
2012-08-16,155.43203735351562,158.3204348796771,154.6196802837397,156.15414017829744,2663377
2012-08-17,152.85955810546875,156.74083481171428,152.09232130188147,156.69571457747466,669724
2012-08-21,154.21348571777344,156.42491419824663,151.86665522443593,153.71703921653307,1326645
2012-08-22,152.63388061523438,154.0329382332586,151.41533145499542,153.49137154101277,1364132
2012-08-23,151.4153594970703,153.9878465237926,149.83576558279387,149.83576558279387,788365
2012-08-24,150.46759033203125,152.94980917419213,149.1136527817617,149.15878678803034,802196
2012-08-27,151.27993774414062,153.26570975635536,149.88086640384293,151.50559396764146,862919
2012-08-28,148.7074737548828,152.81442039769865,147.218147963944,148.93313001247748,1326498
2012-08-29,148.5720672607422,149.70034841013128,146.8119376493246,149.38442417911705,1348553
2012-08-30,148.978271484375,151.41535643393462,147.53406585420933,148.12078041713661,4339762
2012-08-31,147.5340576171875,149.3844416734761,146.99249086583598,148.97826316672123,1264612
2012-09-03,145.4580078125,148.84285143618177,143.60763764992512,148.30128472017108,1075636
2012-09-04,152.5436248779297,153.62677212247002,145.32262488370816,145.59341513808437,4161355
2012-09-05,154.52940368652344,155.20637246474095,151.1896938019101,152.36310910541343,2428398
2012-09-06,156.24441528320312,156.9665043677717,152.99495931077877,154.52941927493666,1873576
2012-09-07,154.07809448242188,157.86911696740387,153.31087144771564,156.56031338928648,1642207
2012-09-10,154.70994567871094,156.47007574502138,153.94272256262107,156.47007574502138,655672
2012-09-11,152.58877563476562,154.8002043711894,151.82153879196107,154.25862380297846,1879037
2012-09-12,152.72413635253906,156.06384585974536,151.73125718713368,153.7621632922817,2038282
2012-09-13,153.9427032470703,156.06386382619553,152.2728414147469,153.22060046085033,1181844
2012-09-14,153.53651428222656,156.74082193607333,152.54362129714232,155.34176423840574,1114409
2012-09-17,154.9355926513672,156.51518657377306,153.44626674799946,156.10900803403334,1387404
2012-09-18,162.60791015625,164.27777214049098,154.8453423738308,154.8904763845066,3522045
2012-09-20,166.66970825195312,170.86692295488353,160.6672572406324,161.97606079502205,4951254
2012-09-21,160.4866943359375,169.6934646641895,158.13986431543958,166.9855902280588,4063845
2012-09-24,158.4106903076172,163.55565014421182,157.23727503222707,160.66725284761173,2030666
2012-09-25,160.667236328125,162.7432764060586,159.13277671329175,159.31329894333743,1165648
2012-09-26,161.3893585205078,164.9998586494992,159.9000189535199,161.66014878477515,1553392
2012-09-27,166.44406127929688,169.4227268343347,160.71240021494805,164.1874985516873,2597296
2012-09-28,176.32778930664062,182.33023970865597,167.48206205133093,168.24928499424755,7896653
2012-10-01,177.9074249267578,180.43476436180487,176.32783089336993,176.32783089336993,3351771
2012-10-03,175.69593811035156,180.1188085561781,173.12346530906066,180.1188085561781,4198295
2012-10-04,184.94784545898438,187.97164452963085,175.56055155348477,177.54632367507543,4606626
2012-10-05,180.93118286132812,187.47521426923748,178.71975431255862,187.43008026355548,1949057
2012-10-08,178.448974609375,183.14262224574108,177.59148354254287,182.14974292681754,1688890
2012-10-09,175.65084838867188,181.78868799507052,174.61282126923248,177.9074111183672,1829450
2012-10-10,170.23509216308594,177.36582464205358,169.6935116168248,175.65084253383566,1964364
2012-10-11,171.76951599121094,172.94293108005255,166.53428897612244,171.49872577486866,3024769
2012-10-12,174.02613830566406,177.18532645104136,171.49878503476873,173.8456160233788,2337374
2012-10-15,170.46072387695312,179.62236142539467,168.97138447572834,179.62236142539467,1992030
2012-10-16,172.08547973632812,175.42520381742594,170.5961537445702,172.13061374852586,2050266
2012-10-17,174.34202575683594,175.83136537753438,170.14482471470447,173.75532497390245,1524880
2012-10-18,174.6579132080078,177.99762248891727,173.34910989463336,174.74818120463885,2718915
2012-10-19,173.39427185058594,178.22330744379036,169.19705724382158,178.22330744379036,5521807
2012-10-22,170.64125061035156,173.71016995019846,169.69349165238114,173.6650359478258,1543149
2012-10-23,172.6721649169922,173.30399966116394,169.55811142767354,170.6412586709629,1117927
2012-10-25,171.04745483398438,175.87650458254706,169.78378521510962,175.87650458254706,1675473
2012-10-29,162.15660095214844,166.44407036874372,161.11858754994887,166.3538161184901,1862163
2012-10-30,160.667236328125,163.51049932699357,156.78594640380797,162.337097945215,2128120
2012-10-31,170.86692810058594,171.99520943541157,160.7123960871553,160.7123960871553,3220499
2012-11-01,169.64837646484375,171.36337233445923,167.88826036081537,171.36337233445923,1525506
2012-11-02,172.22084045410156,175.74107219349102,169.82887611116362,169.82887611116362,1620226
2012-11-05,175.56057739257812,177.14017127657306,170.77666173217182,172.2208673638677,1757399
2012-11-06,175.24462890625,177.1852808166581,173.84557124914366,175.96673162237943,896141
2012-11-07,177.41094970703125,178.90027547472923,173.34913713371162,173.75531563645063,907104
2012-11-08,178.94540405273438,181.3373547641779,173.9358326096539,174.4322791081509,1382697
2012-11-09,172.35623168945312,179.98340977304937,170.64124979123517,178.90026258612414,1206925
2012-11-12,168.61036682128906,173.66505897920936,167.07590694786623,172.35625537461237,1840864
2012-11-15,178.62948608398438,180.16395963751734,169.78377189966258,171.13770943068712,2269230
2012-11-16,174.20664978027344,182.05948564271839,172.85271208768063,181.6081730785208,2299968
2012-11-19,171.67929077148438,176.32781828689014,169.69351831179065,174.20664379880637,1304057
2012-11-20,169.287353515625,173.16864450414238,167.43696916113763,173.07837647788753,1807230
2012-11-21,173.07835388183594,174.8836039875135,168.56522861764205,171.09258152018367,1404274
2012-11-22,176.869384765625,178.2233224093113,174.29691150640065,174.79334429071287,1487387
2012-11-23,184.451416015625,185.5796972151995,176.3277913786886,177.501192807875,2474616
2012-11-26,182.4656524658203,187.02391182577472,181.96921969549004,185.80537624455647,2766718
2012-11-27,180.84092712402344,184.9478599207129,179.216199343692,184.00011467407052,2681497
2012-11-29,182.9169464111328,184.4965401237435,175.47029033739668,177.8622547945571,4886552
2012-11-30,176.19241333007812,184.1355168097999,175.33492225639034,182.91696743937226,3281254
2012-12-03,180.7055206298828,181.42762337802006,174.3420116821803,177.90739141867704,3431892
2012-12-04,188.87428283691406,190.6343988471096,178.22330499283208,181.42762652434755,7355287
2012-12-05,189.82205200195312,192.43965915476102,187.38496710572414,189.5963957379881,3816064
2012-12-06,194.06436157226562,194.8767185068711,189.00965641282585,191.67241099695568,5768464
2012-12-07,189.19021606445312,195.82450192081336,187.74601047469247,194.06438582720617,3010293
2012-12-10,186.16641235351562,192.21399729719442,184.40629630040263,189.506122208416,2005350
2012-12-11,183.81959533691406,188.1521985533844,180.66040750012863,187.5203637406205,3301907
2012-12-12,185.30892944335938,187.02391156548663,182.64618824407103,183.72933557241277,1651707
2012-12-13,185.80535888671875,190.27334981305273,184.36115339985972,185.9407471254399,3215995
2012-12-14,186.6177215576172,187.79113682986383,182.60104300178017,186.1212750455554,1702854
2012-12-17,189.86717224121094,190.8149174627664,184.1354980429434,186.6177167665615,2012891
2012-12-18,200.38275146484375,201.28537647144213,189.55125138566302,190.54414440210707,6378547
2012-12-19,197.9456787109375,202.32340199475638,196.3660848535567,200.3827636220176,3399588
2012-12-20,200.6083984375,202.59417060557314,196.36606385730653,197.90052354295557,2742199
2012-12-21,200.74378967285156,204.39942358970723,198.30670498593585,199.52525421587578,2150901
2012-12-24,207.46835327148438,208.46123246708618,201.46588900327146,202.05260349304717,2943607
2012-12-26,204.12863159179688,208.46123420526527,203.5419308700931,207.8745334835615,1738436
2012-12-27,198.6226348876953,208.68689817325657,197.26869738167554,204.6250856551972,3861401
2012-12-28,198.44210815429688,202.9552330723117,197.1332909097012,198.57749639265163,2194095
2012-12-31,199.20932006835938,201.73667263674577,197.3138159717922,198.89340960541324,1591895
2013-01-01,201.60130310058594,202.91010662093157,199.48012880098236,199.48012880098236,1140531
2013-01-02,208.6417694091797,209.2736179462315,202.14287197163668,202.3233942223808,2538267
2013-01-03,208.68692016601562,211.93637603209731,206.70114770250615,209.3638889903688,2197827
2013-01-04,204.94097900390625,209.4541033432437,203.72242992310015,209.4541033432437,1751976
2013-01-07,201.5110626220703,206.520634906574,200.9243617899161,205.34721946929898,1719502
2013-01-08,202.18800354003906,204.98614659821655,201.05972227028437,201.37564653500158,1964416
2013-01-09,201.60130310058594,205.5277136616228,199.93144130958188,202.77470460457286,1832937
2013-01-10,203.81272888183594,206.43033588712754,201.73668861576093,203.09062612324925,2162614
2013-01-11,209.67979431152344,210.9434638267874,204.48970046110435,204.6250887045381,6910771
2013-01-14,210.0408172607422,213.0194822673787,209.00280410633647,209.40898256793162,2518292
2013-01-15,207.69403076171875,211.84609775287936,205.07640983721663,210.71781643360222,1655372
2013-01-16,201.0145721435547,208.14531746029812,199.93142496605142,207.28781274568456,2349607
2013-01-17,206.1595458984375,207.15243891440258,201.64642086762262,201.64642086762262,1673201
2013-01-18,202.27830505371094,207.42326574134773,201.10488958422292,206.34011829757688,1475275
2013-01-21,199.48013305664062,205.34719579360066,198.84829828571486,202.41366442512066,3614810
2013-01-22,200.74378967285156,202.6393076365439,197.76513826271244,199.48012021236613,1668538
2013-01-23,211.80093383789062,215.72735778372535,195.32802890252248,201.28535893627932,6746948
2013-01-24,203.72247314453125,214.96015237905692,202.63932582788397,212.11688895123712,5490321
2013-01-25,205.75335693359375,207.1524283765686,201.96233485515128,203.99324101570588,3003887
2013-01-28,208.1453399658203,209.81518802790757,206.2046878638723,206.7914024043071,2770800
2013-01-29,200.33763122558594,210.58243126360762,196.95278721826145,208.00994430885478,3460076
2013-01-30,198.39697265625,203.45166426257745,197.85539216098158,203.1357537844743,2802339
2013-01-31,207.69403076171875,209.40901285783383,197.72002114471593,199.1190927352126,6035234
2013-02-01,208.8223114013672,211.8912310706268,206.88165927474734,208.14534261200416,2796250
2013-02-04,210.0408172607422,213.92210719224047,208.19043341018286,210.80805395606,2070185
2013-02-05,213.0646514892578,213.92214255503296,206.2949634337188,208.2356018337871,2124457
2013-02-06,214.91502380371094,217.4874968592911,209.2284833957979,213.0195057434183,3861752
2013-02-07,208.68692016601562,217.5326488921571,208.0550853512125,215.36635416341332,2095124
2013-02-08,207.69403076171875,210.7629504409664,206.7462716989329,210.67268242623808,1356263
2013-02-11,208.28073120117188,210.22136955799883,206.06930257356396,208.5515214719528,2557782
2013-02-12,207.42324829101562,209.31875271490577,205.392341839941,208.86744017022252,991639
2013-02-13,205.84364318847656,210.3116343832268,205.16667440827305,209.138219076281,1376511
2013-02-14,205.4374542236328,208.4161056866219,202.3685209790584,206.43033345364105,5356960
2013-02-15,204.44456481933594,206.92678359749564,202.729582809066,204.3091765769858,1982721
2013-02-18,202.5941925048828,207.01706357450493,201.87208970035618,205.16667944195717,1744272
2013-02-19,198.9836883544922,203.3614253305826,196.8625277631733,203.3614253305826,4583385
2013-02-20,198.53236389160156,201.6464173540097,197.31382841829281,201.6464173540097,1623881
2013-02-21,194.42544555664062,200.11198657360487,193.02638763744622,197.85542377107672,4579026
2013-02-22,198.44210815429688,201.14998310510578,191.35649652382793,194.4254159588923,3326097
2013-02-25,197.3589630126953,200.56328471653455,194.51569959508552,199.02882487571395,1229504
2013-02-26,194.10952758789062,198.71290726482175,193.07150047473522,196.5917465755287,4372889
2013-02-27,198.6226348876953,200.20222864471842,194.92186686205542,195.1926571178523,2085422
2013-02-28,196.77227783203125,204.76051572109617,194.56084902383336,199.97659978985257,5156328
2013-03-01,199.2996063232422,202.8198383770895,196.4563292585519,196.50146326395299,3629091
2013-03-04,198.75804138183594,200.02172476728208,196.05016612112163,197.67489403214338,1560196
2013-03-05,197.8553924560547,199.84116465339355,192.93608907972586,199.4801201713189,2763889
2013-03-06,195.5988311767578,201.87207205771128,194.78647420076484,196.77224640994206,3393298
2013-03-07,199.38987731933594,200.9243509941527,195.41833242360832,195.41833242360832,2045605
2013-03-08,199.8862762451172,201.2402135605363,197.08814739036188,199.97654424199683,906068
2013-03-11,197.9456787109375,202.0526254947206,197.40409816493505,200.0217191066596,1043999
2013-03-12,198.93853759765625,199.61550632419952,196.50145293669337,198.5774931193521,957966
2013-03-13,187.4752197265625,198.53237656524402,185.26379111341922,198.53237656524402,4377666
2013-03-14,192.7555694580078,193.3422701925927,180.52499808327318,185.038123035355,4348439
2013-03-15,196.0952911376953,198.03592947636216,192.25913469426513,193.16175973977812,3688395
2013-03-18,195.0121307373047,198.57749667297665,192.43964402121907,194.7864744910854,3304827
2013-03-19,193.2971649169922,196.72714314494283,191.62731670032173,195.64399575005484,1010818
2013-03-20,182.9620819091797,194.96699697767573,182.19485893485165,194.96699697767573,3970882
2013-03-21,181.11172485351562,188.46812784670496,180.16397949570708,182.96210910446345,4077562
2013-03-22,185.94078063964844,187.65576291306044,179.44188232334147,180.0737171728634,3426100
2013-03-25,186.5725860595703,191.04057708644865,185.21864855003355,188.60349232387543,2549734
2013-03-26,188.7840118408203,189.5512485943164,184.58681113113192,189.00966808914688,1685784
2013-03-28,189.9574432373047,191.35651485047435,185.2186616195453,190.45388978042496,2507589
2013-04-01,193.97409057617188,196.68196534702375,189.91227841989402,192.98121142397082,1558541
2013-04-02,193.74847412109375,195.4183360817874,190.67955425994268,194.5157109728646,1238020
2013-04-03,191.0406036376953,195.23781876437621,190.67955909415923,194.9670284702409,1310574
2013-04-04,187.4752197265625,192.39452348387266,186.57259467850685,189.19021558164732,987232
2013-04-05,185.71505737304688,189.46094488013506,185.03808875564818,187.0689946078443,900788
2013-04-08,181.15684509277344,188.46811351956626,180.16396579984055,187.0690419350608,2202154
2013-04-09,184.3611602783203,186.48233458385408,182.0143297178559,182.0143297178559,2124231
2013-04-10,189.09996032714844,190.00258543610857,185.03814733682782,185.03814733682782,2189169
2013-04-11,188.1973419189453,190.86008333059127,185.48946649565113,187.92655162202257,2775358
2013-04-12,187.4752197265625,189.50612608468768,185.94075989946094,185.94075989946094,3240717
2013-04-15,187.610595703125,190.45385870060753,184.677064704182,187.06901524028865,2358546
2013-04-16,180.61526489257812,187.92651900264005,178.99053716602074,187.61060852186995,6265692
2013-04-17,184.3611602783203,186.84337908255716,180.52500394449967,181.87894147408343,5420389
2013-04-18,190.49900817871094,191.8078116684439,183.3682624458466,184.58681169974955,3429403
2013-04-22,199.7509307861328,200.78894410765727,191.17599261939253,192.43966220846278,5529088
2013-04-23,197.13330078125,200.38275639412447,194.9218722152772,199.434997359289,1154586
2013-04-25,203.22604370117188,207.24273657158196,197.1333240379699,197.1333240379699,4615447
2013-04-26,202.18800354003906,202.7295840587072,197.31383396388472,202.18800354003906,1901966
2013-04-29,202.4136505126953,204.08351222454976,200.38274432026023,200.38274432026023,743205
2013-04-30,211.12400817871094,212.11690131105556,202.45881536765606,202.45881536765606,2769753
2013-05-02,211.43991088867188,214.37344220302913,208.86742407304962,209.45413859969995,1723005
2013-05-03,213.83184814453125,215.8176340807503,210.17622806413684,211.4398975026727,1738194
2013-05-06,216.17868041992188,218.4352428460171,212.70356877454964,213.83184998759725,2426663
2013-05-07,211.84608459472656,217.48749084071397,208.1904505927338,216.72026785503837,1780216
2013-05-08,221.77496337890625,223.7607356568477,212.02661046459906,212.92923547938742,2993355
2013-05-09,221.82009887695312,225.65625521561864,219.83432658564863,222.94838015303122,3124830
2013-05-10,217.4875030517578,221.8201060465272,215.4114626820803,221.8201060465272,1843957
2013-05-13,217.75828552246094,221.5944418477271,215.18579871280244,218.57064252921376,831660
2013-05-14,223.3545684814453,224.61825183001122,216.4043582697119,217.17159508037565,2830319
2013-05-15,226.60403442382812,230.3499230848362,224.57312794601182,225.02444049663768,3639948
2013-05-16,221.63958740234375,228.2738733644287,221.14314086214176,227.37124829968528,2452035
2013-05-17,219.11221313476562,221.91035607224282,217.21669517415665,221.14311933271918,2182759
2013-05-20,221.77496337890625,227.3712357160011,218.52552158944698,220.28563761369134,3115220
2013-05-21,220.91746520996094,225.11466588351811,219.38300548914242,220.01484022442486,1934466
2013-05-22,217.84857177734375,227.1907332292279,214.14780338562397,223.85102313860799,6032737
2013-05-23,220.37588500976562,222.94837173123483,211.30451491113743,217.8485460651919,4894636
2013-05-24,217.5326385498047,224.21205845667063,216.13356695806556,222.4970763590326,1600079
2013-05-27,216.04330444335938,218.66091149698565,211.3045230796476,218.29986699750782,2062829
2013-05-28,214.73446655273438,218.25471206342917,212.38764998523465,214.10263185275227,2034552
2013-05-29,212.38766479492188,214.73448152606397,208.23558429472243,213.96725854150316,2615980
2013-05-30,212.11688232421875,214.5991011599277,206.70113213721743,210.85321278977108,3098904
2013-05-31,204.08355712890625,214.19295631213174,203.1357979426423,213.7867777388664,14073782
2013-06-03,213.1097869873047,213.92214405046192,200.3827678447365,204.08353618348772,4626084
2013-06-04,215.6371307373047,216.9910683864036,209.27363480491246,213.06465746779628,2443856
2013-06-05,210.4019012451172,215.5468611919176,208.5063831617336,215.5468611919176,1944254
2013-06-06,212.16204833984375,215.05044612076534,208.14536909973663,209.13824852003967,1730315
2013-06-07,209.04794311523438,213.24514360720664,208.14531816874884,213.01948737058524,902809
2013-06-10,208.6417694091797,212.61332779037505,207.69402414953177,209.49927420290288,970329
2013-06-11,200.83407592773438,208.41612092548291,198.5323792692504,207.51349586513354,1505931
2013-06-12,195.9598846435547,200.2473532105204,192.30425079502274,199.61550471912275,3554396
2013-06-13,195.5988311767578,199.84116584476465,190.99545202452393,194.06437145934652,1456543
2013-06-14,199.2996063232422,201.05972235016586,193.65819997222744,195.8244945018312,2738472
2013-06-17,202.50392150878906,203.49680073152516,197.8553945581464,200.38274727841295,1428926
2013-06-18,207.1072998046875,208.37098304594693,201.64641589740933,203.00035337328174,1759867
2013-06-19,208.867431640625,210.3116372338202,205.2118111963493,206.34009251198137,1520346
2013-06-20,205.75335693359375,209.09306653191297,203.99324101570588,207.60374085669181,1594158
2013-06-21,212.61331176757812,214.23803944776364,203.99324065775713,203.99324065775713,2168452
2013-06-24,208.3710174560547,214.64425937562527,206.836543711627,212.61335282643554,2263850
2013-06-25,203.9029998779297,208.95770583053272,200.83408011789862,208.68691555218513,1998776
2013-06-26,206.4754638671875,207.55861108697994,201.33050424345043,204.26403542407712,1296801
2013-06-27,213.1097869873047,214.0575323033329,208.50639356817175,209.4992866657779,1810169
2013-06-28,213.0646514892578,216.53974976065516,209.18336091615566,215.72739270317672,1056343
2013-07-01,223.48997497558594,224.2571980286338,212.56820601509338,213.2000408155345,1330885
2013-07-02,216.9008026123047,227.23585669654142,215.81765530518632,224.48284753509853,1377224
2013-07-03,218.39012145996094,219.78919299956135,213.56108585290758,215.27606788663402,2061517
2013-07-04,218.16448974609375,221.8201242533878,217.53265491380046,218.43528003792412,877597
2013-07-05,215.36631774902344,220.6466654223913,214.3734247986652,220.6466654223913,1189724
2013-07-08,218.57064819335938,219.83433151467946,212.6133311858735,213.24516596005103,1097908
2013-07-09,222.8581085205078,224.3023140396066,219.518398752177,220.24050151172642,1906147
2013-07-10,218.6609344482422,223.8510288675503,216.630027936339,223.8510288675503,1304845
2013-07-11,215.83946228027344,221.80087561787047,214.79280796599534,219.7985725584232,1554816
2013-07-12,216.88612365722656,218.88842665366565,214.06468723886775,216.84061393029455,981833
2013-07-15,218.3423614501953,220.79974809557362,215.20238437708124,216.61310273967464,1344426
2013-07-16,218.43338012695312,222.07393646240234,214.92933909903513,215.47542810440063,2604434
2013-07-17,220.11715698242188,222.5290201529576,217.11369503718902,219.343533156903,2755780
2013-07-18,224.94085693359375,226.53360024476154,219.34350742368042,219.79857694115694,3339000
2013-07-19,218.3423614501953,228.21737610072864,217.6142612905784,224.3492849803773,1618866
2013-07-22,220.5722198486328,223.2116177243722,217.11368843766272,217.11368843766272,1049404
2013-07-23,221.8919219970703,226.53362321338898,220.25366879052567,222.52901660860962,2368357
2013-07-24,222.43798828125,224.25826646321642,214.33775592654752,220.84524487202935,1398668
2013-07-25,236.13560485839844,239.0935569866774,212.74501845698805,223.43915307461205,10665549
2013-07-26,229.4460906982422,243.4622283847849,225.48697974702975,238.91153252712536,6942100
2013-07-29,228.3994140625,234.90691723630073,226.62464551968932,229.08201841647497,2248217
2013-07-30,221.2548065185547,230.90227202478658,217.88728095529166,228.53591884972727,1622946
2013-07-31,224.89537048339844,228.0353475075855,215.2023810238052,219.343516583296,2609739
2013-08-01,216.56759643554688,229.62809809779228,214.79282796505464,224.8043580820699,2403581
2013-08-02,220.3446807861328,225.07740130973073,216.97715501946882,218.4333831287084,3006072
2013-08-05,230.5382537841797,231.85795279883718,219.70758936404576,220.34469789105836,2006386
2013-08-06,218.52442932128906,232.4040522385534,214.7928530147134,230.90231421329247,3327236
2013-08-07,214.0192108154297,220.16264994152252,212.97255637121785,218.433391149967,4183864
2013-08-08,218.43338012695312,221.2548168419744,212.9725456237793,212.9725456237793,2469125
2013-08-12,221.11827087402344,222.52898912452486,217.70524956843258,219.43452202917015,1987372
2013-08-13,226.2605743408203,226.98867447380013,220.79974001775258,221.30030538727127,1824167
2013-08-14,235.5895233154297,239.27557574378952,222.52902102535523,227.53478632449412,3111841
2013-08-16,226.44261169433594,234.72486920237043,223.25712483256407,230.72026270261975,4449593
2013-08-19,222.84754943847656,224.34927329902052,215.79397188039377,221.16378665988637,1444330
2013-08-20,218.11483764648438,221.4368538141732,215.70297449932517,220.98178424771893,2426431
2013-08-21,215.02037048339844,223.66669225945046,213.88269656549687,222.98408790870948,2747923
2013-08-22,211.1522674560547,214.56528902053833,204.96331890826696,213.20008039474487,2538199
2013-08-23,207.73924255371094,213.01805193281885,206.28301448788113,212.97254220183288,2394672
2013-08-26,213.5641326904297,215.70296511475922,208.05780228599315,208.42185236826947,4027393
2013-08-27,207.28419494628906,212.97256473076462,206.601590572152,212.97256473076462,921197
2013-08-28,200.13958740234375,205.55492628914115,189.3089374039907,205.50941655551026,4820909
2013-08-29,204.417236328125,207.1931493224721,195.3613416641907,202.86998883194622,3290934
2013-08-30,210.6971893310547,213.15456197985407,202.4604281801137,203.32505749703685,2426282
2013-09-02,213.24560546875,215.93051318178962,209.55953913638382,212.06242179707894,1336601
2013-09-03,202.3694305419922,213.65514960955755,199.365968792321,212.51747575647153,1691819
2013-09-04,198.5923614501953,202.4604528707627,194.67876029421458,201.8688679732539,4221146
2013-09-05,205.14535522460938,205.8734693092486,199.32047032273763,202.05088772441897,3119133
2013-09-06,202.3694305419922,207.05664126165854,199.365968792321,207.05664126165854,7002626
2013-09-10,208.51287841796875,211.60734587790918,202.9610242183817,202.9610242183817,2363039
2013-09-11,208.9679412841797,212.06240864498102,206.64708381976848,210.33314992352507,1992703
2013-09-12,203.82565307617188,212.062414886855,200.9132106707006,209.05895301436678,1285527
2013-09-13,204.05316162109375,206.4195285830834,200.3670958827564,202.05085859274354,1145513
2013-09-16,202.68795776367188,209.33197541299964,200.50362966223614,208.42183638946486,2481527
2013-09-17,203.1430206298828,205.60039313551314,200.32159808179574,203.1430206298828,1287580
2013-09-18,206.51055908203125,207.23867314959358,202.41493307556647,203.41609165441727,1249919
2013-09-19,207.64822387695312,211.06124539950412,206.69258896073495,210.24212578913992,4876135
2013-09-20,203.68914794921875,211.83489070023182,200.7311956623197,207.6027491371018,1549853
2013-09-23,202.3694305419922,204.64477824816427,200.23059814314234,202.8245000832266,1413776
2013-09-24,208.23983764648438,208.78591279695968,201.64132889298804,201.64132889298804,2663238
2013-09-25,218.66091918945312,220.39017792768257,208.42185429504585,209.1954780865604,3562443
2013-09-26,218.43338012695312,221.89191142315394,212.6084955452825,221.16379737854004,3326330
2013-09-27,217.11370849609375,219.84412609054232,215.6119704865738,219.34354675403566,2546811
2013-09-30,207.96678161621094,214.8838442403322,206.92012722001778,213.9281954203704,2214561
2013-10-01,210.28765869140625,212.6995219447185,204.826823653608,208.4673803454735,2266262
2013-10-03,224.12176513671875,228.67246087553536,213.60965520252807,213.88269972438133,8337183
2013-10-04,225.25942993164062,226.9431928417335,221.75538879987792,221.98292357758666,3342663
2013-10-07,226.39710998535156,231.8124350647634,225.0774110162275,227.07971433706618,3796470
2013-10-08,220.48121643066406,228.2629091998589,219.34354245527365,227.1252352244685,1389576
2013-10-09,221.0272979736328,225.25943946304145,218.4333958429493,219.3435349922949,738462
2013-10-10,220.84523010253906,223.89420140847463,219.34350625789585,221.25480377618672,1134815
2013-10-11,221.20933532714844,227.26175545181573,219.57108198970087,221.6188951896048,2461675
2013-10-14,220.2081298828125,225.57795835465237,218.93394082854223,221.7098675763658,1332401
2013-10-15,220.61773681640625,222.98410429458124,217.52326908736703,220.25368669097415,1472235
2013-10-17,226.94317626953125,229.26401972258742,220.66320853078363,220.66320853078363,2877864
2013-10-18,230.21966552734375,231.17531428913375,227.7167831875992,228.4448971912306,2323736
2013-10-21,242.6885528564453,246.82970187025563,229.99211689464664,231.26631979603872,8686009
2013-10-22,243.32569885253906,245.9650967407775,239.23007281985267,243.91728372443433,2238278
2013-10-23,246.64772033691406,248.9230683105018,239.86717226552497,245.1914920787691,1503994
2013-10-24,239.59410095214844,247.96739118383863,237.63730758204102,246.64767847305689,1589069
2013-10-25,243.78074645996094,245.05493555590016,238.54744700054988,239.45758603696922,1474758
2013-10-28,237.77383422851562,245.00945101178576,236.6361603805323,243.9172730076256,1603856
2013-10-29,239.2300567626953,242.09698923809853,233.99675718330033,239.18453314468715,1397470
2013-10-30,239.59410095214844,243.7352224511023,237.91033818243216,240.2767052283654,1061414
2013-10-31,242.14248657226562,243.9172688550006,236.95471057892635,237.63731487609522,1373452
2013-11-01,246.3746337890625,246.96621857291905,240.18567204000058,241.27784992961077,2042557
2013-11-05,252.56358337402344,255.47603940951328,244.281312562386,246.6476796193166,2929617
2013-11-06,246.0105743408203,253.74675627323907,245.00944360505193,253.47372566807306,1025830
2013-11-07,245.96511840820312,250.5613102507842,243.59875093692366,245.73758360856556,1415945
2013-11-08,241.9149932861328,245.28251950633626,239.139079778441,245.28251950633626,937981
2013-11-11,256.5682373046875,259.2531590796885,242.23354477172953,242.23354477172953,7854909
2013-11-12,254.3838348388672,257.8878753281886,253.06412226002,256.65918219878546,3794319
2013-11-13,253.01869201660156,258.43403124719816,251.51696792478913,253.06418786549995,3240001
2013-11-14,252.38153076171875,256.9322257107237,248.60445950909218,253.473708659575,1395331
2013-11-18,254.29283142089844,257.0232484249351,251.51691857688976,252.74561178375387,1877893
2013-11-19,252.97320556640625,256.43172346848314,251.65349259639962,254.65694089161147,1099845
2013-11-20,242.64309692382812,255.38504470763502,241.1868687649161,252.83663848572849,1850703
2013-11-21,233.45069885253906,242.55209062066925,232.7680944699293,241.09586238271973,2234292
2013-11-22,230.4927215576172,236.8181992612985,229.1730226717314,234.9523974858162,999600
2013-11-25,236.77268981933594,238.8660264897131,229.62810596013875,232.58605814144474,3254779
2013-11-26,228.80899047851562,236.95474746968097,226.9887120693385,235.72605398843757,1779249
2013-11-27,229.62808227539062,232.44950496320484,227.17070964806223,228.89996826679933,1171037
2013-11-28,232.8590850830078,235.68052173649895,229.17301909622745,231.03880695497998,1482870
2013-11-29,235.90805053710938,237.45527024166458,233.90573353681523,234.72485311866674,852554
2013-12-02,245.28248596191406,247.2848030798628,236.8182034933618,237.0457382669814,2584524
2013-12-03,246.60223388671875,248.42251233496842,243.46224245339016,246.64772973782706,1651489
2013-12-04,247.33030700683594,250.4702980954923,243.46221572890013,246.6022068175565,1565055
2013-12-05,240.04917907714844,252.38155233291158,238.5929510139547,248.9230349861615,3679099
2013-12-06,247.92189025878906,250.19723805443735,238.13789473750143,240.9138357133373,3255617
2013-12-09,255.84010314941406,258.02443140520364,247.2848012786812,252.10852733418483,2438283
2013-12-10,250.33372497558594,257.7968760089774,248.69548585861634,257.5693412552184,1433073
2013-12-11,255.74905395507812,257.93338195694236,249.1505463352407,250.10618115629458,2020839
2013-12-12,254.97544860839844,258.4339936541279,254.3838637825567,255.74907235384052,1326123
2013-12-13,254.83900451660156,256.65928312029155,252.38161729152114,254.83900451660156,1742091
2013-12-16,256.47723388671875,259.29867116458604,254.24740935157473,256.11318373559794,1128200
2013-12-17,259.7536926269531,265.7606162198472,253.92880796348413,256.52270994396576,2628132
2013-12-18,258.9345703125,263.348750440538,256.97777683003716,261.209918030536,1960795
2013-12-19,255.4759979248047,261.1188423863158,254.4748395892227,259.38958404771137,1068289
2013-12-20,255.1119842529297,257.5693709872867,254.42937991285737,254.83895362699744,2048522
2013-12-23,253.61024475097656,259.66266397445025,252.79112514802915,255.47604649822122,1213359
2013-12-24,254.2473602294922,256.38619264505564,252.1540236583115,253.0186669035097,996460
2013-12-26,256.2041931152344,262.4841482440046,254.11088399739262,254.11088399739262,1529128
2013-12-27,254.56590270996094,258.84353956830444,253.47372474280456,257.93340052075393,669787
2013-12-30,254.79348754882812,257.2963704215072,251.9265267653816,254.65694444466786,617722
2013-12-31,251.74447631835938,256.06763696957313,250.65229830690387,253.33721971617499,678082
2014-01-01,252.10853576660156,255.4305379933153,250.51579230959234,250.51579230959234,406220
2014-01-02,254.74790954589844,258.8435351906082,252.15400774920113,252.15400774920113,1450520
2014-01-03,255.74905395507812,257.56933191917125,251.19835904484543,253.01863700893853,939877
2014-01-06,261.3464660644531,268.4455684988217,253.61028285440344,255.65809605706366,3360584
2014-01-07,260.0268249511719,265.2601262447881,257.2508832520174,262.21115384910973,2698073
2014-01-08,259.5716857910156,262.1200641939154,257.0232796128744,260.11774703789314,2154240
2014-01-09,262.80267333984375,270.40234061744695,256.7502536907018,256.7502536907018,3633639
2014-01-10,268.58203125,270.2202703813512,261.6649691199552,263.0301776544941,3580563
2014-01-13,269.3556213378906,273.40572281944213,266.39766988244094,268.71851299123813,704200
2014-01-14,258.9801025390625,270.6753970078057,256.84129760383547,270.6753970078057,1024574
2014-01-15,255.4759979248047,261.57391183201355,253.200650696316,258.251910433467,1634885
2014-01-16,253.01869201660156,258.1609728280773,252.56362242664363,256.24967499520534,1141556
2014-01-17,253.56475830078125,258.4795038757652,251.65346063960942,253.47373883591763,956754
2014-01-20,258.570556640625,259.79925013641844,253.6102868067806,253.6102868067806,1001519
2014-01-21,256.295166015625,261.57396147751535,255.2940074900279,258.7070289805363,1038427
2014-01-22,258.66156005859375,261.3009580642441,253.92882532241575,256.6592427990009,2635235
2014-01-23,256.8867492675781,260.7548402662928,251.7444691419819,259.84470120777166,1807921
2014-01-24,253.7922821044922,258.7525233098682,253.0641541922995,256.11312559436425,1364843
2014-01-27,241.96047973632812,251.42592060401958,239.91266680833158,251.19838583424217,1942148
2014-01-28,241.823974609375,246.64770082162002,233.5871989315523,241.59643983001928,2263844
2014-01-29,236.09010314941406,243.0071666310393,234.26982474768343,241.82399678001207,2017301
2014-01-30,232.99562072753906,236.135611882597,231.31185775707672,232.67706647227715,3382153
2014-01-31,242.50657653808594,244.28133113428314,234.40631625330622,237.00021826723898,3193898
2014-02-03,244.91842651367188,249.78767603798272,240.27671175427986,241.36888973598616,2228610
2014-02-04,246.60223388671875,250.74335624638874,240.4587941238762,244.28136220005354,1190926
2014-02-05,243.59869384765625,249.51459725179438,241.5508811308392,247.92185402760336,1714764
2014-02-06,244.78192138671875,246.3291411873494,241.59643454541674,244.50886299231968,977138
2014-02-07,247.3758087158203,250.2882650924476,244.41785649200045,245.737569363494,1102162
2014-02-10,245.7830352783203,249.78766925229434,243.09814179035942,247.10274798909435,763913
2014-02-11,241.368896484375,247.0572657663857,240.73178801469354,244.82741389774125,690860
2014-02-12,240.8228302001953,244.73641752537438,239.41209782000786,241.86948469179032,3431439
2014-02-13,240.5497589111328,242.82510671685765,237.13673720254556,239.1845502276979,2906327
2014-02-14,237.91033935546875,239.45758683261832,234.08777205494982,239.45758683261832,2816752
2014-02-17,238.9114990234375,241.09582717374676,235.4074581493792,237.91034052010093,4240044
2014-02-18,242.87063598632812,244.19032107919412,238.31994026904727,239.1845557901852,3803958
2014-02-19,239.45761108398438,245.05496118839227,238.45645248415516,244.5088721543725,2287978
2014-02-20,240.64077758789062,243.50771025863753,237.54631013731873,237.54631013731873,1240711
2014-02-21,245.6009979248047,247.10272161715451,241.32333380697312,242.0969574591643,1712605
2014-02-24,238.5474853515625,247.2848270609284,237.8193573402232,246.8297574695577,3061522
2014-02-25,240.64077758789062,242.64309476044747,238.59296456946547,239.36658837591887,2078008
2014-02-26,243.05262756347656,246.73870746257674,239.73062551261359,241.59642727148852,4471723
2014-02-28,244.55441284179688,254.29288556455217,232.58607409325103,244.00832376966946,26989816
2014-03-03,243.28016662597656,246.5111770470621,234.72486477092713,235.72602332077392,4394526
2014-03-04,245.82858276367188,247.46682207555043,243.2801765532319,243.2801765532319,1707242
2014-03-05,247.92189025878906,249.74216849530768,246.64770104827434,246.64770104827434,2839750
2014-03-06,249.1505584716797,251.19837128103597,246.69317199035663,248.012884688704,1497517
2014-03-07,252.88214111328125,254.56590391426306,248.14940693353338,249.74215027428167,2919808
2014-03-10,256.5682373046875,263.80385512189736,250.51581712359857,253.01869994681346,4139375
2014-03-11,254.97544860839844,257.9334005128468,251.0163381966274,256.70470724364344,1826872
2014-03-12,261.8925476074219,263.485291163679,253.42826438998136,254.1108687712344,1777179
2014-03-13,254.11085510253906,261.027890240306,252.79114225967356,259.3896509235174,2182410
2014-03-14,252.01747131347656,255.70355074971835,249.01402386934183,254.20179925241428,1854474
2014-03-18,256.9778137207031,257.842429312533,249.0595914151344,249.6511763517011,2472383
2014-03-19,254.97544860839844,258.66152841600854,251.1983771162277,258.0244199726469,4478778
2014-03-20,253.3372344970703,258.47951506928047,252.2905800439157,255.33952393457434,1146695
2014-03-21,262.0745544433594,262.98469350685394,252.83662072869743,255.6580573805786,2770930
2014-03-24,264.1678771972656,269.03712700039443,260.48182490460965,261.2099250839457,2147262
2014-03-25,261.9380187988281,265.3965640034233,259.57167938676497,264.03135536942955,1265727
2014-03-26,253.74676513671875,263.6673033579524,252.4725759760368,263.6673033579524,1588879
2014-03-27,246.7386932373047,256.43166822012506,246.05608897407456,253.10966636078606,5207941
2014-03-28,246.9207305908203,249.6511479336244,243.00714350956437,248.46797819517258,2184327
2014-03-31,246.9662322998047,251.6534427673679,246.05609326628797,249.15056042519697,3154640
2014-04-01,248.83201599121094,252.4270764250368,247.28479623854727,249.1960660638824,1310101
2014-04-02,253.9288330078125,256.2041809738323,249.46915654946238,251.06190012567626,2835976
2014-04-03,255.52157592773438,256.65924990782224,251.19841480340048,255.24854528261073,2029631
2014-04-04,251.24388122558594,256.4771809210403,250.6522963802783,253.06415938052658,1269800
2014-04-07,249.87867736816406,253.33722259356136,249.01406189324544,251.1983901657253,4658623
2014-04-09,250.01522827148438,250.97086324081778,246.55668293792547,250.33375474443432,3046210
2014-04-10,254.2018585205078,255.0210059919288,249.6966863039083,250.28827120807875,2687067
2014-04-11,250.6068115234375,257.47835074949967,248.96854444702285,254.20184437191205,1761902
2014-04-15,242.55206298828125,252.42707748675463,241.27787384095183,251.47141479482738,2556607
2014-04-16,244.55441284179688,248.37698079620066,242.09702590484557,242.09702590484557,1076727
2014-04-17,238.95701599121094,245.2824940156253,238.54747005039303,243.91728532908192,1981985
2014-04-21,243.234619140625,245.0094010919695,237.77378578293087,240.27666773854068,1589176
2014-04-22,237.4552764892578,245.60103223061688,236.68165272900603,243.37118041140417,1682482
2014-04-23,241.86947631835938,243.73525044420842,237.45529593680465,237.5463154058017,1457955
2014-04-24,241.86947631835938,241.86947631835938,241.86947631835938,241.86947631835938,0
2014-04-25,244.78192138671875,247.8763887632211,242.82510010686897,243.00713903646837,2029693
2014-04-28,245.2369842529297,247.9674014710722,243.59871725690004,245.7375496328264,1753759
2014-04-29,240.7772979736328,246.96626078041248,238.91152384985466,245.73756738842192,700454
2014-04-30,239.0025634765625,244.2813598148454,235.68056089599253,241.18689203808492,910856
2014-05-02,245.28248596191406,246.1926250563924,238.91151230056565,238.91151230056565,2641901
2014-05-05,243.0071563720703,246.64771302183917,241.1868780471859,246.14714759259314,861847
2014-05-06,239.59410095214844,244.2358155854715,238.54744661699695,242.73409173284205,603884
2014-05-07,238.18338012695312,240.6407386866695,237.1822217025188,239.3665496806791,635333
2014-05-08,238.3199005126953,240.68626744597424,237.40976152106788,239.36655479801934,1732209
2014-05-09,239.13902282714844,240.4587354904287,237.77381432385357,239.18451866716302,3739301
2014-05-12,252.97320556640625,254.56594919043408,240.27675242477216,240.27675242477216,2897962
2014-05-13,251.51698303222656,257.2053532483741,249.37815027590608,255.65810543948388,1829510
2014-05-14,251.1073455810547,254.6113863005604,248.6499869360581,251.65343453835553,804654
2014-05-15,244.73635864257812,252.97313282348247,243.41667382729406,251.15285491944658,958905
2014-05-16,249.69668579101562,253.9288273586105,245.00947464034078,245.96510965471143,1781753
2014-05-19,248.24044799804688,256.65923496040045,246.875239301449,253.74677863089482,3821649
2014-05-20,262.5750732421875,264.6683816068146,249.15052443691104,250.19717861922456,4029565
2014-05-21,267.2168884277344,274.8620525461545,253.01871062195676,263.9403815840556,4063279
2014-05-22,251.1073455810547,268.2179755167982,250.2882260327225,267.58086710407423,5124917
2014-05-23,249.28707885742188,256.4771717574982,248.24042451077446,254.7024172849846,2868384
2014-05-26,250.87985229492188,254.38389359356697,245.96510641739346,251.97203039003608,2434783
2014-05-27,251.1073455810547,253.42821670577374,247.6488284768796,250.78879137469266,1333190
2014-05-28,245.32797241210938,253.1551738799415,244.09930690180607,253.1551738799415,3790658
2014-05-29,241.86947631835938,249.3781242191175,240.2767328242592,247.37580700215173,1843698
2014-05-30,242.77963256835938,245.4645543291662,241.82399751464533,244.73642630111547,1013128
2014-06-02,241.18685913085938,244.87291133955543,240.45875896810782,241.36889805916766,1809308
2014-06-03,246.69317626953125,253.70125800432032,244.37233282209868,253.01865372269435,4405039
2014-06-04,249.42359924316406,250.28824246358883,245.82856660746742,245.82856660746742,3450790
2014-06-05,250.42474365234375,253.38269544200037,248.92301983725804,248.92301983725804,2161848
2014-06-06,250.10621643066406,252.65462260495784,249.0140661633165,250.65230545195854,1660344
2014-06-09,256.7502136230469,258.75250272801986,250.33371710367035,250.33371710367035,3280502
2014-06-10,255.9766387939453,259.2531453255564,251.4714388410747,259.2531453255564,1263765
2014-06-11,253.38272094726562,262.1200618989454,252.1995512224016,256.56820781062083,3828324
2014-06-12,246.3746337890625,254.3838457287455,244.1902780098421,253.92877623728086,2218554
2014-06-13,242.14248657226562,248.96852954395405,241.00481274365086,248.33144886507378,1499398
2014-06-16,240.73178100585938,242.73409804492653,237.22774007511174,241.9149506719737,1119306
2014-06-17,243.73524475097656,245.28249236205838,240.91383570466755,241.0048273962969,2617444
2014-06-18,251.88101196289062,253.83780559743633,244.32686806199592,245.6920767989222,13410779
2014-06-19,251.6079559326172,255.97661233978687,249.65113472031658,254.8389385071656,5039803
2014-06-20,258.88909912109375,260.20878425807797,250.51580761127354,252.10855116556866,4341464
2014-06-23,263.39422607421875,264.34988870760907,257.6603613748312,259.7536700047057,3781579
2014-06-24,258.70703125,265.2145200606072,256.7502377999909,263.43976553511806,1827918
2014-06-25,258.1609802246094,261.7105175729297,255.9766516852772,259.84474331074364,3138414
2014-06-26,263.8038330078125,267.2623505998737,256.93226589495856,256.93226589495856,3741120
2014-06-27,262.89373779296875,264.759512215457,259.2986765103245,264.3044425733626,848869
2014-06-30,267.0802917480469,268.35448075048157,262.2565385438651,263.9403011927282,988584
2014-07-01,272.586669921875,277.36490036290957,266.67076556630843,267.71742001262953,2728735
2014-07-02,271.17596435546875,275.3170862786542,269.4922014132616,274.4069471504603,1568741
2014-07-03,269.62872314453125,273.9063882589466,267.35337526989383,271.6765362317049,1495994
2014-07-04,272.26812744140625,275.68114933255356,267.8539469071405,269.8562641933775,1447880
2014-07-07,270.3567810058594,275.1805344096475,268.9915724949221,274.634445450225,539477
2014-07-08,262.8481140136719,273.81530487459395,256.65918034938403,270.3567602472975,2837630
2014-07-09,261.2554016113281,268.03594860288916,258.7525192389752,262.57511433593726,3144578
2014-07-10,262.6760559082031,267.12120750370605,259.7890079136383,260.9804791589756,2725620
2014-07-11,272.8494567871094,277.0654486863108,261.66784252110244,261.66784252110244,4539646
2014-07-14,268.95428466796875,274.9575125028989,267.1670496486501,274.9575125028989,799480
2014-07-15,271.1080322265625,273.9492647799684,267.9001953369373,269.9165611413203,434164
2014-07-16,275.1866149902344,284.90178501022535,270.69564834961375,271.0622527339278,4600344
2014-07-17,275.64483642578125,279.44840879075025,271.2913435811513,275.87396762813023,1977580
2014-07-18,270.1915283203125,277.47791243607924,267.9002160788915,272.2995523644919,2772241
2014-07-21,274.63665771484375,276.5613654378465,268.5417732337665,270.74142721571917,1768636
2014-07-22,275.59912109375,279.2652216578431,271.97883559865704,276.7905925890292,4627604
2014-07-23,276.37811279296875,278.1653477971783,272.34540823771,276.10316647084005,1180914
2014-07-24,274.54498291015625,277.6153464752327,273.1701957589384,275.9197700613741,749549
2014-07-25,264.96734619140625,276.28643395899525,261.4845348943915,274.2700680517699,826414
2014-07-28,263.455078125,269.3208315443577,261.85115964477853,264.9673385266137,533088
2014-07-30,270.5123291015625,271.5205121245725,260.8430022207022,260.8430022207022,1002520
2014-07-31,266.4338073730469,271.2913782963865,265.5172824463699,270.4206684279949,1154209
2014-08-01,264.9214782714844,271.5662829716456,262.5843512546468,263.9591384339905,1041423
2014-08-04,263.455078125,269.73325094291494,261.5303703547105,265.83802034809133,786465
2014-08-05,260.6596984863281,267.90024022786895,258.5975172831608,267.90024022786895,1168274
2014-08-06,255.02305603027344,260.61386357141225,253.0983481265869,258.0934200706638,2216363
2014-08-07,255.66464233398438,258.46003220345546,252.45680505486345,252.5026201136595,1105042
2014-08-08,248.9739990234375,255.71046305272176,246.8660028099764,253.41915065977625,1471492
2014-08-11,250.94451904296875,253.7857519697767,249.38644341674103,250.0279940969095,976283
2014-08-12,251.76942443847656,252.59429133052913,248.65321711497586,251.86105456083132,1560908
2014-08-13,246.91183471679688,252.64011609000636,244.34557584964858,251.12785540150384,1333515
2014-08-14,247.4617156982422,251.03615710874848,242.92490638906,244.80379916069236,5623265
2014-08-18,256.9477233886719,257.45180082123204,249.6613403209484,251.9526522327965,2356493
2014-08-19,259.8806457519531,260.8430137588089,255.3438639029104,257.5435182512453,1102589
2014-08-20,264.0966491699219,265.42562148726995,260.3847344450985,260.7513388177777,1551138
2014-08-21,267.5794677734375,274.9574823621054,266.3879685677955,269.4583327148633,4037382
2014-08-22,264.96734619140625,270.51231048109685,263.9591632377936,268.54178759956085,2670024
2014-08-25,260.5222473144531,265.79226638941566,259.00998656522796,262.58442869161235,1797577
2014-08-26,259.3765563964844,260.8888169439944,255.66464160076694,258.689162695787,2031880
2014-08-27,254.33560180664062,259.69727684415477,253.92315450755729,257.08517588022596,1501579
2014-08-28,250.85289001464844,256.5353279228381,249.79886394600229,253.4649637461718,3192438
2014-09-01,260.7513122558594,261.11791659119376,251.2194596865756,252.54840389842752,1661598
2014-09-02,259.46820068359375,264.7840338315384,258.7349639931091,258.7349639931091,1104866
2014-09-03,258.82659912109375,263.5008812167004,256.26034085729106,260.38470247633506,1782590
2014-09-04,260.5222473144531,261.7595617347737,254.10657191884653,258.00180340903626,1590796
2014-09-05,257.58935546875,261.20964062333394,256.3978840855357,259.9265111406127,1302272
2014-09-08,258.1850891113281,260.7513477783919,256.16872303711966,258.36837731890597,1871909
2014-09-09,259.46820068359375,261.1179342894746,256.6727830006982,257.7268089951374,899285
2014-09-10,268.22100830078125,269.36666443393864,257.58931379105667,257.58931379105667,2812289
2014-09-11,260.8887939453125,269.54996499862165,258.4141936230233,269.0917025718882,6415984
2014-09-12,260.0181579589844,261.5304186397994,257.36021303922763,259.834841767924,2051537
2014-09-15,262.2177429199219,263.86747632183204,257.635119058931,259.6972997963769,951887
2014-09-16,261.2554016113281,266.7087357467755,258.91827439334736,262.12611142122955,1313489
2014-09-17,266.4795837402344,268.4501064524586,260.29304138341035,262.1260909706175,2435958
2014-09-18,280.8690490722656,284.35183228447937,264.1424707025904,264.1424707025904,8645470
2014-09-19,287.2388916015625,290.446728679369,277.9819847258685,283.66445016603063,3469500
2014-09-22,281.3273010253906,289.39270814836703,280.5482493445069,286.32234444730625,1152227
2014-09-23,274.54498291015625,284.85588654429006,273.2160387793821,279.63171215173196,2892585
2014-09-24,275.0032958984375,277.1571350923726,272.66616849934877,274.59087645925075,1403640
2014-09-25,280.5482482910156,282.3354548779721,269.54995063546545,276.19475546902703,2942673
2014-09-26,277.1571044921875,280.6399156470349,270.9247468026348,278.76102295333453,1105089
2014-09-29,278.07366943359375,280.4566399421594,273.8576489907656,277.1571444664625,1516087
2014-09-30,287.9263000488281,289.85100798838783,276.1489491499793,277.70705271298505,2565838
2014-10-01,287.33056640625,290.7675349039324,283.71028173397605,290.5384036707536,3041803
2014-10-07,282.7479553222656,288.2929202434539,280.5483009721299,285.03926776409924,1713128
2014-10-08,283.756103515625,285.4974951633681,277.93616503464324,280.4566084108849,3095832
2014-10-09,297.7789001464844,298.69542494100733,284.16850135379514,285.22252724359015,2114445
2014-10-10,292.2798156738281,296.03757375201144,289.98850318348747,296.03757375201144,1138339
2014-10-13,289.346923828125,291.5465780071012,285.95577049003475,289.85100133805605,630403
2014-10-14,289.62188720703125,294.6627744843688,285.95578736896755,289.3469409072253,1102825
2014-10-15,289.62188720703125,289.62188720703125,289.62188720703125,289.62188720703125,0
2014-10-16,286.0932312011719,293.9295355840729,282.28965860298024,289.07193701435267,869554
2014-10-17,295.48760986328125,303.8279917000516,287.3305441869266,287.6971485376389,5033585
2014-10-20,302.3615417480469,305.93598306106793,293.37960942608436,297.1831819510955,3804979
2014-10-21,307.8607482910156,308.86893140595004,301.1701268403013,302.4532562728888,1866983
2014-10-22,311.3434753417969,316.8884390084168,306.07345791794035,308.8688472764612,2419758
2014-10-27,302.7740173339844,312.0767398137019,295.67094910033916,310.9310836469849,2635941
2014-10-28,307.0358581542969,310.6102998641584,303.41557341487663,304.2862833051539,2594996
2014-10-29,311.16015625,313.68059934186306,304.7902979752452,309.78536910898384,1338488
2014-10-30,318.3549499511719,324.0832309421958,308.3648334968505,310.24369847385753,2989495
2014-10-31,315.51373291015625,320.5546204366802,314.2306034974294,315.28460165895063,1646495
2014-11-03,320.967041015625,325.22887633735814,314.73465472233727,316.10944211451704,1223128
2014-11-05,325.27471923828125,330.8655273723935,318.950702286961,319.8672272935328,3095404
2014-11-07,340.8556213378906,342.597013138786,328.2992463776478,328.2992463776478,4317092
2014-11-10,337.7852478027344,344.43005346732036,334.1191481257214,341.8179798235453,4379838
2014-11-11,343.1927795410156,344.70504011812864,333.38595136437897,337.6019717385439,3000255
2014-11-12,340.3973083496094,346.6296938307017,337.4186027214004,343.6509882024927,2651460
2014-11-13,341.8179626464844,344.4300361589973,336.7770758439065,342.78030257529235,1468403
2014-11-14,344.7508544921875,347.5004293433337,339.1600467008326,339.1600467008326,1504823
2014-11-17,348.3711242675781,350.5249634024674,340.9472668944017,343.69684162742107,2187360
2014-11-18,351.3498229980469,354.42018698075873,345.8048306184939,348.2794590153351,2904251
2014-11-19,356.1156921386719,359.2318987672702,351.2581219919312,353.7327500863789,4062300
2014-11-20,343.8343200683594,357.53637888709585,341.8637970733549,354.6951460251698,5037245
2014-11-21,343.7884826660156,349.8833674279735,340.2598563395813,343.69682458543565,3645597
2014-11-24,353.182861328125,354.69512175709656,343.78848148830525,343.78848148830525,2579824
2014-11-25,360.97332763671875,368.8096041304408,352.9995500356421,355.56583646788397,60972072
2014-11-26,344.5216979980469,354.19105229779984,341.9095964869242,354.0077361331135,4445577
2014-11-27,341.1305847167969,346.5838911816241,335.5855921962803,343.6968432919955,4130461
2014-11-28,350.06671142578125,354.60349308899384,343.5593787688223,343.6510368566907,2707877
2014-12-01,345.80487060546875,353.54951802769574,344.70505738978966,350.9832592209879,1223451
2014-12-02,349.9292297363281,351.94559590089284,343.83434415133985,347.36297095426664,1267976
2014-12-03,345.16326904296875,352.1746786517714,342.3220363732898,352.1746786517714,2270335
2014-12-04,343.3760986328125,346.40064802919,338.19773778113705,345.7132542532121,2352452
2014-12-05,341.54302978515625,344.56757901524094,340.07658421633846,342.9178172615249,1137286
2014-12-08,343.2843933105469,348.73772770448653,340.0307410732313,341.86379089033767,1490662
2014-12-09,335.4023132324219,344.3384314041192,334.6232614388137,342.3220653465594,960495
2014-12-10,340.67230224609375,342.5053519693009,333.70670770388284,333.70670770388284,1144165
2014-12-11,338.930908203125,343.696849031071,335.21899342163795,343.1927715072072,846293
2014-12-12,331.18634033203125,340.67238042042015,330.1323420933493,338.9309604076733,1624925
2014-12-15,336.9603576660156,338.0143556562406,328.0242403212981,328.11589840090875,1506778
2014-12-16,337.5102844238281,341.86377756982455,333.0651331965237,333.6150537142524,1752324
2014-12-17,338.4726257324219,341.35970146974006,331.6445321839832,334.66905308864466,1508248
2014-12-18,344.8883056640625,348.0045126728908,338.06021200088276,341.0389178998181,2078875
2014-12-19,349.24176025390625,356.4823284754044,345.3923729156347,349.19594520242515,4097398
2014-12-22,346.40057373046875,350.479092477737,342.8261044859644,346.904651203351,1236281
2014-12-23,347.2254638671875,351.6706152250359,343.69683740909676,348.0045156260055,1322944
2014-12-24,348.7835388183594,350.57077355787897,345.9423340100649,349.19598621059316,2202655
2014-12-26,345.4382629394531,350.38749228859854,344.430079857005,350.38749228859854,479626
2014-12-29,347.8211669921875,349.1959542135005,345.5298549566659,345.5298549566659,467920
2014-12-30,346.996337890625,352.40382928696,345.5757074924413,348.41694031868803,816744
2014-12-31,348.9668273925781,350.1124834247271,345.52985929613124,346.3547260452549,554908
2015-01-01,346.1714782714844,349.24181441995586,345.57571468912784,349.195999361369,321140
2015-01-02,349.1501770019531,351.4873043434375,346.44641731895535,346.44641731895535,960337
2015-01-05,348.2794494628906,349.74589484412667,345.6215329425924,347.45458267660763,842678
2015-01-06,337.1895446777344,346.8589002892922,331.0488439093307,345.5299278403185,1443145
2015-01-07,334.39410400390625,339.11420148460047,330.36140017486997,337.18949366593426,1527500
2015-01-08,334.0733337402344,340.94727064846967,331.87367952362325,336.22717289883894,729084
2015-01-09,330.68218994140625,337.28118075288086,327.4285375651269,336.82291827903185,1385760
2015-01-12,330.7738037109375,332.6068533607295,324.4956030663764,330.5905155280291,1646430
2015-01-13,331.5528564453125,336.82287420498227,330.3155423338012,331.78198765225466,1761201
2015-01-14,329.9031982421875,333.5692983900318,328.1159632320637,331.7820633799079,1392613
2015-01-15,338.5643005371094,339.8016147756301,330.8654967875994,332.698546631298,2146779
2015-01-16,353.64117431640625,355.42838127155835,336.8229350925884,338.56432698611735,2633578
2015-01-19,352.4954833984375,357.0781079148755,349.2418032096943,355.6116624755913,798820
2015-01-20,358.0863037109375,360.37761605111467,349.01268446773884,352.77044229965367,1263250
2015-01-21,349.7000732421875,366.65578432057663,344.7966872793988,360.194294800374,7657084
2015-01-22,356.9864501953125,358.17792138275576,351.4873007699675,351.94556322207956,1587469
2015-01-23,358.13214111328125,361.477451744627,354.9243036368987,361.1108473413508,1321254
2015-01-27,357.39886474609375,359.04859823404223,352.12884703110785,355.24502582507597,1179774
2015-01-28,354.9700622558594,358.8652928578129,352.99953942771833,354.6951159896513,2090303
2015-01-29,353.82440185546875,357.3988710930314,350.57074987474397,355.6116364742501,3507244
2015-01-30,345.3008117675781,354.5577203446224,341.90965790258053,353.7786684599473,1861036
2015-02-02,340.7181396484375,344.6133705657364,338.28935419991063,344.6133705657364,1280710
2015-02-03,341.9554138183594,344.888276442126,340.5806265968732,341.1763621321603,1032469
2015-02-04,334.7148742675781,344.61333110050293,331.78198366590976,344.61333110050293,1900037
2015-02-05,330.544677734375,337.0520096881148,329.16989047528006,334.53156637977406,3533904
2015-02-06,331.3695983886719,336.13553951669877,329.49073335038366,329.49073335038366,3206207
2015-02-09,322.43341064453125,330.22387137669983,319.04228569612803,329.9489251271407,1323352
2015-02-10,320.7837219238281,324.3123484590144,317.0718071867579,319.1339882562682,1895192
2015-02-11,316.6593933105469,322.4793327613646,312.7183469262799,322.4793327613646,3085879
2015-02-12,331.0488586425781,332.6069344426536,321.1962143730981,321.70029196162625,5612430
2015-02-13,333.5234375,336.41048561783634,330.17812688821755,332.0569919253477,1402208
2015-02-16,330.223876953125,335.4480795439049,328.7574596372237,334.5315547364079,1061105
2015-02-18,326.4661865234375,331.14044122260896,323.1208482013157,330.22391630588976,1613325
2015-02-19,323.89990234375,331.2779447593797,321.28780071796956,328.66584313359925,794228
2015-02-20,328.8491516113281,330.4072552652606,322.6167929358439,323.5333179157752,976302
2015-02-23,315.83447265625,331.23207913113157,314.0930810145854,328.8491088987973,1306772
2015-02-24,323.5332946777344,324.4040045341788,314.41386059437883,315.8344909933082,1248168
2015-02-25,319.4547424316406,324.0832099547239,318.12579810985807,323.2583431394588,1078737
2015-02-26,314.4596862792969,322.43343581014256,311.61845360825663,318.72152130079775,1938779
2015-02-27,319.8214111328125,321.1961986379483,313.4515511709672,317.1176511846627,5049108
2015-03-02,314.1388854980469,321.1044798004152,312.0767046304448,318.5840365177905,3356249
2015-03-03,318.90484619140625,320.0963173585943,312.30585580512815,317.5758739148258,4390082
2015-03-04,313.4057312011719,321.01287742241914,312.16841687190026,320.92121932948737,835797
2015-03-05,313.4515075683594,316.292740277769,307.03583343684323,313.4515075683594,1293268
2015-03-09,308.5939636230469,313.9097971754881,307.7690687872181,311.61848478734584,786759
2015-03-10,313.3598937988281,316.2927850045936,305.47777315719145,305.47777315719145,1391166
2015-03-11,319.59222412109375,320.7836952296135,310.8393950834718,313.68062769238634,1390224
2015-03-12,323.48748779296875,324.4498277890402,317.2551014375471,320.05051927825434,1309271
2015-03-13,315.4678649902344,326.2828470470033,314.23055084701554,325.27466411659833,809109
2015-03-16,324.22064208984375,326.7410852438991,311.89337256650833,315.5136566485617,1132825
2015-03-17,325.5496520996094,327.9325944373931,318.4007411758984,324.12902173810915,1805559
2015-03-18,335.7230529785156,339.9849160545145,324.6331242860462,326.0079116085956,2937153
2015-03-19,330.72796630859375,339.34329348640637,329.0323899030922,333.0192782159969,1364591
2015-03-20,324.037353515625,330.86547492016916,321.7002263074221,330.86547492016916,1120247
2015-03-23,321.1045227050781,331.7362177481912,318.76736729411056,326.282883092722,1973628
2015-03-24,324.49560546875,326.23702502503915,317.43838104687416,319.31724576377377,510975
2015-03-25,319.91302490234375,325.4121746417574,317.2551081223182,322.9833891008741,1074608
2015-03-26,310.9769287109375,322.8917539944236,308.96059044503727,318.4924450778014,2189957
2015-03-27,309.3271484375,313.4515104166667,303.36973668981483,312.76411675347225,3034191
2015-03-30,313.7722473144531,315.9719010752688,308.5938881772933,310.51856773668516,1415013
2015-03-31,313.2223815917969,315.2845625971562,308.5480990522918,315.2845625971562,1272398
2015-04-01,312.39752197265625,315.51370108066334,311.2518658322036,313.0849156569278,2323793
2015-04-06,309.9687194824219,316.06360422002905,308.50227410935906,315.14707935812964,1119526
2015-04-07,308.3189697265625,311.57264989266577,305.294448754807,311.57264989266577,2070220
2015-04-08,311.9850769042969,313.68065359885543,308.3648202554987,308.3648202554987,2381333
2015-04-09,327.29107666015625,328.20760164213925,313.4515438381883,314.3680688201713,2486300
2015-04-10,318.17156982421875,327.01602830274635,316.20104715337317,326.74108205848563,1452993
2015-04-13,317.8050537109375,321.15036447176465,314.32226978982624,321.15036447176465,1800659
2015-04-15,315.055419921875,321.6085670622262,313.9097638494318,315.5594974057024,1392928
2015-04-16,311.75592041015625,315.0554154459411,307.21913920980586,315.0554154459411,1332867
2015-04-17,308.4564514160156,311.4810004417174,305.70687664907996,309.83123879948346,1942843
2015-04-20,300.4368591308594,309.32716208856425,297.9164155879155,309.0980308573875,2855013
2015-04-21,298.5580139160156,305.6610825510091,297.87062017714527,300.528537040086,5400459
2015-04-22,295.9001159667969,302.68239569647807,287.2389431153656,299.2454267824378,3683272
2015-04-23,301.4450378417969,303.04895643715315,295.121021545559,295.53346894384174,1577106
2015-04-24,294.0211486816406,303.7363172888147,292.41723025965825,301.44500525741125,2149560
2015-04-27,297.1831970214844,298.1455369725961,292.7380456894366,294.38780728149686,1785522
2015-04-28,294.0211486816406,296.4499618110223,288.9344471599721,295.1209896447613,1424585
2015-04-29,293.97540283203125,297.41237168821243,292.37148403248,292.46314212933635,1660071
2015-04-30,286.0016174316406,292.37147742246793,285.0392773617164,291.3632943200899,2932598
2015-05-04,294.15869140625,295.02937331932367,287.7430168104332,287.7888318694975,1230226
2015-05-05,289.2552795410156,294.6169560874794,286.6889929013647,292.8297212486176,1990382
2015-05-06,286.4140625,288.705375,281.8314375,288.705375,1863912
2015-05-07,284.12274169921875,286.32239604093013,282.28969175277217,284.4435310338714,1461410
2015-05-08,283.61865234375,288.3845652240125,282.3813380873887,286.184910973882,775962
2015-05-11,291.17999267578125,292.7380683347817,284.2143973451916,284.2143973451916,2748369
2015-05-12,282.7479553222656,292.0048631812979,279.44845981200075,292.0048631812979,1752599
2015-05-13,279.7234191894531,285.9557775112656,276.332265768098,285.9557775112656,6371228
2015-05-14,278.1653137207031,280.50244108286165,275.8740014165787,279.5401011031778,2617897
2015-05-15,275.9198303222656,280.5941132512929,274.49922781046075,280.5941132512929,5740256
2015-05-18,285.49749755859375,287.88046781923833,274.9574615331561,276.011459541676,25433973
2015-05-19,289.62188720703125,293.47130322504694,286.0932605188706,286.7806542385075,4224236
2015-05-20,291.821533203125,293.5171099239543,287.4222247108145,291.40911376516414,1876828
2015-05-21,290.81329345703125,296.49575812380266,286.00153849520757,291.4090569236354,11374396
2015-05-22,292.78387451171875,295.7167372495591,290.63003552026,293.1962939121351,5925105
2015-05-25,293.333740234375,294.66271233341195,288.8886174943962,292.2797423472678,1695374
2015-05-26,292.6463928222656,294.15868130114006,289.8510030324515,293.5629177330402,1601229
2015-05-27,293.2879638671875,295.35014486312866,289.75933745788643,291.4549140930176,2641075
2015-05-28,291.5923767089844,295.4876073385232,290.95082609324925,295.4876073385232,5902924
2015-05-29,296.7249450683594,298.78712615377657,291.50074179725414,293.83789714279953,5514743
2015-06-01,293.5170593261719,296.49576484626573,292.371403356905,296.037502458559,2099359
2015-06-02,300.1160888671875,302.4532161677081,292.0506529873099,292.0506529873099,3331117
2015-06-03,296.0375671386719,304.6987393467223,291.45494226036425,301.44505890105034,2959167
2015-06-04,298.1914367675781,300.2536181726511,293.28802205482395,296.03759726158796,1813821
2015-06-05,308.50225830078125,309.78538744766524,293.92951933735543,296.95404003859034,3111895
2015-06-08,304.2862243652344,313.35981401583706,303.6446458366587,309.785372998341,3114153
2015-06-09,300.52850341796875,306.99002062253084,297.8705868523868,304.2862610307459,1314735
2015-06-10,306.4859619140625,308.77727447019356,299.2454198307132,302.45325740929667,1276379
2015-06-11,305.1570129394531,311.71016115988266,302.63656916466306,309.73963798452604,1750395
2015-06-12,305.8443603515625,308.0440144458588,303.048942715584,307.72322514728825,779489
2015-06-15,310.93109130859375,311.6184850255619,303.5988916609335,306.1193352898167,1515607
2015-06-16,316.2011413574219,318.0341914522475,306.66928645835355,310.01459728738536,2013937
2015-06-17,321.7919006347656,323.3041611381987,313.03907098559256,317.8508267502291,2795132
2015-06-18,318.0341491699219,324.22069241746357,316.4302305501888,319.5464097030745,1354886
2015-06-19,311.71014404296875,320.09634182091685,310.7019609943903,318.76736944277405,1234574
2015-06-22,316.5218811035156,317.988326543537,310.5186262018917,314.917962521956,939170
2015-06-23,316.70513916015625,318.21742748350704,310.5644396715483,316.521850978923,1240791
2015-06-24,325.5496520996094,328.9866204369358,315.92614075509533,317.0259538409678,3883808
2015-06-25,328.6199951171875,332.0111484704271,322.6167681479374,325.366342876471,2412267
2015-06-26,329.2615966796875,330.7738572917075,324.4498405695459,328.1159404629871,1129200
2015-06-29,326.4203186035156,327.886763952463,317.11759700224235,317.11759700224235,1214425
2015-06-30,337.1895446777344,338.5643321890354,324.9997732655816,324.9997732655816,3053780
2015-07-01,333.4317626953125,338.15188852247985,331.8278440468906,337.1895205513538,1675326
2015-07-02,338.289306640625,340.39730247616853,333.4317084563684,333.4775514780819,1783180
2015-07-03,338.5643005371094,339.8474298336742,336.5479624911134,337.28117124054455,771577
2015-07-06,342.5053405761719,343.3760223836614,336.0438237347318,336.3646130196461,2028822
2015-07-07,336.91455078125,343.51351312145255,334.6232385860159,341.90959458478864,2027667
2015-07-08,326.1453552246094,337.28112593524133,324.7705680265038,334.53155153903015,2585634
2015-07-09,325.5919494628906,330.71101842891875,322.8248790708547,330.71101842891875,1249057
2015-07-10,333.1091613769531,335.73788395512213,324.4851194424427,324.4851194424427,1772441
2015-07-13,344.7309265136719,350.4956577262751,332.4174550139311,336.3836069770631,1779739
2015-07-14,345.42266845703125,346.34502538215014,338.73558074991917,345.8377403325746,1475541
2015-07-15,346.437255859375,355.9375206314627,344.2697115235787,346.4833624449478,5729299
2015-07-16,352.5247802734375,353.21654787354385,346.8522634340888,349.98829907304753,1989486
2015-07-17,348.0051574707031,355.1073150305507,344.7308025783593,354.41554753373794,1389759
2015-07-20,349.2503967285156,351.7868779287926,342.0098902181059,347.26733523791825,1653937
2015-07-21,357.1365966796875,358.79682781134903,348.00524101125427,348.00524101125427,3689418
2015-07-22,375.6298522949219,376.5061026202884,356.95212483274344,356.95212483274344,3606087
2015-07-23,364.5615234375,377.52062515561,363.0857469350156,377.243929376186,2771748
2015-07-24,360.6876220703125,371.5253146713155,357.8744450373757,367.9281287142189,2368111
2015-07-27,362.4862060546875,369.0349446690094,359.58078789531845,363.4085628130964,1457508
2015-07-28,361.6561279296875,369.4961611853636,358.70457473889996,362.3017608383554,2306518
2015-07-29,369.4038391113281,370.5567849262823,362.0249858956212,363.1318251372137,1611745
2015-07-30,368.6660461425781,373.0472412031132,364.79213609297136,373.0472412031132,3066839
2015-07-31,367.8359375,371.064186799542,363.869813905517,369.86513403323784,1641685
2015-08-03,367.7436828613281,370.97193179688696,365.71448655688096,367.8820307575184,667286
2015-08-04,371.894287109375,373.8312139442837,368.0664837258726,371.70980448314714,2609875
2015-08-05,382.31689453125,384.4844386461488,374.93804011327654,376.69051240792606,3415385
2015-08-06,382.82415771484375,383.7004078863218,376.0448581228276,382.3168727617317,1906686
2015-08-07,378.5352478027344,385.26846973558935,375.2147574938837,383.00868418076254,1647443
2015-08-10,377.79736328125,383.10091505492403,374.2923904376162,378.1663003837123,882985
2015-08-11,382.5936584472656,385.7296946518652,377.24399930077374,377.24399930077374,982625
2015-08-12,370.4184875488281,386.2369006565459,368.6198805731,380.9333491848441,1356894
2015-08-13,369.68060302734375,379.0886538717199,368.02037200685214,370.41850537385943,1447259
2015-08-14,387.20538330078125,388.957883784156,367.09801580487823,367.09801580487823,1674969
2015-08-17,377.336181640625,385.6834996233801,374.66135248551706,382.7780812626922,1124164
2015-08-18,374.7997131347656,380.287719525483,372.7244102139176,377.52064896435235,1693445
2015-08-19,374.29241943359375,377.0594901385679,368.0204037615586,375.5376068804519,1172957
2015-08-20,363.8697814941406,374.8919572371692,360.64153248215206,373.5545285301063,1721757
2015-08-21,353.4471435546875,360.77986336141646,348.28193974956065,360.64151546847745,3088270
2015-08-24,330.8493957519531,344.82309565638644,319.7811141408224,340.53414216169244,3059361
2015-08-25,337.0753173828125,343.16284998929217,327.8056142809515,336.66024554687215,4419332
2015-08-26,340.2113037109375,348.3280321104106,330.7110119942708,330.7110119942708,3074553
2015-08-27,342.19439697265625,345.8838244332779,334.53884625110544,343.67017358652447,4254812
2015-08-28,357.69000244140625,362.39402836466536,346.0683277638359,348.2819787429874,3144551
2015-08-31,354.9228515625,358.79676101261896,349.57319389147193,357.87440430050424,2007786
2015-09-01,342.7939453125,351.92527323414333,337.58263431942925,350.49563126060957,2247154
2015-09-02,332.9707946777344,347.590155142927,332.0484379057739,344.68473694087044,3146977
2015-09-03,339.38116455078125,343.0705914108606,332.371247887012,335.5533616649745,1944303
2015-09-04,332.41741943359375,344.9614788391838,331.7256517621248,340.76476622484495,3507953
2015-09-07,332.41741943359375,337.2597931338764,330.7571882813077,332.41741943359375,1509043
2015-09-08,341.17974853515625,343.485640358384,330.06536120643597,333.10912715385916,1818377
2015-09-09,355.15350341796875,356.58317346291034,345.33040832998734,345.4226496470962,1855339
2015-09-10,361.6561279296875,364.6998942873581,347.08287275380775,353.0781923022659,2049659
2015-09-11,361.56390380859375,368.06650867652417,357.966717538077,363.40861760353556,2001623
2015-09-14,364.5154724121094,366.08346231464594,361.33332972327077,362.57851721664673,1197568
2015-09-15,363.4085693359375,367.0979964357947,362.025034173491,365.2532828858661,1425312
2015-09-16,365.16107177734375,367.1902681093165,363.77753650047975,363.8236712319003,1201798
2015-09-18,367.697509765625,375.2147115873325,364.6537437746323,368.2970360186273,2423414
2015-09-21,370.5107421875,371.89427740381166,365.1149492142654,365.89895813312785,900067
2015-09-22,359.580810546875,372.1709754626464,355.6146593470151,371.7097970543903,1152813
2015-09-23,357.27496337890625,359.9036862657495,348.650920431729,353.26270509352435,1410076
2015-09-24,363.9158630371094,368.85047753122086,354.23111666754494,357.27491098683686,1966984
2015-09-28,353.8621520996094,366.9134941354894,353.0320366762988,366.9134941354894,763642
2015-09-29,360.7337646484375,362.94741542803615,347.7285276146623,350.49559812618486,1836485
2015-09-30,361.9789733886719,365.3455704135876,358.1511697698309,364.28486561780574,2221047
2015-10-01,369.49615478515625,371.70980556585465,354.6000974870125,361.9789521880716,2231208
2015-10-05,371.3869934082031,374.56913591463103,369.12723593311654,373.3700550775561,1747745
2015-10-06,368.0204162597656,373.55455785765685,366.6368808602928,373.55455785765685,1360555
2015-10-07,368.3893737792969,369.8651505833144,362.02511621932894,368.1126779433379,1217685
2015-10-08,366.6829833984375,372.5860902228135,364.60768032214577,369.1272517623273,946190
2015-10-09,370.2801818847656,372.5399393589221,367.32862860036334,372.5399393589221,1368389
2015-10-12,370.1417541503906,374.3846008487468,367.4208186147309,371.89425450160536,569277
2015-10-13,370.1417541503906,372.6321286456263,366.6368097441497,371.709771891553,805554
2015-10-14,356.5831298828125,369.8650616283772,351.0489893098193,367.1902326477161,10382179
2015-10-15,386.2369079589844,389.9263351394881,360.549265585108,360.549265585108,10395979
2015-10-16,390.572021484375,393.24685073408693,381.9018445294435,385.31457615196734,3867850
2015-10-19,396.9362487792969,398.82706893276196,384.0232537657138,387.66654618426037,2417911
2015-10-20,401.82476806640625,403.1160620653289,394.16921724214495,396.5212160206077,2265169
2015-10-21,400.39508056640625,406.4365061669609,398.59647360081783,400.348945838925,2856545
2015-10-23,398.5965270996094,404.31515111581103,396.4289827637217,403.0699636762076,2324249
2015-10-26,391.9555358886719,403.30051334091024,391.3098748653657,403.30051334091024,2370772
2015-10-27,391.817138671875,395.04538731772925,388.4505421422458,391.07926452634604,2673636
2015-10-28,388.1277160644531,393.84633927570354,385.3145391860074,390.8025732056444,2603192
2015-10-29,383.42376708984375,390.11085448405083,382.45527547492725,388.49672994062155,2916664
2015-10-30,376.921142578125,388.4506038594092,374.4769024161125,383.4237756296286,2159297
2015-11-02,380.84112548828125,382.77808044061203,373.5545122372238,380.887260218156,2642350
2015-11-03,382.6858215332031,384.1154914278504,380.42606431613365,382.7319562609566,2732271
2015-11-04,382.91644287109375,385.45292422332057,380.65668546433193,382.96257760272,2599447
2015-11-05,374.52301025390625,382.7320092320997,372.6782964427345,382.7320092320997,962740
2015-11-06,367.51312255859375,379.31927976373294,364.1926320483674,377.01338748553394,2654554
2015-11-09,360.5492858886719,363.13190194931633,355.8913950702249,362.6707235257831,2779743
2015-11-10,357.1365966796875,367.42087030481474,354.830704470103,356.95211404368143,1872753
2015-11-13,348.0513610839844,357.96669716755247,346.62169108540235,355.93750084935084,4395598
2015-11-16,349.6654968261719,353.1704416907705,345.4687561574547,348.0513722954571,3496301
2015-11-17,350.40338134765625,354.46174608576484,347.5902040565386,353.262693372721,1814631
2015-11-18,349.6654968261719,353.9544506638801,348.6970052188842,351.69466506164025,2297968
2015-11-19,361.01043701171875,361.9789285167572,350.49557537993957,351.3256908499047,2190565
2015-11-20,365.5299987792969,369.3578021245718,359.81140334860163,362.0250541007448,2503663
2015-11-23,375.6298522949219,377.70515534627503,365.39168494529315,366.63687240572483,2804622
2015-11-24,370.4184875488281,377.5667525759045,368.9427110749095,375.62979771314224,1310215
2015-11-26,377.2439270019531,382.31688934550016,367.55918070972695,367.55918070972695,3022983
2015-11-27,380.37994384765625,382.2246574726673,375.2147400680061,379.0886499397677,1500618
2015-11-30,376.4599609375,384.48447718052955,374.7997297863001,379.4115142597427,2516202
2015-12-01,382.27081298828125,384.1155267135993,375.67593890179097,378.074072374324,2216108
2015-12-02,381.57904052734375,386.3752792638036,380.1032639360879,386.1446900510479,3036346
2015-12-03,377.79736328125,383.14702163719556,376.0448909334814,380.4260858769512,1521090
2015-12-04,364.93048095703125,376.13711102064525,363.4085977888042,375.53758469959786,1739804
2015-12-07,369.0350036621094,370.7874761536136,364.3309778126303,365.76061975746563,1946681
2015-12-08,369.68060302734375,374.2001739739752,365.99117573905454,368.2509612123702,1113890
2015-12-09,365.20721435546875,371.940408254968,362.67073296005356,369.68062266163173,1325884
2015-12-10,370.9718933105469,372.49377630694664,357.3671313506841,365.34551154837465,1729318
2015-12-11,366.867431640625,373.09334028568907,364.19260244495763,371.70980503123036,1079115
2015-12-14,374.2463073730469,377.24396725958394,364.42321214370673,368.0203983779315,922975
2015-12-15,376.6444396972656,380.01103669859225,374.2924127511702,374.2924127511702,1310961
2015-12-16,376.921142578125,379.9188025112589,375.6759551301265,378.1663300261235,878128
2015-12-17,382.82415771484375,384.4382820268655,372.6782334678496,377.705089013098,1258859
2015-12-18,381.440673828125,384.71505761835033,380.19551456721047,382.7781025541195,2949501
2015-12-21,384.8534240722656,385.9141288984471,380.1032915737317,380.1032915737317,1750059
2015-12-22,383.1470031738281,385.4528951382206,380.5644154329467,383.23924448202285,917169
2015-12-23,386.51361083984375,387.85103947658763,382.1785507119595,384.43830801268007,1648251
2015-12-24,378.85809326171875,385.7296633640496,378.2585669117399,385.0840022806271,2861942
2015-12-28,379.595947265625,383.7004464739238,377.4284312042619,378.81196646799003,777602
2015-12-29,384.02325439453125,385.4067895768235,380.0571033164363,380.0571033164363,1810627
2015-12-30,394.95318603515625,396.4289343705836,383.0086544271369,384.57667221864745,2196200
2015-12-31,403.3005065917969,405.23746148120506,392.69340350247575,395.69106307119694,3974352
2016-01-01,399.2882385253906,403.25438950957323,397.99694468211277,403.25438950957323,512541
2016-01-04,389.1884765625,398.7809819866878,388.17387841757414,396.6134378016409,1100846
2016-01-05,392.04779052734375,396.9824055901084,388.22001500788855,390.66425517225645,2545828
2016-01-06,390.2952575683594,392.831738659685,385.08394750125467,391.079266444388,2048184
2016-01-07,383.1470031738281,388.95786781295425,381.3022896023142,387.435956597979,1897702
2016-01-08,379.73431396484375,387.34375772807243,377.5667698087291,387.34375772807243,5154901
2016-01-11,377.79736328125,382.04021032980853,371.70980257228314,373.55451623269147,2618029
2016-01-12,375.4454040527344,379.3193146961055,372.8628157225548,377.5668420329049,1417516
2016-01-13,382.0863342285156,384.34611982416965,374.2001942321029,376.6905408976605,1746239
2016-01-14,383.74658203125,389.23461691764606,375.3992632357392,380.2877436107733,2107954
2016-01-15,371.1563720703125,389.37291893804024,365.25329415798444,387.7587945320391,5656028
2016-01-18,363.31634521484375,370.1417800428255,348.7431187402856,368.9427274378908,2733395
2016-01-19,363.6852722167969,368.4815387995841,358.5662032749395,364.00810272396257,1175138
2016-01-20,354.4617614746094,362.5785194513119,345.65326393965665,362.5785194513119,2017744
2016-01-21,355.7069396972656,366.17569634324786,354.46175222869516,356.7676445230481,1469042
2016-01-22,364.69989013671875,369.5883982940686,358.3356335488679,358.75070538750697,1608149
2016-01-25,360.8721008300781,373.13943510704433,359.995850603968,368.9427228933706,1763816
2016-01-27,365.89898681640625,368.02039638847896,362.67073772527925,364.3309688557624,2871738
2016-01-28,373.18560791015625,376.7827941957468,363.7314496714625,364.2848694418838,2784606
2016-01-29,387.4360046386719,389.9724861140183,372.724428970522,373.69289245641477,2605656
2016-02-01,384.16162109375,389.78800340685524,379.18089982323426,388.3122268438625,2035568
2016-02-02,370.464599609375,384.16160359029266,368.9427165332943,383.70042519462606,997951
2016-02-03,372.6322021484375,380.47223610453085,368.94277440439356,368.94277440439356,1836644
2016-02-04,368.2970886230469,379.82654955099224,365.53001800034,378.1663184366073,2081736
2016-02-05,377.2439270019531,378.90415796423946,362.2095225884973,368.94271589433066,2171019
2016-02-08,371.3408508300781,382.1324084291626,369.3116546243893,374.476858299519,945374
2016-02-09,359.2119445800781,369.81905007035834,358.2434528421045,368.0204426627658,2257810
2016-02-10,349.8961181640625,359.39638358626354,347.03680596041636,359.39638358626354,2014216
2016-02-11,340.6724853515625,349.57322272808057,335.7378709050695,349.57322272808057,2504341
2016-02-12,341.73321533203125,345.42264275801807,332.9708251953125,343.2089919320455,2963811
2016-02-15,354.0927734375,355.430202070136,344.0390898464065,344.0390898464065,2312852
2016-02-16,334.4004821777344,355.10740580122723,332.27907257114833,352.6631656506567,1703936
2016-02-17,341.7793273925781,343.6701758675554,322.9171462638153,336.1990795805894,2665334
2016-02-18,351.8330383300781,353.63161733265514,343.48569179122313,343.57793310758296,2001163
2016-02-19,354.0466613769531,357.41325804895644,341.3181207175781,343.48566481536506,1358187
2016-02-22,362.3940124511719,364.3309675284109,353.2626849705858,354.04669394805137,1437597
2016-02-23,357.0443420410156,363.63918788476605,352.0636206837543,359.9497604870766,1409276
2016-02-24,357.8744812011719,361.1488369735409,349.5271624220852,355.107410470235,996109
2016-02-25,350.0344543457031,359.53471944946915,346.94455300578517,356.95213130905694,1317234
2016-02-26,351.51019287109375,355.983629117667,347.08286320669373,355.10737887160235,1266637
2016-02-29,343.4395446777344,352.93980803161753,335.876207998342,351.60240762056884,2064381
2016-03-01,361.056640625,363.3625330082275,345.0998484442056,345.883857484123,3744149
2016-03-02,368.2509765625,369.8651010684095,360.8721216783422,366.1756736263306,2729195
2016-03-03,363.8236389160156,373.0472066091777,357.3671415308022,373.0472066091777,1836911
2016-03-04,365.3916931152344,368.25100523509553,361.1488455968694,364.6999254159825,1704396
2016-03-08,360.36480712890625,369.9111773343898,354.18500541067976,364.3309300448398,1300712
2016-03-09,364.74603271484375,366.0834332772701,355.19963355363865,356.02974910067877,1391465
2016-03-10,361.3332824707031,366.08341444089024,358.889042539257,365.2532989365627,680460
2016-03-11,367.6514587402344,370.6029838733372,359.7652905114463,361.194960567193,1396069
2016-03-14,369.4038391113281,376.04481826470084,367.09794748141974,368.94266078534645,1226585
2016-03-15,356.30645751953125,371.01806126394126,354.64622636665115,368.11264267235174,1649771
2016-03-16,354.60009765625,357.874453172169,350.77229425977123,355.29186528480443,2218381
2016-03-17,356.9521484375,362.3479423574545,353.81614035991737,359.4425235230485,1834984
2016-03-18,360.31866455078125,362.34786069264266,354.36948030649177,360.5492537419885,2219331
2016-03-21,360.6415100097656,362.9935085984171,355.33795839197495,362.30174099609656,1273122
2016-03-22,359.7192077636719,364.74606436217346,356.49095846322865,361.471680325721,2031111
2016-03-23,358.33563232421875,364.10036257396484,356.3525707479255,360.1342394213783,2149658
2016-03-28,357.5516357421875,362.4862506361929,355.1996369782147,361.5638937643451,2045328
2016-03-29,352.2480163574219,357.8743978292005,349.71153544497264,357.27487160678555,1664535
2016-03-30,347.3134460449219,354.1850155485262,345.6532150437766,354.1850155485262,4315209
2016-03-31,356.906005859375,358.15116512849227,343.62404427320826,348.835383161995,3913862
2016-04-01,356.7215270996094,359.4424911835258,353.3549300817473,354.18504565287657,3562491
2016-04-04,364.100341796875,365.48387697786376,356.9520766950998,356.9520766950998,1433084
2016-04-05,354.50787353515625,363.22412918879064,352.89374899025006,363.22412918879064,1443476
2016-04-06,357.8282775878906,359.62685618644616,354.41554668587526,355.2456620504464,916721
2016-04-07,354.50787353515625,361.56389805898357,353.35492743165184,361.56389805898357,593787
2016-04-08,358.88909912109375,360.73381304292093,352.801537549444,354.50790355675423,948219
2016-04-11,364.0081481933594,365.068853008175,357.50554324975593,358.889078612063,868551
2016-04-12,374.2001953125,374.93806955299607,360.4109487769575,360.4109487769575,1556917
2016-04-13,370.6952209472656,378.16631723444374,369.4500335413863,375.8604250561849,1173446
2016-04-18,376.09100341796875,377.7512344791526,366.8674349711761,372.07874551399453,1792223
2016-04-20,368.85052490234375,379.78045998133535,367.513124263643,379.78045998133535,2155336
2016-04-21,368.2970886230469,372.8166598252798,364.83825034466327,370.37239159007703,603318
2016-04-22,369.95733642578125,372.6321656485898,367.5592029974333,368.2970772147263,1038722
2016-04-25,369.58843994140625,371.6176083360519,364.9305204699533,369.9573770906054,953370
2016-04-26,381.39459228515625,382.68588636339416,366.4523986921327,366.4523986921327,2370767
2016-04-27,376.1832580566406,384.4383352200604,374.7074814232617,379.8726855660389,1175412
2016-04-28,373.55450439453125,378.3968775996455,370.51073821055485,377.2439315984278,2736668
2016-04-29,382.6858215332031,383.8849022333681,370.78742472753555,371.8942641202886,1474626
2016-05-02,384.0694274902344,385.1301323507388,379.31929483799263,381.855776444812,1406101
2016-05-03,387.1592712402344,390.0646895639368,382.6858350793105,382.7780763899875,1808007
2016-05-04,373.1394348144531,385.4990385401662,371.433097240886,384.3460925320285,1440825
2016-05-05,369.35784912109375,373.46232062900043,365.530045288775,373.0011421574536,2185694
2016-05-06,371.80206298828125,373.7851246454915,366.9135546481674,368.9427510381162,873252
2016-05-09,388.0355529785156,390.01861465266694,371.70982484637113,371.70982484637113,1385009
2016-05-10,385.1762390136719,389.23460365917157,382.31692705385456,388.3122467784626,2321134
2016-05-11,413.16973876953125,416.85916596015784,386.4674982181332,387.38985501578986,11074720
2016-05-12,412.75469970703125,415.7984661216093,407.7278435016394,413.2158781424581,3706501
2016-05-13,413.9998779296875,418.8883579775453,406.8054776077434,412.29351212683616,2003016
2016-05-16,412.3857421875,423.3156761960298,411.094448261805,416.9052850014808,3336110
2016-05-17,410.6332702636719,417.82764224844624,408.9269045056649,412.9852689111298,2404883
2016-05-18,401.9170227050781,409.5264671969127,400.0262023027104,409.5264671969127,4031334
2016-05-19,404.130615234375,406.3442658641959,396.8440023433377,403.9461607682786,2393541
2016-05-20,400.67181396484375,406.94385749560456,399.2421720924727,402.6087689985801,889187
2016-05-23,401.82476806640625,409.8953907447954,400.5795806521209,403.9923123582218,2402640
2016-05-24,405.00689697265625,406.62102145421017,397.858631411489,403.53112038847325,2308055
2016-05-25,408.2351379394531,413.1236178714529,405.6064153485075,412.75468076965797,784790
2016-05-26,409.9414978027344,412.06290721860006,405.46806161909115,406.7593555308397,1784352
2016-05-27,418.1965637207031,419.67234021701944,408.60405871679035,411.3250225115015,1674549
2016-05-30,409.4341735839844,421.05587477136737,407.3127642255355,421.05587477136737,1365844
2016-05-31,408.9269104003906,414.09211433093776,404.49958068216586,411.2789090817529,1688323
2016-06-01,414.8760986328125,417.36647337962034,408.00455700967484,411.0944580775743,872313
2016-06-02,421.1942443847656,423.22344068732343,411.87843469263606,416.3057644032812,1156365
2016-06-03,421.10198974609375,425.9443629916923,418.6116432515007,421.5170615692406,1085037
2016-06-06,419.0267333984375,421.5171083173199,416.16744949288244,421.5171083173199,1391466
2016-06-07,426.8667297363281,429.8182828520616,417.08976985516625,417.08976985516625,1258062
2016-06-08,420.3641357421875,427.05122292623764,416.9975388584576,427.05122292623764,712771
2016-06-09,426.082763671875,428.57311031048505,420.5947290835848,420.5947290835848,1542812
2016-06-10,423.1312255859375,428.3425364131255,421.5171010196696,423.3618148096901,838038
2016-06-13,427.7430114746094,428.8959575971825,416.2135502488787,417.827674820481,777891
2016-06-14,420.17962646484375,430.18720331454034,417.6431452800315,428.9881507409582,1012262
2016-06-15,422.25494384765625,425.48319273991075,419.94905178176015,422.43942647216653,1041386
2016-06-16,416.81304931640625,422.3933250732074,412.75468486024886,422.3933250732074,1530552
2016-06-17,415.4295349121094,422.4394528599287,414.3688301251593,418.84226664205113,1797381
2016-06-20,415.01446533203125,417.59705318692494,411.37114460821317,413.30809957343166,1410878
2016-06-21,412.80078125,419.3956549950238,411.6939699609757,415.5217451131984,1634768
2016-06-22,413.4925842285156,417.3664944416889,410.8638895996822,412.80081655817025,1855643
2016-06-23,413.16973876953125,418.38104904667216,411.3711317548625,414.7838631654304,3701026
2016-06-24,413.5848083496094,416.0290483869055,401.17912553280183,405.8370163935341,2316743
2016-06-27,405.65252685546875,417.36646997932047,403.3005281733876,405.3297244800396,2851463
2016-06-28,402.97772216796875,405.6986862699706,399.8417143516928,404.7301946404672,2858825
2016-06-29,410.4027099609375,411.37117343736907,404.2690141165428,408.92693330553357,1259973
2016-06-30,421.0558776855469,425.6676616689592,409.8031135067825,411.3711313203809,2447805
2016-07-01,417.1819763183594,424.28413505570416,415.84457582497623,423.82295664803496,1003524
2016-07-04,425.89825439453125,427.5123788020904,416.9052755524161,419.6723459653746,1716981
2016-07-05,426.082763671875,433.32324252029633,422.162747008267,424.2841565316864,3169316
2016-07-07,413.0775451660156,427.1434879547396,411.8323577157547,426.1288897305233,3383986
2016-07-08,417.9198913574219,420.5024792595996,413.86152687624383,417.5048195186697,1993312
2016-07-11,419.16510009765625,422.4394557993067,414.09213720050303,422.4394557993067,1042445
2016-07-12,419.25726318359375,420.5946917741311,417.22809515599664,418.8422195213579,1745816
2016-07-13,421.51708984375,425.66769576124864,417.6431797281788,418.2888407968066,990366
2016-07-14,430.0950012207031,431.8936083931654,413.4925774063369,415.1528366766324,1247664
2016-07-15,435.3062744140625,437.19709447057323,427.5123487069846,431.10953436098447,1688028
2016-07-18,425.25262451171875,437.9350314997909,424.099678421894,434.3378453291573,904262
2016-07-19,430.23333740234375,433.9688711551745,424.5147140258641,430.2794439827607,935805
2016-07-20,426.5439453125,434.06114816495216,423.6384986567793,429.8183009380897,1201100
2016-07-21,419.9631652832031,429.7879546349752,418.4801734080025,428.6757036571454,919699
2016-07-22,430.5294189453125,431.68800188111794,418.85089729525015,421.53880404917555,1048763
2016-07-25,440.0298767089844,441.09576754097196,428.25866068863144,430.6221872663999,2456774
2016-07-26,439.84442138671875,442.11525529107485,434.7003243847256,440.49323915531096,1771096
2016-07-27,452.1717529296875,457.87197530518984,440.9103324735553,454.1645099181033,4810711
2016-07-28,449.3912048339844,455.32314446864575,447.76918854325635,451.8937272825331,1673468
2016-07-29,460.9306335449219,463.75759293907583,443.9689903228653,453.2376540039272,1285090
2016-08-01,467.8821716308594,472.0994309406436,456.2500090228777,457.9647176088023,1446878
2016-08-02,462.9697570800781,468.4382630681248,457.87199198710425,465.7503562217002,1429965
2016-08-03,456.8061218261719,462.5063446654054,453.00596383811,458.3354457656172,1466935
2016-08-04,451.8473815917969,459.4013372884442,448.4179645095307,458.7988797701322,1365502
2016-08-05,460.0964660644531,461.57945793181926,452.68153501333956,453.2376604993165,1491874
2016-08-08,463.803955078125,467.69680539138955,459.5867241435206,467.69680539138955,719355
2016-08-09,474.83367919921875,476.3630314966357,457.9183661953704,461.5795000502173,1629914
2016-08-10,477.33624267578125,479.93145753526426,470.89450925159656,474.32392658122535,1930239
2016-08-11,464.823486328125,477.9386681422279,460.79161194610157,477.3361823708562,1554397
2016-08-12,469.2261657714844,470.43108090757215,461.5331851333711,464.73085758793684,1144279
2016-08-16,467.6968078613281,470.10666624485094,461.95022466105974,464.36008304458255,954609
2016-08-17,461.57952880859375,469.1334853197025,459.72579576116965,468.6237200459495,819571
2016-08-18,464.5455017089844,467.88219848467924,461.6722098981619,465.28698359564527,768492
2016-08-19,466.7236022949219,468.25295460765085,462.7380877656599,466.9553189137329,714686
2016-08-22,472.4701232910156,474.55557258460027,464.5454272896804,464.5454272896804,852737
2016-08-23,476.9654541015625,480.07049066208214,468.5309920075491,471.82135660152403,1128798
2016-08-24,483.638916015625,485.6780335777586,476.96546607202424,477.3362352911177,1525305
2016-08-25,473.443359375,487.16097117387125,470.33837947458284,483.8242746668129,1750407
2016-08-26,468.99444580078125,478.0313941141363,467.14071281342643,473.7214705756803,1939625
2016-08-29,491.3318786621094,493.60271276108324,468.1138855860336,468.9944200209138,3385040
2016-08-30,490.4976806640625,495.2246763909013,483.9168956773948,494.94662780192823,3109674
2016-08-31,500.0444641113281,504.16903124636764,484.3340660191216,484.3340660191216,5861296
2016-09-01,496.2443542480469,505.00319754861414,494.2052366028603,505.00319754861414,1539206
2016-09-02,494.4367980957031,500.507760543567,491.5171468639624,500.507760543567,1194571
2016-09-06,498.8858337402344,499.81270012897613,492.1660524218569,494.94665158808203,1076564
2016-09-07,496.0125427246094,498.28331999242954,491.47087504610573,496.9857410638797,1112034
2016-09-08,499.30291748046875,502.7323343132533,494.2978165276012,497.77356536391676,1258079
2016-09-09,494.39056396484375,499.8127098154917,492.4441105679024,498.5614627950148,877367
2016-09-12,477.84600830078125,491.19290840478584,474.3702589582218,491.19290840478584,1518821
2016-09-14,480.2558898925781,482.85110472581334,470.2920469333309,478.4484889398363,2913337
2016-09-15,492.0269775390625,495.96615951271315,475.20438728856675,481.97050030549195,3332908
2016-09-16,481.4607849121094,497.21751443595764,478.86557018717497,492.16608100961275,2508819
2016-09-19,487.300048828125,489.9415956511137,480.4876028710867,481.0437001270506,1711991
2016-09-20,486.92926025390625,490.63672600346354,482.06321145761234,483.63889571546173,2177115
2016-09-21,487.763427734375,491.2391766255938,481.970512915677,487.53171114162706,1535258
2016-09-22,487.2073669433594,495.8735455310749,485.3072454837067,493.0929462103399,2089493
2016-09-23,486.23406982421875,491.1928387930459,484.5657216905164,487.809753950495,1274962
2016-09-26,491.84173583984375,493.510084242469,485.2609496802631,486.60491743317647,1574191
2016-09-27,493.4636535644531,503.8445111369137,490.0342368511009,494.0197507303239,2744720
2016-09-28,507.9228515625,511.6303176322993,488.5049867076378,492.0734567426852,2133278
2016-09-29,509.4985046386719,517.8866347917038,492.9075723675521,511.63028618348187,4017561
2016-09-30,506.7642517089844,513.020600495515,501.0176681759569,506.99596833070774,1827559
2016-10-03,536.5167236328125,546.7586451034787,508.61806082912494,512.0011466413517,3906682
2016-10-04,522.1038208007812,537.5825006688079,517.8865900839594,537.5825006688079,2639742
2016-10-05,525.71875,532.4848649064538,520.5746516533135,526.3675679381965,1350725
2016-10-06,514.3182983398438,528.6847306222813,511.7694151929597,525.2089808765303,2062374
2016-10-07,530.3529663085938,531.5578813163838,514.8742860876221,517.6548852924157,1273456
2016-10-10,527.0162353515625,532.9482031983454,521.4087047017632,527.3870045562757,821752
2016-10-13,506.5788879394531,527.0162835020193,499.72010959711605,527.0162835020193,2313854
2016-10-14,489.84893798828125,510.4717173075609,486.6049052863721,510.4717173075609,4313266
2016-10-17,465.8893737792969,492.1660409444937,460.88430105395383,492.1660409444937,6199392
2016-10-18,476.5020446777344,481.73886302753385,461.8575653025854,463.4332496657372,5249857
2016-10-19,471.172607421875,478.81922802876466,467.92857455834286,478.21679872554625,3673486
2016-10-20,482.2022399902344,483.59253957694335,471.4505841958747,473.5360335759382,2148787
2016-10-21,484.61212158203125,489.94160389858666,479.83879310224194,480.1168417349044,2305920
2016-10-24,474.6019287109375,486.6048599028277,472.88724849985414,485.67799350301283,1361502
2016-10-25,476.36297607421875,484.00962352877553,469.7358589850297,477.33617443596665,6353691
2016-10-26,478.91192626953125,481.1827604822912,472.2384762332037,475.01907570072007,1642999
2016-10-27,467.4651184082031,482.8511077506205,463.15519490049655,481.9705732736209,2678717
2016-10-28,482.294921875,484.2413753113907,467.14067844681796,467.14067844681796,3035406
2016-11-01,472.0993957519531,484.2413509727404,470.4773795888709,483.54620118856235,1849912
2016-11-02,464.2674255371094,469.04078236878615,462.1356438952253,464.59183447019285,912986
2016-11-03,466.4455261230469,469.9212751999697,460.0501534786525,463.4332102563804,1665044
2016-11-04,469.1334228515625,472.4238155440362,463.0624592439252,467.04797345090145,2161223
2016-11-07,470.2920227050781,478.26307969039516,466.30650835527905,471.31158143908124,2083446
2016-11-08,468.2529602050781,477.33624045676333,464.49913396403446,472.7482400351723,1493571
2016-11-09,469.1334228515625,478.03134595152653,422.65107853397205,440.26154013955426,3941734
2016-11-10,468.94805908203125,483.5925366593944,465.9820753339924,475.62150837226,1970232
2016-11-11,446.888671875,464.36011084435177,444.38614932691183,464.36011084435177,3202412
2016-11-15,420.3338928222656,454.1645148465494,417.55329375177655,447.6764503487415,3447068
2016-11-16,440.53961181640625,446.9350129419347,425.802440937093,426.4048984716911,5472898
2016-11-17,425.4316711425781,444.66414865065764,422.60473997977385,440.2615333174828,2716817
2016-11-18,413.9848937988281,432.56858307316406,410.0457113904818,432.56858307316406,2718263
2016-11-21,402.2600402832031,419.8705028762466,397.8574246349422,418.8509441216107,5082345
2016-11-22,416.5337829589844,418.0167749574407,405.55040971149526,409.6749767875583,2330691
2016-11-23,423.6706237792969,429.32451429871355,407.5894865876548,417.3679154859883,2756613
2016-11-24,406.987060546875,425.4316970949365,405.13332766192974,425.4316970949365,3893991
2016-11-25,407.3577575683594,418.34112938519553,400.220875416129,412.1774738641144,5241765
2016-11-28,424.2267761230469,428.21229045585943,407.35779579080133,409.6749618646967,2630326
2016-11-29,423.94866943359375,431.87339382090875,419.63874649613297,420.7973294516717,2024945
2016-11-30,422.3266906738281,428.6757314892451,418.15579166474356,427.3781241213404,2154416
2016-12-01,424.1341247558594,429.7880161789612,421.7242661492906,423.4853068782642,2194455
2016-12-02,410.69451904296875,423.57795670801636,408.88711819787034,422.97549918822307,2048264
2016-12-05,410.1847229003906,413.98488087993894,399.0159938524887,410.8335407087471,2651910
2016-12-06,414.0312194824219,420.51928408322095,411.11156778348874,412.45553533651247,1254611
2016-12-07,409.1651916503906,415.1434630766669,404.7162158713635,413.38242253913705,1857313
2016-12-08,419.7314758300781,421.5388484287851,411.0652689007317,412.45556857006903,1673849
2016-12-09,426.4048767089844,430.06601030930983,421.9559292959338,424.5048119001377,2444150
2016-12-12,419.2216491699219,433.68077024504817,417.08986782642916,426.2195072571066,1764769
2016-12-13,409.4895935058594,417.55334307713076,407.40414395663953,417.08990984397076,2783090
2016-12-14,410.0920715332031,414.30930256041404,405.9675045222849,414.30930256041404,2180480
2016-12-15,405.7358093261719,414.8654499847159,402.2600599601567,403.37231107156987,2329688
2016-12-16,409.76763916015625,414.21658654483883,405.0406148853575,407.68218977001425,2510449
2016-12-19,409.1651916503906,415.23615537563546,407.82122402964194,410.8335398889518,1530874
2016-12-20,415.6995544433594,417.08985395654787,407.82119053529124,409.8603078022541,2433259
2016-12-21,409.1651916503906,416.16302179388464,407.9139163286105,416.16302179388464,1281057
2016-12-22,409.2578125,413.243354649555,406.1991649566547,409.7212456602472,1551814
2016-12-23,410.27740478515625,412.45554647424245,396.37440883658627,405.9674816982431,2423318
2016-12-26,400.220947265625,409.58230466352217,398.6452911717824,407.82126395359404,1139208
2016-12-27,404.3918151855469,406.4772646689863,398.87697685632725,400.5916854220768,973466
2016-12-28,410.69451904296875,415.236158873504,404.76257957334815,404.76257957334815,1741946
2016-12-29,414.8653869628906,417.04352855852477,405.1796222199958,408.4700147580821,2261179
2016-12-30,419.91680908203125,421.90959446052716,413.8458455070215,413.8458455070215,1152276
2017-01-02,418.5728759765625,424.8755562437014,417.4606249714353,419.9168152982299,869094
2017-01-03,424.7828674316406,426.0341427512477,417.0898874878193,420.7973531543777,1015828
2017-01-04,425.06097412109375,427.9805978810047,420.2876173979732,425.4317150565916,1856523
2017-01-05,436.2760314941406,439.7054202475142,425.9414483705473,430.06601521872096,2003059
2017-01-06,429.23187255859375,440.1688857086484,428.2123137734178,439.7981447737808,1468901
2017-01-09,431.0856018066406,433.77350891843565,428.07328577248484,430.90021719794305,780077
2017-01-10,433.541748046875,434.7003310186731,429.46354164328886,430.06599913148045,1745473
2017-01-11,443.3201904296875,446.65691514658084,433.7734777674684,433.7734777674684,2458862
2017-01-12,441.60552978515625,449.9936598123763,438.9639547552724,445.3593275794991,2125687
2017-01-13,442.6250305175781,445.4519899611836,432.38316828513257,442.1615973254183,1482826
2017-01-16,445.82275390625,450.874187276232,443.0421546095374,443.0421546095374,1493638
2017-01-17,445.034912109375,452.58886788052894,442.6714140197166,445.82275423450074,1636232
2017-01-18,446.79595947265625,449.0667935821478,441.5128376960625,447.0276760844117,1153910
2017-01-19,442.6250305175781,447.352054734752,441.18839893616956,447.2130304342475,1331433
2017-01-20,432.98565673828125,443.4129043074743,431.039231534888,442.25432124423065,1984461
2017-01-23,447.630126953125,449.8082403049868,434.0978722260426,435.58086408263136,2891303
2017-01-24,444.33978271484375,453.237706537134,438.871276166325,446.74964120838155,4600230
2017-01-25,461.7648620605469,466.2601415719147,445.63736371341554,447.6764811530376,5501753
2017-01-27,460.4208984375,473.6287450459235,449.0667846863991,456.9451493300201,3272897
2017-01-30,460.05010986328125,465.2405669832115,454.95234503375826,460.79159161510745,1011830
2017-01-31,453.376708984375,459.72574969271864,451.70836072316473,459.72574969271864,852786
2017-02-01,467.5578308105469,469.504227888466,451.7547395554164,455.0914647094118,1553861
2017-02-02,470.2920227050781,472.93359769772115,457.87201815320776,469.9212817888185,2282533
2017-02-03,459.5867614746094,476.5484354621952,455.6475788342459,470.43108259547154,2404103
2017-02-06,467.14068603515625,468.5309856959752,459.679422503049,461.62581939962024,1204460
2017-02-07,465.5186767578125,469.92129241654743,457.5012875837865,469.92129241654743,1655229
2017-02-08,474.78729248046875,476.40930860900136,463.7575884635904,466.21377865822507,2284842
2017-02-09,484.38037109375,486.1414399298878,470.8481439168408,475.48247604200657,2178843
2017-02-10,480.16314697265625,485.6780135939747,473.62874989794096,483.8242807176618,1588149
2017-02-13,485.9560852050781,487.5317695387881,477.7996714776526,481.04370416469783,1270325
2017-02-14,475.4361572265625,484.61210114612555,473.86047294599956,483.8242872915634,2379095
2017-02-15,482.6193542480469,487.99516814792474,474.04583989786966,474.5556051125118,2240024
2017-02-16,480.5802001953125,482.7583134789074,471.1725124445822,478.26303433130425,1917115
2017-02-17,483.0827941894531,486.5122112916111,479.05089127977,485.5853448624569,868741
2017-02-20,489.9416198730469,493.88080258328506,479.5607601055735,485.58539248593775,1448277
2017-02-21,484.9828796386719,489.0611147286145,482.1096162149212,488.45862889551853,1084323
2017-02-22,478.40216064453125,488.4586394156897,475.06540734322937,482.4803392508679,1429221
2017-02-23,480.6265869140625,484.2877207102748,475.52882143290174,480.95102411481776,1594259
2017-02-27,466.9552917480469,478.30940540924894,464.68448598723757,476.40934055982495,3193241
2017-02-28,472.1921081542969,475.62152521656344,467.6968003680452,467.6968003680452,1710395
2017-03-01,469.3651428222656,474.2311914587524,467.6041023062045,472.7018675444287,1411431
2017-03-02,464.9625244140625,474.5092653159894,462.2746175082508,472.5164799252242,1263258
2017-03-03,466.2138366699219,468.0675696189076,457.5476294762694,463.4332372464432,1381418
2017-03-06,470.1529846191406,471.3115676270735,459.12328004076375,465.3332679918529,1686717
2017-03-07,469.59686279296875,474.7873203662688,465.7967048400678,471.7750045220709,1560366
2017-03-08,476.8264465332031,478.12402559317184,468.11387945704763,470.75545444138334,1347206
2017-03-09,479.56072998046875,480.90464109297375,474.8800090910655,477.66060847656166,1442550
2017-03-10,477.1508483886719,484.0560149181639,473.7677914236018,479.09730192239874,1261846
2017-03-14,484.4267883300781,487.0683351691176,481.18275565055023,482.8974360097245,1692945
2017-03-15,487.1609802246094,489.52453491341066,479.7460486743326,479.7460486743326,1247748
2017-03-16,487.02197265625,489.339138710784,483.6388875880555,489.339138710784,900584
2017-03-17,481.275390625,488.87570661550313,477.61425693619407,488.4586054104478,1898303
2017-03-20,482.99005126953125,486.79023739619987,478.86554110766815,483.8242536457703,823128
2017-03-21,485.1219482421875,486.60491201212403,478.54116215592046,482.8974460158412,1338710
2017-03-22,482.7120056152344,488.1342079510249,479.4216412380855,481.97052381595836,1941507
2017-03-23,485.3072204589844,486.6048560369904,480.5338924807206,483.36082366341043,1567829
2017-03-24,480.5339050292969,487.4390711476672,477.7996377858761,485.67800232744725,1067930
2017-03-27,478.72650146484375,481.0899994995117,474.46291031546724,480.85828289667296,909104
2017-03-28,491.5636291503906,493.000317492785,477.84601616689696,477.84601616689696,1604175
2017-03-29,492.1197204589844,497.31014960781005,490.08060308929043,491.23918607531715,1769564
2017-03-30,493.4636535644531,499.071183510802,490.4976700131369,492.16601808218013,2074816
2017-03-31,496.3833312988281,501.4347649214749,491.79533091548035,493.0929666140936,1616918
2017-04-03,489.89520263671875,499.8590159939665,488.5976236772393,496.383267148415,1423686
2017-04-05,503.75189208984375,505.3739083017246,488.50492838387686,495.8735276321369,1749704
2017-04-06,512.927978515625,514.2718897746165,499.5810773818544,500.507943944715,1635566
2017-04-07,507.5519714355469,510.7033395349335,503.28840901537,508.8496069050426,1005806
2017-04-10,512.9742431640625,514.4108748335442,504.1226799654486,505.74469623744625,717580
2017-04-11,500.64697265625,512.2791361505281,497.8663731004173,512.2791361505281,1593393
2017-04-12,491.6562805175781,502.26891183823255,489.47811059087803,500.50784309506514,1571762
2017-04-13,483.4071960449219,495.45646015319477,481.97056433091575,492.1660954994544,1596472
2017-04-17,483.0827941894531,489.1537579861256,479.46799248717684,479.46799248717684,762417
2017-04-18,479.7460021972656,493.5563335003074,477.984990067542,485.6779694913823,1448421
2017-04-19,483.7315673828125,486.04873324195336,478.8191305042883,480.34848259989406,1669756
2017-04-20,494.4367980957031,496.197809976983,482.34120519685183,485.12180386653836,1199526
2017-04-21,489.9416198730469,498.28341855355126,487.80983819120655,497.5882686635092,576204
2017-04-24,486.18780517578125,492.25876936051117,483.5925903225502,491.1929068417161,702237
2017-04-25,489.339111328125,491.23917607223086,486.3731276300059,487.9951437774142,640982
2017-04-26,489.15374755859375,494.66861400878554,484.79746412014657,489.38546416094266,1718550
2017-04-27,491.93438720703125,497.0321528775704,488.134257244842,489.1537877503735,1365348
2017-04-28,488.319580078125,491.2392321050614,480.67293165384814,490.86846288621734,1363820
2017-05-02,495.1321105957031,498.65419208798386,485.90977732737093,488.9220935435158,1210736
2017-05-03,488.6439208984375,498.5614015460891,485.90965402027985,496.80033296112543,1055609
2017-05-04,482.6656494140625,494.9466284918087,480.11676696396427,491.2391631098476,1858552
2017-05-05,468.62371826171875,484.47314141399403,466.9090095422357,481.97059049521107,1663429
2017-05-08,464.9625244140625,472.88724911420604,463.5258928067701,468.90170661839346,1312543
2017-05-09,459.4013977050781,466.0748481482039,457.7330492371578,464.3601393815666,1882542
2017-05-10,478.4484558105469,483.9169337284519,459.72574287126065,459.72574287126065,5689814
2017-05-11,504.91046142578125,508.1544937616972,487.0682835782433,487.0682835782433,7628233
2017-05-12,487.90252685546875,503.9373052887593,486.00240535655234,503.9373052887593,4495808
2017-05-15,487.1146545410156,492.72218528442846,483.36085670923933,491.2392215836948,1559318
2017-05-16,484.38037109375,487.76345617369583,474.18486870410385,487.62440358136604,2224569
2017-05-17,485.72430419921875,487.25365632039245,477.89227215009936,484.38033666416203,1913188
2017-05-18,477.84600830078125,487.2537258165518,475.5751740826875,479.18997602752574,1417434
2017-05-19,474.5556335449219,481.9705653190613,469.13345902793844,479.189965903759,1600136
2017-05-22,482.294921875,483.8242741056329,469.6895611169147,478.2630755526946,2395747
2017-05-23,474.78729248046875,485.5853081932732,473.16527635193614,481.92417476029874,1450458
2017-05-24,471.9140319824219,476.8727729854787,466.2138091578149,475.7605219674351,1705811
2017-05-25,474.5556335449219,479.6533991396427,467.2333940751032,472.701900601387,1638401
2017-05-26,481.043701171875,484.4731184482747,472.331161952303,472.70190288565755,1142694
2017-05-29,483.638916015625,487.34638192079876,476.4093688148243,482.8974341488783,1110381
2017-05-30,484.33404541015625,486.60487949542244,472.1457574189861,483.6388955823056,1642014
2017-05-31,477.1971435546875,486.69752415753965,474.5555969424687,483.8242609452513,5695502
2017-06-01,483.8242492675781,484.9828322399622,476.87275143327383,477.8922818203981,924316
2017-06-02,484.8901672363281,490.219648898365,483.0364344843153,488.4585801553792,1745270
2017-06-05,486.280517578125,490.68313332388,484.1950680143463,484.75116526944464,1367833
2017-06-06,480.81195068359375,487.7171167595056,479.60703566363776,486.5122017395496,1186782
2017-06-07,481.275390625,484.70480770782376,476.4093418993741,481.0436740190178,1597449
2017-06-08,482.5730285644531,488.55127177035223,480.9046237362199,481.5071095432416,1547900
2017-06-09,483.8242492675781,486.41946381143157,480.62654894951135,483.3608160786245,833424
2017-06-12,475.6678466796875,486.60485885977243,472.14573739650996,485.6779924619443,1037176
2017-06-13,471.5433044433594,479.6533858465621,469.92128816271884,479.6533858465621,974745
2017-06-14,475.62152099609375,476.59471941246204,469.5041687462543,472.65553716933243,1381697
2017-06-15,471.172607421875,475.94596440678504,468.9944654135019,473.62879807569067,1184226
2017-06-16,470.89447021484375,476.68738530106964,469.92127179464507,470.8481382084412,1102231
2017-06-19,471.8677062988281,474.9727145038989,470.98717187393447,474.4629209947483,1290352
2017-06-20,467.51141357421875,474.4629116793639,466.72357146515867,474.4629116793639,1338618
2017-06-21,467.6968078613281,470.66276347620953,462.1819412693654,466.26014791840163,2120763
2017-06-22,473.3043212890625,474.55559658564084,469.8285722906325,470.4310297932168,1627586
2017-06-23,472.4701232910156,479.09724034142437,468.7626578801984,473.628706231896,2365270
2017-06-27,455.8328857421875,474.09216519802106,451.70834721971556,471.9603837851226,6090641
2017-06-28,449.1131591796875,455.04512751285944,444.8959278446156,454.1645930080451,3001156
2017-06-29,453.0986328125,456.94512260937057,450.2253413945269,453.2376571115258,2280950
2017-06-30,455.4158630371094,456.6671384764108,451.15227145557765,454.1182555868313,2518745
2017-07-03,454.62799072265625,459.1232986326133,453.2376910568377,456.94515683235375,1575218
2017-07-04,455.462158203125,459.16962392441326,452.3108179971737,453.2376844274957,1678968
2017-07-05,465.5235290527344,466.68803655143506,455.83480391925747,457.7446132753419,2102665
2017-07-06,466.7811584472656,469.0170355126109,465.3837494966038,467.6661954881613,1527078
2017-07-07,472.6502990722656,473.9545417566299,465.8029894414053,468.59780737805374,1556358
2017-07-10,471.15972900390625,479.7770844033845,426.76870930780075,476.98226643598616,315533
2017-07-11,471.8118591308594,475.3985194033978,471.0665572899275,473.6750710876516,1612346
2017-07-12,475.2121887207031,477.12199792794866,472.37077358710076,472.790007626104,1320194
2017-07-13,481.6402893066406,483.64326489814044,474.8861459846423,475.9574871703359,941685
2017-07-14,479.0783996582031,481.5471783754501,474.8861725343103,481.5471783754501,847919
2017-07-17,488.3944396972656,489.0931441889641,477.0288352601596,483.50350825537595,1555429
2017-07-18,494.21697998046875,500.41218258690486,485.4598608896853,486.2983290288496,5524539
2017-07-19,508.0979309082031,512.3832957281884,492.35376689517733,492.35376689517733,3828407
2017-07-20,502.08905029296875,512.1038144981804,498.92156724191767,508.097920188239,991406
2017-07-21,518.01953125,519.5101350421728,502.0890905848131,502.0890905848131,2986634
2017-07-24,514.1532592773438,521.6992434472088,508.8430948915436,519.7894629460163,3145170
2017-07-25,501.8561096191406,520.7676980138706,498.5022942632683,520.1155625118361,4217161
2017-07-26,494.3567810058594,504.09201889395854,490.95639612521956,503.9057431695852,2055941
2017-07-27,502.4150390625,503.5795464109949,492.0276676303517,493.75111576183997,3294819
2017-07-28,503.626220703125,506.7937040980266,499.9929911320909,501.0177350688826,1508160
2017-07-31,504.69757080078125,508.0979555818443,502.22879205719084,504.9304723101494,1133189
2017-08-01,506.42095947265625,512.8490631170463,502.5082600655111,506.6072920303092,1854664
2017-08-02,503.3466491699219,508.1910111525003,502.97404093169945,508.1910111525003,818289
2017-08-03,503.0206298828125,504.6509402493162,501.53002628843836,503.0671988068557,1906088
2017-08-04,504.79071044921875,510.5201103442683,501.66985295691325,503.5330650384617,3433629
2017-08-07,503.67279052734375,508.0047241722962,503.02065497606776,505.0701994826283,809866
2017-08-08,503.0206298828125,505.44278254018985,497.3377996317146,497.3844254164709,2100718
2017-08-09,503.0672912597656,507.72532173439305,499.34086688006363,503.02072232716404,2995580
2017-08-10,484.481689453125,505.39625554794384,467.75937879321026,503.06724054541877,2917821
2017-08-11,470.3678894042969,483.9227745028476,468.2717757898121,481.64032830604225,3637319
2017-08-14,481.82659912109375,485.36669028848314,465.9892982863448,474.3737516694472,2735176
2017-08-16,483.22406005859375,487.4628561310678,474.0943038888929,485.1804099810526,1654668
2017-08-17,490.723388671875,493.6579698866218,474.3271197857566,482.5718373650332,2086690
2017-08-18,476.6095886230469,489.23286574536536,473.34896794228183,487.276459220479,3540595
2017-08-21,474.4668884277344,479.8236225212928,470.78706206515614,477.35490092503744,2214978
2017-08-22,481.1279296875,482.571907614202,475.7711951917825,478.7523457615427,1303170
2017-08-23,479.6839294433594,483.96929409626836,473.2558256032807,481.17447622853246,1323845
2017-08-24,476.7027587890625,483.41033275921524,475.11901735905644,482.5718646901789,1187770
2017-08-28,482.478759765625,484.52824743296395,475.49168648556594,479.77707967945406,1011745
2017-08-29,482.8047790527344,484.99403027038585,476.98224191992284,482.94454268820755,1432981
2017-08-30,484.7611389160156,486.2983114954887,476.889085606152,483.037690632971,1662465
2017-08-31,483.96929931640625,488.34785872856304,480.6621095093901,482.5718903674657,1866057
2017-09-01,487.83551025390625,490.9563676455059,484.01589149355385,484.6680270731963,925942
2017-09-04,485.9256896972656,490.30424947522897,483.0377337058007,487.22996090286165,1397252
2017-09-05,485.08721923828125,489.09311336608937,484.10904438369175,486.298295575426,795813
2017-09-06,484.481689453125,485.459864382042,483.5035145242081,484.15565009705864,2443611
2017-09-07,485.2269287109375,489.09311608715007,483.9692834424275,485.3201234209062,1333714
2017-09-08,484.248779296875,489.0465728606028,481.36082348965357,485.4598557043964,1749804
2017-09-11,484.7145080566406,488.76702758439586,484.15556729591276,486.11191681916836,1824480
2017-09-12,496.0335998535156,499.15445704427077,485.8790722459619,488.16151819746324,2428261
2017-09-13,496.2665100097656,499.34079832882605,491.8879505925749,497.57072424718007,1497057
2017-09-14,493.0990295410156,498.4091949528433,489.09313523409855,498.4091949528433,1206622
2017-09-15,497.6639709472656,500.1793186931517,485.8325625578917,493.7512141048564,2324216
2017-09-18,506.51422119140625,509.5885097868979,497.71053263921425,498.4092371773133,2319294
2017-09-19,507.8183288574219,510.38024495887976,504.2316690596644,508.70336579188546,1456833
2017-09-20,511.5448303222656,512.2901606086056,505.0702141302487,507.7252684780026,2073516
2017-09-21,498.9216003417969,513.361493874737,491.7016535753268,513.3149249451618,1832084
2017-09-22,486.0188903808594,497.66396607111994,484.6680502286449,496.73236001589913,2143608
2017-09-25,490.4905700683594,492.81958512091563,481.6868817975527,484.6680324369686,3142128
2017-09-26,489.0,491.28238915474276,484.43510796908174,488.5807659382681,1404616
2017-09-27,488.1614990234375,493.4250951827653,484.9008783238535,490.9563167659381,1334186
2017-09-28,484.43511962890625,489.93161776898285,482.8048091301551,489.093149625338,3202761
2017-09-29,484.5282897949219,488.90684965569204,482.61850874117624,486.298364055889,1863618
2017-10-03,486.2518005371094,488.62738464800094,484.43515732499617,486.29836946855386,2808823
2017-10-04,485.7393493652344,487.13675824504145,483.55004133710884,485.45982210070264,2262048
2017-10-05,485.9256896972656,488.4410373876463,483.7364382386442,486.2052169989794,951792
2017-10-06,485.9722900390625,487.13679753281974,484.43511740301597,485.36672339802175,2112206
2017-10-09,489.7918701171875,495.1020358586476,487.92865805777836,490.6769072175508,1782320
2017-10-10,487.13671875,492.81949165619454,482.33892590736247,492.81949165619454,1261110
2017-10-11,479.3112487792969,488.16150507356963,472.4639395392356,487.5093695534279,3156121
2017-10-12,482.15264892578125,483.4103510769936,475.3053679251348,480.7086710728024,711624
2017-10-13,475.1656494140625,484.15567044594377,474.28064073412173,481.91979320525945,2513289
2017-10-16,479.26470947265625,480.0565518141611,471.1597260459411,476.2369900269829,3224630
2017-10-17,460.9586181640625,479.7770699497693,458.722769543572,477.4480550471005,5486362
2017-10-18,457.1856384277344,459.18858561505976,444.3760560978692,456.5801002218488,8936181
2017-10-19,455.88140869140625,461.33130956002884,453.22632586511736,461.09840805650106,237675
2017-10-23,458.0240783691406,466.54826747429274,451.87547316153046,459.0954195693976,4161942
2017-10-24,489.9781494140625,500.69161759066117,459.00225229476627,462.0765404863432,12855678
2017-10-25,495.7541809082031,506.0949852908893,483.3637749882068,497.24472783987517,6160124
2017-10-26,495.1485900878906,503.9988471073355,488.67391700152154,496.08019608993743,2043223
2017-10-27,504.4646911621094,506.5608048372982,494.91572886402696,498.0365864805746,2033147
2017-10-30,511.45166015625,513.0819705483692,503.3466771204289,504.9304185877732,1578588
2017-10-31,504.8372802734375,510.61319159734234,501.8095609765751,510.61319159734234,1913570
2017-11-01,499.1544494628906,507.53890289237046,494.4498508551586,507.53890289237046,2157014
2017-11-02,493.05242919921875,499.1544365540576,489.4657691803162,499.1544365540576,3005136
2017-11-03,502.08905029296875,503.43989032534984,491.1892490416648,496.5459833839874,2077512
2017-11-06,494.3100891113281,501.43689729793465,491.3755645162127,500.2723898727188,1726014
2017-11-07,501.2505798339844,508.2841935219774,492.9593208331673,494.5896312775697,3723260
2017-11-08,503.5796203613281,506.188105832869,493.2853852610736,501.20403639368766,1439091
2017-11-09,501.3437805175781,505.39624378335157,494.6362060943009,501.20401687639287,1968191
2017-11-10,505.6291809082031,509.30903615798405,460.12021992528037,502.41512868090786,1677858
2017-11-13,505.3031005859375,510.14740613861954,501.204011575974,503.06722351491817,1878625
2017-11-14,505.0702209472656,507.21290339761913,502.36854077461226,504.93045730151107,1242144
2017-11-15,503.2535095214844,505.8619946225339,499.99288892999476,503.99878285596844,2774139
2017-11-16,502.4616394042969,505.20988829074076,498.54893995725286,503.06720600766573,2819009
2017-11-17,498.8749694824219,506.60728723577716,496.5459546855852,503.25352867261745,2420965
2017-11-20,496.2665100097656,498.4091923617946,491.8879505925749,497.47758639476325,833238
2017-11-21,503.3002014160156,509.2158774759677,496.2200177174332,496.9187223006114,905931
2017-11-22,523.6091918945312,527.5685177799211,505.8621072392225,506.3279102845625,5021437
2017-11-23,526.4505615234375,528.9193403256087,518.6251047394122,523.5626054830332,2726742
2017-11-24,525.5655517578125,530.7359537261369,518.205841555922,522.8173026641588,1803843
2017-11-27,535.9063720703125,540.3315007401674,519.0908944970082,521.2801459367537,2017820
2017-11-28,546.5266723632812,549.6009607333057,519.8361382210841,534.7418339406851,4481588
2017-11-29,537.8626708984375,555.8427111688652,533.2046411622053,545.1758117007507,2850438
2017-11-30,529.2919921875,537.6298207225389,527.5219179745117,533.8568276482426,2197682
2017-12-01,518.7182006835938,539.9122368263165,516.8084197879314,533.2512881550338,1664018
2017-12-04,527.475341796875,533.6239188067435,515.3644634932341,525.4257971733458,2158402
2017-12-05,529.5714111328125,530.7824874899138,518.625041272336,526.3107903233089,1309807
2017-12-06,530.782470703125,534.5088943675612,525.425736685498,529.1055914262713,1802909
2017-12-07,533.7636108398438,535.580253713796,527.7547414232531,531.4811650167094,1257528
2017-12-08,524.4942626953125,539.3068232315313,521.8392079108614,534.7419303501055,1155304
2017-12-11,529.1522216796875,536.8845403074405,526.3574036074357,526.3574036074357,1822824
2017-12-12,530.0372314453125,536.3255717836444,526.8231794557996,531.0154063480209,1255967
2017-12-13,528.2671508789062,538.4216786378057,524.0749240380109,530.8290672816756,1162608
2017-12-14,528.9192504882812,532.7388119395085,523.8885558767367,529.1987208865422,1799443
2017-12-15,532.412841796875,540.3314929872047,529.3851222241019,538.4217120134455,2011184
2017-12-18,535.0679321289062,547.4117127540823,521.6062696904058,531.947074488717,2138309
2017-12-19,539.2601928710938,543.6387531132267,534.5555932233588,539.0739171311649,1725444
2017-12-20,540.8438110351562,545.2689392005764,537.7229539154084,537.7229539154084,985134
2017-12-21,535.0679321289062,553.6534848951837,533.3444836160954,542.5674066010821,2084276
2017-12-22,535.254150390625,540.0985123696184,530.7358845881346,538.0023991262693,918969
2017-12-26,542.1015014648438,544.3838904544752,534.0430876036438,535.6733979452163,1068113
2017-12-27,547.1786499023438,549.600859125401,537.2105132213013,542.1945815618225,1297410
2017-12-28,545.7813110351562,552.3491783264838,543.4989219965279,548.2035205682039,2027534
2017-12-29,542.0084228515625,548.7159982086004,539.3999371184713,546.0609435422033,1001667
2018-01-01,539.5862426757812,547.3185616210061,535.3940153952799,542.1481593471988,1102118
2018-01-02,538.6080322265625,544.057904588167,536.6981944359236,541.2630865851456,769766
2018-01-03,540.0986328125,542.1481775907465,538.0025191017141,540.3315343359207,1207540
2018-01-04,540.3314819335938,541.2630879369275,535.4405504160914,540.3314819335938,1456032
2018-01-05,546.712890625,549.6940408278173,538.9340042329914,540.8903538463376,1568108
2018-01-08,553.2808837890625,558.0786210724946,547.4583456824287,548.6228533037554,2621722
2018-01-09,540.3779907226562,553.0012392908371,539.2134833480876,552.5354363410097,3938517
2018-01-10,540.7972412109375,546.3868767790092,539.3998323189195,542.1946501029554,3939541
2018-01-11,540.3314819335938,543.3592014444285,537.9093290692131,542.1015560842151,3333739
2018-01-12,550.5792236328125,557.5197006835778,540.005516786185,544.0579807133037,9177336
2018-01-15,564.6929931640625,568.9317890432759,555.0042681309599,555.1906007009651,2944837
2018-01-16,571.4470825195312,576.0119173188178,565.9505849583669,568.6522648160332,4805427
2018-01-17,552.5354614257812,574.2884942867234,544.8031434797458,573.8226913157489,8594970
2018-01-18,555.0973510742188,563.0160012000176,548.4829719487184,562.6899618802987,4229588
2018-01-19,559.2896118164062,561.6652524880044,544.9894831648288,549.6475129354684,1852650
2018-01-22,567.208251953125,574.5213926744227,557.1003502817632,558.7772295960873,2713393
2018-01-23,556.3084716796875,566.4163726914934,551.0914446568923,563.9942201578205,2448720
2018-01-24,561.9447021484375,569.4441184300568,549.6474926359649,556.0755962263316,3537117
2018-01-25,555.0973510742188,565.1121144686115,552.069631908472,561.758355983146,1782889
2018-01-29,567.2549438476562,576.6641421628917,558.0320212529438,558.0320212529438,4384110
2018-01-30,561.7584228515625,568.6988989836467,556.2619246598055,568.6988989836467,1627474
2018-01-31,553.094482421875,565.6711631683318,549.1351570016942,558.9635887314115,1844853
2018-02-01,554.2589721679688,559.3828049007649,545.4552845549307,558.4977678747753,1806045
2018-02-02,546.0142822265625,553.8863647077387,537.8161603727324,547.7843564628225,1443177
2018-02-05,542.8468627929688,546.0142892820461,534.3692135264938,536.6050908158485,1228509
2018-02-06,532.645751953125,537.3969200001984,519.8827378669314,526.3574111998524,1296900
2018-02-07,541.4028930664062,545.8745908529062,534.0431823318485,543.033203697162,1708635
2018-02-08,544.8031616210938,551.7902064183737,541.4028339361806,542.0083437021818,1194015
2018-02-09,541.2164916992188,544.896346598846,536.1857967907771,539.7725138390579,868462
2018-02-12,544.523681640625,549.4611818385339,539.3998488792504,544.9894846189318,908184
2018-02-14,537.1640625,546.526749432744,532.9718349876877,544.9895766006063,672167
2018-02-15,531.8538818359375,540.8904144401804,526.4505216114528,537.4435177696384,1621559
2018-02-16,530.6427001953125,541.7288331976401,526.8697076561042,540.3314243415844,1908094
2018-02-19,529.1055908203125,532.3196425993503,515.5507361285922,530.9222337267871,1708758
2018-02-20,531.714111328125,534.3691656180656,523.0036181881926,531.0154068454336,1080131
2018-02-21,533.9033813476562,538.2353720365039,531.0154254622367,532.8786374814025,1201048
2018-02-22,528.2671508789062,532.9717496282124,526.3573700235304,531.0153998467474,1898985
2018-02-23,530.9688110351562,534.7418036785153,527.8478970540539,531.0153799595013,1052867
2018-02-26,545.4087524414062,547.1322008235654,530.0838221341027,532.4128371698412,1041351
2018-02-27,537.07080078125,548.715874518918,535.6733919327298,545.4086849495626,1137417
2018-02-28,526.683349609375,534.6486251919085,525.6120369880156,532.8785513156323,1239880
2018-03-01,517.4140014648438,529.9906826184763,513.8738531330243,525.3792214900006,1671540
2018-03-05,514.1067504882812,519.4634850105016,509.5419151857765,516.9481942886421,1269210
2018-03-06,521.2335205078125,530.5495798555839,515.8302174582478,516.5754908339268,2853083
2018-03-07,526.4505615234375,529.8043774543524,517.972969125563,523.9352706511531,2115998
2018-03-08,524.9600219726562,531.0154614452778,521.9323022363454,527.1958992914515,1291874
2018-03-09,529.6179809570312,533.3444047456471,526.2642222915628,527.2889660891464,1112161
2018-03-12,536.8379516601562,538.4682621424214,526.4505221288659,535.673444172824,894309
2018-03-13,539.5396118164062,540.6574934743188,531.2482960690262,532.878606490983,1279371
2018-03-14,537.1640625,542.0549945976978,531.8539531396508,535.2542813387582,844455
2018-03-15,531.3881225585938,539.0272468078798,529.7111861519488,537.5832687783549,948246
2018-03-16,531.3414306640625,541.2164878472547,530.1769232269442,531.388056450119,2562954
2018-03-19,527.7081909179688,534.7418043239547,525.1462746080543,534.7418043239547,1501099
2018-03-20,535.7665405273438,537.5831834390093,523.5625257497051,528.639789373335,1329829
2018-03-21,528.080810546875,540.1451189837097,526.1244607941838,540.1451189837097,1232152
2018-03-22,520.9541015625,537.4901085383206,515.9234062734556,530.6893959147749,2725681
2018-03-23,530.4564208984375,533.2046128081028,513.6875147397183,517.5070761760308,2132211
2018-03-26,545.7813110351562,549.6474983867382,528.5000324156481,530.9688108730264,1384646
2018-03-27,546.3869018554688,556.1687645485334,543.6852217959549,548.0172123043128,1852675
2018-03-28,536.1392211914062,548.529568884156,533.8102063295843,544.5236746939652,2085254
2018-04-02,539.3532104492188,541.8219317996811,534.1361836480517,537.8160380746098,1225071
2018-04-03,541.775390625,546.386851124278,530.2700806985514,541.2630187607937,1568079
2018-04-04,535.1611328125,546.7596400710272,533.8102926021822,545.8746029083553,1035604
2018-04-05,546.0142822265625,548.6228246506763,537.629827790907,537.629827790907,496158
2018-04-06,544.523681640625,548.3898691048573,541.8220016221596,546.0142284269207,704908
2018-04-09,532.6922607421875,549.5543622340431,531.3414207681459,544.9894704212718,1633939
2018-04-10,534.5088500976562,539.3066429125328,530.3166238223805,539.3066429125328,984946
2018-04-11,535.8597412109375,538.2818938796926,530.968810088452,535.6734086531764,2447568
2018-04-12,532.1799926757812,541.2631522881907,531.248386561688,536.092749727118,1018165
2018-04-13,536.5585327148438,538.3751759415212,532.8321083978531,534.2295175167245,1152067
2018-04-16,538.5613403320312,541.7753920131395,534.415739624977,534.6486410966412,1007968
2018-04-17,536.0927124023438,540.3780774845198,534.4624018161888,540.3315085542024,950334
2018-04-18,548.0172729492188,554.2590450162375,535.9529629205637,537.5367046182732,2090582
2018-04-19,552.3491821289062,557.7524851848808,549.6940710952133,552.442319978209,1580356
2018-04-20,547.5048217773438,552.3957529575841,545.1758069296102,549.6475040651158,883269
2018-04-23,554.5384521484375,560.8267924289952,547.7843088841348,549.0419541959601,1535205
2018-04-24,548.4364624023438,560.5939093042688,547.7843268315912,556.9140542399742,1354271
2018-04-25,545.3156127929688,547.7378227911781,533.2047333840948,547.7378227911781,1336463
2018-04-26,541.4028930664062,549.97362346523,539.0272520872986,545.3155930916422,1151834
2018-04-27,551.1846923828125,552.8615717490271,540.7041252680767,544.0578840005059,552782
2018-04-30,547.8309326171875,558.404695522463,545.0826833660049,545.0826833660049,840452
2018-05-02,555.5166625976562,568.0467750345223,551.091533968851,553.2808422490074,2543082
2018-05-03,553.1875610351562,566.9287477866005,548.6227263324587,554.7713024057699,1581619
2018-05-04,546.5266723632812,558.8238258433787,544.9894997479107,557.0538085931062,603439
2018-05-07,558.8237915039062,562.1310380270373,541.7754144443711,553.7465846999827,963603
2018-05-08,553.8863525390625,561.6652969887859,548.3899110906534,561.6652969887859,1146711
2018-05-09,550.9984741210938,554.818036628761,548.7625965951687,552.5355901670307,908387
2018-05-10,548.156982421875,563.5284811211956,545.5484401843261,552.2560146252638,3059687
2018-05-11,552.256103515625,558.0320729044776,543.592177862709,544.8964491914171,1891104
2018-05-14,538.1422119140625,555.237158738313,531.9470094623771,550.5791288831259,1196118
2018-05-15,533.484130859375,543.0330911460766,527.8944955695985,538.4681995818082,1217139
2018-05-16,536.3721313476562,539.3998507169656,527.8479140713144,531.0153970788781,1309330
2018-05-17,531.9004516601562,541.2630804927497,529.1987715433582,540.3314745022286,1194524
2018-05-18,528.7794799804688,532.6922360873607,523.3296082727802,531.946962748122,1115516
2018-05-21,516.2028198242188,530.968807838338,513.3148642036558,529.1521649141135,976703
2018-05-22,526.9163818359375,528.360416764225,509.2158661233768,516.2029117993876,1134934
2018-05-23,516.2028198242188,528.0342264329973,514.8520367227796,526.3573471416798,730959
2018-05-24,517.507080078125,518.9510578583158,512.5695801551925,518.718156382133,761773
2018-05-25,524.2612915039062,529.1522231438805,513.8738615623398,518.5318916956486,1586328
2018-05-28,533.9965209960938,538.7011194871769,515.8767746061811,525.1928337412814,2004869
2018-05-29,519.1839599609375,537.2571372788124,517.6934132558541,535.6733958667162,1012003
2018-05-30,519.3237915039062,525.332661754604,515.4576037447349,521.6993755023534,1626422
2018-05-31,518.01953125,526.3574167458169,514.432870712038,523.376266022192,5696521
2018-06-01,520.1155395507812,526.3573101763417,517.0412515891497,517.0412515891497,842901
2018-06-04,521.9322509765625,528.4534928450782,515.643910603351,521.5595858397893,1328975
2018-06-05,507.11968994140625,521.839109840623,501.8561502970678,518.531863139532,2846864
2018-06-06,513.268310546875,517.9729092316019,497.01177531485536,503.53301697784315,3910943
2018-06-07,511.6845397949219,523.8419853992451,509.44866289404587,512.8490471681465,1528491
2018-06-08,519.2305908203125,521.6993695096007,507.72527925487935,507.81841711229,1435606
2018-06-11,528.3602905273438,531.294814893712,515.4575151452997,519.8360740949438,2142949
2018-06-12,526.5436401367188,531.0153368644885,524.726997348988,529.152125156192,1380864
2018-06-13,518.9976806640625,526.4505286756705,517.0413308053026,526.4505286756705,1664214
2018-06-14,516.2960815429688,521.5130526510021,513.9204975002165,520.7212102569915,1020807
2018-06-15,517.0413818359375,521.0472766654045,513.5012900531694,517.9729879293355,1356388
2018-06-18,522.8173217773438,528.1740565151019,516.1097469074851,517.3673923190184,1283641
2018-06-19,516.5755004882812,521.6993332253156,514.9451900719521,521.6993332253156,802433
2018-06-20,522.5377807617188,528.0807904705167,517.0412831158419,517.0412831158419,1526705
2018-06-21,524.9134521484375,535.6734908978056,518.4387785819631,518.9045816175264,3124614
2018-06-22,527.0560913085938,530.9688478570449,524.2147043979423,528.0342662305271,1174956
2018-06-25,520.8142700195312,530.8290335021544,518.904489285685,528.220548339288,811954
2018-06-26,523.5625,529.9906032602983,516.4823181179495,518.4386677046264,1210014
2018-06-27,507.11968994140625,523.9352232851768,502.5082858519611,521.9322476938722,2043841
2018-06-28,502.13568115234375,515.5974004885911,499.06139243580054,507.81845554168956,1806489
2018-06-29,506.7471008300781,510.0077218671271,497.6173732984848,504.6044183778754,1814420
2018-07-02,502.7411804199219,514.0135898221662,496.03360611761184,506.8402125385946,1147657
2018-07-03,507.5389404296875,508.7966426535568,495.75415857641724,502.64800890076015,1223253
2018-07-04,505.11676025390625,508.84318407450206,500.7847698181776,506.7936396010314,592033
2018-07-05,514.0602416992188,515.7371213302063,499.9464432059559,505.862119278272,1982070
2018-07-06,507.4457702636719,513.5012089139288,504.0919547409471,513.5012089139288,3569128
2018-07-09,506.32183837890625,513.0184970346126,504.448653542632,510.911164093804,1041485
2018-07-10,504.2613525390625,510.4428392864147,503.0906120819836,508.56965455508845,1321786
2018-07-11,506.0408630371094,510.2555288433569,502.2476752444993,503.6525638465818,936083
2018-07-12,499.7657165527344,508.1482305490873,498.9696358233604,507.6331161262531,1611621
2018-07-13,476.44451904296875,504.3549584194258,474.4776694774735,504.3549584194258,2674118
2018-07-16,475.8357849121094,485.7168238706737,472.6513762844109,477.1938554036808,2393688
2018-07-17,484.0777587890625,488.8075961383295,474.89916470747744,479.3948253743505,3789259
2018-07-18,487.8710021972656,498.9227810428259,480.5187175857872,486.5597499761554,6994625
2018-07-19,488.7607116699219,492.7412292933343,480.7528582370105,489.18218967482505,1779190
2018-07-20,481.73626708984375,488.7607099296785,478.22407425245746,486.0446263306464,1073646
2018-07-23,481.92364501953125,486.60660737938497,472.79186841781654,481.408530592961,1169294
2018-07-24,491.94512939453125,499.95298251425265,480.4718731640067,480.4718731640067,2899553
2018-07-25,488.011474609375,495.551032243901,481.4553275941237,493.58421100535173,1807789
2018-07-26,485.8572998046875,493.0222544172299,483.1411590216821,488.85440687023015,1969908
2018-07-27,485.76373291015625,493.0691431263163,483.5158879982282,489.27595485687465,1410513
2018-07-30,490.7744140625,492.36663256403597,484.21826730975664,487.40270431282863,888530
2018-07-31,493.7247619628906,496.15987961028736,488.99492407975976,491.24276895817974,1473609
2018-08-01,493.069091796875,500.6086493579338,490.54028082547774,495.2700611216651,1491570
2018-08-02,485.529541015625,495.0827381175346,484.4056186609693,491.71102821863303,1038569
2018-08-03,487.59002685546875,492.5071374221953,485.248545633218,487.9646867170564,845588
2018-08-06,489.88470458984375,494.4740307892283,487.96470136298433,488.9012938799958,837636
2018-08-07,496.9090881347656,498.92278466787377,491.7110117294951,492.6476041327894,982782
2018-08-08,497.0495300292969,506.4622709269672,493.77145707831323,499.2973171823665,1397385
2018-08-09,489.7441711425781,497.98617253196716,488.05825915140144,497.564694534173,1510816
2018-08-10,484.1246032714844,491.7109783572581,481.2679509032658,491.7109783572581,1018363
2018-08-13,474.33721923828125,487.02803447278075,472.979148862989,482.2514362314763,983867
2018-08-14,481.3616638183594,486.6065582659992,474.85233536213815,474.85233536213815,1007964
2018-08-16,468.7176818847656,482.3450899843195,461.9273869286757,480.47190516884643,2685550
2018-08-17,471.57427978515625,474.38405702320085,467.5000970734851,471.05916539119426,1187919
2018-08-20,474.05621337890625,478.36454391579935,472.0893637226583,477.56843469987393,1564381
2018-08-21,482.4855651855469,483.2816458058311,472.97913010066804,474.85231477433405,1787518
2018-08-23,473.5411376953125,483.8905011825809,472.6513634549817,483.2816932378637,1467587
2018-08-24,477.98992919921875,479.347971007376,468.81130668057966,472.9791542250805,1462613
2018-08-27,478.7860412597656,484.2182656894197,474.0094143536732,484.2182656894197,1580911
2018-08-28,478.3177490234375,485.52952192002226,476.91286042663774,483.2348591122366,1583481
2018-08-29,472.9791564941406,481.7362724661753,470.216197513291,479.7694513150961,2311842
2018-08-30,476.44451904296875,477.6620776117125,471.57422760293576,471.57422760293576,1918899
2018-08-31,468.2493591308594,478.5986932165215,466.4229926063164,477.66210086189034,2175231
2018-09-03,467.92156982421875,472.9791630792529,465.7205719626901,472.79183316581276,1002670
2018-09-04,461.88055419921875,469.60744179793056,453.3107391244268,469.23281053995413,1688952
2018-09-05,451.8590087890625,463.4727486777278,447.36334817947727,460.8034546568071,2382133
2018-09-06,440.5730895996094,448.34682420474985,408.4011327264092,445.302898695019,17884116
2018-09-07,440.5730895996094,446.23949115955156,430.8793518751906,441.8843133334482,3356100
2018-09-10,442.7740783691406,447.7380068945757,434.9535257369654,439.96430103416986,1960433
2018-09-11,436.4520568847656,449.5643504392436,429.19346580996535,445.8179808522499,3978893
2018-09-12,434.4383544921875,442.53987236500933,426.24317167061326,439.9174252951173,1634651
2018-09-14,442.118408203125,443.71062663408526,435.2812954684773,438.69985183580116,1862346
2018-09-17,445.11553955078125,448.4404311486055,436.4520598225441,439.2618370317021,2190873
2018-09-18,435.0939636230469,447.0355160543562,432.0500384934974,443.9447727404411,1810871
2018-09-19,422.2158508300781,437.43547763082177,420.90462716067435,436.452067024402,2779776
2018-09-21,422.2626953125,428.9593253520352,406.52792561731655,426.149548111738,6224800
2018-09-24,419.64019775390625,426.7583054452379,412.61575501559156,425.540746803609,2277877
2018-09-25,420.90460205078125,424.69781826896343,409.2908624706377,415.847009009069,2593052
2018-09-26,420.2490234375,423.6675799982755,415.75336274525404,422.59050444933695,2217261
2018-09-27,417.0646057128906,424.9320051430887,413.03726961900657,418.18852808364267,3419982
2018-09-28,410.7894287109375,423.3397610430527,401.985465945575,416.8772792569106,3038916
2018-10-01,411.49188232421875,413.9738465018979,396.3659205723866,410.7894380145436,1334884
2018-10-03,409.94647216796875,415.61284430234673,405.5912949898192,412.10062308289025,3046534
2018-10-04,411.49188232421875,412.6157760701798,404.6079223728957,409.75918064384695,2655971
2018-10-05,395.52294921875,411.16405334151955,388.77950125651705,410.6020921990341,3626666
2018-10-08,387.7960510253906,395.5697846787241,384.56482456790116,393.36878694005344,2181111
2018-10-09,405.3572082519531,407.2303931858023,387.9366112331826,388.77953873690797,5532725
2018-10-10,430.64520263671875,435.5154948726087,406.71527666329104,406.71527666329104,8275808
2018-10-11,434.4851989746094,448.6277496163923,407.08987188425556,419.593385862513,10862887
2018-10-12,437.1076965332031,449.56436436274106,434.0637711494971,440.1047751461019,3593561
2018-10-15,442.5399169921875,444.8813980344742,433.642289031498,441.13502836681545,1191834
2018-10-16,439.9643249511719,447.5038831101898,437.1545474634582,447.5038831101898,1878710
2018-10-17,434.2042541503906,446.37995568110784,431.0198456204019,443.9448096584579,1055730
2018-10-19,426.33685302734375,440.1984085002984,422.4499718734976,433.6422619907195,2504457
2018-10-22,420.71728515625,432.61199057192624,415.94065856710716,427.6480626667075,6148366
2018-10-23,409.8528747558594,422.1690601450826,403.2498806257003,415.847060908301,2665809
2018-10-24,407.69866943359375,418.3758458991586,400.86155619321767,417.9075496886525,3308450
2018-10-25,405.0293884277344,410.4616128290828,401.09568897673637,406.29376528177613,2281803
2018-10-26,394.9610595703125,405.638208107458,389.4819878552209,405.54454314311215,2739983
2018-10-29,403.9522705078125,405.91912016606614,394.4927106063841,396.64686158576217,3394383
2018-10-30,416.2685241699219,419.03145473684674,398.0517896572981,402.7347518885605,2276513
2018-10-31,422.4968566894531,426.10274331096053,403.71816106064364,416.3621590392177,2888328
2018-11-01,418.4694519042969,427.5544091617761,413.59918881801826,420.76411460225177,1506859
2018-11-02,413.3650817871094,425.5876017752389,411.5855618560933,421.56026569017445,1313184
2018-11-05,410.5552978515625,419.452925946197,404.701595157724,412.147487834767,1102185
2018-11-06,419.78076171875,422.3095442697459,410.4148369020223,412.9904662266224,2155272
2018-11-07,418.516357421875,422.6373586372326,416.7836556090161,420.8109918594153,277310
2018-11-09,421.6070556640625,422.68413118844853,414.910425839369,418.56313041806266,1794045
2018-11-12,410.0401611328125,421.37293543782187,407.46453190815276,418.7504880239088,1037663
2018-11-13,410.32110595703125,413.786480432462,404.93570005339507,407.4176640142171,1076278
2018-11-14,407.60498046875,440.1983810817948,394.0243921162265,412.10061207657384,17498505
2018-11-15,413.2245788574219,416.4089873051109,405.73183964755043,410.4148016537201,2526406
2018-11-16,415.4724426269531,422.87151773008657,407.88603758904253,415.84707391397217,2982959
2018-11-19,418.4694519042969,421.41974068239034,410.46159871883543,421.41974068239034,1776424
2018-11-20,419.6870422363281,423.2929285388671,412.8030826737593,416.5962702987817,1677610
2018-11-21,410.88311767578125,422.2158634113902,407.97967537538455,422.2158634113902,4199188
2018-11-22,429.7554016113281,431.1602901235701,412.19429520830334,412.19429520830334,7795070
2018-11-26,432.3310546875,440.19842507878474,429.61494246203085,435.5154631098615,4394459
2018-11-27,430.1769104003906,433.6423139753236,424.13590611332165,428.9593516213784,1592419
2018-11-28,447.17608642578125,451.3439057695436,430.08327384097026,430.6452064571835,8684139
2018-11-29,451.5780334472656,464.830810587064,449.61118363194356,449.9389966982527,5908504
2018-11-30,457.6190490722656,465.2054531743259,454.2473107399576,455.23072131988715,5134455
2018-12-03,445.162353515625,467.68741774491406,442.86771929942927,461.5527204135866,2943614
2018-12-04,454.3878173828125,457.853220850181,441.6970012305515,447.69118714103786,2278015
2018-12-05,447.12921142578125,453.6853583047004,444.03846790158934,450.8755810708779,1335099
2018-12-06,438.5594177246094,450.3136416198263,433.40815921422956,446.2863054901791,3184476
2018-12-07,447.12921142578125,453.21706209906336,437.38865606503634,438.3252484763105,2945851
2018-12-10,436.5925598144531,443.9916343675906,434.34474367689063,440.19844642186223,1359195
2018-12-11,448.5340881347656,451.90582644234433,433.9700879591182,434.2979010108676,3315576
2018-12-12,451.25018310546875,453.26387952536953,446.05210699242735,449.61114649184833,1666841
2018-12-13,462.39569091796875,464.5498420590198,452.37414055344067,452.37414055344067,2765088
2018-12-14,458.4151611328125,463.56641932741644,451.437536327109,459.86686791827907,3480276
2018-12-17,470.0289001464844,474.75868031827673,453.07657204443933,454.3409774968836,2230134
2018-12-18,433.361328125,466.42302941994706,425.2597807519808,466.42302941994706,14368480
2018-12-19,435.6559143066406,442.82083987719716,418.6567693224691,431.7690618739558,14077750
2018-12-20,432.65887451171875,440.0111020519446,427.88224751217,435.9837661286668,4191791
2018-12-21,419.4060974121094,435.983795594919,416.1280237610198,433.6423144155693,5119793
2018-12-24,409.05670166015625,421.46655007915354,407.60499497622885,419.5933654121351,4194897
2018-12-26,426.1963806152344,428.0227473157876,403.9523100490419,408.2138228228218,9222938
2018-12-27,434.9535217285156,436.4052571543915,422.8714850159938,430.31740631805934,5809491
2018-12-28,444.3663024902344,448.34682043099355,432.0032706294513,432.0032706294513,6000271
2018-12-31,446.23944091796875,452.3741094369483,443.05500403106316,445.06870046911536,2663133
2019-01-01,449.7984924316406,450.6882666294841,440.9945297382408,447.12919842064156,2203533
2019-01-02,440.43255615234375,449.564331638756,432.9398172916978,445.8647803932999,2687773
2019-01-03,432.1905822753906,442.91454830096114,428.6315139411253,442.53991705065226,3488230
2019-01-04,434.5320739746094,438.9808880646462,426.71152138403806,433.6422997235888,2552610
2019-01-07,433.595458984375,439.2618315187147,428.49101901878885,439.2618315187147,3020561
2019-01-08,423.011962890625,434.3915551339915,420.29585057555687,433.1739964149193,4224183
2019-01-09,422.6373291015625,432.37788454329706,417.53288898466366,424.370030793333,6334834
2019-01-10,422.7309265136719,426.61777871520826,420.3425990771656,423.80800190698517,3412584
2019-01-11,422.4499816894531,426.38368111961523,420.76412683797287,424.18268330946574,2587687
2019-01-14,419.6870422363281,423.10559863385316,414.25478939876035,422.35633617885856,2341591
2019-01-15,427.8354187011719,433.82963323282627,421.4666014894556,423.7144176475594,6762709
2019-01-16,423.4334411621094,445.5838463022463,421.65392127068253,438.23159004769957,19555435
2019-01-17,412.9435729980469,428.0695341589279,406.6684212262965,424.650977701907,8620833
2019-01-18,412.3816223144531,416.783618027759,408.54161634022273,413.7865109145467,4546785
2019-01-21,408.96307373046875,416.7836261397091,406.52792772640447,416.7836261397091,4326866
2019-01-22,398.2859191894531,409.61869297695864,393.3688090760031,408.3542875169937,6199011
2019-01-23,405.404052734375,411.91335319320456,396.9278738070757,397.58349996323227,12987032
2019-01-24,406.3406066894531,411.1640516932666,397.4429791471159,406.4342716432471,6954715
2019-01-25,298.2109680175781,411.4918125948648,270.01953544995484,409.9932592716554,74261004
2019-01-28,349.6299133300781,357.77827821993156,299.70955243554477,327.99465287966143,121305516
2019-01-29,353.4699401855469,363.86612078152496,339.74886824581256,346.44549769941705,37435712
2019-01-30,364.1939392089844,366.8163863429749,350.3792021149531,355.9050912360596,15810931
2019-01-31,356.0924377441406,366.11395915729685,339.327411114388,365.55199800736955,21434530
2019-02-01,331.9283447265625,374.4964812375592,326.49612017602624,354.59389250472844,24540656
2019-02-04,325.6999816894531,338.99960416485237,308.2325405087389,323.03068784120046,25098014
2019-02-05,342.18402099609375,346.44550475816067,319.42480972780186,321.25117624441924,12141903
2019-02-06,363.3978576660156,372.76378183266553,343.72941691605087,343.72941691605087,25112956
2019-02-07,382.8321533203125,385.4077824863819,361.52467567373856,364.33445294581423,15012316
2019-02-08,373.5130310058594,383.06628474799044,371.0310669067613,379.928694547607,7589058
2019-02-11,376.22918701171875,379.22626560990125,367.8934915973969,373.70037604158233,4888722
2019-02-12,388.4048767089844,392.4322125648232,376.13551064737266,378.38332667348106,6978555
2019-02-14,405.9659729003906,412.00697651789164,380.72479717727373,388.2175361131118,12652652
2019-02-15,403.9991455078125,413.0372566314268,394.39907321649247,412.2879941295074,9519734
2019-02-18,411.1172180175781,413.64600017954973,397.11515113761493,402.64104021288233,6340575
2019-02-19,418.1416931152344,422.40317715014424,405.5445137605598,412.10066063428707,7740843
2019-02-20,416.8304443359375,422.40318065789603,410.60211047068117,418.6568109846553,5484272
2019-02-21,418.18853759765625,426.0559086243081,412.1006865464026,415.84705642409716,5404437
2019-02-22,419.82757568359375,422.21587505480363,413.27142837788233,415.6129095584935,3919632
2019-02-25,416.924072265625,426.05584753312087,410.22744278596736,419.4060362372077,4694262
2019-02-26,439.4491882324219,457.0571148297344,412.10067730549827,413.0372697539199,16046457
2019-02-27,434.01690673828125,448.9555667549232,425.21294401051694,442.7272330933019,12254981
2019-02-28,437.1076965332031,440.6667363180618,429.3339622499112,440.526253170705,6557729
2019-03-01,455.51171875,457.9468647027294,436.77987077905345,437.38865012160284,9336298
2019-03-05,453.732177734375,456.4014430796396,449.1428523296436,454.15362714453397,4576304
2019-03-06,441.0413513183594,455.8395282494686,436.4520543177902,453.3107173601083,6600928
2019-03-07,429.89593505859375,448.20630604474275,426.0559002925441,446.05215484020755,8463460
2019-03-08,426.24322509765625,432.3310759567586,422.8246684086669,429.89592989661105,4199115
2019-03-11,424.2763671875,430.73884918312103,422.26269919660444,429.38080732067164,4004669
2019-03-12,434.2042541503906,442.68040416760766,424.3700336832729,428.9593308514213,7745774
2019-03-13,420.3426513671875,433.1739784872828,418.1885003125876,431.76908990840514,4092092
2019-03-14,421.2792663574219,433.6422979479133,419.54659321652883,426.1495584585325,6932993
2019-03-15,425.4471130371094,439.9174775717699,412.849933369976,423.3397800611413,13077954
2019-03-18,428.3504943847656,434.29786120992657,422.9650886564558,426.80512280532156,4386384
2019-03-19,436.2179260253906,438.13792908159286,428.02274222995925,432.70570439877713,3925879
2019-03-20,415.0977478027344,430.83248810936857,413.1308981187724,430.83248810936857,8926752
2019-03-22,407.2772216796875,420.3895156281399,404.1396313398013,419.31244005602355,9029272
2019-03-25,390.0439147949219,411.9133243781716,387.7960701782216,403.6713227253761,10544330
2019-03-26,394.3053894042969,400.11227355537727,390.1843886757225,391.5892772365454,8873124
2019-03-27,396.2253723144531,401.0488456622152,392.5258497740938,397.1151464576885,4887525
2019-03-28,414.7231140136719,416.78362877997915,399.2693390139648,399.78448199680787,7121490
2019-04-01,404.32696533203125,416.50266697828386,402.73474676066206,416.50266697828386,4419758
2019-04-02,391.2146911621094,407.4177296676002,377.39995205269076,393.1815125082704,17842383
2019-04-03,378.8984680175781,397.115202785937,375.33942810486855,395.2420178671354,10354691
2019-04-04,390.8399658203125,393.36877653102374,366.2075991038816,375.57352235462025,18795965
2019-04-05,385.40771484375,395.75704787981175,383.3003822595497,394.25852313040235,7437616
2019-04-08,379.08575439453125,392.3385304561169,377.44671777886623,388.40485972803896,4496728
2019-04-09,384.65850830078125,386.25069822376093,378.9452889711914,381.14628681732825,5077210
2019-04-10,386.39117431640625,390.2312087847549,380.30332385616816,385.4545819379081,3790484
2019-04-11,384.8458557128906,389.24785193227154,380.35022310876394,386.8127056956467,3943816
2019-04-12,391.6361389160156,392.8537262868019,382.5980272208189,383.86243278248634,4109394
2019-04-15,390.1843566894531,394.8204714105939,388.6858032975832,391.49558018889104,2724082
2019-04-16,389.20098876953125,397.5835027938401,388.1239131474917,391.49565174988265,3495678
2019-04-18,376.7911071777344,391.495619138186,375.5735485033794,391.495619138186,4424726
2019-04-22,371.4057312011719,379.97557513668016,369.485728077635,376.97846781051476,3418483
2019-04-23,383.206787109375,395.24200555425153,374.6369720893379,374.6369720893379,9490195
2019-04-24,391.4019470214844,392.4322043484519,379.46039426386443,384.47116917670525,4319048
2019-04-25,389.71612548828125,397.34934826526165,386.1570570166446,392.85371592296974,7201604
2019-04-26,391.2146911621094,398.94157913856384,388.77954499241685,392.76006304089344,4435037
2019-04-30,405.16986083984375,411.6323424103257,387.8429021718323,393.64975765699893,8420428
2019-05-02,391.9171142578125,407.6986738570698,390.23123073217954,406.1533020621391,3222471
2019-05-03,385.31414794921875,395.61666542691194,384.0965891348689,392.33859168400954,3099254
2019-05-06,363.1637268066406,384.7990183754578,360.30713123318014,383.5346128364135,5717642
2019-05-07,345.7430725097656,368.12762474966706,320.314595024746,366.2076217972973,19850777
2019-05-08,310.5740661621094,348.880692147126,301.2549597308036,348.412395916056,67279826
2019-05-09,335.2064208984375,339.655234886761,314.50772273099426,318.4414223221038,37171854
2019-05-10,347.6630859375,350.19186809068185,337.17324035995614,338.9527600786833,18020131
2019-05-13,320.3613586425781,348.5059721106773,317.0364676818791,348.412307171814,12773904
2019-05-14,324.3418884277344,330.5702498270337,310.9954487135685,323.07751174188803,13507661
2019-05-15,301.9105224609375,327.4326616924739,289.7348230110302,324.34189006721164,43282009
2019-05-16,323.780029296875,329.39958413396835,297.93007132973884,305.3291461487383,21326506
2019-05-17,348.5528564453125,353.8445977964248,324.3419371539492,327.90100542859227,22192180
2019-05-20,339.5147705078125,369.90720760421505,332.53714517056943,360.54128290055127,18302126
2019-05-21,325.6531677246094,343.72938843547956,322.5623958561893,340.87279323435473,13357386
2019-05-22,320.501953125,328.69713719807095,317.6921757285185,327.76054473257716,10800128
2019-05-23,337.5947265625,341.80939216960974,326.21510655727946,327.807324997422,15921072
2019-05-24,352.9548645019531,356.27975620994664,333.1927584262243,337.22009445978256,19472832
2019-05-27,338.1098327636719,352.95482698240556,335.2532375763813,350.7538292797649,13387434
2019-05-28,357.5909729003906,360.4007501476411,329.9614966357615,347.475786243302,36723569
2019-05-29,348.9275207519531,354.0319612559858,344.19774010998617,354.0319612559858,10489381
2019-05-30,342.0903625488281,351.7840992780116,338.3908112607361,347.85039989782587,9111202
2019-05-31,334.7849426269531,348.83382769593936,330.1956173050604,344.38501409076036,8797856
2019-06-03,336.7518005371094,342.79283321113854,331.1322458943038,339.4679414804918,7788331
2019-06-04,324.1077575683594,336.1898212380748,323.124347075489,336.1898212380748,9926310
2019-06-06,319.4248352050781,323.96731418414066,312.35357382730797,318.44142459155836,12082449
2019-06-07,318.6287536621094,324.48245630447224,314.6013890946442,321.15753605409066,6359040
2019-06-10,314.0862731933594,324.0609767317462,308.51353687146235,322.0941269368101,7567914
2019-06-11,324.2483215332031,327.1985820697744,311.22966345518137,317.22387807349367,8073539
2019-06-12,321.1106872558594,327.3858387407696,317.78576732242817,322.18776272287465,5294117
2019-06-13,330.24249267578125,331.5537163459537,315.25701397087937,318.6287523959888,7058722
2019-06-14,315.163330078125,331.038582060392,305.56325835954914,328.46295306272526,15916909
2019-06-17,316.6618957519531,319.9867873346927,313.0560093000535,316.5682307955664,5143097
2019-06-18,317.8326416015625,327.8073451002494,312.1662403438817,318.4414209545279,12217829
2019-06-19,330.6170959472656,335.48738754720614,318.90969169984123,319.61213595468666,9906470
2019-06-20,329.3995666503906,333.380084448724,320.50193863058655,329.0249068151098,7619490
2019-06-21,323.733154296875,333.33322630652975,321.6726681857851,326.9644094794787,9443466
2019-06-24,319.7057800292969,328.74388980163974,312.8218210648082,326.77704029999614,5065730
2019-06-25,321.4385681152344,323.4990545341887,304.0647595133377,315.44435305000354,16090793
2019-06-26,321.15753173828125,324.34194021642713,317.4111620975138,318.44141946523126,5768024
2019-06-27,321.7195129394531,325.1849165060212,316.05313993787075,320.3146242366608,5548839
2019-06-28,317.177001953125,322.51558992154827,313.80526368793824,318.4414073753864,7717045
2019-07-01,335.6278991699219,343.7294178802943,309.30964647130025,316.568237720816,13803574
2019-07-02,333.8015441894531,345.602614801625,329.9615094195951,337.36061265671344,19447923
2019-07-03,338.0162048339844,341.8094213537714,330.9449433668695,331.5537227344799,9791478
2019-07-04,333.848388671875,343.6826093508147,332.9586144155291,340.91965020324216,8785356
2019-07-05,323.96728515625,337.2200610698379,321.85995238821386,335.25324001902817,4604955
2019-07-08,313.4306640625,325.98099743172065,310.9486997359338,324.1546592665269,6707235
2019-07-09,310.7145690917969,318.722423719777,306.35941958214914,315.53801486232146,9036432
2019-07-10,311.6510925292969,319.1906492250931,309.356429926648,310.99546647638886,9280667
2019-07-11,332.302978515625,335.9088650418898,313.89894321609216,314.55456934178846,10224753
2019-07-12,328.4629821777344,335.159612448752,325.6532048403116,334.73813441512533,6387659
2019-07-15,326.94927978515625,330.87531419373767,322.2664010310053,328.93595649511906,7224859
2019-07-16,327.5642395019531,333.7607500294647,320.98929231603114,323.2597967838391,7023880
2019-07-17,334.18646240234375,336.69344636739373,326.9965992630087,327.56422535544664,7135323
2019-07-18,340.66680908203125,345.2550792161842,330.3550454697265,334.32837047971736,12053241
2019-07-19,333.9026794433594,343.74142631438593,325.2464460869046,341.51824085601044,9466701
2019-07-22,344.40362548828125,347.43094547911465,329.50359174751594,331.1118609058955,9232951
2019-07-23,341.3290100097656,347.3836498966821,335.3690081549941,343.93060316188473,7846302
2019-07-24,359.1144714355469,362.80399784286715,339.10586037949275,344.7347447185421,20283703
2019-07-25,370.7979736328125,373.35224766805885,355.1884153361036,355.99252100031396,18014267
2019-07-26,382.1030578613281,383.3329191617544,368.3855673371534,370.93987022440217,14751785
2019-07-29,366.2569580078125,380.8258718830207,363.4188567774216,379.7852578617376,6958407
2019-07-30,360.5334777832031,371.1763577624791,358.5468010796064,366.54079803452635,5335270
2019-07-31,342.08587646484375,370.7506931298759,338.1598414110827,361.85797992034543,14884681
2019-08-01,328.1318359375,341.5182087039809,317.4889554723482,337.7340734274825,18541033
2019-08-02,323.0705871582031,334.0445865224829,321.6515362629255,327.327739844036,9741289
2019-08-05,313.0898742675781,323.07051856366826,307.697470462176,322.07719469614284,9700604
2019-08-06,295.5882568359375,312.1911376058006,288.25649527095277,310.2990701051594,19901832
2019-08-07,310.2044982910156,322.3610392198817,296.15588963378633,296.15588963378633,21918018
2019-08-08,313.56292724609375,316.7321175078017,302.92004656544634,304.62289592608533,9559063
2019-08-09,310.3937072753906,320.5162519952475,306.79876137724006,315.0292672963091,8625986
2019-08-13,309.6368713378906,319.2864282739917,308.2178205455618,310.96134184059406,8077371
2019-08-14,323.1651611328125,328.17912886850877,313.27909609070076,313.27909609070076,8277699
2019-08-16,327.89532470703125,329.0305479579743,318.1511591301372,325.1518324289262,5719534
2019-08-19,329.2670593261719,332.86200516264074,324.15848247504346,326.9019747774401,6986559
2019-08-20,331.9159851074219,335.70012054231756,327.8480221925117,330.63883362401214,5975057
2019-08-21,325.6248474121094,332.76739109560583,324.06386853645444,331.1118319359262,4703700
2019-08-22,311.1978454589844,325.3410341465136,305.758150839782,323.6854749145824,5478339
2019-08-23,332.1997985839844,335.1797995981987,308.92735884371274,312.191187350644,8092013
2019-08-26,345.2077331542969,349.8432930714481,327.5169181446528,333.0039027207647,7275260
2019-08-27,344.11981201171875,347.7620480985525,341.5182189312178,341.5182189312178,4847123
2019-08-28,344.5455322265625,349.9852267457833,341.3289941099725,342.46424625355263,4279391
2019-08-29,342.5588684082031,347.19442857416163,338.8693421075693,344.54554529951747,3030633
2019-08-30,352.9652404785156,355.7087329103406,342.7007672786459,343.9779187693448,4850836
2019-09-03,341.5181884765625,349.9852022045083,339.3423223697124,347.8093072269989,2968075
2019-09-04,336.31500244140625,346.24835694389503,329.5508668162243,342.46422189532785,4848241
2019-09-05,341.3290100097656,343.6940946935103,335.1797898320295,337.26107590198984,2699787
2019-09-06,341.7547302246094,347.0052065732209,339.29503642671506,342.22774715225586,2378166
2019-09-09,343.3630065917969,347.5728400145259,337.5448751621142,340.66680427303265,2156163
2019-09-11,335.32171630859375,347.4309382796748,333.47693871636585,346.6268037171482,4379279
2019-09-12,327.7061462402344,339.57888933567074,317.20516388596445,335.6055352976235,4778366
2019-09-13,331.5848693847656,333.7607357240469,325.05724149625934,330.02391928304974,3330475
2019-09-16,326.33441162109375,337.54489045488003,325.7667854960588,329.59821131638273,3921989
2019-09-17,319.1445007324219,329.21975469241113,315.54955505418934,329.21975469241113,4239728
2019-09-18,317.29974365234375,323.8273713637293,315.40767597538206,319.90133670816607,3322772
2019-09-19,292.1825866699219,316.92136830205374,289.5809933480393,316.92136830205374,14628929
2019-09-20,285.13458251953125,299.3724085805461,258.31451842381534,291.3784113949844,53252658
2019-09-23,256.94281005859375,295.1625734048302,252.7329477037532,293.27050562659406,29747305
2019-09-24,263.9434509277344,271.46443177662843,242.1846718189964,260.5377232061472,62278170
2019-09-25,258.6929626464844,278.13394632611676,254.48310055008645,274.34981100195193,39978864
2019-09-26,271.2279052734375,273.9713975523329,255.66563752782722,259.8754995367717,39001467
2019-09-27,258.78753662109375,274.06600571628843,256.9900781600887,265.83550003871176,27027102
2019-09-30,251.1719970703125,260.15931899938204,238.06942195748374,258.2672512248411,23045752
2019-10-01,220.56777954101562,256.942791498319,188.4026296344532,250.22594559663995,33544990
2019-10-03,237.97482299804688,244.0294484301074,213.23602862465512,224.21002729597458,30258702
2019-10-04,224.06813049316406,240.19799661624992,220.04748649883905,235.562436373396,21327140
2019-10-07,237.92752075195312,242.6576901506003,192.3286906360606,202.68775873203163,52976308
2019-10-09,232.67703247070312,244.07674373776993,227.71035454580664,236.50847261411815,25509295
2019-10-10,231.7782745361328,234.75827514889403,229.31858095059704,232.29859599868803,9050814
2019-10-11,229.41319274902344,235.79892079461482,222.31793936503303,233.24463246344428,12400539
2019-10-14,229.7916259765625,234.4745052776723,224.49384485676558,229.88623513964149,9279242
2019-10-15,237.17068481445312,240.0087863824809,221.89224381403614,224.11541471445926,13377512
2019-10-16,245.6376495361328,253.06402000961188,236.74493834544066,237.78558121120054,19213679
2019-10-17,250.17864990234375,259.21326114206016,241.99544887297475,246.5364139990258,36055426
2019-10-18,236.69764709472656,248.57037383179852,226.62239318737932,234.90018870033168,52011333
2019-10-22,236.9341583251953,241.2386149296332,233.76495380986674,236.6976498791859,16599201
2019-10-23,229.03480529785156,239.63038173612878,227.09543298070014,239.34656868856226,11827523
2019-10-24,224.87225341796875,232.25132066843128,223.54781174226108,231.77830372205972,9431942
2019-10-25,226.76431274414062,230.69036191376443,220.70970183058125,226.10209193099055,12497867
2019-10-27,225.392578125,230.6430691908439,224.21003574239245,227.99417136673662,867134
2019-10-29,223.83160400390625,228.27795999968015,222.60175717052275,227.04811316629667,11536048
2019-10-30,222.4598388671875,232.62970206044363,221.37190578808742,227.0481085006025,15183348
2019-10-31,246.53639221191406,249.80019121035724,221.98680572865302,223.26395701963418,28812635
2019-11-01,292.7974853515625,297.52765474334865,246.96213239688961,247.6243676600048,61798777
2019-11-04,280.12060546875,291.0472839794961,274.3497936894267,284.70887503389474,31754992
2019-11-05,270.7075500488281,283.47900559176,266.4031080622516,280.12059734910434,15365133
2019-11-06,270.3764343261719,287.49965098318427,267.4910429356075,269.76151816252064,28483062
2019-11-07,270.3291320800781,276.6675694723885,266.9707239647042,272.4577079232283,10964624
2019-11-08,271.9847412109375,279.07999532948367,269.146639563519,271.51172426970106,10777211
2019-11-11,288.9187316894531,291.2838163117811,270.045373725673,273.6402908033468,20972910
2019-11-13,274.8700866699219,285.9859829151935,274.3497796705341,285.9859829151935,18302144
2019-11-14,266.78155517578125,279.7422309293947,265.8355212921792,276.5730116451952,12868799
2019-11-15,272.3631591796875,277.47173656203483,263.28122779403446,269.19393978070127,11986311
2019-11-18,278.2758483886719,282.2018830523285,271.9847291239375,277.14062510255155,8332827
2019-11-19,270.4237976074219,277.89745968524994,267.2545782504957,277.89745968524994,11267424
2019-11-20,290.432373046875,293.27047441215393,267.3964445245625,274.3497986436278,32195266
2019-11-21,326.5235900878906,344.3563346190829,302.92006194670023,319.4756549572331,100218862
2019-11-22,338.77471923828125,343.22106090298723,316.5429243027674,325.4356365028407,62126781
2019-11-25,325.24639892578125,335.7473795581502,319.8067047424602,334.8486647980842,24057077
2019-11-26,302.447021484375,324.489597773181,295.540957328905,322.59753014768137,65151467
2019-11-27,302.2578430175781,312.09659019300017,294.59496235004184,298.0006902990207,38703704
2019-11-28,294.2165222167969,309.68418116856463,285.89143603030965,298.000657550775,55851231
2019-11-29,277.2352294921875,306.5149909473019,268.9101425208968,298.0006856432102,35061676
2019-12-02,276.9986877441406,290.4323793810393,268.86282008276385,275.29583843609913,34042733
2019-12-03,264.79486083984375,282.86411260299684,256.4697747596588,280.9720449601674,28025661
2019-12-04,266.1666259765625,271.5117113847431,261.10533917139054,264.88947452170055,24045142
2019-12-05,283.857421875,285.9859978630098,268.1059653378593,270.61294906071674,49260051
2019-12-06,272.1739501953125,286.08063046802,268.10598731788474,281.918087302121,29245323
2019-12-09,268.81549072265625,280.97203047526335,267.9167759610402,273.40376029411146,20169323
2019-12-10,256.3278503417969,272.5523230150138,254.38846387554977,270.42374712542,25667054
2019-12-11,268.1533203125,270.37647687938767,254.625018229726,257.7942375666041,28858296
2019-12-12,268.9573974609375,271.2751918163509,262.240580585727,268.1532918284548,15359473
2019-12-13,264.6056823730469,270.80219261206236,262.99741326167106,267.7275825649385,12476782
2019-12-16,263.2339172363281,267.72757799777486,261.81486646955545,267.72757799777486,8518794
2019-12-17,264.6529846191406,271.13332263506464,263.2339337632739,264.41647614316287,15385576
2019-12-18,264.4164733886719,266.21393201324577,259.30789613490174,264.98409949923814,11256891
2019-12-19,264.6529846191406,267.0653595258486,262.28789985936277,265.9774263104835,8292661
2019-12-20,268.7209167480469,272.4104720408656,264.7002726879894,266.6869496447387,24912419
2019-12-23,278.8907775878906,280.40443757714485,268.29521540443716,269.61965706853596,20771744
2019-12-24,281.2085266113281,286.88472899877297,277.6136099808764,278.41771555590446,21072703
2019-12-26,281.255859375,282.86412851011187,275.3904666747799,281.63429602137643,15749313
2019-12-27,282.8641052246094,288.4456988512305,280.1679031297745,281.25583622189095,12450895
2019-12-30,286.45904541015625,288.0673145437229,279.5530096803616,281.77619505770514,8044851
2019-12-31,276.43109130859375,287.59427873764594,274.63360396995483,286.45902661541726,10764717
2020-01-01,273.0726623535156,280.45174363363185,271.13330452827716,278.13394917557076,9363059
2020-01-02,273.9714050292969,275.95808186156404,264.1326588964758,266.7815420923909,15563216
2020-01-03,258.9294738769531,273.40378009861513,257.60500340278344,273.40378009861513,23061627
2020-01-06,247.38784790039062,260.3485229906642,246.34720490755686,259.355170141325,17225140
2020-01-07,253.3005828857422,256.7063107827085,249.13803939863405,250.69898959746658,15972104
2020-01-08,250.17864990234375,251.83420905197372,246.678313294862,249.75292314417476,12568683
2020-01-09,257.36846923828125,260.34849863687634,254.48307785914554,256.46975450132265,10045128
2020-01-10,248.80691528320312,258.740271216563,247.86088138478792,257.2739302222847,14873579
2020-01-13,250.79356384277344,252.78024057859596,246.2052941809277,251.07736243189373,12464909
2020-01-14,255.00341796875,257.0374138846515,249.61104223513942,250.84087471719204,12052587
2020-01-15,258.0780029296875,259.4024733145919,250.93545945849195,255.42911990119822,9489809
2020-01-16,264.6056823730469,265.36249791330476,257.0847016325867,258.2672439584036,11664707
2020-01-17,266.49774169921875,269.0993347340612,262.42977890415915,264.5583550235757,14955571
2020-01-20,256.138671875,268.91012919840716,254.01009565443212,265.83551910203136,9849474
2020-01-21,268.7681884765625,271.22788194878046,252.73290520423654,254.48307337892962,21251797
2020-01-22,284.14129638671875,287.59431445389083,257.32122872190234,262.9974322966502,52316203
2020-01-23,264.1799621582031,280.97206360245775,262.6190120234332,279.17460499664196,32391499
2020-01-24,265.64630126953125,270.2818903660871,264.03806100008325,265.8355195933076,13636858
2020-01-27,263.8961181640625,266.68690032012836,260.34849170839215,265.6462574523335,8305172
2020-01-28,257.7942199707031,266.45042378457794,257.08469459463697,263.84883073900204,6919138
2020-01-29,259.44976806640625,262.1459701540816,256.9427842858401,260.15929341207556,6924475
2020-01-30,253.39512634277344,259.73353466088685,251.69224840054164,258.6929207119557,7915600
2020-01-31,254.625,258.17262686848596,252.7802513507841,255.42913453098907,7257076
2020-02-03,242.75228881835938,247.05673123677923,237.26528966606907,243.88751210256052,10334388
2020-02-04,231.30526733398438,253.53706194481722,225.77096375247467,245.87418228354693,22976013
2020-02-05,214.4185791015625,237.1706974365021,208.22206856319303,236.50847658911894,52508897
2020-02-06,223.07476806640625,228.08874998422075,217.68237841096908,218.533803038285,37223678
2020-02-07,236.27195739746094,237.92751665850423,223.73700870670476,224.2100256384314,27637790
2020-02-10,218.01348876953125,236.27194420149786,215.79031797578045,235.5624188435354,20345685
2020-02-11,218.817626953125,224.6357292118776,215.45920398203592,220.42588157108395,21054895
2020-02-12,219.52716064453125,222.27065307120316,218.62843136236847,220.42588992669405,7565854
2020-02-13,224.35191345214844,227.99414941401486,218.81762429562062,220.52048804967933,22130983
2020-02-14,225.8655548095703,229.31857217702995,224.39919962949992,225.62904637521473,9473212
2020-02-17,226.29129028320312,229.12939178617475,220.89890031462323,227.19001953874468,8200081
2020-02-18,232.34591674804688,234.19067984794788,225.7709700154634,227.04812147288067,12058654
2020-02-19,238.63702392578125,241.52242987716295,231.30526204104467,233.67034651999194,11212344
2020-02-20,242.94146728515625,246.77292148167763,237.45448281615464,238.87353351027508,9684251
2020-02-24,235.6570281982422,243.4144881294696,234.7582845291312,243.13068953430863,7445554
2020-02-25,238.30592346191406,241.23863420084106,236.2246518578358,237.4544987623965,6954412
2020-02-26,237.83290100097656,239.86688241303614,233.67035788962568,236.50845940245512,8640042
2020-02-27,231.16336059570312,241.0494107386573,230.35922610621066,241.0494107386573,6816417
2020-02-28,226.38589477539062,231.4471670235218,220.04747110310956,227.0481155587041,9692261
2020-03-02,221.2300262451172,235.51512901907716,217.49318091083384,230.832264250247,9392956
2020-03-03,237.54910278320312,242.13735824185326,221.23001905796826,221.37191835970756,17982847
2020-03-04,238.1640167236328,240.71830517779333,230.73764538334157,234.66369443938834,12369910
2020-03-05,225.29794311523438,240.52909303011302,222.93285862132961,238.16400853620826,13761306
2020-03-06,209.2153778076172,218.34461301895757,204.86363080760813,216.5471400629125,11477990
2020-03-09,183.95626831054688,204.29599487649534,180.030233840554,204.29599487649534,20444162
2020-03-11,198.19407653808594,202.30932924749555,177.85435030625374,179.74641786270323,27936837
2020-03-12,180.36135864257812,189.01757755509064,178.37469609855776,181.16549323787112,14234701
2020-03-13,172.9349822998047,186.841676334879,146.77713895172346,167.44798334822067,12851366
2020-03-16,157.37274169921875,168.3467260451194,153.63589632526026,165.5559289864147,9694803
2020-03-17,125.91710662841797,160.06891870981713,124.49805590504134,153.73049503246762,36921358
2020-03-18,155.24415588378906,175.01625697919874,127.71456590373964,127.71456590373964,40664011
2020-03-19,133.57997131347656,149.6152415333453,131.16758220678312,140.9590379311675,19440046
2020-03-20,137.08029174804688,145.0269843235742,128.84980058098623,136.41807097558547,18348624
2020-03-23,115.41613006591797,136.89109564193652,109.69262236820583,125.82250244891057,9693859
2020-03-24,112.71994018554688,123.93044041295674,110.82787239298266,114.28089755794552,13401986
2020-03-25,118.72724151611328,122.74788515311313,107.84785285129014,112.86183486214424,12590917
2020-03-26,121.8018569946289,125.9644001197305,112.57802704746283,118.30153467097563,12043912
2020-03-27,121.13964080810547,131.1675912407217,120.14630235042544,124.87647173430047,8765500
2020-03-30,118.86915588378906,127.71457102614049,115.69994389815498,115.69994389815498,8706148
2020-03-31,117.26089477539062,123.59931878899772,116.36216548997332,123.45741948326439,8732264
2020-04-01,114.37548828125,119.90978458792908,113.52405641460741,117.30819162842766,6571413
2020-04-03,117.63931274414062,119.15296552417223,112.62533745918182,116.36216843654101,7887911
2020-04-07,133.29615783691406,135.28283460879777,119.8151832841221,122.03836129045393,11487040
2020-04-08,135.4247283935547,140.15489724328177,127.95106738511778,130.5526602524677,10046602
2020-04-09,141.76316833496094,143.13491443497003,137.17489870750882,137.26950786005978,8715349
2020-04-13,129.70126342773438,135.28285809237767,121.09234850226812,135.28285809237767,27106642
2020-04-15,126.53203582763672,135.28284952038916,122.13298390757501,135.28284952038916,26563975
2020-04-16,128.23487854003906,131.45138753698885,124.40343894036127,126.2955064527622,18112259
2020-04-17,132.5866241455078,134.9990130924744,129.70123275938033,131.54599568282674,15287491
2020-04-20,133.0596466064453,141.6685598577423,130.17425509917604,134.33679799532158,23315892
2020-04-21,122.2748794555664,130.55267593708444,121.65996320535766,130.36347204743032,14998821
2020-04-22,143.6552276611328,146.7298372833439,123.0789940355663,123.12628417379855,48546637
2020-04-23,149.04763793945312,164.04226600043998,147.15557021425622,148.71652031341122,69208136
2020-04-24,137.31680297851562,144.60127492909064,135.28283604291173,142.66190271413666,25867166
2020-04-27,141.6685791015625,144.74318933248122,138.8777819328719,142.75651233221632,16271064
2020-04-28,144.22286987304688,147.43939389918148,141.66858114678234,141.90508962949818,15027824
2020-04-29,150.7978057861328,157.04163562737844,146.49336286388933,148.2435170093805,26088658
2020-04-30,150.75050354003906,155.1495552783726,147.533979708435,154.34542071163875,14613831
2020-05-04,138.4993438720703,143.7971389769315,135.70854702241303,141.90507135881398,14571173
2020-05-05,140.39141845703125,147.06096002893372,138.9723676730235,142.66190837264222,22539665
2020-05-06,144.4120635986328,146.1622320215672,139.06697803993774,141.90507963258952,13698946
2020-05-07,139.39810180664062,145.8784254007702,138.21555942428137,143.74984911252355,8145342
2020-05-08,142.51998901367188,150.18286871930897,140.10761432424027,144.60127496308576,30517260
2020-05-11,147.01365661621094,153.1155865841523,144.97968958378462,145.6419104011794,32287526
2020-05-12,146.68255615234375,147.9596932306362,140.06031898461114,146.8717600414984,17380731
2020-05-13,156.2375030517578,159.40672259862316,146.8244680168285,152.3114678835509,27811752
2020-05-14,160.49462890625,163.6165433432439,148.14889932525404,154.20350989037598,32118430
2020-05-15,155.3387451171875,162.90701542190143,153.7304905645018,157.7038295874106,28283346
2020-05-18,141.4320526123047,155.4333556910905,140.06030649410087,154.67652576663423,23889857
2020-05-19,142.14158630371094,147.29746791152144,140.06031471578103,143.79714554518512,21832834
2020-05-20,145.26351928710938,146.3041479951057,141.29017949179118,142.3308081997875,13735926
2020-05-21,145.6419219970703,150.89241324468864,144.60129332554772,146.72986968793361,15507223
2020-05-22,154.44003295898438,156.09559227094897,143.7971516677833,145.3108116699979,38377939
2020-05-26,156.28477478027344,157.6092307098385,150.75048592722223,155.14953715159598,19510809
2020-05-27,155.57525634765625,157.32542466106617,152.9736633838649,156.09557782748058,14838385
2020-05-28,170.94830322265625,178.8476911551512,154.48732102606795,155.52794953543267,71027855
2020-05-29,173.64450073242188,176.7191104736227,165.65051829236575,165.74511300782027,38399694
2020-06-01,175.86767578125,182.0168954160536,174.16482650756845,177.6178440668261,26450211
2020-06-02,188.21340942382812,191.85564509188765,175.30005466494296,175.9622753949549,40657814
2020-06-03,185.13880920410156,194.12613017940095,182.3007078434807,193.88962173268254,24965757
2020-06-04,194.5045623779297,196.585833929231,177.09753114129413,184.4765979462086,47567706
2020-06-05,195.0721893310547,199.09283344806252,191.42996743919966,195.82901934602842,36525490
2020-06-08,186.4159698486328,199.1401220269464,183.86168138428445,198.00488431338385,27555715
2020-06-09,182.0169219970703,191.38266654670468,180.50327637326998,188.26075169682656,27072444
2020-06-10,179.55723571777344,184.09820128970486,177.9489809872834,182.58454128728386,17134647
2020-06-11,166.4546356201172,180.8343457498696,165.36670258047653,180.4559380235588,21395919
2020-06-12,159.45401000976562,162.71782394010262,153.39938464381896,162.71782394010262,36209159
2020-06-15,156.568603515625,167.44799288378022,154.6765357994241,159.4540096698976,46155429
2020-06-16,155.05494689941406,162.67052250778633,152.4060635880945,161.39338543311396,25973471
2020-06-17,156.0955810546875,160.25812410868028,152.97366654652762,155.10224265181884,24989870
2020-06-18,164.98829650878906,165.98163493138887,156.56860107696957,157.51463492033494,37916748
2020-06-19,163.61654663085938,168.58322419645123,160.21083353279474,167.25878261975893,27707425
2020-06-22,167.4952850341797,170.286081821409,164.6098790940287,165.55591288192542,20654498
2020-06-23,172.13084411621094,176.81370846006675,166.54925056459774,167.35337061982068,21410683
2020-06-24,164.70449829101562,175.3473790538814,163.19083836394233,174.92165227510208,21627394
2020-06-25,163.0489501953125,166.88037598331493,159.690526927073,162.71783255261337,17818855
2020-06-26,166.73846435546875,170.99561663688496,164.7517875166755,166.0289389752327,17933470
2020-06-29,162.76512145996094,165.65052749522425,158.74447772886649,165.46130918314364,14623425
2020-06-30,161.86639404296875,166.31275015568949,160.44734329835592,164.60988637508794,10279602
2020-07-01,165.934326171875,168.3940198767918,156.14288480091153,157.98764786193388,24691168
2020-07-02,164.98829650878906,169.57656642324346,163.66385490220986,167.44799027567137,13114899
2020-07-03,162.95433044433594,167.77910884700887,162.05560117510535,167.0695834604588,10083203
2020-07-06,165.60324096679688,168.29942898384516,162.9070385144165,164.42069856405672,12011426
2020-07-07,170.5699005126953,171.94164666366117,161.62988380707034,164.60988456383518,25072998
2020-07-08,162.85972595214844,173.4080123289908,161.96099665716437,171.23213152748684,26968168
2020-07-09,162.62319946289062,165.22479233317458,160.589232629346,165.22479233317458,18343908
2020-07-10,160.9203643798828,164.23148286971306,158.08226281717117,162.62321376924498,17017294
2020-07-13,164.37338256835938,165.46131572921178,161.3933816944899,163.47465329174247,15282350
2020-07-14,157.32540893554688,163.19081505329518,156.56857908011798,163.14351048070674,15350736
2020-07-15,151.6019287109375,159.69052124217546,149.85176026525903,158.93369125390015,23665774
2020-07-16,148.9057159423828,153.25747724317296,146.25683282224657,152.83176491567465,18749239
2020-07-17,148.9057159423828,151.1762057479243,146.68254514974487,148.52730819245772,17283895
2020-07-20,146.39874267578125,150.41938665879948,145.8784211556185,150.41938665879948,16709174
2020-07-21,145.4527130126953,147.81779777712939,143.79715367759147,147.29747624188752,21967320
2020-07-22,148.52731323242188,150.37207633773292,141.00634707364247,145.6892117056877,40102718
2020-07-23,150.37208557128906,158.69718678130934,149.18954319586948,152.31145795404353,65194067
2020-07-24,143.51333618164062,150.3720817864404,142.37809841687798,150.3720817864404,38315940
2020-07-27,137.55331420898438,146.72985398170727,136.79649868719056,140.10761711869614,39921647
2020-07-28,136.60728454589844,140.01301223936687,133.48538433477214,138.97236921210396,28327411
2020-07-29,134.6679229736328,139.2561784390067,133.86378843504966,137.17490687690602,22048600
2020-07-30,132.63392639160156,137.69521263392775,130.64726421481618,135.99234902859087,24878872
2020-07-31,131.26220703125,133.4380879447804,130.64729075442563,133.2961741948987,17792928
2020-08-03,127.66726684570312,132.16092769216962,127.3834537999127,131.26219840994256,14721260
2020-08-04,135.61395263671875,137.08029349610712,128.28219059845543,128.47139447366712,48864403
2020-08-05,137.69522094726562,139.39808465541276,134.05298508359897,136.7964917343166,27773529
2020-08-06,140.7225341796875,144.3647702502353,138.12094111081933,138.59395803243171,36848744
2020-08-07,141.9996795654297,143.13491724165183,140.72252815759836,141.38474893245044,13680936
2020-08-10,143.0403289794922,145.68922690112456,140.9590571965426,142.47271727614176,13342848
2020-08-11,151.12892150878906,152.26415934667125,144.3174800461636,144.4593793626493,46604254
2020-08-12,152.54795837402344,155.43336450475334,147.81778912211576,149.6152476637083,38666779
2020-08-13,153.54129028320312,155.29144417088264,151.46001878782002,152.9263596453722,19407436
2020-08-14,152.5006561279297,158.46067236359687,149.6625545333578,154.96034995069112,37388916
2020-08-17,160.9203643798828,161.77178907456388,154.10890908111003,154.67653516778478,40616135
2020-08-18,164.56259155273438,169.43467472594807,156.37940421445379,160.82576059077962,59453332
2020-08-19,186.17945861816406,189.20676395436783,160.11622399638378,163.19083391064225,144862587
2020-08-20,188.6864471435547,195.8290055469467,182.1115148202282,184.47659942828312,165958795
2020-08-21,181.68580627441406,192.9909080500857,178.94229941054257,188.6391465061964,82295320
2020-08-24,190.72044372558594,192.8490200420084,183.01025862934534,184.47661408994722,74692814
2020-08-25,189.15945434570312,193.463910998256,187.07818288462164,192.84899480588993,32295919
2020-08-26,200.08615112304688,201.88360959068206,187.0781862155202,191.00422075893246,69274346
2020-08-27,198.24139404296875,204.8163263433687,194.03154634237674,200.08615714375279,59247772
2020-08-28,202.30934143066406,206.70839299019028,199.47123992507792,199.75503852737197,43106461
2020-08-31,192.565185546875,205.9988628060594,190.20010101408442,204.20140433527072,40765822
2020-09-01,190.90963745117188,195.9236198386829,185.6591465966587,193.93694294173267,35361139
2020-09-02,206.3772735595703,209.07347574030834,191.2880369079128,192.80169680505182,64986844
2020-09-03,208.36395263671875,213.18873098041865,203.20807111120774,206.37727580452918,53032493
2020-09-04,208.50584411621094,211.72236770312216,199.23472440800796,203.77567510780932,48959203
2020-09-07,211.8642578125,213.66173061894972,204.20139301236048,208.5058350750949,42979193
2020-09-08,202.2147216796875,213.2833140845623,200.65377170752015,211.58045038335158,33660775
2020-09-09,209.5937957763672,211.43855883890222,196.25471313588812,200.55916990535692,52807559
2020-09-10,211.39369201660156,216.84076242817108,207.9359922329582,208.88330882627463,46078546
2020-09-11,206.60975646972656,212.9094060847096,204.80984625479985,209.30960010976034,27198663
2020-09-14,204.80984497070312,212.86203602909495,202.82048879392525,210.3042841132925,23005269
2020-09-15,205.99400329589844,208.59912409154765,204.9045949269526,206.98868867249095,17216230
2020-09-16,204.47828674316406,207.79389472724657,202.39417873210354,206.98866986343648,14876075
2020-09-17,209.45172119140625,212.8146838007228,203.90991289861083,204.0993733413335,38032583
2020-09-18,208.69384765625,214.70929932946945,207.65179362534695,211.63052041214252,24882963
2020-09-21,199.599609375,212.95677952786988,193.58415749792383,210.0674609396358,29829409
2020-09-22,186.71612548828125,201.1627050190847,183.1636878987394,201.1627050190847,54161220
2020-09-23,181.69532775878906,192.3526395667288,168.05395997168364,189.55805847251656,65002891
2020-09-24,180.32171630859375,185.48458876497386,173.21684197736317,175.25356683702105,76316695
2020-09-25,187.75814819335938,190.88429588039634,173.548399120377,187.1423981821585,61556634
2020-09-28,197.75233459472656,198.69965116763544,186.81082528664837,188.27916886563787,34075362
2020-09-29,196.85238647460938,203.2941420526386,193.53677847392265,198.9364800412031,45045643
2020-09-30,197.89443969726562,201.77844369112236,195.28931894538493,197.98917714293228,31201535
2020-10-01,202.7257537841797,203.67307039064784,199.41014566154124,199.8838039647753,19069858
2020-10-05,197.2313232421875,203.6730793402076,196.5682044795027,203.1994210161606,22137202
2020-10-06,205.47296142578125,207.98335904801138,197.46813917658025,199.88379935838515,26397296
2020-10-07,195.099853515625,206.98867989727304,193.06312858006208,206.13610072771283,33782509
2020-10-08,195.052490234375,201.7310754318891,193.39468611573201,198.84175679127324,24845156
2020-10-09,189.98435974121094,197.13660344106376,187.56869935849176,196.23664104688424,23605416
2020-10-12,179.8480682373047,187.56869300056823,176.72192046298096,186.0056263408587,47814117
2020-10-13,172.83790588378906,182.21634863110907,171.98532674989804,180.46380718878405,29409570
2020-10-14,176.39035034179688,178.28498356663874,169.1907527603404,173.35894007303077,35731823
2020-10-15,170.46961975097656,178.47444215215765,169.28547399769818,177.14820469044753,20008464
2020-10-16,166.4435272216797,173.31157271579914,164.3594335489278,171.93796650795616,29518460
2020-10-19,165.02255249023438,168.52762109701752,164.35943374650316,167.39084404277764,20655435
2020-10-20,173.35891723632812,174.1167733174128,163.88575236002606,165.0225292542018,32493833
2020-10-21,171.0380096435547,179.2322921939652,166.77508507758083,175.253565490037,30221784
2020-10-22,173.8325958251953,175.86932073001387,171.038014750594,171.6537647576589,20327311
2020-10-23,176.0587921142578,177.85868783367567,173.92732980999273,175.15882979964502,16063045
2020-10-26,167.39085388183594,177.1008498180067,166.7277350991273,177.1008498180067,21239043
2020-10-27,177.7639617919922,179.65859507282303,168.14870367373754,168.8118224310474,29961255
2020-10-28,171.84323120117188,176.76928924972788,170.8011915792886,176.29563093389785,15589737
2020-10-29,169.66439819335938,171.93795210870326,166.9645402708482,171.65375425555945,14129357
2020-10-30,178.00079345703125,179.61124333232453,170.99065600126815,172.36426225821975,36088319
2020-11-02,173.78521728515625,176.86399605633338,171.46429464094183,176.86399605633338,24307020
2020-11-03,172.458984375,180.700635638982,171.18010122416499,176.0114215107598,29130334
2020-11-04,172.26953125,175.5851393838363,169.71176483997422,174.30625617882342,15629613
2020-11-05,180.46380615234375,181.884781003937,173.35893189437746,174.30624846210628,23465361
2020-11-06,182.92681884765625,184.72671438534738,180.5585276375877,181.26901500060825,16331375
2020-11-09,181.55320739746094,186.19506707264213,180.13223260085707,183.8741444625031,12015414
2020-11-10,182.92681884765625,185.6740308693748,178.09549899715543,181.88476493326513,16211541
2020-11-11,185.01092529296875,189.46331019148803,183.0689234725253,185.7687814247154,19537936
2020-11-12,187.99496459960938,189.4633081285866,184.39515885418558,185.67404196601484,11185597
2020-11-13,182.5005340576172,188.37390844015124,180.6532696104865,188.04234185391323,17321552
2020-11-14,182.92681884765625,184.63197695498368,181.4111066912514,184.63197695498368,1626286
2020-11-17,179.56387329101562,184.91620656344668,178.04816087418132,184.63200867842713,16962442
2020-11-18,180.46380615234375,182.07424142650203,176.24825031693115,178.4744355781517,16731478
2020-11-19,176.53245544433594,181.83741976902846,175.5377701162985,179.99015527690423,18335986
2020-11-20,175.7272186279297,178.9480890903617,173.5957564073753,177.90604956658817,15110555
2020-11-23,177.33766174316406,178.09551790181212,174.06942241732966,177.14820131722803,10409948
2020-11-24,178.3797149658203,180.84272940171803,177.62185881058105,179.0428336810657,10723549
2020-11-25,178.4744415283203,183.30576196677052,177.1482040712459,179.84806216124528,19366032
2020-11-26,179.75332641601562,180.8901034549384,177.24294318610677,179.99015556807888,11611301
2020-11-27,182.59527587890625,190.41063788150535,180.03752393267285,180.7480113874546,46930628
2020-12-01,185.3424835205078,187.80551241612346,179.99015061318264,184.72673352405585,22924405
2020-12-02,187.33184814453125,189.463310386378,183.63731937395826,185.29512333983905,17412260
2020-12-03,193.7262420654297,196.09453353322223,188.3265404098435,189.0843965705179,26333709
2020-12-04,195.9524383544922,201.11531077180388,194.6735552025867,195.14721348775115,23908626
2020-12-07,204.43092346191406,205.2361338922399,195.6682449851711,197.5155094487469,25237101
2020-12-08,201.54161071777344,206.42028552427948,197.32605465367047,205.23613975037952,19510057
2020-12-09,204.19410705566406,208.36229453895194,202.962592518132,203.76781745360813,18236499
2020-12-10,201.3047637939453,202.63100116168533,197.2786685180664,202.20471161169056,12690594
2020-12-11,201.49423217773438,205.2834984695767,198.4628220352413,202.7257466135639,12922375
2020-12-14,204.05197143554688,206.32553974322406,202.25207584000913,203.6730506117188,11216924
2020-12-15,219.77745056152344,221.67208375601933,201.920526921438,203.19941010968438,47532503
2020-12-16,219.68272399902344,224.4193072198295,216.69868235187755,219.77746144540149,26452726
2020-12-17,213.99880981445312,225.6508066489306,212.19891409294772,219.49324887391202,25070715
2020-12-18,213.383056640625,218.68803519589392,205.3782345433115,215.51451891561462,23682246
2020-12-21,201.44686889648438,216.17764489468289,192.06844035295055,213.09886594944444,27190879
2020-12-22,203.24676513671875,205.47295031731906,191.3579397512892,202.96256728571143,26487392
2020-12-23,205.6624298095703,206.98866720420335,199.59959518648222,202.96257184668454,16645688
2020-12-24,205.8518829345703,210.73055723647698,204.14671030553882,207.4623181295267,14303972
2020-12-28,208.55174255371094,210.92003404060253,206.0413593595675,207.69916340039163,10775262
2020-12-29,206.65711975097656,211.53580913212312,204.95196135863506,209.54643840118496,12167033
2020-12-30,207.60443115234375,208.45702478189548,203.19941465849206,208.40965605999185,11515691
2020-12-31,211.72525024414062,214.66193734939884,205.80452176975191,207.46232574258076,19679484
2021-01-01,213.09886169433594,214.33037613882155,211.25159725505947,211.72525554486901,6985802
2021-01-04,207.50970458984375,216.17764571746707,204.62038606233457,214.94613124370366,26346595
2021-01-05,210.77793884277344,211.25159713230775,203.81515620465734,206.51501423696453,20605048
2021-01-06,209.54641723632812,213.43042085970885,205.56769063122064,210.77793163800274,14154683
2021-01-07,207.4149627685547,212.76731013058756,206.60975234667808,211.96208525380706,14428798
2021-01-08,218.97222900390625,224.371945254308,209.07277330301034,210.16219607936523,44035673
2021-01-11,211.8673553466797,221.67208810240152,210.77794702044588,221.67208810240152,18011706
2021-01-12,214.2356414794922,217.5986182717693,211.9147187202826,213.14623318075218,13723435
2021-01-13,215.8934326171875,220.44055487769825,211.72524564374618,216.5565657558332,13442449
2021-01-14,217.26705932617188,219.25641543388303,214.2830034822497,216.93549274743486,9349315
2021-01-15,213.05149841308594,221.29316443008585,209.92536518446303,216.93550227063542,18690401
2021-01-18,206.5150146484375,213.99880985602942,203.05731490990917,213.99880985602942,13959600
2021-01-19,213.193603515625,214.9934992719296,208.69384966995932,209.35696839833975,11383216
2021-01-20,216.55657958984375,219.11433150761744,211.96208831808232,212.9567736346899,10865893
2021-01-21,213.193603515625,221.57734674460698,211.72525989605853,218.26173864780068,10893385
2021-01-22,207.74652099609375,214.70928892174993,206.23080874368927,213.61988067808025,9909823
2021-01-25,211.9147186279297,212.9094039399872,203.48360674552697,210.30428331335776,15254124
2021-01-27,209.45172119140625,212.90942124953676,206.7518629041664,212.19893374814785,10201540
2021-01-28,208.55174255371094,213.43043168965005,205.18878020624817,205.5677010621892,8740020
2021-01-29,208.40965270996094,216.9355021390048,206.2781903527,211.91472125092037,13881940
2021-02-01,215.23031616210938,217.40914710688455,202.9152010754449,210.30427301842425,12214573
2021-02-02,230.10317993164062,234.6503021780156,215.514511115045,215.98816938123193,31973546
2021-02-03,231.334716796875,238.4869602023658,225.98238365075989,232.0925729874066,25334325
2021-02-04,236.30813598632812,247.24964620957178,229.25062981883667,230.00848603153284,42216784
2021-02-05,203.957275390625,238.25013485211554,200.87849631201914,238.25013485211554,83931232
2021-02-08,208.17282104492188,210.68320423119255,199.6943404394201,208.40965019286833,52078446
2021-02-09,204.38357543945312,210.20956728878934,202.72577123542513,210.20956728878934,24401733
2021-02-10,205.80453491210938,208.69385348309916,203.67307252521758,206.04136406620847,17069196
2021-02-11,203.76780700683594,207.08341511602728,202.72575296198553,205.80453192052036,14009697
2021-02-12,201.3047637939453,206.89392557143947,200.83110552619485,204.57300295044283,16761723
2021-02-15,200.5469207763672,204.38355588677533,199.03122289348653,204.38355588677533,16138993
2021-02-16,195.24195861816406,202.48892488470767,192.16317964330884,202.25209573279574,22889782
2021-02-17,203.6256866455078,204.6203718998907,194.43671913172486,195.99978563510996,24935346
2021-02-18,200.59426879882812,206.42025948965477,199.88378142409792,203.62567870669648,10113509
2021-02-19,197.5628662109375,202.4415405828855,194.91037702268582,200.59427623112379,11980113
2021-02-22,191.1685028076172,198.55757556653555,189.7001591095461,197.98917979473225,12740682
2021-02-23,191.31057739257812,194.95775194944278,187.61604857139088,193.06311881962296,13790781
2021-02-24,194.76828002929688,197.79968996706862,191.83159306948195,192.82627829489687,14598127
2021-02-25,197.61024475097656,199.69433834001416,195.43141372179474,196.89975731460666,14098285
2021-02-26,190.41064453125,197.56288805014609,189.46332789179107,194.19991108908584,15890204
2021-03-01,205.4256134033203,206.70448215850234,191.73687677539573,192.3052725254129,31327176
2021-03-02,208.55174255371094,209.73588829715675,203.05731786804574,205.5677010621892,20946460
2021-03-03,210.30429077148438,214.09355727187148,208.83594711160347,210.20955332701288,15614989
2021-03-04,213.8567352294922,219.58800389295791,205.3782540438222,208.40966445399016,28577547
2021-03-05,206.56239318847656,217.3144282205399,204.05199545665576,213.14624084813815,18275754
2021-03-08,212.956787109375,215.70399962916272,206.65712267552308,208.693862158384,17810992
2021-03-09,208.7412109375,215.98817687979482,203.67306153138546,214.04617503002646,11173032
2021-03-10,209.97271728515625,212.24628578377468,208.74121727683837,210.39902131639377,7032325
2021-03-12,207.27288818359375,214.56722357759043,206.23083407520633,211.1568778182362,11711197
2021-03-15,202.01527404785156,208.74122799271967,198.03654703964858,207.4623447431629,19822692
2021-03-16,199.74171447753906,204.05199352098984,198.93648957112273,203.4836122237293,9399663
2021-03-17,192.6368408203125,200.6890321054169,192.02107634321476,198.93649057316767,11389219
2021-03-18,196.18927001953125,203.53097353397433,193.34732027200488,195.52613684785197,22859020
2021-03-19,204.47828674316406,205.42560331004478,192.4947234991808,195.14721277742754,16239368
2021-03-22,203.00994873046875,205.85189850890302,202.15735512399604,202.8204883028873,8223442
2021-03-23,201.44686889648438,205.04667486189783,199.31540654978085,203.95726655554435,7471433
2021-03-24,194.38937377929688,201.6837090967035,193.63151756796393,200.12064240543955,9492234
2021-03-25,185.76878356933594,195.62087003107004,184.0636108669464,195.14721175012315,14877598
2021-03-26,189.4159393310547,193.1104825109531,187.66341240454295,189.0843872149108,9834076
2021-03-30,190.36326599121094,193.25258448353875,187.52131621939418,193.25258448353875,8199118
2021-03-31,192.49473571777344,193.7736189462009,188.4212713306427,190.78956289817165,6453075
2021-04-01,198.22598266601562,199.74169488652225,191.54739828019436,193.44203132837612,8509692
2021-04-05,191.5000457763672,197.98917029775285,185.20039613976402,197.98917029775285,14387268
2021-04-06,189.36859130859375,193.72625365191914,188.13709123561054,191.59479120342615,8767242
2021-04-07,189.8422393798828,193.48941404344674,189.27385809725087,190.3632663968068,12421910
2021-04-08,191.31057739257812,194.38935622853538,190.03170870289193,191.35794611180435,8695941
2021-04-09,195.194580078125,197.0418444791362,190.41062855916527,191.83160339915904,11821377
2021-04-12,171.55902099609375,190.647442362475,166.82243857715028,190.6000736473051,24875466
2021-04-13,178.14288330078125,179.27966029010767,172.50635261857232,175.11147317760955,9965317
2021-04-15,179.23228454589844,180.46379892561026,175.15882057680693,179.42174496087645,10404058
2021-04-16,183.7320556640625,186.52663680369454,179.2323017164654,179.2323017164654,7952202
2021-04-19,180.32171630859375,181.12692672652426,175.34830427673234,177.1481999920159,9346956
2021-04-20,187.0002899169922,191.1211228838092,182.07424651803095,182.83210268438748,15709132
2021-04-22,182.1689910888672,189.27386582357414,181.60059532812878,185.2004014180279,10203121
2021-04-23,178.09552001953125,182.8321029987741,177.1482034236827,181.88478640292556,8529439
2021-04-26,176.57980346679688,181.03220292486776,175.34830348553004,180.55854463825628,8542755
2021-04-27,178.23760986328125,182.78473236679017,176.9587411452001,178.09551815735134,14247767
2021-04-28,179.1375732421875,180.5585481294976,177.24294005910738,178.85337537374468,8429439
2021-04-29,176.721923828125,181.55323006689167,176.20089677999886,180.74801958788302,9483009
2021-04-30,175.8219757080078,180.89011110351498,173.9746966798824,175.53777782253428,11435285
2021-05-03,174.06942749023438,174.7799149493782,171.60639851657407,174.35362536487276,6894289
2021-05-04,172.50636291503906,177.47977518823322,171.27484841355292,175.63249620855174,6677740
2021-05-05,173.3115692138672,175.11147942821015,171.46430473341073,173.9746879434023,5766913
2021-05-06,172.64845275878906,174.49571726358124,170.1380695157259,174.30625683191872,7055520
2021-05-07,176.4376983642578,180.70062262003853,171.8432075510664,174.25886752032267,21179867
2021-05-10,179.04283142089844,183.4004934173368,176.72190871938605,177.33765870686153,13695685
2021-05-11,177.00611877441406,179.80069995262087,175.30094594291177,178.0955271211186,9111997
2021-05-12,182.8321075439453,187.75815107383755,173.3589413499585,176.6745495178539,30610882
2021-05-14,181.505859375,184.7267299094077,176.3903412584127,183.92150504835396,18946472
2021-05-17,178.28497314453125,183.77941206636194,177.29028786865527,182.07423937270366,16998275
2021-05-18,180.4164581298828,184.72675189849542,179.6586018977797,179.99016851648273,16370272
2021-05-19,182.5005340576172,185.4372212488842,180.7006383306496,181.69532363445967,17744630
2021-05-20,181.505859375,184.44253204933557,179.27965966848927,184.39516333017295,14928706
2021-05-21,180.65328979492188,188.51602120867693,180.17963145017646,185.67407114020443,36903604
2021-05-24,187.61605834960938,190.07907287380098,180.70064417436703,182.5952774029318,26696689
2021-05-25,190.93167114257812,193.48942317235785,188.04235250777495,189.4633274637531,25885294
2021-05-26,195.099853515625,196.14190757166912,192.35264112046048,193.25258901164165,17320393
2021-05-27,198.69964599609375,203.1520308819028,192.96837798818163,195.57349849587774,102639504
2021-05-28,200.59426879882812,204.9045617631719,199.1732940493677,202.72573092301874,24722072
2021-05-31,198.3207550048828,203.62571980052488,197.18396341197578,200.92587590463458,15441552
2021-06-01,201.9678955078125,202.4415538061211,193.7736127290351,199.4101435879268,27473056
2021-06-02,201.58897399902344,203.9572654829055,199.6469720912593,201.11531570224702,21107780
2021-06-03,208.0307159423828,209.3569533035208,201.02056494163074,202.1573418875923,27032934
2021-06-04,206.79922485351562,209.78326647962513,204.715131142034,205.18878946077552,21970877
2021-06-07,206.13609313964844,210.96739901415194,205.66243485068318,207.4623305667897,23608067
2021-06-08,208.55174255371094,209.59379658990488,203.1046721338603,207.46233425170246,16723656
2021-06-09,205.14141845703125,214.23564940280974,202.82049561198434,208.40965792902827,23807905
2021-06-10,210.39901733398438,212.62520261487933,204.14672214975653,207.22550102208464,24055745
2021-06-11,208.88331604003906,214.04618876093215,207.88863069172464,211.2516076051189,11069850
2021-06-14,206.7044677734375,209.26221956070583,202.5362807464005,208.8832987236673,12388921
2021-06-15,218.26171875,222.09835351751894,207.17811844209191,207.6991454150715,44025606
2021-06-16,215.56190490722656,219.7774610756712,214.2356529346891,217.88282779053608,14531890
2021-06-17,211.96206665039062,219.2564008016805,210.49372318596605,213.9987913412713,19041251
2021-06-18,210.2569122314453,214.61457428537426,201.44686513844354,213.14623069405664,17030805
2021-06-21,210.02008056640625,212.34100327069208,204.6203790112566,206.89393299608687,15831666
2021-06-22,206.65711975097656,212.10419044460204,205.9466322691993,212.00946745330796,9338957
2021-06-23,205.0466766357422,210.30428669407493,204.62038705369451,208.88331178397982,9257067
2021-06-24,203.4362335205078,207.03603937948824,202.34682524636415,206.51501237471805,8267604
2021-06-25,206.84658813476562,208.26756305360786,204.28882171692607,204.80984874481575,5652460
2021-06-28,207.60443115234375,209.83063098767363,205.80453535924195,207.46233944153735,6550799
2021-06-29,204.66775512695312,209.1201402735056,204.09935938275314,208.40965282070772,5941840
2021-06-30,203.4362335205078,206.42027493570396,202.29945652685709,206.23081451257946,6262355
2021-07-01,203.90989685058594,206.51501748398485,203.10467196375558,204.62038429605838,7236555
2021-07-02,205.6624298095703,206.7518380655258,203.4835988427559,204.95194239353756,5672652
2021-07-05,207.3202362060547,208.12544661403768,205.80452391882227,207.27286748678424,4474970
2021-07-06,207.8886260986328,211.72526124027638,206.7044803422554,207.4623365173178,11029058
2021-07-07,208.07809448242188,208.69385897221815,205.89927777132598,207.27288401024876,5669182
2021-07-08,204.76246643066406,211.29895929637556,203.24676862412332,208.55173262937097,6358866
2021-07-09,205.18878173828125,205.99399217689398,203.24677981354947,205.0940442961366,4545309
2021-07-12,204.004638671875,207.3676010887232,203.6730720749076,207.3676010887232,5141836
2021-07-13,203.24676513671875,205.18876692121492,202.15734245034128,205.09402948591145,3801626
2021-07-14,202.96258544921875,203.62570419097742,201.7784396764695,203.2941520475503,3920568
2021-07-15,198.79440307617188,203.57834055363836,198.4154677464852,203.43624883932137,5824639
2021-07-16,197.94178771972656,201.11530390391744,195.71560252841792,199.41013124457461,6418861
2021-07-19,195.62088012695312,199.31540912705006,194.768300959209,197.04185504312954,4489542
2021-07-20,190.78955078125,196.85238548202017,189.2738529472352,196.85238548202017,7631907
2021-07-22,194.0578155517578,194.67356557331257,191.73687826688717,192.02107614410647,4171113
2021-07-23,195.099853515625,196.47345971320726,193.8209847612847,194.86302436242445,4662740
2021-07-26,194.91038513183594,198.17862442168064,193.77360813383393,194.6261872686095,5690399
2021-07-27,189.98435974121094,195.5261535493142,189.46333268534522,195.19460139005793,6733404
2021-07-28,189.98435974121094,191.35796601219866,187.8528972485008,190.0317284653633,6739382
2021-07-29,188.61073303222656,191.50003697866688,188.04233731380023,190.93165571514413,3907940
2021-07-30,192.0684356689453,195.14721453910104,186.62136536020827,189.17911722289534,9319250
2021-08-02,191.7842559814453,193.48942886981024,191.12113720677706,193.39469142132683,5407707
2021-08-03,193.5367889404297,194.6261972747521,190.4106411940245,192.3052744397362,5731325
2021-08-04,191.1685028076172,202.53630260444393,190.41064659684776,196.37874438116276,25196399
2021-08-05,190.97903442382812,192.68419275849274,188.7054658861014,192.68419275849274,5623545
2021-08-06,186.195068359375,193.72623194244034,185.38984352044025,190.97901976531566,10855957
2021-08-09,181.17430114746094,188.27917570226333,179.0428387810202,179.9901553883272,28640365
2021-08-10,173.7378692626953,182.7373775120096,172.69582961203352,182.54791707142613,18572935
2021-08-11,171.93795776367188,175.15882832549266,168.24342891600077,175.15882832549266,18273459
2021-08-12,175.15884399414062,176.57981897880344,172.41163147242122,172.98002724824835,11685849
2021-08-13,173.5957489013672,176.05877758724944,172.03268245583982,176.05877758724944,5903634
2021-08-16,171.55902099609375,174.77989125901436,171.0853627541994,173.73783734488583,4139288
2021-08-17,169.3328399658203,172.88527716790045,167.86449636464639,172.31688143360603,7336721
2021-08-18,167.39085388183594,169.90125174803305,165.7804184224277,169.90125174803305,8089677
2021-08-20,161.47010803222656,166.44352007298244,161.04381846257112,164.9278222192182,10080518
2021-08-23,160.99644470214844,164.6909879182691,158.0124033530809,162.7489861007458,10096320
2021-08-24,162.98583984375,163.60158991194353,160.66491683799015,161.47012735371203,6570936
2021-08-25,161.1859130859375,165.30674606199472,160.6649005218717,163.885771167479,5964565
2021-08-26,159.19654846191406,162.37005021838368,158.72289018886755,161.1859045357674,5813113
2021-08-27,161.75430297851562,162.6542508215296,158.20186587064194,158.20186587064194,5173771
2021-08-30,163.9805145263672,164.92783115689522,162.41743341305312,162.46480213556046,6047087
2021-08-31,162.6068878173828,164.83308759851985,161.99113781233848,164.69099589117243,4048562
2021-09-01,164.6909942626953,165.59094212843985,162.74899237035987,163.88576938261107,6942115
2021-09-02,165.94046020507812,166.56520866830866,163.92207932167474,165.84435521013577,6040834
2021-09-03,169.54473876953125,171.17868511601054,166.18075574104213,166.27687540817695,8531340
2021-09-06,172.52427673339844,175.40769082922125,170.36171616153132,171.32285419347227,11031915
2021-09-07,170.93838500976562,174.0620832510712,170.4097562203845,173.91790376353046,7037519
2021-09-08,170.50587463378906,172.95677945688902,169.73697596958684,171.85147662774685,5332714
2021-09-09,175.88824462890625,176.60909809050014,170.02529727495556,170.45782108455285,8692351
2021-09-13,179.58863830566406,181.41479461025452,174.63876888502904,175.8882511982865,11521335
2021-09-14,251.3856201171875,260.3722658527334,197.51384953217269,197.51384953217269,218600225
2021-09-15,245.9552001953125,289.0622439352722,241.43785467794652,251.3856238493054,200295409
2021-09-16,237.54522705078125,252.29869973999246,235.67101107158715,245.95518370878102,37987576
2021-09-17,245.52268981933594,251.81814641281665,232.78761180418394,237.97776560606638,76050862
2021-09-20,245.52268981933594,257.2966445368817,240.47671551144552,242.11064711607833,52771511
2021-09-21,245.76296997070312,251.00116884562289,238.41027054678287,247.9255450159869,23976844
2021-09-22,323.7112731933594,341.54040105175596,270.3200679496373,270.3200679496373,191544190
2021-09-23,305.8341369628906,348.79698987867323,302.758483493175,329.6703486925683,138183537
2021-09-24,306.50689697265625,320.0589484019421,294.49267218279357,309.4864305868629,73023126
2021-09-27,309.7267150878906,315.20521332480195,290.2636709279844,293.14708487760015,47746149
2021-09-28,297.13580322265625,310.4475702272022,295.4057665763226,310.25533089689685,29276423
2021-09-29,297.8566589355469,300.5478629218768,292.18595062848584,294.1082266194627,26734801
2021-09-30,291.41705322265625,297.56833055401387,288.34139989117546,291.12869422380265,30872327
2021-10-01,284.3526611328125,291.0325521162484,272.9631708490241,288.3413776574198,36734296
2021-10-04,289.5428161621094,294.5407453853498,280.55617019249996,284.01627278308155,21838276
2021-10-05,287.8127746582031,291.4170420182661,282.7187258570191,288.245269142449,18671616
2021-10-06,283.24737548828125,294.8771216240953,281.13286019180407,288.77391889376116,20947344
2021-10-07,281.3250732421875,285.9385233996935,280.17169603701063,283.7279179766387,9513397
2021-10-08,283.1993103027344,287.4763862028708,280.8925849326537,283.53571447436383,11723263
2021-10-11,294.3485107421875,303.1429175233476,274.26073252847,283.5357083067602,26910318
2021-10-12,294.25238037109375,301.4128699004644,285.45797390988747,296.8955097591483,35716451
2021-10-13,304.68072509765625,309.24613028445077,286.9477184815714,291.12867436106154,45042091
2021-10-14,307.41998291015625,309.0058546806102,299.20223573881754,308.5252856997694,26317075
2021-10-18,298.7697448730469,310.4475653825722,297.0396789221078,307.03553730992513,20938494
2021-10-19,297.1838684082031,308.5252845823267,289.3986450804594,299.8750429585231,28366351
2021-10-20,307.6121826171875,312.3698271010598,294.781014723087,298.9138960874757,37524512
2021-10-21,308.5733337402344,319.04976108545566,304.2482128723697,311.6970321448033,39983507
2021-10-22,296.0304870605469,316.83911770351483,292.18593528053975,309.58253795139234,31263670
2021-10-25,292.5704040527344,299.250324947457,281.61343661722464,296.99164476014477,15469404
2021-10-26,305.16131591796875,312.3698509396531,288.34140086737204,293.9640640506066,32370105
2021-10-27,291.5131530761719,305.0652051798957,289.8311615218843,305.0652051798957,17194768
2021-10-28,285.7463073730469,293.627650476918,283.6318214333861,291.7053745327156,14925459
2021-10-29,289.2544860839844,297.6163688899291,285.45797933991986,285.45797933991986,14679306
2021-11-01,299.05804443359375,300.5958709024523,289.6869501368746,292.08979482834104,10772688
2021-11-02,301.65313720703125,304.5845960832459,298.6736038366288,300.7881189592631,9143980
2021-11-03,294.9252014160156,303.23903925673363,293.2912550819907,301.797332255513,8651729
2021-11-04,298.0969543457031,299.20225721465164,296.94360630786315,296.9916514767546,1383317
2021-11-08,304.4884948730469,308.47724088382665,296.9916304960783,298.91390642161923,14261936
2021-11-09,311.9853820800781,315.1090803939867,300.4036522710866,303.7195899061843,17183572
2021-11-10,305.01715087890625,311.9373268961109,300.9803595368339,309.3903170564813,8233847
2021-11-11,301.84539794921875,310.0631460139678,298.0489201867961,305.6419050432474,10061766
2021-11-12,300.5478820800781,309.96702330363945,296.51109050906285,309.96702330363945,13094002
2021-11-15,312.4178771972656,315.01296138063947,299.9230839159588,301.7973146407957,16644723
2021-11-16,312.033447265625,323.6632229853157,310.4475754246681,314.77269644451644,32373100
2021-11-17,307.7563781738281,313.8115354248834,305.73798264627567,311.8892595570434,9040258
2021-11-18,301.50897216796875,309.91892882658885,294.73293234691994,308.04469818145594,14285918
2021-11-22,287.33221435546875,302.758467389833,281.51731190663827,301.7973293981193,15365142
2021-11-23,300.2594909667969,301.7492723944759,284.8332385375572,287.2841285876449,14920287
2021-11-24,321.404541015625,324.6724043460704,302.0856613684217,305.11326953070886,40329091
2021-11-25,327.70001220703125,330.39118686925195,317.94443806037236,323.90350538163756,30805171
2021-11-26,329.23779296875,337.4555400384366,313.33097163232657,321.02007523066584,46362355
2021-11-29,317.0794372558594,332.5057205781055,315.7338498503677,330.6314896454383,18714952
2021-11-30,311.697021484375,323.32679639764547,309.00584699127535,321.02007121333116,16291378
2021-12-01,323.9515380859375,325.6335295180173,311.98538806810257,315.25325126982284,14940941
2021-12-02,328.85333251953125,330.0547549160892,318.4249802510876,324.43209223387754,13740751
2021-12-03,335.96575927734375,342.1651107983252,332.073162305678,334.47600718487973,34508192
2021-12-06,342.16510009765625,349.8542034706373,337.8399794503544,338.3205484111657,38258224
2021-12-07,337.02301025390625,347.787766833393,335.2929737075896,346.9227485602347,17428900
2021-12-08,342.93402099609375,346.7785729325146,337.4555520856562,339.18558872440417,16944434
2021-12-09,353.6507263183594,356.5821853819852,340.8195286060833,344.0393466584676,28325189
2021-12-10,356.5821838378906,358.9850287424586,352.16094334716496,354.611862748786,14812417
2021-12-13,344.13543701171875,360.42673726891485,340.77145413054217,359.4175541372031,20506495
2021-12-14,355.861328125,358.16805335253497,339.3778180498114,341.4923039535507,19401301
2021-12-15,352.9779357910156,363.98297778861894,349.66199790866926,357.06277235224593,25662380
2021-12-16,353.8909912109375,357.06273459040557,346.2018879088561,355.95743185705163,16079499
2021-12-17,329.04559326171875,351.4881709571107,325.48937100369994,351.295931628503,29550773
2021-12-20,318.6172180175781,337.2152424921643,310.0150219674193,325.4413030631587,31648004
2021-12-21,334.2837829589844,342.3092910842904,316.2144003839704,322.50984251915565,46828469
2021-12-22,335.1968688964844,345.6732669612653,319.7706161250724,328.70918756300404,70617043
2021-12-23,325.0087890625,343.31848444763324,322.2214948983796,341.2039692436234,31445496
2021-12-24,318.9055480957031,328.70916655001065,317.2235567463975,328.70916655001065,15973004
2021-12-27,305.5938415527344,320.73176518747715,303.2390416991327,319.0978188402918,22394765
2021-12-28,309.0058288574219,312.754260728408,304.68070839129933,305.593801111232,14889633
2021-12-29,305.5938415527344,312.22568794544367,304.3924190420405,309.4864387547408,10749681
2021-12-30,305.73797607421875,309.00583911298133,301.7973047635339,307.37189292779937,13792892
2021-12-31,308.3330383300781,310.4475535232488,305.9782679843584,306.69912143681177,7867316
2022-01-03,310.3995361328125,311.8892883352078,306.2666250366497,306.2666250366497,5400666
2022-01-04,309.82281494140625,316.59882555708066,308.6694377026694,311.9853752653366,8071486
2022-01-05,306.65106201171875,310.2553294511212,305.0651902047024,309.9669997886104,5910270
2022-01-06,311.9372863769531,312.9464987471814,302.99871584978973,303.959853727188,8785346
2022-01-07,308.3330383300781,315.109078382101,306.60300177683087,314.772674237969,7530603
2022-01-10,315.5415954589844,317.6561108036321,308.0927759166904,309.9189615923426,10038793
2022-01-11,312.0815124511719,319.29004726912376,310.6398054875815,316.6949630020198,8086625
2022-01-12,313.2348327636719,315.7337971462178,310.92810769193744,313.5231917298891,4997507
2022-01-13,312.8023681640625,315.8299469428761,310.68785286973997,313.23486265726245,4034933
2022-01-14,310.0150451660156,314.0037912669501,308.14084369521373,312.3698449606682,4719499
2022-01-17,311.02423095703125,312.36981815352624,307.9485779379561,311.50479990803666,5322246
2022-01-18,304.2962951660156,312.1776091281951,302.9987530060922,312.1776091281951,8259952
2022-01-19,305.2093505859375,306.12244338991445,296.60718335494727,304.1521222844102,7401104
2022-01-20,296.4630432128906,305.1132856616578,295.26162065056184,305.1132856616578,10663352
2022-01-21,278.1052551269531,296.51103990636005,274.9815569755895,296.51103990636005,14111047
2022-01-24,257.6811218261719,279.4028480233123,252.29874278053262,279.16256350637843,28800291
2022-01-25,277.57666015625,278.4897530464216,253.9807325022154,256.52774249637054,19734730
2022-01-27,272.1943054199219,275.41409439761924,267.72499005617067,272.9632041214246,10806939
2022-01-28,274.4048767089844,281.3250814794698,272.96316982610006,274.30875705047174,9119101
2022-01-31,278.2975158691406,283.1032062093545,277.48057197658915,278.7300397324023,8827496
2022-02-01,278.3455505371094,281.94981777645836,273.92431019052094,281.7095332938351,7873540
2022-02-02,281.180908203125,284.4968460126026,279.3067067151799,281.7095516983945,6392749
2022-02-03,276.3271789550781,280.6523000169837,267.77305649896357,273.25152557841466,12970686
2022-02-04,267.48468017578125,277.5285835018215,265.85076325715625,276.519400385365,10466445
2022-02-07,264.79351806640625,269.74337288263354,263.20764623831843,265.27408706471186,5716433
2022-02-08,260.2761535644531,267.19635876141905,256.9121706304065,265.3221279655231,6048793
2022-02-09,257.6811218261719,265.56243638263817,256.7199837584365,262.39069249175395,8165778
2022-02-10,253.54818725585938,260.0839431153286,252.77928860491164,259.4111347970468,12375550
2022-02-11,251.72201538085938,257.10439359916217,250.56866747582407,253.25984191917468,11096932
2022-02-14,239.65975952148438,249.94391823738212,238.4102772229673,247.0124591513017,11162019
2022-02-15,257.1524353027344,258.44997734359305,241.82230328400033,242.2067525805063,20413908
2022-02-16,257.2485656738281,261.91009058356246,255.66269392744078,258.5461077687277,11455108
2022-02-17,252.779296875,258.5461249405894,251.67399402874958,257.63303209756265,5741013
2022-02-18,251.24143981933594,257.48883613516136,249.99197228881118,252.2986973698727,7291926
2022-02-21,244.4654541015625,251.67398904067912,242.9756872809847,247.97360190561182,9746915
2022-02-22,231.10562133789062,241.19756999601512,227.88581794644608,235.47880202290486,14021583
2022-02-23,230.86534118652344,236.43994443564617,229.90420320101268,235.23852195375773,10738414
2022-02-24,212.6037139892578,224.81016315788193,210.34504858092814,221.06173097719784,21321440
2022-02-25,222.35928344726562,229.76004315673876,218.32249209136927,221.97481944556964,16615490
2022-02-28,220.34088134765625,223.9451487633758,210.9697860667854,217.9860962358798,27664374
2022-03-02,228.60667419433594,231.8745374569421,218.3705459174811,220.3408817077885,17541419
2022-03-03,228.75082397460938,234.51765146976757,226.44409884286637,232.11480668011833,10838206
2022-03-04,215.43907165527344,229.3275271540849,212.5076125583771,226.8285625478305,13748778
2022-03-07,228.75082397460938,230.48087515631698,206.98105604670738,210.8736528732986,19826821
2022-03-08,227.50135803222656,230.7692359794994,219.860313987462,227.06884887229683,13268000
2022-03-09,240.86117553710938,242.49510711488426,226.44410632297595,228.75083153091683,18640774
2022-03-10,237.20884704589844,247.97358906436978,235.4787958169403,247.97358906436978,12616988
2022-03-11,233.02789306640625,243.6484703480722,231.63424597193455,237.49719333381023,15568427
2022-03-14,249.12698364257812,252.58705700937713,234.61379384168922,235.38269251617692,27764946
2022-03-15,244.08099365234375,253.69238837664176,242.78346614392805,249.8958815208942,15453515
2022-03-16,244.27320861816406,248.9347336277062,243.16790582165893,248.9347336277062,8512767
2022-03-17,248.7424774169922,251.57784596180963,245.85907837549402,249.70361531942507,9120713
2022-03-21,246.82022094726562,253.06761780248132,246.14744196181977,248.8866910646581,8909916
2022-03-22,238.89083862304688,248.64639754223123,233.60457993749316,247.01245130678282,14965332
2022-03-23,246.099365234375,250.7608902504321,234.7098891009946,241.24563022347616,18175302
2022-03-24,287.2841491699219,295.3096575272185,270.7045182753913,270.7045182753913,86772872
2022-03-25,283.6318359375,291.9456739550005,281.6134402265519,291.2248204390622,30465535
2022-03-28,278.6339111328125,285.98661125146344,277.1441589077151,284.01629000774045,14722885
2022-03-29,273.635986328125,284.4968334396321,270.41616832659247,283.53569548882257,18848071
2022-03-30,282.5745544433594,286.89967517463526,272.963175040524,275.70242403665253,19227857
2022-03-31,277.1441650390625,284.01629629112216,275.79857762346296,284.01629629112216,7805589
2022-04-01,288.149169921875,290.1675656530208,274.06850363596556,276.80775289026315,13698030
2022-04-04,290.9844970703125,296.70327926560634,286.03464278828545,288.1491285536675,12108609
2022-04-05,288.4855651855469,295.06936635989797,286.8035736834953,292.6665213569672,9511869
2022-04-06,279.5950622558594,293.1471150816951,275.9427492760087,288.14918532143014,21387631
2022-04-07,273.68402099609375,285.3618407842161,272.19426896211814,273.92430547458025,67870863
2022-04-08,274.8854675292969,277.72083635708333,272.00205353423434,275.65436619533864,9961914
2022-04-11,279.4989013671875,281.0367279383213,273.5879088993816,276.2310382357795,9139147
2022-04-12,271.3292541503906,279.49892740581316,268.49391456070697,279.49892740581316,12633268
2022-04-13,268.4458312988281,274.40489862328894,267.24440880047746,273.25152129223073,11132353
2022-04-18,263.4959716796875,266.7157897830285,257.00829030658684,262.4867885320688,16517544
2022-04-19,257.2485656738281,269.5991941603276,251.28952800079657,266.23521134549287,10774664
2022-04-20,255.32627868652344,261.4295102517353,253.3559577132225,258.4980513730971,7317765
2022-04-21,256.5757751464844,259.79556365886367,255.66268240525375,256.9602244416758,7922326
2022-04-22,259.17083740234375,265.7065929365058,253.74041395485753,254.79767154598983,12008805
2022-04-25,249.36724853515625,257.58496613248855,246.62799955884486,257.58496613248855,11936505
2022-04-26,250.85699462890625,253.78845352315525,249.22304844849126,251.81813253936184,6874717
2022-04-27,243.9368133544922,251.09728811100462,242.49510643710843,249.89586567985148,9546533
2022-04-28,245.66688537597656,246.8202334085144,237.9777811659717,246.3877388956645,13389263
2022-04-29,238.5063934326172,249.27115097282746,237.40109057762527,248.45417779075356,10858160
2022-05-02,245.47463989257812,247.5891552300341,233.79681903231076,235.62297537014777,9807698
2022-05-04,234.325439453125,248.55028430792387,233.22012199081408,247.58914634024558,10533122
2022-05-05,234.85406494140625,242.63927356982884,232.93178903328194,236.77634084953053,6845453
2022-05-06,238.6024932861328,239.99614036411012,228.51054492961964,230.6731052917296,9042587
2022-05-09,225.7232666015625,238.7466748517291,223.17624208588626,236.10354533492298,13981930
2022-05-10,223.60873413085938,229.71196586858355,222.31120672145883,227.11689638398153,16954377
2022-05-11,230.2406005859375,232.06675683834072,220.43699635542285,224.85822215916798,14030026
2022-05-12,227.06883239746094,231.20172836473358,223.99319400290943,225.86741000382358,9306586
2022-05-13,229.95225524902344,237.88164336105874,228.31832366212794,229.7600305915889,9029271
2022-05-16,230.38478088378906,232.45123643006414,226.39606395978734,231.63426324524337,5814197
2022-05-17,236.4879913330078,237.3049497765261,229.9522504558567,232.54731994163407,6091306
2022-05-18,233.02789306640625,238.55443627942958,231.63424597193455,237.4010736724806,7269946
2022-05-19,221.30201721191406,229.56780960601952,218.32248364371753,225.86742256156268,9742143
2022-05-20,229.4236297607422,230.09642340439686,224.2334906059188,227.5974734899936,5651099
2022-05-23,228.6547088623047,234.51765613192316,224.66599229851246,231.6342423270225,7727997
2022-05-24,227.74163818359375,231.20174072862426,224.90628411614452,228.65471631842635,8267637
2022-05-25,220.19671630859375,230.0964257350769,215.48713142370406,229.327527086427,7610418
2022-05-26,220.8695068359375,222.74372293067285,213.70903194457344,221.06173149538188,9419028
2022-05-27,228.1741485595703,229.66391534850203,218.70694834011687,220.148655297315,11730633
2022-05-30,235.1904754638672,236.1516135039041,226.92469711903146,228.17416483843735,8134439
2022-05-31,243.02374267578125,247.01245940293208,229.80809552873723,230.28866451590244,13992839
2022-06-01,243.31207275390625,246.4357711758527,241.19757213990286,243.16790792382938,7109536
2022-06-02,245.47463989257812,247.49303556349443,240.76506954817614,243.16791455364697,6971401
2022-06-03,241.7261962890625,249.31918028629502,240.668938669589,247.15661988211852,6538215
2022-06-06,239.3233642578125,243.60042546500256,234.7579587147418,241.05341560729448,4606156
2022-06-07,228.75082397460938,239.03499674114803,227.98191070876146,239.03499674114803,6638940
2022-06-08,229.51974487304688,233.98903046409856,228.75083158162906,228.75083158162906,6425645
2022-06-09,230.86534118652344,231.7784193395983,227.0207892444804,228.75084055156012,4658413
2022-06-10,226.9727325439453,230.0483858726608,226.05965437827126,228.75084370799632,4042028
2022-06-13,217.88998413085938,223.75293186348162,211.06591305317022,223.65681219607384,19324289
2022-06-14,214.28570556640625,221.54230010832063,211.5464711758276,217.9380327529792,13094527
2022-06-15,212.4114990234375,220.58117206280048,211.6906455199643,218.6588960535386,10716437
2022-06-16,205.2510223388672,216.0638248128274,203.7612555092945,215.34297131456339,12144356
2022-06-17,206.4524383544922,209.33585225702475,201.7428535142081,204.72238707981236,10180352
2022-06-20,200.5414276123047,207.60579741856236,192.70815917787849,207.22134810447812,9248842
2022-06-21,212.94012451171875,213.949322333877,202.89623545437613,204.72239176814685,9602280
2022-06-22,203.0884552001953,212.79593985976342,201.8389729109198,211.01784342169574,7112101
2022-06-23,206.4043731689453,210.0086404536184,202.2234172524041,202.3195369129825,8689798
2022-06-24,212.36341857910156,213.70902045446866,207.17327972414455,207.60578885109086,6246679
2022-06-27,213.46873474121094,216.8327174114591,212.411477178527,215.2948908958826,6191126
2022-06-28,208.80722045898438,212.98817642425348,206.8849445514218,212.98817642425348,6991281
2022-06-29,204.6262664794922,208.08636901300358,204.1456974979379,206.64466206834075,6359417
2022-06-30,205.77964782714844,207.84608862227464,203.76125219848427,204.7223901805526,6263209
2022-07-01,206.93301391601562,207.4616427481104,202.4156682582823,204.72239358731147,4131369
2022-07-04,210.6814422607422,211.45035557782188,204.81850938283816,207.9902529838641,4711613
2022-07-05,206.98106384277344,212.65177189361603,205.68352174116987,211.88285859880654,4722722
2022-07-06,214.95849609375,216.11187336340006,205.20295179286853,207.02910802681245,7153218
2022-07-07,214.3818359375,217.3133097994353,210.82562823575321,216.06382745401018,5442187
2022-07-08,215.15074157714844,220.58116526975644,213.901259276447,216.25604438211414,9254189
2022-07-11,215.43907165527344,217.02495811663545,211.83480424190748,212.89206188281548,4438442
2022-07-12,212.21926879882812,216.9288390318814,211.4503554820965,214.52599408322124,3381170
2022-07-13,214.4298858642578,216.59244628557272,211.9309212888622,213.85319721891992,4251873
2022-07-14,215.67935180664062,218.3705410209252,213.51679140216575,214.33376453239902,4711666
2022-07-15,215.87158203125,218.08218750777834,213.85318653916678,216.2560313317417,2461734
2022-07-18,221.83065795898438,223.27236498904824,216.5443988487503,217.2171925296196,5029013
2022-07-19,221.59036254882812,224.56988146484738,219.71614643514155,221.0617337306597,4528575
2022-07-20,221.59036254882812,226.3479925807407,220.62922457608613,223.9451476488857,5406856
2022-07-21,225.81936645507812,227.6935825911115,221.35008069485994,222.02287435064093,7089613
2022-07-22,226.54022216796875,228.99112698491308,222.31122086227012,226.78050666637893,5037214
2022-07-25,224.4257049560547,227.93385250767696,221.78257566856368,226.82854976286467,3995511
2022-07-26,226.0596466064453,230.96145609798694,221.15785178070516,224.42571499786524,7249321
2022-07-27,230.5769805908203,231.15366920776287,226.39603944828923,227.9819111461802,5622615
2022-07-28,238.4102783203125,239.4675212963843,226.92468241905854,231.87453713828043,11831628
2022-07-29,237.4010772705078,243.16790505845537,234.998232358863,240.28449116448158,12094606
2022-08-01,243.36012268066406,249.3191749560572,236.77633661263008,239.22722661899104,14510639
2022-08-02,237.59329223632812,242.2548170410466,236.15158534816376,242.2548170410466,7244357
2022-08-03,231.5381317138672,239.0350108326874,229.80809509597157,237.40107921256285,6947723
2022-08-04,233.22010803222656,235.23850350986743,227.21299609377235,232.59537425694757,5878522
2022-08-05,234.37350463867188,237.44914327234164,231.97065966458587,234.99823846561353,5339729
2022-08-08,241.4859161376953,242.87956326781722,233.36430318483164,234.32544115950904,5304079
2022-08-10,240.18836975097656,244.41738556412727,237.49719520219134,242.20676532836683,5653826
2022-08-11,238.4102783203125,243.1679083771397,237.0166311856987,243.1679083771397,4886239
2022-08-12,232.4031524658203,239.03499826110195,231.10561040483873,237.83357585863783,8137318
2022-08-16,228.55862426757812,236.19966859938242,227.78971091781744,227.78971091781744,18463769
2022-08-17,242.4951171875,246.4357741369004,228.31833187140208,230.67311700769525,30869267
2022-08-18,242.87954711914062,245.42657138216907,239.13111513344674,241.7261845593733,9844645
2022-08-19,250.1361541748047,253.16373288351056,241.48591253187195,242.9756793035373,26465937
2022-08-22,249.0789031982422,255.3743746053189,244.2251681017266,248.31000454210627,16102139
2022-08-23,246.77218627929688,251.24147219953383,242.35094552734884,246.00327293124474,11492610
2022-08-24,253.64431762695312,254.5093359786843,246.05133313481682,247.87748950660585,11576824
2022-08-25,252.2025909423828,258.54610724672705,251.0011685109389,255.90297789755047,11150822
2022-08-26,248.11776733398438,256.28744028460454,246.72413484137027,253.83655013206,9243882
2022-08-29,241.58203125,244.8498944360149,238.7947223764684,241.14950743690278,6292622
2022-08-30,247.0605010986328,247.9255487286618,242.5912154470953,244.0809822195416,6875275
2022-09-01,235.23851013183594,246.0513119254341,232.21093149594884,236.43993255334684,28737633
2022-09-02,239.08306884765625,242.63927638579779,233.22012139351375,237.20885274864398,15309256
2022-09-05,241.24562072753906,244.51348382724908,238.60249141677917,239.08306038237188,9926148
2022-09-06,238.93890380859375,244.60961193205358,237.5933018589955,242.20676702112968,6687442
2022-09-07,250.52059936523438,251.81814145661755,236.43993434476306,236.9205033170085,16106949
2022-09-08,247.10858154296875,256.62384171787255,243.93682326273355,256.62384171787255,19901846
2022-09-09,253.25985717773438,254.2209951556385,243.55235773458213,247.92555313300787,18419094
2022-09-12,259.8436584472656,262.5348330553923,252.6351236059226,253.93266574368502,19608773
2022-09-13,260.9009094238281,264.0246077752606,256.09521965239344,261.2372842425465,12425181
2022-09-14,267.7249450683594,269.5991756692887,256.96021839817155,256.96021839817155,18713458
2022-09-15,265.9761047363281,270.8826840318161,264.2758008704338,270.5912152294699,10318297
2022-09-16,253.7825164794922,267.8707489334629,252.71374808727737,264.95594221884824,16065411
2022-09-19,259.1748962402344,264.5187085338475,250.52764227712265,254.85125443320496,13948567
2022-09-20,262.9641418457031,268.0650536351856,259.4663678312971,261.2638379158756,10298995
2022-09-21,263.7414245605469,268.89090427250574,260.8751862589622,263.30419171761173,13406862
2022-09-22,265.6360168457031,270.34829311408896,262.81837659428953,263.2556094138813,11060209
2022-09-23,253.5395965576172,267.5792300369299,251.25632554201522,266.85052841392576,18790529
2022-09-26,250.5276336669922,252.61657247069525,241.39456407469092,250.62479981736246,12171889
2022-09-27,255.53138732910156,257.2316912371849,246.98128471193044,252.61658062953006,9541087
2022-09-28,249.5560302734375,260.5837211415121,246.98127555565185,252.61657126433545,9227792
2022-09-29,243.9693145751953,257.2316784697945,240.76302439971238,252.61656809120512,18822028
2022-09-30,250.81910705566406,253.10237820187803,244.06647459464338,244.843759335406,11165327
2022-10-03,245.03807067871094,256.16291284930855,242.657648265426,251.64496857155288,8645406
2022-10-04,260.583740234375,263.79001585958184,248.0014789987413,250.13901584951128,16090506
2022-10-06,272.0000305175781,278.8498137332257,264.42151604715394,265.7331848642412,53214447
2022-10-07,273.7974853515625,276.4208231256109,269.3767072463115,272.92304931052826,14658804
2022-10-10,270.6883850097656,275.4492299679105,268.3565456068933,269.13381552420185,10302781
2022-10-11,264.9073181152344,272.92303578761556,261.21524183560615,272.53440086096174,11457350
2022-10-12,260.3408203125,266.21900173868755,255.2884770322633,266.21900173868755,17886711
2022-10-13,265.39312744140625,267.53066408090757,258.4461778394448,261.7496192951735,14644033
2022-10-14,259.806396484375,269.86248418341455,259.07769490692203,269.3766831317792,10357588
2022-10-17,256.2115173339844,264.2758039014818,254.4626155470095,262.04113065534057,13737845
2022-10-18,263.0613098144531,272.0971989006093,262.38117637745313,271.07702839605696,34222972
2022-10-19,263.49853515625,266.02467721930253,259.0291589931661,263.30420285096284,10359408
2022-10-20,263.30419921875,265.53887244399186,261.70106150055943,264.0814691272829,7712560
2022-10-21,259.36920166015625,264.51868111252946,258.05753284841774,263.30417844442786,9405211
2022-10-24,259.8550109863281,262.6240534368526,258.93197706885667,261.16665018881025,1646783
2022-10-25,255.48281860351562,262.138270167757,255.0455857390128,260.68086682067695,8693812
2022-10-27,258.3490295410156,259.2720635288772,255.8714556907831,257.4745934556952,7378389
2022-10-28,255.5799560546875,260.7780339420927,253.49101717964066,258.93199562579423,5951654
2022-10-31,254.99700927734375,257.6203174270535,254.4140420270929,256.8916157769765,5845813
2022-11-01,255.0455780029297,256.9887824067615,253.63674294977315,255.53137910388764,5961641
2022-11-02,257.426025390625,260.34083211110334,255.04558804185544,255.53138916193515,5384989
2022-11-03,259.806396484375,261.7496006909162,255.8714198265062,256.5029552634435,5604967
2022-11-04,257.5717468261719,261.21525504329725,256.5515467348093,259.8550179057596,4227965
2022-11-07,256.8916015625,260.00074029117053,253.24809351371943,258.44617092683524,5165695
2022-11-09,254.99700927734375,258.834820177182,254.21970972669394,258.1061185271049,7936805
2022-11-10,254.268310546875,256.06575091694714,252.22793997304169,254.55977934987416,4541879
2022-11-11,258.3004455566406,259.709250927474,253.68533520032827,255.82284220636882,8369362
2022-11-14,252.2279510498047,257.8632322622059,248.77874525779293,256.6973273480614,10385896
2022-11-15,252.76229858398438,254.5112002804731,250.7705259959517,250.7705259959517,3182967
2022-11-16,247.5156707763672,253.83108533984662,246.7869690959657,252.51941638493452,6533638
2022-11-17,245.7667694091797,248.97305958058027,245.32955139159614,247.66139070235687,3559267
2022-11-18,243.72642517089844,248.05005212655777,242.07468952056865,246.78696626326527,4831143
2022-11-21,240.08291625976562,243.4835240548021,239.6456833971679,242.80339063541606,5124252
2022-11-22,244.84376525878906,245.23240022583576,239.69427040531502,240.9573562864273,4614912
2022-11-23,246.59263610839844,250.041826810525,245.03806669109633,246.78695357919304,8480358
2022-11-24,245.57244873046875,247.75855361530972,243.6292443883879,247.56423614619615,7607420
2022-11-25,252.03359985351562,253.58816927350398,245.5238682050758,246.68978785733069,6214720
2022-11-28,253.10238647460938,255.4828238507765,251.25634812724897,251.4992486900845,4169247
2022-11-29,254.4626007080078,255.23990022942837,251.06199313552332,251.6449603638525,5505725
2022-11-30,257.0859375,258.3004402001597,252.56799338559478,253.10236271328714,7637573
2022-12-01,258.7862548828125,261.21526041080784,255.774282097909,257.8632209217957,6798614
2022-12-02,263.352783203125,264.17865106212474,257.6203357451033,258.44620360410306,6436957
2022-12-05,260.583740234375,263.3527829784408,258.98057277082347,263.3042147254021,5574546
2022-12-06,256.8430480957031,260.14648965317326,255.67711359262137,258.5433519496454,4060189
2022-12-07,253.83108520507812,258.44619584517045,252.13078128504412,258.3490296909791,8540348
2022-12-08,255.19129943847656,256.4544000273653,252.1307585881161,255.0941332930321,2885273
2022-12-09,253.2967071533203,257.3774186309933,250.86770163651036,256.50298257513094,4957696
2022-12-12,255.0941619873047,256.84306384919637,252.66515633268952,254.5597926036685,4921307
2022-12-13,253.24810791015625,257.23168286680016,252.22793745888166,256.4544129659191,5463466
2022-12-14,254.9484100341797,256.50297947634675,253.39384059201265,254.5597750863744,3285704
2022-12-15,250.96484375,255.82285489228374,250.18757382761336,254.31688329855456,4590361
2022-12-16,243.4349365234375,250.52763561695323,242.46333431406475,249.1188005529842,6558107
2022-12-19,244.892333984375,246.20398804039476,242.46332851899828,243.28918148194268,3187837
2022-12-20,244.11505126953125,245.13523653843882,240.81160973975463,243.87215072100435,3363026
2022-12-21,240.22865295410156,247.95288776852195,238.43118288654068,244.7951805001667,5395384
2022-12-22,238.23684692382812,243.04627465592029,235.12772297356963,241.54030316667414,8753085
2022-12-23,228.37510681152344,238.28544657875622,227.160604025699,236.29365904490945,6879193
2022-12-26,232.26150512695312,234.8362449852138,224.10003788337573,228.3750963896704,5052693
2022-12-27,232.26150512695312,236.00216464130406,229.73533351753022,233.1845242369632,3651255
2022-12-28,232.26150512695312,233.91322587520372,230.31830075831175,233.0387898395042,3917229
2022-12-29,232.45582580566406,233.37884492840806,229.34670173803923,231.24132305850804,3877085
2022-12-30,233.2331085205078,235.80784839211765,232.06718885837267,234.15612763530345,4121398
2023-01-02,236.19650268554688,237.26525621902027,231.9214440752339,234.3018665196441,3713958
2023-01-03,233.2816925048828,236.00216678531723,232.26150723698345,235.07914766692178,5316536
2023-01-04,230.2211456298828,233.33026980344152,227.5492394951025,233.18453539900653,4968528
2023-01-05,232.94163513183594,233.42743624785646,228.90949179905508,230.8041131864404,4488552
2023-01-06,231.04701232910156,233.42743481792536,229.34670843344549,232.0671976315899,1836104
2023-01-09,230.2211456298828,233.3788528800777,228.95805976471016,231.9214495338339,6043426
2023-01-10,224.9259033203125,231.2413174524163,223.95430114614268,231.2413174524163,6131689
2023-01-11,222.25399780273438,226.04324035967392,221.33097870045145,225.89750596343495,4748624
2023-01-12,220.89376831054688,223.66282571297143,218.22186223381064,223.1770246081103,6422397
2023-01-13,223.71141052246094,224.34294603348596,220.65086946830388,221.91394049035392,3503797
2023-01-16,223.12844848632812,225.12023604342747,222.4969129605161,223.85715016632983,4003236
2023-01-17,221.86537170410156,223.41992635266809,220.9909208154017,223.41992635266809,3503736
2023-01-18,223.51708984375,224.0514740206823,220.06789905679395,222.30258708957342,4989562
2023-01-19,218.02752685546875,222.59406903711536,217.3474082833532,222.49690288732472,11476415
2023-01-20,216.4243927001953,219.92216659321605,215.9385915942465,218.36759712399055,3242461
2023-01-23,217.4931640625,218.7562350950049,215.4527934591909,217.15309735345735,3102920
2023-01-24,216.4729766845703,218.51333244283617,215.98717557658227,218.51333244283617,2458629
2023-01-25,213.7524871826172,216.47297634821788,212.78088496815076,216.23007579460128,6143830
2023-01-27,209.2345428466797,214.62692327739242,208.4572581098962,214.62692327739242,6687632
2023-01-30,213.12095642089844,213.80107502108066,207.67997796849352,208.99164691743132,3325048
2023-01-31,220.359375,221.13665970066737,211.80927294360404,213.65531113540055,5794541
2023-02-01,215.0155792236328,221.52531128308487,209.72034996726785,221.42814512864845,3985166
2023-02-02,215.7442626953125,217.83320141011328,212.29507206058383,213.75247530127433,3508465
2023-02-03,214.33544921875,217.49315633882173,210.4490404555848,215.7442694303028,3616152
2023-02-06,217.444580078125,219.09630088913468,213.02378700639812,213.41242196470392,7808545
2023-02-07,215.0155792236328,217.6389023132062,213.84965949776395,217.6389023132062,1657540
2023-02-08,216.81301879882812,217.638886575397,214.72408005876224,215.69568223097383,1795544
2023-02-09,218.12469482421875,218.56191285097668,214.1411198571507,215.69568931392678,2573936
2023-02-10,219.9221649169922,222.30258735290337,215.93858994838504,217.63889380624633,2374095
2023-02-13,212.14935302734375,221.0395075090571,211.22631904769636,220.50512331701742,3390867
2023-02-14,210.10897827148438,211.56638158897445,204.3765311528794,207.825707143894,8849241
2023-02-15,208.40867614746094,211.80928391676684,207.19417337270883,210.83768169696515,3280676
2023-02-16,207.87428283691406,210.06038773550964,206.56262879304035,209.76890411726902,5644841
2023-02-17,209.1373748779297,210.7405125879197,207.43707101713352,208.16577267176046,2805579
2023-02-20,208.84588623046875,209.96323763598687,206.805530541846,209.81748841328132,2142690
2023-02-21,204.66799926757812,209.67175953608063,204.0364637623126,209.67175953608063,3065064
2023-02-22,200.49012756347656,205.0080720359757,194.3204474274651,204.6680053227882,5867677
2023-02-23,193.00875854492188,196.21504856145282,171.5363602169484,191.11413734325834,76578247
2023-02-24,189.99681091308594,199.03271423060352,182.66121142532538,182.66121142532538,37357144
2023-02-27,177.75462341308594,189.4624331442756,171.6335264540993,189.4624331442756,23279131
2023-02-28,190.04539489746094,192.86303532721598,182.9526959228516,185.0416347077935,19361371
2023-03-01,193.5917510986328,194.51477028432197,187.1306019733348,189.1709578324149,7245746
2023-03-02,190.53118896484375,194.3204314478886,189.02520265602814,192.37722713340975,3304473
2023-03-03,194.3204345703125,196.6037056067027,190.62834334838203,190.91982696533202,8617953
2023-03-06,189.85107421875,195.97217137493135,189.17095560705738,194.41761666613016,6571348
2023-03-08,191.06556701660156,195.77784362460383,189.80249601488578,192.47440206931586,9528342
2023-03-09,188.2965087890625,192.2315006529552,186.93625681765096,190.96841483145624,4136612
2023-03-10,188.10218811035156,189.85106017520215,184.99304927178886,186.54761869107023,2891305
2023-03-13,182.95269775390625,188.92804537098834,181.10664467328655,188.1993437188821,4321616
2023-03-14,186.98483276367188,188.39365293085442,181.78677010193326,181.8839214226689,6511040
2023-03-15,183.681396484375,188.4908243466829,182.17541012888168,187.51922215932888,4079054
2023-03-16,200.83016967773438,202.0446724150519,182.1268275230442,183.72998003158708,22589250
2023-03-17,201.3645477294922,203.2105859039403,192.57154521336318,200.00431063521174,20518280
2023-03-20,201.0244903564453,202.33615926385522,196.06932800445108,199.1784520964721,9491163
2023-03-21,207.6799774169922,209.23454692082927,200.63586122390123,201.02449618712373,11141992
2023-03-22,208.40867614746094,211.03199917583083,205.54245256414063,207.9228750375601,5994903
2023-03-23,209.8660888671875,212.78089565700955,206.31974653642695,207.48566628726095,5696592
2023-03-24,205.73675537109375,211.56636827417077,204.7165701479608,210.35186558602973,6462530
2023-03-27,204.66799926757812,209.76891086163593,204.0364637623126,205.1538003717741,5556669
2023-03-28,202.87054443359375,207.14558822783644,200.6358563852733,204.86233192938965,5241239
2023-03-29,209.91465759277344,213.41241660612027,202.5304749665863,203.06485913994388,15652099
2023-03-31,206.22256469726562,211.7606942116736,205.68818052800853,211.7606942116736,6250236
2023-04-03,207.82569885253906,208.79730102543633,205.83392625847773,206.95126282712056,2691398
2023-04-05,207.97146606445312,208.65158467922075,206.75696324327023,207.922882986511,1650303
2023-04-06,206.41688537597656,208.2629384597661,205.05664821989845,208.02003790864694,2050933
2023-04-10,205.44528198242188,207.77713615495344,204.37652845896713,206.41688418127512,1862218
2023-04-11,207.53424072265625,210.06039760668128,205.78535375650145,206.4654723473746,2490760
2023-04-12,205.59103393554688,208.5058405707835,205.25096723124665,207.5828066092467,3651067
2023-04-13,202.23898315429688,206.41687539665912,197.13807182740015,206.41687539665912,7245647
2023-04-17,198.0611114501953,207.92286770312154,195.92357478165414,199.61566605175742,17026157
2023-04-18,198.0125274658203,201.46171817369,197.42956022699317,199.6642482085336,5445958
2023-04-19,192.42581176757812,198.44974222624228,191.89142761166633,198.2068416849617,13033724
2023-04-20,191.21131896972656,194.3204430941381,188.2965123233145,193.34884087866743,21002757
2023-04-21,190.3854522705078,193.15452453099297,189.17094949406228,191.2113200886801,5468727
2023-04-24,187.2763214111328,191.21131323078035,186.20755307600336,190.38544544222825,8324707
2023-04-25,181.93251037597656,188.00502407343905,181.349543130831,187.22773935506928,12370487
2023-04-26,184.02145385742188,186.15899059389736,178.337589786721,181.9325150223347,11439942
2023-04-27,180.86375427246094,186.01324920142383,179.98931817105026,185.13881310001315,17670756
2023-04-28,191.16273498535156,192.28007159764337,182.75838179166135,182.75838179166135,25665162
2023-05-02,190.7740936279297,193.73746841118844,190.0939602427824,192.37723129183925,7601216
2023-05-03,190.28829956054688,191.79427113201436,188.87946448973162,189.46243174837747,5281432
2023-05-04,189.55960083007812,191.06557242482404,188.24793189058659,189.2195341196993,5880935
2023-05-05,187.2763214111328,189.41384325591886,185.18738264075677,188.4908241440195,5937611
2023-05-08,185.9646453857422,188.0050158288018,185.6245935288804,187.324897289606,5736049
2023-05-09,184.0700225830078,187.37347875653626,183.6328045848051,186.49902793465867,4401972
2023-05-10,187.2763214111328,189.36526018150883,184.11861430562732,184.55583232437198,6722726
2023-05-11,186.64479064941406,188.34509451853765,185.96465724138608,187.81071033743274,4525123
2023-05-12,180.91233825683594,182.66122529389355,174.20828857783476,179.697835429084,27560297
2023-05-15,184.79873657226562,185.77033877803512,179.9407255434181,182.66121468466733,6676725
2023-05-16,183.72998046875,186.15898594916462,183.19559629796422,185.28453508093162,3757570
2023-05-17,181.78677368164062,184.60441407149008,179.11486768850065,184.60441407149008,4403485
2023-05-18,179.8921356201172,183.4384924314613,179.2120170670631,183.4384924314613,3634991
2023-05-19,180.47511291503906,184.21578740362895,178.43474231663123,182.07825065273568,9067017
2023-05-22,180.523681640625,181.49528378634906,179.0662784220389,181.49528378634906,2713133
2023-05-23,178.28900146484375,180.71800693439204,177.9975178434034,179.8435708955438,4536859
2023-05-24,175.66567993164062,179.6492400383637,175.08271268408458,178.2890028946969,6669607
2023-05-25,173.77105712890625,176.8801811631737,172.70228879268643,175.81141282695387,8412284
2023-05-26,185.38169860839844,187.42205428780528,170.56476538743206,170.56476538743206,46839577
2023-05-29,186.98483276367188,189.17093762410173,184.94447712255413,186.5476147566804,9569139
2023-05-30,189.55960083007812,191.01700417374718,185.81892631780482,186.98484602764537,8735276
2023-05-31,189.51100158691406,191.2113053428135,187.51921422205172,188.92803436898825,9334255
2023-06-01,186.693359375,191.1627354868384,186.1589900180075,189.46243161338492,5210400
2023-06-02,188.00503540039062,189.46243877558746,186.98485007265808,187.7135517602565,2544046
2023-06-05,195.4863739013672,196.7494598183825,188.24793994968695,188.49084051736398,15642875
2023-06-06,192.1829071044922,195.63209768179524,191.16272188789944,195.63209768179524,9164050
2023-06-07,195.3406219482422,196.21505798316042,192.23149792628837,193.34883450706977,5766845
2023-06-08,190.5797576904297,195.68066902873326,190.38544022358877,195.58351770804902,5052298
2023-06-09,188.53941345214844,192.81445728306727,188.00502926691524,191.94002121666628,3658281
2023-06-12,189.3166961669922,190.82266772907732,187.17915944892331,189.4138474925124,3190269
2023-06-13,188.44224548339844,189.17094714019848,176.8316020501456,179.74640867734578,47047273
2023-06-14,189.3166961669922,193.59173995218364,188.87946331299517,191.01700003106404,9931784
2023-06-15,181.3009796142578,190.3368683715739,179.26060902846,189.8510672630957,13503602
2023-06-16,181.83534240722656,185.09021564668814,180.7665889024506,182.75837634038353,7779992
2023-06-19,179.9893035888672,183.38991121402796,179.21201888087876,180.71800522283021,6624041
2023-06-20,168.378662109375,180.52368945676972,165.26953807353652,180.23220583533768,34115277
2023-06-21,175.1798858642578,183.04985506926886,171.2448938490155,171.2448938490155,54185787
2023-06-22,174.35401916503906,180.47511624782587,173.72248363864125,179.64924841286842,18643830
2023-06-23,171.63351440429688,175.76282355471614,170.8076614694964,175.66567223469553,8603527
2023-06-26,172.79945373535156,175.03412689016525,169.6417466486674,171.73068540659244,9626417
2023-06-27,173.9167938232422,176.88018349873283,172.50797359814854,174.06252822307246,7980906
2023-06-28,172.4593963623047,174.79123579138025,171.4877941292776,174.49976698185094,7919670
2023-06-30,172.31365966796875,174.69408214216114,171.9250098846379,172.7508777019268,5205768
2023-07-03,175.7142791748047,179.74642272741923,171.29348581290031,172.45940558982116,15827828
2023-07-04,177.26881408691406,180.426521159641,174.15969008809287,178.43473373328794,10187047
2023-07-05,177.90037536621094,179.8435798384777,176.44297201201087,178.0946928483429,6480844
2023-07-06,183.97288513183594,187.61639343395464,177.51172151412817,177.99752262107734,16082769
2023-07-07,200.29579162597656,202.33616221717946,180.81517898477324,185.6731900824246,49451353
2023-07-10,195.77784729003906,203.45349889628304,188.92804867534255,201.75319501163008,39408934
2023-07-11,196.26364135742188,198.74122989410765,193.05735118203282,198.20684572729735,10820565
2023-07-12,196.21505737304688,198.30401095625822,194.85482025063186,196.36080659539522,5488223
2023-07-13,193.2516632080078,197.08950359073802,192.03716051106088,195.534934208457,5586963
2023-07-14,209.8660888671875,211.22632610558153,190.53120975822418,194.51477014236326,34984044
2023-07-17,223.12844848632812,227.69499087471763,207.53424439467088,209.4774488746754,54031974
2023-07-18,217.63888549804688,227.06342355675173,215.987164778558,226.38330500466483,17213357
2023-07-19,216.86160278320312,222.69121584095305,214.38401426856487,218.1246885774768,12411055
2023-07-20,217.15309143066406,219.48493077758266,215.01556955840985,217.9303761547946,8522583
2023-07-21,214.38401794433594,219.97073055380125,213.75248244910728,214.72408464205776,9706163
2023-07-24,215.45278930664062,218.0275292238588,209.7203422180737,215.5013723820637,9940786
2023-07-25,228.9580535888672,234.15613131378146,212.97520028793815,215.69568942597297,17049675
2023-07-26,229.73533630371094,236.58513475133915,225.70319312006825,228.42368223425422,22644911
2023-07-27,229.88107299804688,235.6135197124073,228.47223803011042,231.62994499532826,12805957
2023-07-28,238.1882781982422,240.18006571346243,228.7637396334744,229.24954074326112,15516473
2023-07-31,235.46780395507812,239.8400139452246,233.67033391782857,238.04254390797504,8152261
2023-08-01,230.31829833984375,238.9655517593078,228.56941146133624,236.5851293978124,9055794
2023-08-02,220.310791015625,231.62995031292016,218.61048722608876,229.29811104603087,14083361
2023-08-03,227.35491943359375,229.54102442814755,220.31080334003155,220.55370389498196,13110605
2023-08-04,227.69497680664062,230.2697166533775,218.6104904937128,228.22934614524706,14618518
2023-08-07,229.20095825195312,231.92144743879427,225.80035047477,227.40350303644033,7673126
2023-08-08,231.58139038085938,235.61353358207475,229.0552187297902,230.9984231304671,10386819
2023-08-09,235.37063598632812,237.653907115972,223.95430998905525,232.2129287955931,14981099
2023-08-10,274.3319091796875,282.44479413283915,232.2615275685744,238.09114123776862,113998476
2023-08-11,263.20703125,281.2302699327512,257.9603852762652,278.8498326715183,50706584
2023-08-14,263.6928405761719,271.5142563563356,258.1547256287657,264.2758078472007,21945155
2023-08-16,268.1622009277344,271.7571408440278,262.4297540120045,267.19059875045997,15777738
2023-08-17,266.0732727050781,268.7451787983078,263.8385698183545,268.2593776904478,8705149
2023-08-18,265.92755126953125,270.39689795901074,265.10168341571074,266.0246877750824,11166758
2023-08-21,263.4013671875,267.4820787118738,260.8751954909182,267.19060990689945,8749088
2023-08-22,264.7130432128906,266.6076497979412,263.40137425342647,264.227242090937,5591264
2023-08-23,266.121826171875,267.6278273131473,263.8871530602385,265.2473901564931,9742229
2023-08-24,264.4701232910156,272.7287417596432,262.81838773691203,268.5508346261233,16846419
2023-08-25,258.2032775878906,264.56725996345114,254.07396835083122,263.30418899837576,16867933
2023-08-28,255.48281860351562,263.30420470579986,254.31688406547275,258.4461935488663,11038103
2023-08-29,257.426025390625,261.3124343512628,255.62855531614056,255.92002412780948,7051558
2023-08-30,258.5919189453125,262.8183944348045,256.0171790520184,258.44618454587055,15712205
2023-08-31,254.75411987304688,260.63230158046593,252.7137492333738,260.53513542601536,12108313
2023-09-01,255.0941619873047,258.1547328328781,254.12255972545861,255.38566045642725,5493285
2023-09-04,258.1061096191406,259.7578451626877,255.23990101832604,256.50297197448907,5999687
2023-09-05,267.09344482421875,275.83786481981593,257.47458875925116,259.2234608979919,29199932
2023-09-06,269.376708984375,273.9918194178314,261.7496258115263,266.2190018456943,19205621
2023-09-07,275.3034973144531,276.5180000998081,266.7048116639506,269.1338172346605,11106623
2023-09-08,269.279541015625,277.6353257794205,268.1622044273668,275.44922085202353,11541409
2023-09-11,271.85430908203125,274.331912713927,267.1906299469727,270.1540050732778,5817565
2023-09-12,263.83856201171875,273.89465057706235,261.74962323991923,272.38867904763487,10076044
2023-09-13,268.0650634765625,270.0082680391341,262.332615947166,264.27582050973757,4676896
2023-09-14,265.1016845703125,272.2429671653543,260.92377703023834,268.3079601921118,14090766
2023-09-15,266.36474609375,268.25938230739047,259.9521654294442,265.19884120538796,10766194
2023-09-18,260.5351257324219,266.8019718244761,257.8146514147086,266.7048056736407,6098515
2023-09-20,257.0859375,261.8953504020656,255.72570040601008,260.38937891424547,5002324
2023-09-21,259.66070556640625,260.82664014588624,253.97682638060024,256.5029982021749,5993698
2023-09-22,257.96038818359375,260.0493270164731,253.8796470186159,259.5149576583923,4749755
2023-09-25,255.19129943847656,262.33258118994735,254.07396289322682,258.8834054087537,6572902
2023-09-26,254.9484100341797,258.5919182653778,254.17114013856911,255.53137728136056,4935004
2023-09-27,254.3654327392578,256.4058031983208,248.92448438301602,255.53136718756375,9762971
2023-09-28,246.83554077148438,255.0455763596824,245.76677242607366,254.75410756136398,11808134
2023-09-29,257.037353515625,259.2720563954569,247.32134621386317,248.48726590403672,14122312
2023-10-03,255.92002868652344,259.0291677707958,253.3452886344264,257.0373653524205,5254494
2023-10-04,250.3332977294922,255.0455742700033,247.85572401124756,254.55977317615566,5890144
2023-10-05,250.96484375,255.38565168004635,250.33330823169248,251.8393094763686,4062672
2023-10-06,253.24810791015625,254.26830801237693,251.1591691069607,253.05380526040904,2683516
2023-10-09,249.41030883789062,251.79071655411957,248.19579120282634,250.2361470276542,2847215
2023-10-10,251.7421417236328,254.55978223806324,250.43047279336184,251.15917446007384,3367342
2023-10-11,252.2764892578125,256.16289781067985,251.40205326360618,254.55976021281091,6393152
2023-10-12,254.8026580810547,258.9319671252662,251.159150100868,251.6449511648929,6831071
2023-10-13,251.06199645996094,256.0657417383991,250.673361519577,253.97680298925835,2511931
2023-10-16,248.39010620117188,250.86770969850716,247.661404522711,250.86770969850716,3396777
2023-10-17,248.39010620117188,250.6733773905387,246.3983334737577,249.8961074605593,3695361
2023-10-18,249.45887756347656,256.1143589028572,248.73017587633885,252.13078374964817,12964782
2023-10-19,252.1307830810547,254.3654563886388,247.07845436205892,249.31314249511678,6736073
2023-10-20,254.073974609375,257.86321724888586,251.35350031714822,252.13077021465702,7221547
2023-10-23,242.6090545654297,254.17112907790664,241.29740055456085,254.02539468518978,5388772
2023-10-25,236.53656005859375,245.18382880563723,233.91323700124457,242.90055763369114,7600215
2023-10-26,231.87286376953125,234.93341965645203,230.26972603743465,234.93341965645203,5686883
2023-10-27,242.07467651367188,244.3579475602289,233.18452252268364,233.18452252268364,7945658
2023-10-30,243.4349365234375,250.96483882060318,240.08291186619616,242.51191738962802,11390994
2023-10-31,251.8393096923828,257.8146574723278,240.61728615351356,245.08666233843758,14610294
2023-11-01,260.0979309082031,264.5672774811323,247.90430503377155,251.8393118872599,16792204
2023-11-02,261.7010498046875,265.83035901748354,260.92375027994706,261.36098311579764,7952540
2023-11-03,267.4820861816406,268.9394895491053,261.70107061459913,264.95594406545973,9131995
2023-11-06,260.7294616699219,267.38494280718095,259.563527145531,266.9962781984196,5791400
2023-11-07,254.9484100341797,261.74962539908284,252.81090299577767,261.74962539908284,6970383
2023-11-08,252.32508850097656,258.9319712157088,251.1591540685206,256.50296585721253,5882001
2023-11-09,255.38565063476562,258.591926115171,248.8273356195254,253.10237947704817,9494598
2023-11-10,241.88037109375,258.3976237541315,238.86841308972728,256.4058214011186,26360902
2023-11-13,244.94091796875,247.27275729398548,242.2690119469093,244.84375181958484,5655814
2023-11-15,241.1516571044922,247.27275377804116,240.37437239864153,247.1755876302576,9853038
2023-11-16,242.9491424560547,246.30116721039133,239.11131658295986,241.7832227361298,9713921
2023-11-17,239.11131286621094,245.2323950070388,237.07094226895273,242.80338945100445,5410902
2023-11-20,236.68231201171875,240.5201379013943,236.19651089086176,240.32582041814624,4294860
2023-11-21,244.60086059570312,246.25258141616035,235.2734732882794,236.43940782081242,12911518
2023-11-22,242.22042846679688,249.55602795229998,241.05450880613114,244.55226778812832,10638003
2023-11-23,242.75482177734375,245.71819670237156,242.269020664982,243.77499225292465,3355581
2023-11-24,245.6696319580078,247.5642533581662,242.75482524223384,243.8721618864244,6668378
2023-11-28,248.5358428955078,249.70176255713918,245.81535380138604,246.44688929400678,7019135
2023-11-29,242.6090545654297,251.88785808886018,237.16809140556316,249.21595216892047,32090406
2023-11-30,245.91253662109375,249.70177948463999,241.63747780467162,245.32956933802177,25439157
2023-12-01,258.98052978515625,262.2354027741051,246.78693520152135,247.8071203790629,34690283
2023-12-04,248.63299560546875,260.9723553341662,247.2241753887474,259.4177858930077,44096256
2023-12-05,244.55227661132812,251.74214195820343,241.97753665006923,249.70177135931925,13066339
2023-12-06,250.721923828125,251.9364265198926,245.6210273481734,246.59262950158748,14387456
2023-12-07,263.8871765136719,264.8101808587967,249.75034601327397,254.55978900173926,34243388
2023-12-08,271.0284423828125,275.7892871769823,263.98432651513855,272.04861282051115,42790651
2023-12-11,277.78106689453125,279.8214374729609,269.6196142317592,272.1457859169127,28275741
2023-12-12,280.84161376953125,291.1892012784174,274.47763099965266,277.7810726637953,61712266
2023-12-13,276.4693908691406,284.09647397882975,274.5747843921889,283.70783903363036,14187798
2023-12-14,270.00823974609375,279.8214276889869,251.7421306323297,278.80125726091563,35557081
2023-12-15,269.716796875,278.41261942649174,265.247420489673,274.86627706075717,27948051
2023-12-18,272.534423828125,273.9918271641043,258.4461915803253,263.1584682968477,26259529
2023-12-19,263.98431396484375,269.13379345946663,259.56350642611625,266.12182088767366,31847804
2023-12-20,244.79518127441406,268.7937536247226,241.10308979925728,264.7616102610285,26075974
2023-12-21,254.75411987304688,259.2234664683007,248.77874236022984,250.6733785937007,31817471
2023-12-22,259.9521484375,264.9073254292445,256.2600720559347,258.64050923019727,18959049
2023-12-26,256.8916015625,262.5754800487866,254.46259619664627,260.19504292987216,8985988
2023-12-27,258.5433349609375,260.9723403069611,253.92822480349272,259.8064058804921,8129694
2023-12-28,263.59564208984375,265.1502114049213,253.73388654714358,259.41776485333224,21342905
2023-12-29,266.8991394042969,270.34831539532314,262.0896965961848,266.219005995754,20300780
2024-01-01,276.9552001953125,279.4813718906125,266.364741956384,267.28777592324536,17805173
2024-01-02,279.52996826171875,282.9791442540505,270.6397843008773,277.87823264088735,28467964
2024-01-03,277.5381774902344,282.73625547118274,274.33190191743506,279.8214487137479,12136773
2024-01-04,282.34759521484375,284.3393677936727,276.42081607530724,278.2668542595052,12952680
2024-01-05,275.0119934082031,284.87377955070934,272.63158578662456,283.70784503948363,20893253
2024-01-08,270.2511291503906,278.4611790888948,268.50225715980645,277.9753780191832,11033896
2024-01-09,249.02163696289062,261.3609970092058,233.4760162785227,248.8759025601752,157297159
2024-01-10,252.4222412109375,260.1950588574753,249.11879964134815,252.4708391117961,59317188
2024-01-11,244.0178985595703,254.89985559329315,242.9005619049968,253.5881866288167,19043312
2024-01-12,242.85195922851562,249.89608978074824,241.39455597470322,246.3983160414094,15288111
2024-01-15,235.905029296875,245.5724687205826,235.17632760927683,244.79518395538312,17638995
2024-01-16,246.10684204101562,247.70997975265533,236.34223689387204,236.97377239834267,28921018
2024-01-17,238.868408203125,250.1389997195093,238.04254039808524,241.54031426881778,19673798
2024-01-18,241.1516571044922,256.50297444952014,226.96627423097655,238.86840088630467,55813937
2024-01-19,228.32652282714844,245.81536287348322,222.54549255470468,244.35795953628866,73034564
2024-01-23,151.5213623046875,202.38474413659588,148.16933763155996,202.38474413659588,228434365
2024-01-24,161.62603759765625,165.5610147859894,153.51315301148037,153.51315301148037,146400155
2024-01-25,158.5654754638672,163.22916897099006,153.6103131582459,162.2575667747342,38211764
2024-01-29,157.1566619873047,163.1320098204656,156.4765433858392,159.34276702267678,29686724
2024-01-30,166.04681396484375,171.29347486383273,156.71944152020782,158.27399618157713,60085292
2024-01-31,168.18435668945312,169.44742776371896,162.74337811771605,167.11558827610244,16230285
2024-02-01,165.70677185058594,172.16792108362412,164.49226900035512,172.11933800452005,12092548
2024-02-02,167.99002075195312,173.91680032448537,164.88089656040898,168.08718690578752,31839130
2024-02-05,172.9451904296875,176.44296425620743,170.32186747253402,173.13950790327797,26473589
2024-02-06,170.8076629638672,176.05430870599545,169.5931602619419,172.9451847541612,18508957
2024-02-07,177.1716766357422,178.92054882948977,173.09093531573427,173.09093531573427,28616071
2024-02-08,187.81069946289062,189.46242016073592,179.4063319297079,179.7463986140315,45808076
2024-02-09,197.4781494140625,200.53869044896203,179.98930961355512,189.4624311721633,69898250
2024-02-12,182.56405639648438,203.74498835956473,180.2808000098757,200.1500630084876,30673450
2024-02-13,183.29275512695312,185.38170882092717,174.88840175078533,182.85553708767085,17661292
2024-02-14,194.51475524902344,197.08950994484368,175.17987762046658,177.80320056535263,36486252
2024-02-15,182.56405639648438,197.62389123450166,181.15523610253882,197.62389123450166,22513855
2024-02-16,178.5319061279297,185.47885600081358,177.31740336515466,182.6612155213648,16202833
2024-02-19,173.4309844970703,180.13503342979337,172.65369980873967,178.774796344319,17690102
2024-02-20,187.1791534423828,199.42134680104013,178.77480054271075,180.71800489643587,85302095
2024-02-21,159.92572021484375,171.24487936008757,159.09985245511683,168.47580729556532,106831188
2024-02-22,163.37490844726562,165.07521234355195,158.7597978716313,161.09165211039374,29874674
2024-02-23,168.52439880371094,172.1679070575767,164.29793812451044,165.75534142605676,27251454
2024-02-26,166.48403930664062,171.92500261391393,165.56100537618585,169.59316331443574,11795993
2024-02-27,168.13577270507812,171.73069807305438,165.90108455996625,166.28971953064925,17653282
2024-02-28,157.39955139160156,169.78747904742204,154.82481157371808,168.96161127351166,31725213
2024-02-29,156.37936401367188,160.12003824375674,150.11253307374588,158.07966778635185,75726897
2024-03-01,150.88983154296875,157.35098053900504,150.11254678223784,155.4563591272366,33783224
2024-03-04,150.5011749267578,155.40776900436103,149.43242140149522,154.4847498789837,13717476
2024-03-05,150.6469268798828,152.44438208806454,148.94662299822608,151.7642635004965,12693564
2024-03-06,149.67530822753906,151.86141297820768,145.7403167112412,151.08412832398673,16147540
2024-03-07,156.03932189941406,158.37116128881468,148.12075493968936,149.9182249703959,26002110
2024-03-11,151.6185302734375,159.73139996209875,150.59834497143953,156.52512447792424,16333389
2024-03-12,151.91001892089844,156.6222809754378,149.2381127122355,152.4443883022519,19572653
2024-03-13,141.12522888183594,154.92197806904454,137.67603787866528,153.02735661885825,23856313
2024-03-14,142.72836303710938,148.21792458498197,141.02805911816606,141.2709596780151,16457230
2024-03-15,137.676025390625,144.8658903891713,136.99590683243792,142.77693681523706,19414252
2024-03-18,138.89053344726562,141.41670513241914,137.96751430958489,137.96751430958489,10919077
2024-03-19,136.70443725585938,140.6880125172922,135.92715247003417,139.23060910342275,10707225
2024-03-20,136.6558380126953,139.5220762479862,134.42116490280213,137.8703407139296,15709638
2024-03-21,136.89874267578125,139.5706486989638,136.41294158065716,139.13343067844667,10714726
2024-03-22,138.4047393798828,140.6880106278028,136.5101179323928,136.8987529073488,15330156
2024-03-26,135.2956085205078,139.1334343069823,134.51832378294344,138.64763319918876,17706163
2024-03-27,137.3359832763672,141.46529281808105,135.44134703802538,136.70443292176202,72718298
2024-03-28,134.61549377441406,140.54225856326445,134.08110957550392,138.93912079200769,29308668
2024-04-01,142.92269897460938,144.08861872639633,135.00413162716984,137.870355341076,22815634
2024-04-02,148.99520874023438,150.3554459397095,142.87411169164906,143.0684291736493,37622953
2024-04-03,148.5093994140625,152.78444308367088,147.53779723229036,150.74407257176026,24627449
2024-04-04,148.70372009277344,150.0153741711738,147.3920511889,149.52957306980926,7924622
2024-04-05,148.02359008789062,149.23809274753702,146.9062387457328,148.655125540718,6817653
2024-04-08,145.4488525390625,150.50118122808678,144.5744164521929,149.383844580923,7297445
2024-04-09,142.3397216796875,147.34346705769212,141.95108673157037,146.71193156063353,8403197
2024-04-10,146.0318145751953,148.02360206324872,141.6596046467492,143.31132543240088,13758998
2024-04-12,142.3883056640625,146.42044887205628,142.04823896318317,146.03181392145677,6936935
2024-04-15,137.82177734375,140.88231832898356,137.19022702147421,140.20219975731754,8739745
2024-04-16,143.50564575195312,144.62299720664546,137.04449688208584,137.33598051485225,11804053
2024-04-18,140.68800354003906,145.49743153382545,139.91071880381213,145.49743153382545,10568960
2024-04-19,138.7933807373047,140.20220096766207,137.87034678335422,139.08484953805421,5270773
2024-04-22,138.06468200683594,140.88232252719038,136.99591362988858,140.20220393525724,6108928
2024-04-23,139.47349548339844,140.78514952715844,138.16182661416576,138.16182661416576,5996412
2024-04-24,136.12147521972656,140.63941955503586,135.53850796495684,140.39651900312734,19718041
2024-04-25,138.6476287841797,140.8823167739647,136.80159056353753,137.23880858153458,24465317
2024-04-26,141.7567596435547,144.76873249134934,139.0362852557739,139.57065462271217,21769724
2024-04-29,145.06021118164062,147.05199865339242,142.38830513612487,142.82552316029648,26874062
2024-04-30,142.77694702148438,148.31507685614125,141.90251093066044,146.17755488098098,10862244
2024-05-02,139.76498413085938,144.2829284866146,139.52208357785162,143.3113262745835,8301541
2024-05-03,139.03628540039062,141.61102538631607,136.80159730055473,140.88232371194394,11690357
2024-05-06,132.5265350341797,141.07663741633039,132.04073393093788,140.88231994012827,20391420
2024-05-07,129.9031982421875,137.19021401671714,128.73727868335706,132.76942148174152,26162581
2024-05-08,130.5833282470703,132.91518239551937,129.70889220732244,130.29185945080292,10570363
2024-05-09,128.39723205566406,133.74104445764814,126.7940942652584,131.1177213344962,15330548
2024-05-10,127.52278900146484,130.0975289063528,126.4540206491681,129.2230928548177,8401582
2024-05-13,126.11397552490234,128.8344648009945,125.57959132014737,128.05718003275763,7114440
2024-05-14,127.96001434326172,129.903218858195,126.30829347066322,126.69692844346031,8313748
2024-05-15,127.0855712890625,129.75747735091963,126.30828656051854,129.1259270228332,7856069
2024-05-16,129.27166748046875,130.7776537600978,126.55117852782794,127.23129705962012,8765244
2024-05-17,131.1177215576172,132.1379068920995,129.46600068656073,129.70890125070062,8292602
2024-05-21,143.4084930419922,144.4772465845333,135.10129112834798,136.94732940894744,30397454
2024-05-22,146.954833984375,147.48921816395827,141.46528743845371,145.0602126435554,19707535
2024-05-23,144.33151245117188,148.1693382472351,143.94286266868204,148.1693382472351,9677633
2024-05-24,147.34347534179688,148.6065612324016,143.99145054303833,145.25453643364304,17134600
2024-05-27,144.7201385498047,148.4608127903821,143.69995331824063,147.87784556506767,27031081
2024-05-28,146.71192932128906,148.46081621206784,141.70818401965937,144.6229905624664,15404551
2024-05-29,146.66334533691406,150.11253602292368,145.0602076785088,145.74032623584822,14704453
2024-05-30,147.78070068359375,151.56994333682516,145.83749628183958,146.6147661821628,29864192
2024-05-31,144.67156982421875,149.86964781811605,143.6999675693201,149.62674725439138,10833108
2024-06-03,151.86143493652344,155.6506777887304,147.24632424001487,155.45636030344585,30185715
2024-06-04,134.90696716308594,153.80462639446134,121.93607227028134,153.70746024732387,31735462
2024-06-05,142.14541625976562,145.54602423332236,134.08111438595057,139.66782748536517,16668349
2024-06-06,149.1895294189453,153.0759384441189,145.98323900808234,146.7119407003024,30871486
2024-06-07,151.81283569335938,153.1245045239389,147.10055934324862,149.18951285767258,14939089
2024-06-10,159.74111938476562,160.80016221221902,149.62673704339412,152.54154360917454,36227048
2024-06-11,160.53782653808594,163.8121360167486,158.86666957655058,160.34350906416918,25093283
2024-06-12,162.06324768066406,163.32633348826604,159.43992474208932,161.0916454941199,15657290
2024-06-13,160.36294555664062,163.90928764498608,158.9055422613524,163.4720696214942,22155969
2024-06-14,159.32333374023438,160.80017332004664,157.98253270867647,160.3143721921915,11681310
2024-06-18,156.3502197265625,160.40179900441873,155.0579870588501,160.02287475038824,11578858
2024-06-19,149.9570770263672,157.0011928371582,149.6461720377574,156.77772848670685,14055999
2024-06-20,151.1715850830078,152.34723028643816,150.01537607501118,150.48175581258053,9058904
2024-06-21,149.8599395751953,153.07594071924927,149.2575360860178,150.95784005980244,9367367
2024-06-24,146.8382568359375,149.96681735325018,146.6147776379336,149.72391678405182,11607091
2024-06-25,144.5063934326172,149.43242378389854,143.8942941178672,148.65513904601428,15834071
2024-06-26,151.19102478027344,152.92047557709856,144.87561023611076,145.64316948057754,43164207
2024-06-27,146.91598510742188,155.6992630654069,145.83750599956608,153.5131579677647,71011255
2024-06-28,147.4794921875,150.50117563835082,146.4690324174139,148.50940297829348,16504456
2024-07-01,148.5871124267578,150.01536879966665,146.71192735886143,147.68352952680092,9014587
2024-07-02,148.8494415283203,151.85168851514607,148.37336597875168,149.4129725358768,9846565
2024-07-03,146.53704833984375,150.4914615149642,146.22612852509172,150.11253725665563,8479126
2024-07-04,145.759765625,147.9652919360326,144.185759985835,146.7119316261432,11253890
2024-07-05,146.80909729003906,148.84945300002127,145.26423853583543,147.6835333335353,15595180
2024-07-08,146.3913116455078,148.31507998113847,144.2829365072533,146.80910832915242,8987253
2024-07-09,146.42044067382812,148.82029916436582,145.9832226725157,146.8090904281398,7637628
2024-07-10,142.28143310546875,147.5863729854238,141.75675959836863,147.00342054200237,9702233
2024-07-11,143.0004119873047,144.07889107743546,142.24256341861533,143.06843126100762,5574864
2024-07-12,151.0841522216797,154.86368443986547,144.28293636604138,144.76873749858697,45356138
2024-07-15,155.59237670898438,156.95261386748504,150.64692503750382,152.34722889836624,28769035
2024-07-16,151.11329650878906,159.37191562025328,150.39430550779693,157.1858105613363,20651457
2024-07-18,138.37557983398438,144.76872391758968,137.9675086999848,144.76872391758968,49068184
2024-07-19,133.61473083496094,139.91070856945416,132.9637591783125,138.93910642661075,17598440
2024-07-22,130.6416473388672,135.48993316270224,130.09753761597048,133.61474790369388,14443434
2024-07-23,130.8942413330078,132.42937449146035,126.08481371075439,131.263454889925,15815164
2024-07-24,132.80831909179688,134.7126512736241,131.16630885333478,131.16630885333478,9127957
2024-07-25,136.03402709960938,139.18202375950816,131.8464237306487,132.81802599075,14302327
2024-07-26,138.5699005126953,140.39651738616143,136.0534543820188,136.51010860038534,14753283
2024-07-29,139.92042541503906,143.7388297138008,139.13343001675648,139.6192311095702,19007931
2024-07-30,141.03778076171875,142.8060890796879,139.44435372581847,140.3868090582293,16747925
2024-07-31,144.44808959960938,149.09234668215316,141.22237817670202,141.36811256874896,56167370
2024-08-01,137.74404907226562,145.93464856311442,136.99591122155445,145.2545299831375,23849671
2024-08-02,138.6087646484375,141.33896428578163,135.344180869778,136.02429940169205,13396158
2024-08-05,130.3695831298828,136.02431535590577,129.85463512207338,135.53851422963467,16478131
2024-08-06,130.48619079589844,134.71265187130624,129.90322349044075,132.13791172739602,10774872
2024-08-07,133.07064819335938,134.0616717954755,131.17601198093038,132.2350696809747,7612052
2024-08-08,134.32400512695312,137.28739482360078,132.6722843400346,133.1095023681199,14952608
2024-08-09,133.62445068359375,135.82999185024332,133.26496261023797,135.2470245943667,5924140
2024-08-12,132.20591735839844,134.23656238120756,131.68124387254596,133.634158940952,6081288
2024-08-13,131.80755615234375,133.69246676585246,131.21487822567838,132.7694328284838,5287671
2024-08-14,130.1072540283203,132.7791600756138,129.6214529288124,132.13789906614983,4781650
2024-08-16,130.5930633544922,132.59456163847275,130.2724328295622,130.92340456485377,6258945
2024-08-19,131.2440185546875,132.61398112711558,130.58332139172992,131.65208967351185,9562094
2024-08-20,131.45777893066406,132.31277877432186,131.18573150420846,131.36061278172727,6500142
2024-08-21,135.3441925048828,138.64763412986417,131.50636669264682,131.55493494337358,17685721
2024-08-22,135.48020935058594,137.47199676996865,134.87782074758658,136.02430419529148,8447493
2024-08-23,132.7597198486328,135.99515685215306,131.65209396841192,135.4802088883513,6998221
2024-08-26,131.36061096191406,134.5669011012625,131.06912734461463,133.59529892724618,6103947
2024-08-27,146.54676818847656,150.50118161087738,130.97198540883787,131.3606203761076,101988877
2024-08-28,141.52357482910156,150.4428755823494,140.3576551968791,148.70371423122617,52019960
2024-08-29,138.2784423828125,144.04003673602597,137.43313832536637,142.04824911454764,16449010
2024-08-30,136.78216552734375,140.68801077939844,136.03402763299962,139.6192423589068,15141363
2024-09-02,137.96751403808594,138.9876993252932,136.07289269068573,137.36512541108516,9964647
2024-09-03,133.0123291015625,138.81279515348456,132.82773714549225,137.19022133354179,19722509
2024-09-04,131.7881317138672,133.83821310287206,131.38977122383196,132.13790912515864,12648718
2024-09-05,131.749267578125,134.5474719034849,131.22459407460707,132.57512057370192,12071667
2024-09-06,130.60276794433594,133.0123372860915,129.8060618373852,132.04073507121728,11910991
2024-09-09,129.2522430419922,131.60351865173362,128.8053143199403,130.72908257782447,9478885
2024-09-10,134.95553588867188,137.967508554919,129.5923025684829,130.09752502406204,37384945
2024-09-11,131.63267517089844,135.63568671964632,131.17602090483865,135.29561998518497,11068235
2024-09-12,130.90396118164062,132.6917205096571,130.22384260192013,132.1379001355091,9861135
2024-09-13,132.07960510253906,135.82999017797368,131.7492639134968,133.64388523356038,22857222
2024-09-16,131.0302734375,132.9929140349164,130.68049605207403,132.6722835294865,8515777
2024-09-17,129.2036590576172,131.9921675101912,128.98019469816157,131.0691335408615,8390941
2024-09-18,127.48393249511719,130.63191416716026,127.1730126716954,129.31053456856404,12337244
2024-09-19,122.54817962646484,128.54297067805024,122.22755654249309,127.48392786573947,15571976
2024-09-20,124.52053833007812,126.19169525743756,122.03323172093873,123.39347624874779,14064662
2024-09-23,123.73353576660156,126.49288980408728,123.44205956112404,125.44355767380104,9781685
2024-09-24,123.69467163085938,124.94804675005749,123.39347732599754,123.83069534355415,8295717
2024-09-25,130.7776641845703,132.97347985523726,123.6946757287062,124.0250243367207,59580920
2024-09-26,132.65284729003906,134.8583884370017,130.34042930796883,130.82623040837194,28395330
2024-09-27,131.89500427246094,134.85839407387982,131.21488566856323,132.13790483281537,17542580
2024-09-30,133.7896270751953,134.56691184154087,129.19395257643276,132.86660790130477,17555649
2024-10-01,136.1311798095703,137.9577966222899,133.35239702713355,133.49813142156438,28757338
2024-10-03,131.9047088623047,139.47349827545574,130.99141525097374,134.469738068097,33386637
2024-10-04,128.0280303955078,134.26571495240674,126.99813440058777,131.84642005502914,15023314
2024-10-07,122.373291015625,129.48542605514578,121.83891426684444,128.8344543767425,17655490
2024-10-08,123.18944549560547,126.40545386181346,121.67374841515748,122.47046193343611,15608611
2024-10-09,125.27839660644531,127.76569599673948,123.24774404738726,123.6655333117948,19076402
2024-10-10,125.64759826660156,129.2716701670537,125.33667845962226,127.2798827768257,13128442
2024-10-11,126.45401763916016,128.7372886895027,125.21036803634844,125.91964830120453,10132329
2024-10-14,127.53250885009766,128.2320636717811,125.48242746372857,126.93983087132344,7970454
2024-10-15,125.62816619873047,127.57137057976118,125.09378202885244,127.279886957512,7416454
2024-10-16,125.2395248413086,126.59977689470072,124.36508874128597,126.40545940863724,6779608
2024-10-17,122.18869018554688,126.34713884751328,121.93607154741238,125.04519550623597,8192849
2024-10-18,128.6984405517578,130.30157833398795,121.37255128485968,121.45028124391264,41149717
2024-10-21,122.62590789794922,132.5265288817272,122.2275548664072,130.68049070529858,24206987
2024-10-22,120.08031463623047,124.04445346709504,118.09825263353483,122.90768065041284,17585312
2024-10-23,120.0608901977539,121.81948790494181,118.2439913146807,119.50707720963338,12689291
2024-10-24,120.71185302734375,122.82994608081026,119.4099096614561,119.4099096614561,8264160
2024-10-25,116.16475677490234,121.31425140509383,115.43605512418108,120.47867291924787,12774732
2024-10-28,117.20437622070312,118.53547396578948,115.89271467166185,116.89346379861381,9252028
2024-10-29,115.82469940185547,118.51604169414337,113.65803060902535,117.16550779276285,12173164
2024-10-30,118.72978210449219,119.50706680490313,115.42634065958632,115.62065812832093,8282891
2024-10-31,118.68121337890625,119.50707378839252,117.41812752011312,118.14682918955452,5920918
2024-11-01,119.6916732788086,119.99286757838725,119.31274902684311,119.50706649507393,1346411
2024-11-04,117.02947998046875,119.76939784009453,116.5922619632013,119.50706851228132,4256608
2024-11-05,117.99137878417969,119.77912335352212,116.16476182284468,116.59226918192086,8181498
2024-11-06,119.85684967041016,120.28435701649731,118.1176808184261,118.1468276987981,5868263
2024-11-07,121.36283111572266,123.21858741348976,119.57507926089161,119.71110297223638,9101617
2024-11-08,120.08955383300781,122.43042292146134,119.87407509305643,122.13658691742584,4224942
2024-11-11,118.2384033203125,120.6184509780869,117.85642100866869,119.28640741399984,5348290
2024-11-12,116.60273742675781,119.77613188696733,116.40684426713996,118.53223460921387,3947990
2024-11-13,112.53804779052734,118.4147081715203,112.00914745953077,115.98568525945011,8135008
2024-11-14,113.16488647460938,114.35980856692174,112.22462174768157,112.34215016819768,4648289
2024-11-18,113.02776336669922,114.23247449491492,112.25400222840602,113.2236490464313,4208969
2024-11-19,120.02098846435547,123.5959581702426,117.25895852871592,117.28834063347384,54141979
2024-11-21,116.1130142211914,120.4715342181071,115.08459569615923,120.4715342181071,13623299
2024-11-22,114.7613754272461,117.04348022419494,114.44795385441843,115.81917603774939,8245943
2024-11-25,116.0444564819336,118.47347191175926,115.76041700127752,116.55376375832928,7928140
2024-11-26,118.10128021240234,119.92304543003893,116.16197910336481,116.21095425958848,7326817
2024-11-27,119.71736907958984,121.64686628467798,117.37649249819894,117.72909271708694,9792089
2024-11-28,120.57927703857422,122.22474224219998,119.5606550103716,120.17770165952123,6700108
2024-11-29,126.5049057006836,129.9623395040049,124.87902616534922,126.34819117905921,46663653
2024-12-02,127.8271484375,128.7968027510016,126.84770507057223,127.32763770060994,12878159
2024-12-03,135.32968139648438,136.14262114348927,127.95447441072358,128.4050249126623,35419356
2024-12-04,138.199462890625,138.83609509112557,133.93887833306118,136.0936507175856,26851436
2024-12-05,139.93307495117188,140.55012908079436,135.2709297082474,138.28761719900572,20579823
2024-12-06,140.63827514648438,141.3140934881597,137.9448057787247,139.86452143123546,15720705
2024-12-09,138.3855438232422,140.530527142864,137.7097404681937,140.530527142864,9742089
2024-12-10,136.79885864257812,139.72739980504824,135.9271546095529,137.70974878108782,8876327
2024-12-11,135.212158203125,137.51384112126252,134.78120073552626,136.798851656448,6259630
2024-12-12,131.90164184570312,136.89680920014914,131.2454165563359,135.28071861130113,7787100
2024-12-13,130.0015106201172,132.11711182600905,127.93488457035714,131.73512952037186,8463206
2024-12-16,132.9006805419922,135.84879986683998,130.03090353932774,130.03090353932774,12776479
2024-12-17,133.01820373535156,135.35907282786783,132.22485698466278,133.40018605772468,9606240
2024-12-18,128.99269104003906,132.98882185121033,128.3070836583695,132.17588204683068,7861423
2024-12-19,127.75859832763672,130.0896783809175,126.73996883161483,127.32764084432901,8321591
2024-12-20,122.55774688720703,129.47262219963497,121.45097856300445,127.87612471511842,9710844
2024-12-23,123.03768157958984,127.03380493936339,122.57734198979101,125.46670447940834,9513807
2024-12-24,123.54698944091797,124.9280082168589,123.13562500778836,123.16500711407475,4459275
2024-12-26,122.28350067138672,124.2619804216999,121.84275415320472,123.81143737770772,3910967
2024-12-27,122.1463851928711,123.08664995766654,121.54892412265315,121.95049950241543,2498981
2024-12-30,119.59003448486328,122.2541216580642,119.11010932386398,121.4215962845789,4421171
2024-12-31,118.79668426513672,119.86427392483778,117.55278703179437,118.70853047831606,4445600
2025-01-01,120.54009246826172,123.50780461533931,118.51264503800161,118.51264503800161,9718803
2025-01-02,121.42159271240234,122.77322183879431,120.54988873289047,120.54988873289047,5188330
2025-01-03,122.92993927001953,130.07008232293302,121.45097769130064,121.45097769130064,29628714
2025-01-06,120.04058074951172,123.7134935006356,119.34517683200615,122.9299432639319,10879559
2025-01-07,126.8379135131836,128.10138885572493,119.99160660583118,119.99160660583118,12933885
2025-01-08,131.0201416015625,133.6744247206702,126.67141072016497,128.30707932733574,33626381
2025-01-09,130.01132202148438,133.48833412804004,129.09064283621086,130.2953540310312,9825159
2025-01-10,122.62630462646484,129.28652240610634,122.13658295068414,129.28652240610634,9149763
2025-01-13,116.73986053466797,123.99753219925937,116.06404220151586,121.25509517929967,9177966
2025-01-14,121.9798812866211,122.78302457146472,117.54300390373136,117.72909306740482,6980366
2025-01-15,119.97201538085938,122.87116683716552,118.35593233821498,121.5489197922964,6127348
2025-01-16,120.20708465576172,122.72425374588677,119.6977699332706,121.40199925609309,5194387
2025-01-17,118.90442657470703,121.35303499892852,118.64976920627123,120.22667362927466,6462601
2025-01-20,118.46367645263672,121.01023527523478,118.28737634141932,119.2962093221723,7653484
2025-01-21,118.1208724975586,121.54892439616762,117.65074385038302,118.78689430819075,8758744
2025-01-22,115.53514099121094,118.90442863246777,113.87987927657208,118.51264978330023,9029927
2025-01-23,118.26778411865234,120.86331048202084,115.52533975876116,115.53513628454526,21550115
2025-01-24,113.91905975341797,119.78593111462918,112.73393413310161,119.49209510485547,12107334
2025-01-27,106.30878448486328,114.35001367161621,105.39790185007563,113.85049545962043,17052739
2025-01-28,101.52910614013672,107.68979853264489,101.24506665824275,106.75933029433298,21437621
2025-01-29,103.97771453857422,104.79064687836176,101.67601657920925,102.79258145319221,17513410
2025-01-30,102.2930679321289,106.41652362223931,101.71519245822142,104.80044056757318,10248249
2025-01-31,103.41941833496094,104.26174020232475,102.44977152394804,102.84155035313859,9399765
2025-02-01,106.80830383300781,109.29608344829413,102.29306924262377,103.82099852785223,10073225
2025-02-03,104.39886474609375,106.00515874033464,103.63490011658203,105.54481916292119,5886880
2025-02-04,105.58399963378906,106.66138586014202,104.60455625118456,104.78085635895577,6947979
2025-02-05,107.6212387084961,109.0610217102212,105.5937911579706,105.77988779623878,7329396
2025-02-06,106.25981140136719,108.41459134518624,105.79947181196985,107.738773014151,5388634
2025-02-07,107.20986938476562,108.66923790015393,105.09427561100486,106.3185798120997,6128410
2025-02-10,102.76319885253906,107.20987274707919,102.49875242473534,106.66138683900624,5518115
2025-02-11,98.17940521240234,103.1353939426048,97.75824424768759,102.76320066479722,9959673
2025-02-12,97.70927429199219,99.67795011785712,94.32040107271226,98.46344241138084,14004698
2025-02-13,97.88557434082031,100.13828964399715,97.65050254805054,98.04228139677348,6352262
2025-02-14,94.58484649658203,98.77686294915172,93.71314248997571,98.16961283862953,11911862
2025-02-17,94.76114654541016,96.8963334021316,92.41048095054691,94.71217138762886,10404182
2025-02-18,96.3184585571289,97.61133099446377,94.25183989676357,94.9962114865164,16116331
2025-02-19,96.98448181152344,98.90419744408125,95.49573113710728,95.59367398222307,9701829
2025-02-20,98.4928207397461,98.89439609948343,96.30866625709581,96.63188435553418,6552011
2025-02-21,95.80915069580078,99.80528146139252,95.39778627149103,98.49282345244625,9230204
2025-02-24,94.31060028076172,95.30962920149405,93.63478198368534,94.86888268669796,9069755
2025-02-25,97.71906280517578,98.18919891584136,94.47710760625597,94.48690413237982,11193664
2025-02-27,95.15292358398438,98.73768238325039,94.4869018026235,98.19899302068013,7941905
2025-02-28,91.17637634277344,94.7121673750595,90.21652606042852,94.0265600305274,11503831
2025-03-03,88.31640625,92.79246212009399,87.72874172670063,91.57795444226731,15382681
2025-03-04,90.63768768310547,90.99028788371015,87.48387892911899,87.66017902942131,11282143
2025-03-05,96.38702392578125,96.86694907628625,90.58871359866714,90.59851012451085,17336446
2025-03-06,96.16175079345703,98.90419523068586,95.30963236764323,96.96489406152892,12124681
2025-03-07,101.83272552490234,102.59669013651458,96.26948704007727,96.26948704007727,22039380
2025-03-10,105.28036499023438,106.13248340611477,102.3518314273569,102.54771711092121,29620844
2025-03-11,103.82099914550781,104.70249968936847,102.40080922169233,103.99729925427995,16835658
2025-03-12,102.49874877929688,105.84844326599685,101.12752658532291,104.0168814987368,9201595
2025-03-13,98.1010513305664,103.33127532911665,97.58194006855041,102.64566796050666,10232062
2025-03-17,97.15099334716797,99.68774816921004,96.47517500918389,98.42426528507289,8377060
2025-03-18,97.15099334716797,97.15099334716797,97.15099334716797,97.15099334716797,0
2025-03-19,98.22837829589844,102.27347679890335,97.7484531280138,100.88266898112171,16531892
2025-03-20,101.0491714477539,104.64372684921291,100.29500333512102,100.88266786701885,28096891
2025-03-21,104.15400695800781,105.77009005303685,101.09814835037771,101.37239130515886,21328294
2025-03-24,103.2235336303711,106.09330293286543,102.89052647958157,104.99632369529581,12007318
2025-03-25,100.66719055175781,104.43804611335948,100.39294759783188,103.82099946702614,11609317
2025-03-26,98.42426300048828,101.77396503367298,97.99331299534448,100.83369281458117,11145340
2025-03-27,99.56041717529297,100.8434855616619,97.94433416702512,98.17939847670927,16357199
2025-03-28,96.3184585571289,101.00020419800157,95.54470486153846,99.88363934081235,13242194
2025-04-01,99.51144409179688,99.89342640519938,96.13236748167942,96.2401068493119,8847214
2025-04-02,100.02075958251953,100.28520600435569,97.60153326426773,99.51144484575079,5899071
2025-04-03,105.18242645263672,108.6202748895578,97.65050429218482,98.62994769520597,16326392
2025-04-04,102.56731414794922,108.12075643818419,100.0991125928047,105.77988730760768,17150258
2025-04-07,95.05498504638672,96.35763909043825,93.19404109016435,93.29198393574234,18208006
2025-04-08,105.7113265991211,107.64083129525356,96.25969628225096,97.93454360173362,22942156
2025-04-09,101.87191009521484,105.28036894154056,100.93164532820913,104.39886838729765,13592505
2025-04-11,101.71519470214844,103.8209994881657,101.3332123773081,103.8209994881657,7450888
2025-04-15,105.73091125488281,106.50467243183724,102.34203801278578,102.84155623538877,9064491
2025-04-16,110.30491638183594,112.03852788022044,105.17262767940679,105.91700674211697,24822782
2025-04-17,111.94058227539062,112.48906816461653,109.69765608900644,110.33429576617782,14946889
2025-04-21,116.30889892578125,117.33731744214893,111.01010676473379,112.58701117113233,19011210
2025-04-22,113.15509033203125,117.38628535381966,112.64578307209663,116.79862083156901,12658688
2025-04-23,112.23441314697266,114.3696000108431,109.52135827665984,113.81131758404284,12122418
2025-04-24,111.6075668334961,113.8015253195087,111.16682031466449,111.6565419900595,7331138
2025-04-25,106.00515747070312,111.95037832942297,104.37927791655106,111.65654233425629,13925734
2025-04-28,107.29802703857422,108.50273823121987,105.1824257160354,105.3881079325222,8458140
2025-04-29,104.0364761352539,108.85533573049561,103.73285108125287,107.59185288432373,8234001
2025-04-30,104.16380310058594,107.05316558652477,102.71423106706493,104.50660679279969,9536409
2025-05-02,103.8797607421875,105.48604726053193,103.28229969264427,104.80043989510193,5376483
2025-05-05,106.45570373535156,107.34699332853434,103.96791664475259,104.70249918231906,6240209
2025-05-06,103.93852996826172,106.7005598891516,103.14517578123613,106.45569905406363,8108413
2025-05-07,107.36658477783203,107.64082772548608,102.35183203946127,102.35183203946127,8938619
2025-05-08,108.87493133544922,113.51749093374468,106.56344432628472,107.33719803220056,23759671
2025-05-09,113.41954803466797,114.00721257666189,106.75932996524344,107.49391251087584,30390201
2025-05-12,114.73199462890625,117.53320323719758,114.20309431763168,115.81917735665512,16333436
2025-05-13,120.61845397949219,121.06899703847391,113.53707504019424,115.17274369460702,22647523
2025-05-14,121.36283111572266,123.10623911228022,120.66741974973588,122.92014248144771,16535450
2025-05-15,124.32074737548828,125.7605228538565,121.30405999950175,121.64686368482751,18031199
2025-05-16,127.0044174194336,127.31784646513621,123.29232622569015,124.8300519865099,10505732
2025-05-19,125.88785552978516,128.99268922862552,124.5949905763922,127.32763848363275,12184781
2025-05-20,120.38338470458984,127.03379841829553,119.91324861268893,126.33840201501651,16011404
2025-05-21,121.49995422363281,122.77322613352683,120.01119610206568,121.31385759029692,7143410
2025-05-22,124.67334747314453,125.02594768417516,121.49995304642873,121.49995304642873,9779862
2025-05-23,125.46670532226562,126.64203441140755,123.40986820742708,124.67335108816272,7624052
2025-05-26,124.93779754638672,126.04457336935117,123.8212326696786,125.46670535094965,5515941
2025-05-27,124.11506652832031,126.8379179339176,123.70370210140848,124.93779538214396,5932949
2025-05-28,125.72135162353516,126.09354488672899,123.66452204018772,124.62437235855523,4769860
2025-05-29,125.47649383544922,126.59305870709188,124.29136822511131,125.72135468401225,4377355
2025-05-30,127.73900604248047,128.69885638690047,123.54698949895781,125.36875481517058,7653423
2025-06-02,125.31977844238281,128.58132671619256,124.87903190702907,128.10139407607136,7971944
2025-06-03,127.90550994873047,128.99269271993654,125.46670544895052,126.10333768055182,9978203
2025-06-04,125.33937072753906,128.7968046686624,124.83005598451989,128.7968046686624,5140919
2025-06-05,125.11409759521484,127.41578808649975,124.55581515713672,125.73114424596642,5904099
2025-06-06,123.98773193359375,126.11312224128783,123.4980102513107,125.36875066446068,5354896
2025-06-09,124.80067443847656,126.2894325696843,123.94856347517847,124.69293506822233,5819841
2025-06-10,128.35606384277344,132.7733483095381,126.44615215293597,126.44615215293597,34541089
2025-06-11,129.82522583007812,131.5294477834466,128.14058198424885,128.84578242878763,12129308
2025-06-12,131.77430725097656,135.55495933808984,130.55980701099787,131.39232492628648,29831396
2025-06-13,134.48736572265625,135.3590697175348,128.56173039011074,129.58035985644594,22960756
2025-06-16,135.07504272460938,138.05254408131287,133.2140912996895,135.6529107431122,21038993
2025-06-17,134.38943481445312,140.354241503647,133.45895163303325,138.0035683883886,49586411
2025-06-18,131.0397186279297,135.46680673453858,130.23658285602454,135.0554423228136,10524157
2025-06-19,124.96717834472656,132.06814291094474,123.50780978826198,130.36392097992922,15756740
2025-06-20,130.34432983398438,132.1073309479936,124.68314816158608,124.73211584818847,14756339
2025-06-23,146.58349609375,148.32690407001215,129.2963119112088,129.77624453539406,163874057
2025-06-24,140.62847900390625,147.55313576704623,140.12896827203514,146.72061788059438,35166588
2025-06-25,143.4003143310547,144.26221437570092,140.18774111753203,141.51978476302585,21359854
2025-06-26,140.8145751953125,144.3209841961987,140.05061057476897,143.97817304423606,9391938
2025-06-27,141.3728485107422,143.27297098696397,140.2171125399133,141.03984136102397,14912207
2025-06-30,143.24359130859375,144.8400887668133,141.03984375000002,141.7156620591879,15384747
2025-07-01,139.0711669921875,143.7724831277697,138.3953486877897,143.48845113141675,10751105
2025-07-02,138.11129760742188,140.52073475805375,136.92617955576043,140.0603952005961,11566844
2025-07-03,140.9810791015625,141.86257214421295,137.18083409655836,138.7773315498168,13134714
2025-07-04,144.35037231445312,148.58156000871395,141.0496379111493,141.92134193475508,43378886
2025-07-07,141.95071411132812,144.39932242715275,140.8537423682768,144.07611928116873,13048922
2025-07-08,142.84201049804688,144.2132401159605,138.2973940816318,141.9703065392448,15124630
2025-07-09,138.87527465820312,143.4198914870576,138.29740663259042,142.7049019817212,16496692
2025-07-10,138.98300170898438,140.25628101931292,135.84878606095037,139.17890232989575,15954687
2025-07-11,134.53634643554688,136.24058333703124,130.36392291895862,132.03876276884196,30004805
2025-07-14,140.02122497558594,142.01928279211918,133.4001785026081,134.09558984247712,31345967
2025-07-15,140.27587890625,143.96838454996123,139.94287175141122,141.15737195026315,15545390
2025-07-16,141.19656372070312,142.52860733863884,139.7469767324271,140.30526664246318,13221980
2025-07-17,139.41397094726562,142.75387655152645,138.9830134570229,141.18676112248386,8549330
2025-07-18,138.6696014404297,141.08882788768594,138.20926183661197,139.86452361053685,7607686
2025-07-21,138.9242401123047,140.74600532714547,137.90562561196504,139.09074368711407,9054901
2025-07-22,131.02993774414062,140.9419002368574,130.2169979232184,139.27684943460045,19964817
2025-07-23,125.97599792480469,132.74395500803396,125.29039057410635,130.85363653074288,21441971
2025-07-24,126.72039031982422,128.5029695144929,124.61458554114635,126.8379187439439,11741850
2025-07-25,121.15714263916016,127.210110475151,120.67721747716965,127.18072836947647,12586942
2025-07-28,116.16197967529297,120.9612535790127,115.82897252352355,120.9612535790127,12247300
2025-07-29,116.26972198486328,117.74868357133533,114.30103871158487,116.54396493386527,12255861
2025-07-30,114.2618637084961,116.90635773926051,113.71337035638462,116.55375753881731,11722373
2025-07-31,115.76041412353516,117.2785468612962,112.75352328090096,113.61543075512866,12407153
2025-08-01,113.9288558959961,116.51458587207826,113.61543430715463,115.95630343343689,5230949
2025-08-04,116.74964904785156,119.17867194191432,113.46851518730038,114.48713720916153,8606492
2025-08-05,114.32063293457031,117.17080929524397,114.10515419455896,116.74964834137454,6186004
2025-08-06,110.0208740234375,115.77020174336046,109.69765592239467,114.74179070262387,13765201
2025-08-07,112.3127670288086,112.62618860156498,109.79559792095147,110.08943391465546,9419721
2025-08-08,110.47142028808594,112.72413558999342,109.69765911724815,112.63598927217444,7303584
2025-08-11,110.81422424316406,111.62716404805101,109.30588052998972,111.10806024838297,9336592
2025-08-12,110.95134735107422,113.40975238170476,110.48121870288296,110.67710439420263,5990433
2025-08-13,114.45775604248047,115.91712461260218,110.87298962039993,111.5096293233583,10856652
2025-08-14,113.86029052734375,114.81035178154707,113.1452935870737,114.65363725721836,4820467
2025-08-18,113.75255584716797,116.3089037182755,113.46851636453822,114.98665662314818,8938937
2025-08-19,115.56452178955078,116.0346578977441,113.81131725059812,114.17371398967546,6379189
2025-08-20,115.18254089355469,116.73985976565517,114.84953372858126,115.57431974312814,4447063
2025-08-21,114.7026138305664,116.45581836220352,114.50672814529652,115.19233551630103,8729215
2025-08-22,121.03961181640625,121.58809770494821,114.64384789265883,114.69281557695876,42581254
2025-08-25,117.88580322265625,121.04940108586483,117.58217817275123,121.03961203252324,6866543
2025-08-26,115.79959106445312,118.30696366019085,114.98665128698636,117.63114535451851,7159088
2025-08-28,115.77999877929688,117.48422813471083,114.8201484703809,115.80938088451025,4935382
2025-08-29,116.04000091552734,119.77999877929688,115.70999908447266,117.0,9971109
2025-09-01,113.95999908447266,117.37999725341797,113.80999755859375,116.62000274658203,11949988
2025-09-02,115.31999969482422,116.73999786376953,114.16000366210938,114.30000305175781,5066937
2025-09-03,116.27999877929688,117.30999755859375,115.37999725341797,115.75,5610270
2025-09-04,114.70999908447266,117.9000015258789,114.33000183105469,117.4000015258789,5811631
2025-09-05,115.9000015258789,116.69999694824219,114.55999755859375,115.38999938964844,5174953
2025-09-08,116.08999633789062,116.9000015258789,115.62999725341797,116.58000183105469,2529138
2025-09-09,115.05999755859375,116.69000244140625,114.75,116.23999786376953,3455424
2025-09-10,114.3499984741211,117.18000030517578,113.0999984741211,115.69000244140625,10643164
2025-09-11,116.68000030517578,119.19999694824219,114.5,114.58000183105469,10440347
2025-09-12,116.30000305175781,117.4000015258789,115.48999786376953,116.98999786376953,6964514
2025-09-15,115.1500015258789,117.29000091552734,114.94999694824219,116.5,5869814
2025-09-16,115.48999786376953,116.97000122070312,115.0999984741211,115.6500015258789,5121518
2025-09-17,116.12000274658203,116.68000030517578,115.61000061035156,116.04000091552734,4348578
2025-09-18,115.63999938964844,116.95999908447266,115.19999694824219,116.56999969482422,3902720
2025-09-19,116.44999694824219,118.94999694824219,115.52999877929688,116.08999633789062,16560382
2025-09-22,119.91000366210938,121.80000305175781,116.44999694824219,116.44999694824219,14790652
2025-09-23,118.13999938964844,120.37999725341797,117.5999984741211,120.0,4470978
2025-09-24,116.08999633789062,118.37999725341797,115.80000305175781,117.93000030517578,4115775
2025-09-25,114.80999755859375,116.69000244140625,114.51000213623047,116.0999984741211,4032040
2025-09-26,112.58999633789062,115.37000274658203,112.22000122070312,114.80000305175781,7956971
2025-09-29,112.66999816894531,114.58999633789062,111.80000305175781,112.98999786376953,9346752
2025-09-30,112.37000274658203,113.36000061035156,111.93000030517578,112.76000213623047,6368511
2025-10-01,114.20999908447266,114.9800033569336,112.56999969482422,112.56999969482422,7496868
2025-10-03,113.9000015258789,115.06999969482422,112.62999725341797,114.48999786376953,6353842
2025-10-06,112.8499984741211,114.66999816894531,112.51000213623047,114.08999633789062,4576360
2025-10-07,112.38999938964844,113.58999633789062,111.83000183105469,113.08999633789062,6424767
2025-10-08,109.1500015258789,113.48999786376953,108.80000305175781,112.61000061035156,8005179
2025-10-09,109.8499984741211,110.79000091552734,109.36000061035156,110.0,6584549
2025-10-10,111.41999816894531,113.3499984741211,109.4000015258789,110.08999633789062,15127545
2025-10-13,110.55000305175781,111.80999755859375,110.0999984741211,111.58999633789062,3382586
2025-10-14,109.16000366210938,111.29000091552734,108.6500015258789,111.0,5028241
2025-10-15,109.91999816894531,110.48999786376953,108.20999908447266,109.5999984741211,6169897
2025-10-16,109.30999755859375,111.56999969482422,108.0199966430664,110.4000015258789,7326792
2025-10-17,105.37000274658203,108.0,104.55000305175781,108.0,15091842
2025-10-20,103.94000244140625,105.87999725341797,103.54000091552734,105.52999877929688,8468234
2025-10-21,104.51000213623047,105.48999786376953,103.94000244140625,104.69000244140625,1635887
2025-10-23,105.7300033569336,106.70999908447266,104.61000061035156,104.98999786376953,7211771
2025-10-24,104.7699966430664,106.45999908447266,104.41999816894531,105.7300033569336,7128570
2025-10-27,103.13999938964844,105.37000274658203,103.0,104.7699966430664,5677296
2025-10-28,102.83999633789062,103.7300033569336,102.61000061035156,103.31999969482422,6881885
2025-10-29,103.83000183105469,105.0999984741211,102.0999984741211,103.0,9480407
2025-10-30,101.9000015258789,104.58000183105469,101.80000305175781,103.83000183105469,8749059
2025-10-31,100.58000183105469,102.19000244140625,100.0,101.98999786376953,6432833
2025-11-03,100.58999633789062,101.58999633789062,100.30999755859375,100.69000244140625,5363997
2025-11-04,101.94999694824219,102.87999725341797,100.80000305175781,100.80000305175781,5199636
2025-11-06,99.80999755859375,102.0,99.5,101.9000015258789,3954189
2025-11-07,98.80000305175781,99.8499984741211,98.05000305175781,99.62999725341797,5748337
2025-11-10,97.58000183105469,99.76000213623047,97.41000366210938,99.0,4302033
2025-11-11,98.77999877929688,99.27999877929688,96.0199966430664,97.22000122070312,6435893
2025-11-12,103.41000366210938,104.55000305175781,98.73999786376953,98.8499984741211,14723732
2025-11-13,100.13999938964844,103.19999694824219,100.0,103.0999984741211,6888427
2025-11-14,100.4800033569336,101.5,99.80000305175781,100.19999694824219,6003220
2025-11-17,100.08999633789062,101.87000274658203,99.9000015258789,100.5199966430664,5042357
2025-11-18,99.63999938964844,100.19000244140625,99.27999877929688,100.08999633789062,3144486
2025-11-19,99.01000213623047,99.68000030517578,98.5,99.5999984741211,4328277
2025-11-20,98.37000274658203,99.5,98.19999694824219,99.08000183105469,3311415
2025-11-21,98.05999755859375,98.58000183105469,97.9000015258789,98.44999694824219,3435709
2025-11-24,98.25,99.44999694824219,97.0,98.05999755859375,6259026
2025-11-25,97.01000213623047,98.25,96.83999633789062,98.25,3433086
2025-11-26,97.83000183105469,98.0999984741211,97.30000305175781,97.3499984741211,4334251
2025-11-27,98.08999633789062,99.19999694824219,97.6500015258789,97.94999694824219,3858340
2025-11-28,101.47000122070312,104.5999984741211,97.3499984741211,98.19999694824219,26499011
2025-12-01,100.12000274658203,101.87999725341797,99.69999694824219,101.80000305175781,6839288
2025-12-02,97.8499984741211,100.30000305175781,96.9000015258789,99.55999755859375,5994154
2025-12-03,99.73999786376953,99.98999786376953,96.9000015258789,97.37000274658203,7467753
2025-12-04,97.83999633789062,99.97000122070312,97.5,99.5,3815282
2025-12-05,97.5,98.30000305175781,96.95999908447266,97.83999633789062,4089223
2025-12-08,93.66999816894531,98.38999938964844,93.33000183105469,97.58000183105469,7345939
2025-12-09,92.7300033569336,94.08000183105469,91.63999938964844,93.83999633789062,7585367
2025-12-10,93.36000061035156,95.22000122070312,92.7300033569336,92.9800033569336,5453197
2025-12-11,93.70999908447266,94.63999938964844,92.95999908447266,93.9000015258789,4094140
2025-12-12,94.16999816894531,95.44000244140625,93.69999694824219,94.0,5382146
2025-12-15,93.80999755859375,95.06999969482422,93.48999786376953,94.25,4780282
2025-12-16,92.7300033569336,94.25,92.5,93.80000305175781,4981500
2025-12-17,92.58999633789062,94.19999694824219,92.41000366210938,92.9000015258789,6563617
2025-12-18,90.4800033569336,93.18000030517578,89.81999969482422,92.8499984741211,9312385
2025-12-19,90.52999877929688,92.3499984741211,90.26000213623047,90.9800033569336,9262270
2025-12-22,91.91999816894531,93.16999816894531,91.12000274658203,91.18000030517578,7192902
2025-12-23,91.86000061035156,92.58999633789062,91.4000015258789,92.0999984741211,5468149
2025-12-24,91.80999755859375,93.62999725341797,91.66000366210938,92.0,8806313
2025-12-26,91.20999908447266,92.63999938964844,91.05000305175781,91.80999755859375,5028083
2025-12-29,90.73999786376953,91.87999725341797,90.30000305175781,91.5,4260529
2025-12-30,89.68000030517578,91.19999694824219,89.5199966430664,90.80000305175781,6796925
2025-12-31,89.95999908447266,90.69999694824219,89.80999755859375,89.9800033569336,5220393
2026-01-01,90.4800033569336,93.56999969482422,90.0,90.0,12575298
2026-01-02,91.12000274658203,91.30000305175781,90.22000122070312,90.69999694824219,7753613
2026-01-05,91.18000030517578,93.37999725341797,90.72000122070312,91.5,7224118
2026-01-06,91.63999938964844,92.0999984741211,90.91000366210938,91.30000305175781,6793472
2026-01-07,92.12000274658203,92.5999984741211,90.9000015258789,91.66000366210938,6725227
2026-01-08,90.58999633789062,92.77999877929688,90.22000122070312,92.25,5866176
2026-01-09,91.01000213623047,91.4000015258789,89.68000030517578,90.5999984741211,6671342
2026-01-12,89.93000030517578,91.11000061035156,88.72000122070312,91.0999984741211,7319819
2026-01-13,89.12999725341797,90.69000244140625,89.0,90.0,4630511
2026-01-14,90.29000091552734,90.87000274658203,89.18000030517578,89.18000030517578,3977563
2026-01-15,90.29000091552734,90.29000091552734,90.29000091552734,90.29000091552734,0
2026-01-16,89.5,90.66999816894531,89.30000305175781,90.29000091552734,3476581
2026-01-19,88.12000274658203,89.44000244140625,87.87999725341797,89.33000183105469,5135585
2026-01-20,83.83999633789062,88.1500015258789,83.31999969482422,88.0,9097728
2026-01-21,81.56999969482422,84.0,81.0,84.0,13061674
2026-01-22,85.06999969482422,86.3499984741211,82.73999786376953,82.73999786376953,13538686
2026-01-23,81.38999938964844,85.25,80.98999786376953,85.25,10783093
2026-01-27,79.29000091552734,81.97000122070312,78.4000015258789,81.66000366210938,9940017
2026-01-28,84.06999969482422,85.0,79.37000274658203,79.68000030517578,9330106
2026-01-29,82.55000305175781,84.41000366210938,81.77999877929688,83.9800033569336,5355226
2026-01-30,84.37999725341797,84.94999694824219,81.25,82.13999938964844,8612867
2026-02-02,81.16000366210938,82.69999694824219,79.5,81.36000061035156,7768187
2026-02-03,82.54000091552734,84.5,82.05999755859375,84.0,6995042
2026-02-04,84.80999755859375,85.4000015258789,81.75,82.48999786376953,9963281
2026-02-05,85.95999908447266,86.94999694824219,84.4000015258789,84.80999755859375,7481859
2026-02-06,89.37000274658203,90.0,85.55000305175781,86.0,13133948
2026-02-09,92.70999908447266,93.02999877929688,89.58999633789062,89.66000366210938,11068236
2026-02-10,93.6500015258789,94.5,92.0999984741211,92.70999908447266,7560819
2026-02-11,92.8499984741211,94.0,92.0999984741211,93.68000030517578,4330895
2026-02-12,93.72000122070312,94.63999938964844,91.56999969482422,92.8499984741211,9877993
2026-02-13,96.19999694824219,99.0999984741211,92.3499984741211,93.0,31429607
2026-02-16,94.7300033569336,98.81999969482422,94.19999694824219,96.19999694824219,6532538
2026-02-17,94.86000061035156,96.94000244140625,93.63999938964844,94.2300033569336,9892587
2026-02-18,94.7300033569336,95.54000091552734,93.91999816894531,94.86000061035156,3535326
2026-02-19,92.69999694824219,95.05000305175781,91.80999755859375,95.0,3474831
2026-02-20,90.69999694824219,93.29000091552734,90.0999984741211,91.75,8588086
2026-02-23,90.76000213623047,91.19999694824219,90.0999984741211,90.69999694824219,3432505
2026-02-24,88.04000091552734,91.05000305175781,87.47000122070312,90.94999694824219,4923322
2026-02-25,88.37999725341797,89.62000274658203,88.05000305175781,88.47000122070312,3416912
2026-02-26,87.4000015258789,88.44000244140625,87.08000183105469,88.37999725341797,3560107
2026-02-27,87.44999694824219,88.0,86.22000122070312,87.58999633789062,8404473
2026-03-02,84.19000244140625,86.19000244140625,83.51000213623047,85.22000122070312,6769406
2026-03-04,81.87999725341797,83.5,81.4000015258789,82.51000213623047,5303716
2026-03-05,82.38999938964844,83.58999633789062,80.80000305175781,82.01000213623047,6453805
2026-03-06,81.80999755859375,82.69000244140625,81.51000213623047,82.30000305175781,6607087
2026-03-09,80.05000305175781,81.5999984741211,78.5,79.0,7446207
2026-03-10,80.4000015258789,81.88999938964844,79.55000305175781,81.0,6037958
2026-03-11,80.4800033569336,83.87999725341797,80.22000122070312,80.4000015258789,11058224
2026-03-12,82.0199966430664,82.9000015258789,78.62000274658203,80.4800033569336,12516183
2026-03-13,78.05999755859375,82.0,77.5999984741211,82.0,8864905
2026-03-16,75.38999938964844,78.44999694824219,74.62999725341797,78.05999755859375,10377798
2026-03-17,75.30000305175781,76.27999877929688,74.63999938964844,75.8499984741211,7587081
2026-03-18,76.87999725341797,77.48999786376953,74.8499984741211,75.5,10632904
2026-03-19,73.94000244140625,75.94999694824219,73.51000213623047,75.88999938964844,6387905
2026-03-20,72.77999877929688,75.54000091552734,71.61000061035156,74.5,26483328
2026-03-23,68.38999938964844,71.98999786376953,68.0,71.98999786376953,15662966
2026-03-24,71.51000213623047,72.80000305175781,69.0,69.27999877929688,15346374
2026-03-25,75.95999908447266,77.27999877929688,71.72000122070312,72.01000213623047,27827877
2026-03-27,73.69000244140625,76.5,72.8499984741211,75.0,18597045
2026-03-30,72.13999938964844,76.69000244140625,71.16000366210938,72.0,18130263
2026-04-01,76.06999969482422,76.8499984741211,73.80000305175781,74.0,7477556
2026-04-02,74.12999725341797,74.6500015258789,72.37999725341797,74.23999786376953,9198767
2026-04-06,73.7300033569336,74.6500015258789,72.0999984741211,74.44999694824219,9489319
2026-04-07,73.56999969482422,74.73999786376953,73.08999633789062,73.69000244140625,7438911
2026-04-08,78.79000091552734,80.19000244140625,75.22000122070312,76.61000061035156,35920241
2026-04-09,79.19999694824219,82.19999694824219,78.0999984741211,79.0,19845981
2026-04-10,81.94000244140625,84.0,79.4000015258789,79.69999694824219,22740187
2026-04-13,79.88999938964844,81.30999755859375,78.36000061035156,79.81999969482422,14374718
2026-04-15,82.72000122070312,83.80000305175781,81.30000305175781,81.5999984741211,17756007
2026-04-16,80.19999694824219,84.44000244140625,79.16000366210938,83.55000305175781,32966412
2026-04-17,81.04000091552734,81.86000061035156,79.95999908447266,80.25,17454192
2026-04-20,87.5999984741211,89.19000244140625,80.3499984741211,81.30000305175781,71633339
2026-04-21,86.76000213623047,89.08999633789062,86.05999755859375,87.45999908447266,21715130
2026-04-22,87.58000183105469,88.69000244140625,86.1500015258789,86.4000015258789,14807336
2026-04-23,91.19000244140625,93.19999694824219,86.83999633789062,87.5,52256845
2026-04-24,88.0999984741211,92.13999938964844,86.63999938964844,91.0,14798633
2026-04-27,91.43000030517578,92.4000015258789,88.0999984741211,88.0999984741211,18890355
2026-04-28,92.95999908447266,94.3499984741211,90.63999938964844,91.41999816894531,16800160
2026-04-29,90.45999908447266,93.80000305175781,90.01000213623047,93.4000015258789,10022575
2026-04-30,89.73999786376953,90.80000305175781,88.0,89.6500015258789,9543093
2026-05-01,89.73999786376953,89.73999786376953,89.73999786376953,89.73999786376953,0
2026-05-04,90.81999969482422,92.37999725341797,89.58999633789062,90.08999633789062,7508796
2026-05-05,90.58000183105469,93.33999633789062,90.0,90.47000122070312,9289913
2026-05-06,94.52999877929688,96.0999984741211,89.91999816894531,91.04000091552734,29977350
2026-05-07,94.58000183105469,97.0,94.18000030517578,95.25,16080681
2026-05-08,95.11000061035156,96.25,93.94000244140625,94.19999694824219,15670286
2026-05-11,90.37000274658203,94.36000061035156,89.97000122070312,94.19999694824219,14605509
2026-05-12,86.12000274658203,90.75,85.4000015258789,90.37000274658203,15146708
2026-05-13,88.37999725341797,90.16999816894531,85.41000366210938,86.5,21773849
2026-05-14,90.62000274658203,91.33999633789062,88.5199966430664,89.0,10555948
2026-05-15,88.33999633789062,90.91999816894531,87.5,90.9000015258789,7489723
2026-05-18,84.56999969482422,87.68000030517578,82.43000030517578,87.68000030517578,18114915
2026-05-19,87.68000030517578,88.45999908447266,84.70999908447266,84.70999908447266,8880197
2026-05-20,82.94999694824219,85.27999877929688,81.81999969482422,83.0,32621116
2026-05-21,83.41999816894531,84.87999725341797,82.69999694824219,83.26000213623047,10403040
2026-05-22,82.12999725341797,84.0999984741211,81.87000274658203,83.8499984741211,7469610
2026-05-25,82.68000030517578,84.75,82.37999725341797,82.93000030517578,8871000
2026-05-26,82.77999877929688,84.58999633789062,82.51000213623047,83.08000183105469,6639254
2026-05-27,91.45999908447266,92.98999786376953,83.18000030517578,83.69999694824219,122229243
2026-05-28,91.45999908447266,91.45999908447266,91.45999908447266,91.45999908447266,0
2026-05-29,93.11000061035156,95.45999908447266,90.5999984741211,92.19999694824219,42532141
2026-06-01,95.79000091552734,99.80000305175781,92.54000091552734,94.0999984741211,92286105
2026-06-02,94.31999969482422,97.38999938964844,92.69999694824219,94.38999938964844,29387604
2026-06-03,94.5,95.19999694824219,91.31999969482422,94.19999694824219,21003654
2026-06-04,104.41999816894531,107.5,93.51000213623047,94.0,80466080
2026-06-05,112.2699966430664,113.69999694824219,106.12000274658203,107.0,230280587
2026-06-08,111.08999633789062,117.19999694824219,109.4000015258789,113.0,135948580
2026-06-09,107.62000274658203,111.9000015258789,106.66000366210938,111.11000061035156,42715992
2026-06-10,102.93000030517578,110.48999786376953,102.25,108.25,49980653
2026-06-11,111.44999694824219,112.88999938964844,102.94999694824219,103.0,147507343
2026-06-12,112.5999984741211,114.94999694824219,109.0,113.19000244140625,86798974
2026-06-15,108.48999786376953,114.01000213623047,107.29000091552734,113.0,41711971
2026-06-16,111.19000244140625,113.75,108.2699966430664,109.5,52031423
2026-06-17,109.97000122070312,112.80000305175781,109.55000305175781,111.80000305175781,23844626
2026-06-18,111.77999877929688,114.4000015258789,109.75,110.63999938964844,46243980
2026-06-19,113.36000061035156,117.79000091552734,110.66000366210938,112.0,75042015
2026-06-22,115.75,117.6500015258789,113.5,114.0,38133230
2026-06-23,114.86000061035156,118.3499984741211,113.56999969482422,116.48999786376953,30899988
2026-06-24,115.4800033569336,116.0,111.91999816894531,115.0999984741211,23013188
2026-06-25,111.36000061035156,116.9800033569336,110.0,116.0999984741211,24635497
2026-06-26,111.36000061035156,111.36000061035156,111.36000061035156,111.36000061035156,0
2026-06-29,107.31999969482422,112.08000183105469,106.5,111.98999786376953,19277445
2026-06-30,103.51000213623047,107.7300033569336,103.11000061035156,107.5,26871047
2026-07-01,108.30999755859375,112.25,104.5999984741211,105.0,65730657
2026-07-02,107.16000366210938,108.44999694824219,103.5199966430664,108.0,51620794
2026-07-03,105.08999633789062,109.19999694824219,104.01000213623047,107.55999755859375,18164311
2026-07-06,101.8499984741211,105.69999694824219,100.98999786376953,105.37000274658203,20921812
2026-07-07,102.37000274658203,104.58999633789062,100.30000305175781,102.36000061035156,26972652
2026-07-08,99.55999755859375,102.37000274658203,98.5999984741211,101.69999694824219,23255860
2026-07-09,99.79000091552734,101.38999938964844,98.44000244140625,99.80000305175781,16333504
2026-07-10,97.47000122070312,101.95999908447266,96.79000091552734,100.5999984741211,21186362
2026-07-13,101.33000183105469,101.69999694824219,96.30000305175781,97.05000305175781,26171393
2026-07-14,103.12000274658203,105.79000091552734,99.69999694824219,101.4000015258789,36573941
2026-07-15,101.8499984741211,103.8499984741211,101.05999755859375,103.5999984741211,11579584
2026-07-16,105.81999969482422,106.48999786376953,100.13999938964844,101.93000030517578,39701486
2026-07-17,107.4000015258789,109.0,103.55000305175781,105.69999694824219,26326566
2026-07-20,107.33999633789062,109.5999984741211,106.05000305175781,107.0,19249362
2026-07-21,107.58000183105469,109.8499984741211,106.51000213623047,107.5,13385815
2026-07-22,105.38999938964844,107.63999938964844,105.0,107.0,11839197
2026-07-23,103.41999816894531,105.4000015258789,102.80000305175781,105.38999938964844,10518662
2026-07-24,105.45999908447266,106.9000015258789,101.19999694824219,102.80000305175781,13489797
2026-07-27,108.86000061035156,109.5,105.80000305175781,106.0,15284220
2026-07-28,107.56999969482422,110.19999694824219,106.25,109.1500015258789,13030601
2026-07-29,108.12999725341797,108.58000183105469,106.26000213623047,108.01000213623047,10287458
2026-07-30,112.20999908447266,113.69999694824219,106.5199966430664,108.0,27156787
2026-08-03,98.13999938964844,106.69999694824219,95.55000305175781,103.0,107649848
2026-08-04,99.55000305175781,100.80000305175781,98.05000305175781,99.0,27006787
2026-08-05,94.55000305175781,101.5,94.08999633789062,100.37999725341797,33657854
2026-08-06,92.56999969482422,96.0,92.0,95.0,30094304
2026-08-07,94.19000244140625,95.5999984741211,92.56999969482422,93.0,21179751
