Date,Open,High,Low,Close,Volume
2009-09-01,99.0241928100586,101.26456451416016,96.48511505126952,96.8336181640625,342563
2009-09-02,96.58468627929688,100.01991271972656,95.93746948242188,98.7752685546875,440596
2009-09-03,99.07398223876952,101.51348876953124,96.63446807861328,96.98297119140624,213204
2009-09-04,98.27740478515624,98.57611846923828,96.08682250976562,96.78382873535156,138530
2009-09-07,97.58040618896484,98.8250503540039,96.78382873535156,97.7297592163086,628567
2009-09-08,98.57611846923828,101.5632781982422,97.23190307617188,97.97869110107422,542620
2009-09-09,99.4722671508789,105.54615020751952,98.07826232910156,104.30150604248048,1946326
2009-09-10,105.59593963623048,107.98566436767578,102.2602767944336,102.8577117919922,817612
2009-09-11,104.35128784179688,104.45085906982422,99.57183837890624,100.5177764892578,327564
2009-09-14,99.57183837890624,101.06541442871094,97.18211364746094,98.3271942138672,252369
2009-09-15,98.9744110107422,101.46370697021484,97.38126373291016,99.32291412353516,464516
2009-09-16,100.56755828857422,106.39250946044922,100.56755828857422,105.84486389160156,1125985
2009-09-17,106.5418701171875,107.48780059814452,104.10235595703124,104.84915161132812,372887
2009-09-18,104.55043029785156,105.4465789794922,102.50920867919922,102.8577117919922,227631
2009-09-22,102.0611343383789,103.65428924560548,101.06541442871094,101.3641357421875,271798
2009-09-23,101.96156311035156,102.4594268798828,98.57611846923828,99.4722671508789,118606
2009-09-24,99.07398223876952,99.4722671508789,97.58040618896484,98.22762298583984,141008
2009-09-25,97.58040618896484,102.4594268798828,97.58040618896484,99.0241928100586,165566
2009-09-29,100.56755828857422,100.9160614013672,97.77954864501952,98.42676544189452,212275
2009-09-30,98.87483978271484,100.16927337646484,97.82933044433594,98.07826232910156,138405
2009-10-01,99.0241928100586,99.0241928100586,96.58468627929688,97.7297592163086,115443
2009-10-05,97.58040618896484,99.37269592285156,94.19496154785156,94.69281768798828,160130
2009-10-06,94.69281768798828,95.7383270263672,90.70994567871094,93.1992416381836,132743
2009-10-07,93.6473159790039,95.48939514160156,92.10395050048828,93.34860229492188,97163
2009-10-08,93.89624786376952,94.24474334716795,92.80095672607422,93.29881286621094,53636
2009-10-09,92.70138549804688,94.59324645996094,92.10395050048828,92.3528823852539,65005
2009-10-12,93.44817352294922,93.59752655029295,91.75544738769533,92.05416870117188,73294
2009-10-13,91.80523681640624,91.80523681640624,91.80523681640624,91.80523681640624,0
2009-10-14,93.34860229492188,93.34860229492188,91.50652313232422,91.7056655883789,123499
2009-10-15,93.09967041015624,93.09967041015624,90.75973510742188,91.75544738769533,150386
2009-10-16,91.60609436035156,95.0911102294922,91.60609436035156,92.5022430419922,134819
2009-10-20,94.59324645996094,97.4808349609375,92.65159606933594,93.04988861083984,360153
2009-10-21,93.0000991821289,93.0000991821289,88.32022094726562,88.81808471679688,175883
2009-10-22,88.61893463134766,91.0584487915039,85.4326400756836,86.32878875732422,107278
2009-10-23,87.1751480102539,89.51508331298828,86.67728424072266,87.02578735351562,102328
2009-10-26,87.57343292236328,89.51508331298828,84.43692016601562,84.7854232788086,204908
2009-10-27,84.1382064819336,84.7854232788086,79.657470703125,81.3501968383789,323807
2009-10-28,81.64891052246094,81.64891052246094,77.46688842773438,78.9604721069336,149712
2009-10-29,77.6660385131836,78.01453399658203,73.38444519042969,74.13123321533203,685141
2009-10-30,75.82395935058594,76.12267303466797,72.18958282470703,72.63765716552734,364151
2009-11-03,72.63765716552734,72.63765716552734,64.72169494628906,65.81698608398438,296710
2009-11-04,66.713134765625,70.04878997802734,66.713134765625,68.30628204345703,229108
2009-11-05,68.80414581298828,70.54664611816406,65.91655731201172,68.25650024414062,400866
2009-11-06,69.60071563720703,75.02738189697266,68.7045669555664,73.38444519042969,267590
2009-11-09,79.657470703125,79.657470703125,73.98188018798828,74.72866821289062,217855
2009-11-10,75.67459869384766,76.12267303466797,72.43851470947266,72.78701782226562,113827
2009-11-11,72.88658905029297,76.17245483398438,71.09429168701172,75.32609558105469,187822
2009-11-12,76.3716049194336,77.068603515625,72.88658905029297,74.03166198730469,338319
2009-11-13,73.98188018798828,88.86786651611328,73.98188018798828,85.68157196044922,2064540
2009-11-16,87.52365112304688,87.52365112304688,79.95618438720703,81.79826354980469,675360
2009-11-17,82.04719543457031,84.18798828125,80.9021224975586,81.44976806640625,216590
2009-11-18,81.44976806640625,82.14676666259766,78.16389465332031,78.61196899414062,157793
2009-11-19,79.25918579101562,80.75276184082031,75.82395935058594,76.22224426269531,191944
2009-11-20,75.22652435302734,82.04719543457031,74.87802124023438,80.65319061279297,436612
2009-11-23,81.25062561035156,82.59484100341797,78.51239776611328,80.35447692871094,281556
2009-11-24,80.40425872802734,83.04291534423828,78.66175079345703,81.10126495361328,289769
2009-11-25,80.50382995605469,81.3501968383789,78.66175079345703,78.9604721069336,172167
2009-11-26,78.66175079345703,80.9021224975586,77.31753540039062,77.81539154052734,153224
2009-11-27,76.67031860351562,77.56646728515625,74.77845001220703,76.3716049194336,110310
2009-11-30,77.46688842773438,79.10982513427734,76.81967163085938,78.16389465332031,93952
2009-12-01,79.06004333496094,80.20511627197266,77.96475219726562,79.25918579101562,172667
2009-12-02,79.75704193115234,84.835205078125,79.6076889038086,82.1965560913086,282947
2009-12-03,82.6446304321289,86.97600555419922,81.9974136352539,85.08413696289062,532829
2009-12-04,83.64034271240234,91.30738067626952,83.64034271240234,88.37001037597656,772040
2009-12-07,89.36573028564453,95.7881088256836,88.4695816040039,91.95459747314452,1179097
2009-12-08,92.5520248413086,95.93746948242188,90.31166076660156,92.95030975341795,542630
2009-12-09,91.9048080444336,97.87911987304688,91.8550262451172,94.84217834472656,650242
2009-12-10,95.29025268554688,96.4353256225586,93.1494598388672,93.54774475097656,169132
2009-12-11,94.4936752319336,97.77954864501952,93.59752655029295,96.08682250976562,484430
2009-12-14,95.5889663696289,103.5547103881836,95.5889663696289,97.58040618896484,1719659
2009-12-15,98.57611846923828,99.17355346679688,90.6103744506836,92.20352172851562,290157
2009-12-16,91.60609436035156,93.6473159790039,91.60609436035156,92.65159606933594,139176
2009-12-17,92.60181427001952,95.0911102294922,92.30309295654295,93.0000991821289,106928
2009-12-18,91.95459747314452,94.79238891601562,90.16230010986328,91.50652313232422,480475
2009-12-21,90.6103744506836,93.99581909179688,88.0215072631836,89.46530151367188,562879
2009-12-22,91.40695190429688,91.40695190429688,88.61893463134766,89.61465454101562,71165
2009-12-23,89.61465454101562,91.30738067626952,87.97171783447266,88.61893463134766,133007
2009-12-24,90.16230010986328,90.31166076660156,87.72279357910156,88.12107849121094,113396
2009-12-29,89.91336822509766,91.50652313232422,86.17942810058594,87.27471923828125,249118
2009-12-30,87.62322235107422,90.6103744506836,87.12535858154297,89.61465454101562,159615
2009-12-31,90.6103744506836,91.10823059082033,89.06700897216797,89.3159408569336,92928
2010-01-04,89.61465454101562,90.6103744506836,88.86786651611328,89.7640151977539,70596
2010-01-05,91.00865936279295,92.5520248413086,90.11251831054688,90.31166076660156,264559
2010-01-06,91.60609436035156,103.85343170166016,91.50652313232422,100.2688446044922,3417826
2010-01-07,101.5632781982422,103.25599670410156,97.7297592163086,99.6216278076172,1896169
2010-01-08,100.9658432006836,102.2602767944336,98.57611846923828,99.32291412353516,700020
2010-01-11,99.37269592285156,101.5632781982422,98.57611846923828,100.5177764892578,467433
2010-01-12,100.7667007446289,105.0482940673828,99.12376403808594,104.10235595703124,860416
2010-01-13,103.40535736083984,105.54615020751952,102.0611343383789,103.45513916015624,421653
2010-01-14,104.55043029785156,105.0482940673828,101.66284942626952,102.2104949951172,226264
2010-01-15,102.55899810791016,103.5547103881836,101.5632781982422,101.8122100830078,254399
2010-01-18,100.3186264038086,102.0113525390625,100.3186264038086,100.7667007446289,208191
2010-01-19,101.51348876953124,102.0611343383789,100.21905517578124,100.61734771728516,241986
2010-01-20,100.0697021484375,103.1066436767578,99.72119903564452,101.01563262939452,269596
2010-01-21,101.06541442871094,103.85343170166016,96.1864013671875,100.86627197265624,1229915
2010-01-22,99.57183837890624,101.26456451416016,96.08682250976562,98.52633666992188,353075
2010-01-25,96.78382873535156,99.17355346679688,93.29881286621094,94.54346466064452,146150
2010-01-27,94.99153900146484,95.48939514160156,91.60609436035156,92.5520248413086,185110
2010-01-28,93.04988861083984,97.0825424194336,93.04988861083984,95.0911102294922,531359
2010-01-29,92.80095672607422,98.7752685546875,89.71422576904297,96.53489685058594,450011
2010-02-01,96.1864013671875,101.06541442871094,96.1864013671875,99.6216278076172,447071
2010-02-02,100.9658432006836,102.55899810791016,99.12376403808594,99.52205657958984,216354
2010-02-03,100.46798706054688,100.56755828857422,99.12376403808594,99.6216278076172,75035
2010-02-04,100.3186264038086,103.90321350097656,99.37269592285156,100.66712951660156,298401
2010-02-05,97.0825424194336,100.0697021484375,94.59324645996094,98.07826232910156,169656
2010-02-08,100.3186264038086,102.0611343383789,100.0697021484375,101.11520385742188,94826
2010-02-09,101.06541442871094,101.5632781982422,99.57183837890624,100.01991271972656,37779
2010-02-10,100.7667007446289,101.3641357421875,98.87483978271484,99.4722671508789,41663
2010-02-11,99.07398223876952,104.05257415771484,99.07398223876952,103.3057861328125,139131
2010-02-15,103.25599670410156,108.33415985107422,101.5632781982422,105.6955108642578,758398
2010-02-16,106.5418701171875,107.43801879882812,103.7538604736328,104.99850463867188,116661
2010-02-17,105.54615020751952,107.48780059814452,105.0482940673828,106.79080200195312,373038
2010-02-18,106.5418701171875,106.5418701171875,105.0482940673828,105.34700775146484,109189
2010-02-19,105.2972183227539,105.34700775146484,102.80792236328124,103.5547103881836,69431
2010-02-22,103.70407104492188,104.25171661376952,99.22333526611328,100.5177764892578,81719
2010-02-23,103.05685424804688,103.05685424804688,99.07398223876952,101.46370697021484,81146
2010-02-24,99.77098083496094,100.7667007446289,99.57183837890624,99.6714096069336,38556
2010-02-25,100.5177764892578,105.0482940673828,99.12376403808594,103.80364227294922,162120
2010-02-26,103.20621490478516,107.43801879882812,101.76242065429688,104.99850463867188,246223
2010-03-02,105.4465789794922,105.9444351196289,104.10235595703124,105.2474365234375,220869
2010-03-03,106.04400634765624,107.13929748535156,104.30150604248048,105.79508209228516,130045
2010-03-04,105.79508209228516,109.23030853271484,105.59593963623048,106.9899444580078,119630
2010-03-05,107.93587493896484,107.93587493896484,105.39678955078124,105.84486389160156,294330
2010-03-08,106.5418701171875,107.8860855102539,106.0937957763672,107.1890869140625,139301
2010-03-09,107.93587493896484,107.93587493896484,105.6955108642578,106.29293823242188,127911
2010-03-10,106.04400634765624,107.93587493896484,105.8946533203125,107.53759002685548,101055
2010-03-11,108.5333023071289,111.22174835205078,107.03972625732422,108.0354461669922,252096
2010-03-12,107.48780059814452,107.98566436767578,106.79080200195312,106.94015502929688,102165
2010-03-15,106.0937957763672,107.53759002685548,105.09807586669922,107.13929748535156,99387
2010-03-16,108.4835205078125,108.73245239257812,105.64572143554688,108.33415985107422,96600
2010-03-17,107.13929748535156,108.78223419189452,106.0937957763672,108.2843780517578,239464
2010-03-18,109.42945098876952,109.42945098876952,106.5418701171875,106.69123077392578,78181
2010-03-19,106.5418701171875,108.0354461669922,106.44229888916016,107.6371612548828,92309
2010-03-22,104.7993621826172,108.13501739501952,104.7993621826172,106.69123077392578,75525
2010-03-23,106.9899444580078,107.03972625732422,103.5547103881836,104.0027847290039,281852
2010-03-25,103.80364227294922,103.80364227294922,99.17355346679688,99.57183837890624,305663
2010-03-26,100.66712951660156,100.66712951660156,96.73403930664062,97.28168487548828,571875
2010-03-29,97.58040618896484,100.9658432006836,96.2361831665039,98.42676544189452,626503
2010-03-30,99.52205657958984,105.64572143554688,98.1778335571289,104.4010772705078,297483
2010-03-31,104.55043029785156,114.15911865234376,104.55043029785156,112.21746063232422,959459
2010-04-01,113.51189422607422,124.91287231445312,112.51618194580078,123.51886749267578,1266627
2010-04-05,125.36094665527344,126.45623779296876,119.98406982421876,123.46908569335938,364005
2010-04-06,123.46908569335938,127.6511001586914,122.4733657836914,123.66822814941406,835331
2010-04-07,124.96266174316406,127.35238647460938,121.97550201416016,125.51030731201172,560607
2010-04-08,125.46051788330078,134.42198181152344,123.7677993774414,130.83740234375,812261
2010-04-09,132.1318359375,139.8984375,131.08633422851562,139.15164184570312,929870
2010-04-12,140.39630126953125,145.02638244628906,136.9610595703125,140.7447967529297,418905
2010-04-13,140.9937286376953,141.88987731933594,138.55421447753906,139.79885864257812,365887
2010-04-15,141.3920135498047,145.2753143310547,140.94393920898438,141.79029846191406,385699
2010-04-16,140.545654296875,142.88558959960938,138.50442504882812,139.3507843017578,278189
2010-04-19,133.6254119873047,140.39630126953125,133.6254119873047,136.01513671875,224871
2010-04-20,137.3095703125,146.5697479248047,131.9326934814453,144.8770294189453,329922
2010-04-21,144.37916564941406,152.8427734375,143.38345336914062,149.35775756835938,379955
2010-04-22,145.57403564453125,152.14576721191406,145.57403564453125,146.37060546875,624766
2010-04-23,149.1586151123047,155.7801513671875,145.42466735839844,146.37060546875,242847
2010-04-26,147.8641815185547,148.7603302001953,142.43751525878906,143.3336639404297,318024
2010-04-27,141.14308166503906,147.76461791992188,141.14308166503906,143.03494262695312,69235
2010-04-28,139.40057373046875,141.88987731933594,138.45465087890625,139.4503631591797,325751
2010-04-29,143.78173828125,165.4884033203125,140.39630126953125,145.5242462158203,516197
2010-04-30,145.37489318847656,147.36631774902344,141.54136657714844,142.58688354492188,79914
2010-05-03,141.59115600585938,148.7603302001953,118.09220123291016,146.32081604003906,218836
2010-05-04,144.37916564941406,149.85562133789062,144.37916564941406,147.81439208984375,1418083
2010-05-05,144.37916564941406,151.3491973876953,142.38772583007812,150.85133361816406,212888
2010-05-06,150.35348510742188,154.23678588867188,149.4075469970703,152.29513549804688,180721
2010-05-07,149.35775756835938,152.34490966796875,147.96376037597656,151.39898681640625,99457
2010-05-10,154.73463439941406,158.8170928955078,150.35348510742188,157.62222290039062,106822
2010-05-11,158.41879272460938,160.01194763183594,156.5269317626953,157.22393798828125,435823
2010-05-12,155.431640625,161.90380859375,155.431640625,159.56387329101562,289364
2010-05-13,159.31494140625,162.1029510498047,156.8754425048828,157.0745849609375,66787
2010-05-14,157.2737274169922,160.1115264892578,156.4273681640625,158.26943969726562,39807
2010-05-17,158.76730346679688,167.18112182617188,153.44020080566406,161.00765991210938,334768
2010-05-18,159.31494140625,164.2935333251953,157.47286987304688,158.8170928955078,281127
2010-05-19,161.00765991210938,162.9990997314453,151.15005493164062,152.34490966796875,266484
2010-05-20,148.36204528808594,154.73463439941406,147.41610717773438,148.71054077148438,1874228
2010-05-21,146.32081604003906,168.5751190185547,142.38772583007812,161.90380859375,207490
2010-05-24,164.1939697265625,167.13133239746094,157.42308044433594,159.16558837890625,149683
2010-05-25,155.03335571289062,158.96644592285156,151.4487762451172,152.59384155273438,265750
2010-05-26,146.86846923828125,158.26943969726562,146.86846923828125,155.431640625,125172
2010-05-27,154.3363494873047,160.5098114013672,153.489990234375,159.2153778076172,248361
2010-05-28,159.31494140625,165.0403289794922,155.58099365234375,158.31922912597656,506886
2010-05-31,158.31922912597656,162.79995727539062,156.47714233398438,158.61793518066406,148132
2010-06-01,157.32350158691406,160.70895385742188,150.901123046875,151.94662475585938,69804
2010-06-02,154.3363494873047,159.56387329101562,150.95091247558594,158.3690185546875,141732
2010-06-03,159.31494140625,159.31494140625,155.3320770263672,157.47286987304688,57246
2010-06-04,153.34063720703125,158.71751403808594,153.34063720703125,157.77157592773438,54407
2010-06-07,152.59384155273438,158.2196502685547,152.59384155273438,157.32350158691406,57528
2010-06-08,156.47714233398438,160.1115264892578,155.8797149658203,157.7218017578125,234470
2010-06-09,160.3106689453125,161.30638122558594,154.3363494873047,155.9792938232422,122999
2010-06-10,157.1741485595703,161.30638122558594,157.1741485595703,159.36473083496094,83416
2010-06-11,161.30638122558594,167.67898559570312,157.42308044433594,166.08583068847656,648634
2010-06-14,164.2935333251953,167.9279022216797,161.30638122558594,162.3518829345703,186221
2010-06-15,163.59652709960938,163.9948272705078,161.30638122558594,162.84974670410156,355842
2010-06-16,162.79995727539062,165.5879669189453,161.90380859375,162.551025390625,114658
2010-06-17,164.2935333251953,165.23947143554688,162.79995727539062,164.49267578125,387378
2010-06-18,164.3931121826172,165.23947143554688,162.79995727539062,164.59225463867188,97255
2010-06-21,169.27212524414062,169.27212524414062,163.29782104492188,165.787109375,25713
2010-06-22,168.77427673339844,169.023193359375,164.6420440673828,165.787109375,44208
2010-06-23,164.2935333251953,168.77427673339844,164.2935333251953,164.79139709472656,113404
2010-06-24,166.93218994140625,168.97341918945312,164.54246520996094,165.2892608642578,100077
2010-06-25,167.08154296875,168.2764129638672,164.2935333251953,165.23947143554688,62289
2010-06-28,165.139892578125,167.03176879882812,161.35617065429688,162.30209350585938,328179
2010-06-29,164.1939697265625,164.6918182373047,157.5724334716797,159.06600952148438,66320
2010-06-30,158.8170928955078,165.53817749023438,156.32778930664062,163.14846801757812,601265
2010-07-01,164.2935333251953,165.9862518310547,159.61366271972656,160.36044311523438,23778
2010-07-02,163.24803161621094,163.24803161621094,153.53977966308594,154.9835662841797,25762
2010-07-05,156.47714233398438,161.6051025390625,155.3320770263672,155.8797149658203,51754
2010-07-06,169.3717041015625,173.65328979492188,159.4643096923828,159.56387329101562,277311
2010-07-07,160.3106689453125,164.1939697265625,155.53121948242188,162.7501678466797,87072
2010-07-08,167.728759765625,174.15115356445312,136.71214294433594,140.24693298339844,804842
2010-07-09,140.44607543945312,146.1714630126953,128.0991668701172,129.44338989257812,1509855
2010-07-12,133.42626953125,133.82455444335938,128.9953155517578,129.3936004638672,192231
2010-07-13,130.43911743164062,137.90699768066406,129.44338989257812,134.57135009765625,672349
2010-07-14,136.61256408691406,141.19287109375,135.51727294921875,139.84864807128906,469305
2010-07-15,140.39630126953125,146.12167358398438,138.4048614501953,142.33795166015625,246200
2010-07-16,142.38772583007812,143.88131713867188,138.55421447753906,139.251220703125,109117
2010-07-19,138.4048614501953,140.44607543945312,138.4048614501953,139.30101013183594,275479
2010-07-20,138.4048614501953,142.2881622314453,138.4048614501953,139.94822692871094,115600
2010-07-21,138.65379333496094,141.3920135498047,138.65379333496094,139.15164184570312,96907
2010-07-22,139.15164184570312,140.19715881347656,135.61685180664062,136.662353515625,100890
2010-07-23,138.1559295654297,139.3507843017578,135.4674835205078,135.76620483398438,80341
2010-07-26,134.42198181152344,138.30528259277344,134.42198181152344,137.7576446533203,37947
2010-07-27,138.30528259277344,140.49586486816406,136.41342163085938,139.251220703125,62066
2010-07-28,139.40057373046875,142.38772583007812,139.3507843017578,139.6992950439453,92744
2010-07-29,140.9937286376953,142.33795166015625,138.45465087890625,139.9980010986328,128644
2010-07-30,139.9980010986328,142.2881622314453,139.50015258789062,141.49159240722656,67630
2010-08-02,142.38772583007812,143.38345336914062,138.45465087890625,140.94393920898438,84529
2010-08-03,142.38772583007812,142.38772583007812,138.55421447753906,139.84864807128906,43765
2010-08-04,138.45465087890625,143.28387451171875,138.45465087890625,141.19287109375,297688
2010-08-05,141.3920135498047,142.33795166015625,138.60400390625,139.9980010986328,96891
2010-08-06,139.40057373046875,144.37916564941406,139.40057373046875,142.88558959960938,533999
2010-08-09,142.88558959960938,144.32937622070312,142.88558959960938,143.88131713867188,74377
2010-08-10,142.88558959960938,145.076171875,141.88987731933594,142.78602600097656,95289
2010-08-11,142.6864471435547,143.88131713867188,139.40057373046875,143.134521484375,79000
2010-08-12,143.28387451171875,149.05905151367188,141.88987731933594,146.96803283691406,620357
2010-08-13,145.47445678710938,157.32350158691406,145.47445678710938,156.37757873535156,403821
2010-08-16,159.2153778076172,169.27212524414062,158.31922912597656,161.7046661376953,314075
2010-08-17,163.0986785888672,166.83262634277344,154.83421325683594,162.30209350585938,493129
2010-08-18,162.551025390625,169.3717041015625,160.36044311523438,164.79139709472656,318720
2010-08-19,164.79139709472656,169.1725616455078,164.79139709472656,167.47984313964844,103331
2010-08-20,169.12277221679688,171.5124969482422,167.2806854248047,168.42576599121094,95586
2010-08-23,170.16827392578125,170.16827392578125,167.33047485351562,168.1768341064453,19057
2010-08-24,168.1768341064453,169.72019958496094,164.89096069335938,166.2351837158203,134796
2010-08-25,165.3390350341797,165.3390350341797,157.47286987304688,159.56387329101562,52994
2010-08-26,162.15274047851562,163.79568481445312,158.31922912597656,161.55531311035156,10738
2010-08-27,159.81280517578125,160.70895385742188,157.42308044433594,158.1698760986328,95057
2010-08-30,159.31494140625,159.31494140625,155.82992553710938,157.32350158691406,26659
2010-08-31,154.6848602294922,157.32350158691406,152.49427795410156,155.9792938232422,18250
2010-09-01,155.3320770263672,158.8170928955078,154.3363494873047,157.5226593017578,33744
2010-09-02,158.91665649414062,159.16558837890625,156.4273681640625,156.97500610351562,7005
2010-09-03,155.3320770263672,162.79995727539062,155.3320770263672,159.61366271972656,120881
2010-09-06,162.15274047851562,162.30209350585938,159.4643096923828,159.56387329101562,31904
2010-09-07,159.31494140625,162.1029510498047,159.31494140625,159.91236877441406,14390
2010-09-08,159.5140838623047,161.20681762695312,159.4643096923828,160.01194763183594,358445
2010-09-09,158.51837158203125,162.20252990722656,158.51837158203125,159.71322631835938,37533
2010-09-13,159.36473083496094,161.30638122558594,159.36473083496094,159.5140838623047,44351
2010-09-14,158.4685821533203,161.30638122558594,155.38185119628906,156.8754425048828,93470
2010-09-15,155.38185119628906,160.21109008789062,155.38185119628906,157.87115478515625,25920
2010-09-16,156.9252166748047,158.91665649414062,156.82565307617188,157.373291015625,54241
2010-09-17,157.5226593017578,158.2196502685547,154.43592834472656,156.02906799316406,34211
2010-09-20,155.38185119628906,156.078857421875,149.70626831054688,153.24105834960938,85224
2010-09-21,156.02906799316406,156.078857421875,146.91824340820312,148.71054077148438,45336
2010-09-22,152.04620361328125,152.04620361328125,142.9353790283203,146.27102661132812,32482
2010-09-23,148.16290283203125,149.30796813964844,145.9225311279297,146.51995849609375,20231
2010-09-24,148.8599090576172,151.79727172851562,145.9225311279297,149.25819396972656,99078
2010-09-27,149.35775756835938,154.18699645996094,146.51995849609375,146.86846923828125,71414
2010-09-28,150.8015594482422,150.8015594482422,143.48301696777344,144.37916564941406,17988
2010-09-29,154.3363494873047,160.36044311523438,144.03067016601562,149.10882568359375,111895
2010-09-30,149.25819396972656,150.85133361816406,147.91397094726562,149.55690002441406,61988
2010-10-01,148.36204528808594,154.18699645996094,148.36204528808594,149.5071258544922,45200
2010-10-04,159.41452026367188,169.27212524414062,149.45733642578125,150.35348510742188,99135
2010-10-05,150.35348510742188,153.14149475097656,149.35775756835938,151.9964141845703,24440
2010-10-06,156.82565307617188,156.82565307617188,150.4530487060547,150.55262756347656,19244
2010-10-07,154.23678588867188,154.23678588867188,151.3491973876953,151.69769287109375,51047
2010-10-08,153.14149475097656,153.14149475097656,151.64791870117188,151.79727172851562,17853
2010-10-11,150.35348510742188,153.8385009765625,150.35348510742188,153.34063720703125,194811
2010-10-12,151.4487762451172,155.28228759765625,151.3491973876953,154.23678588867188,71784
2010-10-13,154.3363494873047,155.3320770263672,154.28656005859375,154.4857177734375,52652
2010-10-14,154.38613891601562,156.72607421875,152.3946990966797,152.69342041015625,44805
2010-10-15,152.34490966796875,154.23678588867188,151.7474822998047,152.0959930419922,54749
2010-10-18,152.34490966796875,152.34490966796875,151.3491973876953,151.54833984375,12849
2010-10-19,151.3491973876953,152.34490966796875,149.35775756835938,151.39898681640625,4373
2010-10-20,150.85133361816406,151.84706115722656,148.36204528808594,149.65647888183594,22144
2010-10-21,146.5697479248047,151.84706115722656,146.5697479248047,150.20411682128906,5484
2010-10-22,150.35348510742188,156.22821044921875,150.35348510742188,152.8427734375,281428
2010-10-25,151.3491973876953,152.34490966796875,150.40325927734375,151.4487762451172,14353
2010-10-26,156.22821044921875,156.22821044921875,149.606689453125,151.4487762451172,17050
2010-10-27,151.39898681640625,153.24105834960938,151.39898681640625,152.7432098388672,12202
2010-10-28,151.3491973876953,167.2806854248047,151.3491973876953,159.81280517578125,1008080
2010-10-29,159.41452026367188,162.20252990722656,155.8797149658203,160.65916442871094,39802
2010-11-01,160.3106689453125,161.30638122558594,157.32350158691406,159.5140838623047,38386
2010-11-02,160.8085174560547,162.65060424804688,157.32350158691406,157.47286987304688,12531
2010-11-03,154.43592834472656,160.21109008789062,154.43592834472656,158.41879272460938,26280
2010-11-04,158.8170928955078,159.31494140625,157.8213653564453,158.3690185546875,30520
2010-11-08,157.32350158691406,163.1982421875,157.32350158691406,162.60081481933594,18820
2010-11-09,162.551025390625,167.2806854248047,162.4514617919922,165.4884033203125,31455
2010-11-10,162.30209350585938,171.16400146484375,162.30209350585938,169.3717041015625,38579
2010-11-11,169.3717041015625,178.2335968017578,169.27212524414062,177.7855224609375,134199
2010-11-12,178.2335968017578,182.06710815429688,176.24215698242188,179.22930908203125,166532
2010-11-15,182.2164764404297,182.2164764404297,175.34600830078125,178.33316040039062,133746
2010-11-16,176.24215698242188,180.2250366210937,173.30479431152344,179.42845153808594,38448
2010-11-18,176.34173583984375,181.2207489013672,175.34600830078125,180.47396850585932,78756
2010-11-19,179.22930908203125,190.1822204589844,166.68325805664062,171.86099243164062,34861
2010-11-22,170.26785278320312,177.93487548828125,169.32191467285156,175.89366149902344,46583
2010-11-23,175.89366149902344,176.24215698242188,145.87274169921875,156.32778930664062,175723
2010-11-24,167.13133239746094,167.13133239746094,149.35775756835938,152.24534606933594,23642
2010-11-25,154.3363494873047,157.12435913085938,148.95947265625,150.901123046875,16372
2010-11-26,150.901123046875,153.34063720703125,145.87274169921875,148.26246643066406,8163
2010-11-29,146.51995849609375,149.35775756835938,145.87274169921875,146.37060546875,2049
2010-11-30,144.37916564941406,158.0205078125,144.37916564941406,155.28228759765625,35088
2010-12-01,150.00497436523438,159.2153778076172,150.00497436523438,158.8170928955078,8391
2010-12-02,159.31494140625,159.31494140625,153.44020080566406,154.28656005859375,9857
2010-12-03,153.8385009765625,159.2153778076172,152.34490966796875,158.91665649414062,12018
2010-12-06,157.373291015625,159.31494140625,143.9808807373047,148.5113983154297,16685
2010-12-07,144.37916564941406,154.13720703125,137.4091339111328,142.08901977539062,49817
2010-12-08,145.2753143310547,145.37489318847656,139.30101013183594,140.94393920898438,9071
2010-12-09,139.40057373046875,146.1714630126953,128.6966094970703,134.47177124023438,34982
2010-12-10,131.43482971191406,145.32510375976562,131.43482971191406,141.840087890625,52217
2010-12-13,143.38345336914062,147.36631774902344,138.4048614501953,144.27960205078125,20057
2010-12-14,146.22125244140625,151.3491973876953,143.48301696777344,148.8599090576172,23095
2010-12-15,147.36631774902344,151.24961853027344,140.39630126953125,141.2924346923828,24330
2010-12-16,139.40057373046875,159.1157989501953,133.97390747070312,148.06332397460938,313128
2010-12-20,142.38772583007812,151.15005493164062,140.24693298339844,145.32510375976562,43668
2010-12-21,141.3920135498047,148.16290283203125,137.20999145507812,140.24693298339844,87835
2010-12-22,138.4048614501953,143.38345336914062,138.4048614501953,138.4048614501953,16802
2010-12-23,140.0975799560547,140.0975799560547,136.8614959716797,137.1104278564453,12022
2010-12-24,136.61256408691406,138.25550842285156,135.51727294921875,136.91128540039062,24244
2010-12-27,135.5670623779297,139.30101013183594,134.42198181152344,135.76620483398438,31049
2010-12-28,136.41342163085938,140.29672241210938,134.42198181152344,138.65379333496094,45661
2010-12-29,139.40057373046875,141.2924346923828,133.8743438720703,139.59971618652344,125591
2010-12-30,137.55850219726562,142.38772583007812,137.35935974121094,139.64950561523438,28332
2010-12-31,140.39630126953125,159.71322631835938,128.5472412109375,132.6296844482422,121635
2011-01-03,132.92840576171875,136.3138427734375,131.63397216796875,133.57562255859375,48984
2011-01-04,134.96963500976562,139.84864807128906,133.5258331298828,136.41342163085938,95881
2011-01-05,137.90699768066406,137.90699768066406,133.47605895996094,135.31813049316406,65274
2011-01-06,134.9198455810547,136.2142791748047,130.6382598876953,134.96963500976562,11094
2011-01-07,134.42198181152344,134.42198181152344,130.6880340576172,130.78761291503906,22466
2011-01-10,132.4305419921875,133.42626953125,128.94554138183594,129.9910430908203,703570
2011-01-11,120.63128662109376,132.38076782226562,120.63128662109376,130.88719177246094,30265
2011-01-12,129.54296875,135.41770935058594,128.6966094970703,131.0365447998047,13688
2011-01-13,130.53868103027344,134.22283935546875,128.94554138183594,132.48033142089844,13078
2011-01-14,131.43482971191406,133.2271270751953,129.6425323486328,131.43482971191406,13551
2011-01-17,129.44338989257812,133.2271270751953,129.44338989257812,131.08633422851562,21602
2011-01-18,131.43482971191406,140.19715881347656,129.69232177734375,138.0563507080078,116370
2011-01-19,137.90699768066406,143.38345336914062,133.97390747070312,141.34222412109375,22970
2011-01-20,138.4048614501953,141.54136657714844,133.37648010253906,139.84864807128906,58177
2011-01-21,139.00228881835938,142.38772583007812,139.00228881835938,141.840087890625,4274
2011-01-24,141.3920135498047,142.38772583007812,140.39630126953125,140.7447967529297,10542
2011-01-25,141.3920135498047,146.71910095214844,139.40057373046875,141.04351806640625,13297
2011-01-27,141.04351806640625,150.35348510742188,140.44607543945312,147.71482849121094,199279
2011-01-28,148.8599090576172,151.24961853027344,141.9396514892578,149.25819396972656,73984
2011-01-31,146.61953735351562,150.25390625,142.43751525878906,148.312255859375,23514
2011-02-01,150.35348510742188,150.35348510742188,146.42039489746094,146.96803283691406,78303
2011-02-02,149.35775756835938,150.20411682128906,145.37489318847656,149.20840454101562,11263
2011-02-03,147.36631774902344,149.35775756835938,146.91824340820312,147.8641815185547,8779
2011-02-04,147.96376037597656,149.35775756835938,146.61953735351562,146.91824340820312,9817
2011-02-07,145.37489318847656,148.36204528808594,145.37489318847656,146.47018432617188,69610
2011-02-08,144.37916564941406,148.36204528808594,144.37916564941406,146.66932678222656,34380
2011-02-09,149.1586151123047,149.35775756835938,145.47445678710938,145.82296752929688,33732
2011-02-10,140.04779052734375,148.90968322753906,138.45465087890625,145.37489318847656,17330
2011-02-11,144.37916564941406,149.25819396972656,144.37916564941406,147.96376037597656,13951
2011-02-14,146.37060546875,149.25819396972656,146.37060546875,147.4658966064453,4910
2011-02-15,146.37060546875,148.90968322753906,146.37060546875,147.36631774902344,13801
2011-02-16,145.5242462158203,149.30796813964844,145.5242462158203,147.4658966064453,8510
2011-02-17,148.36204528808594,149.35775756835938,146.47018432617188,146.76889038085938,15776
2011-02-18,147.2169647216797,148.81011962890625,146.76889038085938,146.91824340820312,10355
2011-02-21,145.37489318847656,147.31654357910156,145.37489318847656,146.61953735351562,13509
2011-02-22,148.312255859375,149.1586151123047,145.42466735839844,146.86846923828125,53910
2011-02-23,145.9225311279297,148.16290283203125,145.5242462158203,145.87274169921875,6829
2011-02-24,144.32937622070312,152.8427734375,144.32937622070312,147.5654754638672,18138
2011-02-25,144.67788696289062,149.25819396972656,144.47874450683594,147.26675415039062,4925
2011-02-28,146.37060546875,148.36204528808594,142.9353790283203,146.66932678222656,5626
2011-03-01,145.37489318847656,152.34490966796875,145.37489318847656,151.49855041503906,3669
2011-03-03,149.35775756835938,158.31922912597656,146.86846923828125,155.431640625,18077
2011-03-04,159.31494140625,169.07298278808594,154.3363494873047,154.4857177734375,25678
2011-03-07,153.34063720703125,157.22393798828125,151.3491973876953,155.73036193847656,6318
2011-03-08,153.34063720703125,157.12435913085938,153.34063720703125,155.92950439453125,17504
2011-03-09,156.32778930664062,158.96644592285156,155.3320770263672,155.58099365234375,2093
2011-03-10,152.34490966796875,157.02479553222656,150.35348510742188,155.6307830810547,8682
2011-03-11,154.3363494873047,156.82565307617188,154.3363494873047,156.17843627929688,1334
2011-03-14,154.38613891601562,163.69610595703125,154.3363494873047,160.01194763183594,29037
2011-03-15,157.32350158691406,160.21109008789062,155.58099365234375,156.67628479003906,400772
2011-03-16,157.32350158691406,160.85830688476562,154.3363494873047,155.431640625,65318
2011-03-17,157.32350158691406,158.31922912597656,142.38772583007812,142.98516845703125,26452
2011-03-18,147.26675415039062,147.26675415039062,140.59544372558594,141.09329223632812,6414
2011-03-21,140.44607543945312,142.38772583007812,129.6425323486328,139.4503631591797,14836
2011-03-22,134.8202667236328,142.33795166015625,134.8202667236328,140.24693298339844,9659
2011-03-23,139.4503631591797,141.34222412109375,138.45465087890625,139.54994201660156,5029
2011-03-24,142.2881622314453,143.38345336914062,131.6837615966797,138.50442504882812,18942
2011-03-25,140.39630126953125,141.19287109375,136.01513671875,140.14736938476562,13031
2011-03-28,139.8984375,141.88987731933594,136.91128540039062,137.70785522460938,17606
2011-03-29,136.4632110595703,139.40057373046875,135.41770935058594,136.8614959716797,8927
2011-03-30,136.41342163085938,138.4048614501953,134.47177124023438,135.91555786132812,44707
2011-03-31,137.4091339111328,137.4091339111328,131.484619140625,133.2271270751953,55667
2011-04-01,132.4305419921875,136.91128540039062,131.43482971191406,135.0194091796875,11384
2011-04-04,133.42626953125,141.840087890625,133.42626953125,139.3507843017578,29549
2011-04-05,140.49586486816406,148.26246643066406,140.39630126953125,145.9225311279297,80228
2011-04-06,145.37489318847656,151.05047607421875,145.37489318847656,148.2126922607422,47712
2011-04-07,147.36631774902344,151.3491973876953,145.82296752929688,149.45733642578125,34228
2011-04-08,150.25390625,156.12864685058594,148.46160888671875,153.489990234375,36585
2011-04-11,155.3320770263672,155.3320770263672,150.35348510742188,153.489990234375,15208
2011-04-13,149.5071258544922,157.47286987304688,149.5071258544922,156.02906799316406,9684
2011-04-15,155.53121948242188,157.32350158691406,153.9380645751953,154.23678588867188,7975
2011-04-18,152.34490966796875,157.32350158691406,152.34490966796875,155.68057250976562,7902
2011-04-19,155.3320770263672,156.82565307617188,151.3491973876953,153.63934326171875,9769
2011-04-20,154.63507080078125,157.5226593017578,153.63934326171875,156.72607421875,8099
2011-04-21,154.4857177734375,164.09439086914062,154.4857177734375,159.41452026367188,8312
2011-04-25,158.31922912597656,161.30638122558594,156.82565307617188,159.31494140625,28134
2011-04-26,158.3690185546875,161.30638122558594,158.31922912597656,161.1570281982422,13160
2011-04-27,160.3106689453125,161.30638122558594,158.4685821533203,159.16558837890625,9363
2011-04-28,158.4685821533203,161.30638122558594,158.4685821533203,160.9578857421875,9404
2011-04-29,162.30209350585938,162.30209350585938,158.8170928955078,160.4102325439453,36059
2011-05-02,159.5140838623047,161.256591796875,158.51837158203125,159.56387329101562,16980
2011-05-03,159.31494140625,161.10723876953125,159.31494140625,159.5140838623047,5634
2011-05-04,162.20252990722656,162.20252990722656,159.31494140625,159.4643096923828,2467
2011-05-05,164.1939697265625,164.1939697265625,154.53549194335938,159.5140838623047,3164
2011-05-06,161.7046661376953,161.7046661376953,159.41452026367188,160.01194763183594,13556
2011-05-09,161.256591796875,161.30638122558594,159.36473083496094,160.7587432861328,3638
2011-05-10,159.7630157470703,160.3106689453125,159.4643096923828,160.21109008789062,2636
2011-05-11,160.3106689453125,162.30209350585938,159.31494140625,159.5140838623047,3948
2011-05-12,159.5140838623047,161.20681762695312,159.31494140625,159.36473083496094,8543
2011-05-13,152.195556640625,160.26087951660156,152.195556640625,159.5140838623047,4652
2011-05-16,161.8042449951172,161.8042449951172,159.31494140625,160.7587432861328,4957
2011-05-17,159.36473083496094,160.70895385742188,159.31494140625,159.41452026367188,2659
2011-05-18,159.31494140625,161.1570281982422,159.31494140625,160.36044311523438,5665
2011-05-19,159.36473083496094,159.81280517578125,158.31922912597656,158.4685821533203,15028
2011-05-20,159.36473083496094,161.30638122558594,159.31494140625,159.31494140625,178544
2011-05-23,159.31494140625,161.6051025390625,158.3690185546875,159.31494140625,110982
2011-05-24,159.36473083496094,160.01194763183594,158.41879272460938,159.2153778076172,63603
2011-05-25,159.31494140625,159.31494140625,157.8213653564453,157.8213653564453,17187
2011-05-26,157.67201232910156,158.0205078125,152.49427795410156,157.47286987304688,15136
2011-05-27,157.32350158691406,159.2153778076172,153.3904266357422,154.53549194335938,5082
2011-05-30,155.6307830810547,158.8170928955078,153.489990234375,157.97071838378906,30368
2011-05-31,162.30209350585938,163.29782104492188,151.3491973876953,155.38185119628906,9007
2011-06-01,154.43592834472656,155.9792938232422,149.8058319091797,152.34490966796875,5807
2011-06-02,152.34490966796875,156.32778930664062,150.55262756347656,154.18699645996094,12520
2011-06-03,154.23678588867188,156.32778930664062,153.58956909179688,155.6307830810547,4803
2011-06-06,153.34063720703125,161.20681762695312,149.55690002441406,154.18699645996094,44541
2011-06-07,154.3363494873047,155.08314514160156,153.3904266357422,154.38613891601562,6989
2011-06-08,155.3320770263672,156.17843627929688,154.3363494873047,155.3320770263672,2499
2011-06-09,155.82992553710938,155.82992553710938,153.8385009765625,154.23678588867188,3105
2011-06-10,153.8385009765625,153.8385009765625,148.8599090576172,149.90541076660156,8014
2011-06-13,150.35348510742188,154.3363494873047,148.36204528808594,152.49427795410156,87124
2011-06-14,151.39898681640625,153.34063720703125,144.47874450683594,150.20411682128906,134193
2011-06-15,147.6650390625,152.34490966796875,147.41610717773438,151.05047607421875,73716
2011-06-16,147.36631774902344,148.36204528808594,144.32937622070312,145.42466735839844,39321
2011-06-17,140.3465118408203,149.35775756835938,137.60829162597656,146.27102661132812,71661
2011-06-20,145.37489318847656,145.37489318847656,140.94393920898438,144.32937622070312,24216
2011-06-21,145.32510375976562,145.32510375976562,141.49159240722656,141.49159240722656,4444
2011-06-22,141.49159240722656,141.49159240722656,134.47177124023438,134.9198455810547,8975
2011-06-23,134.9198455810547,136.81170654296875,133.5258331298828,135.41770935058594,73435
2011-06-24,135.4674835205078,136.16448974609375,134.47177124023438,134.67091369628906,53714
2011-06-27,136.41342163085938,137.3095703125,134.9198455810547,136.7619171142578,45294
2011-06-28,134.5215606689453,140.29672241210938,134.5215606689453,139.30101013183594,138745
2011-06-29,139.40057373046875,141.3920135498047,139.0520782470703,140.39630126953125,33952
2011-06-30,137.55850219726562,143.3336639404297,130.43911743164062,133.02798461914062,79266
2011-07-01,134.42198181152344,142.2881622314453,125.95838165283205,126.60559844970705,149377
2011-07-04,127.45195770263672,131.3352508544922,124.36522674560548,130.190185546875,53946
2011-07-05,128.64682006835938,131.7833251953125,128.64682006835938,129.3936004638672,53518
2011-07-06,127.75067138671876,130.3893280029297,127.75067138671876,128.3480987548828,34121
2011-07-07,129.3438262939453,130.23997497558594,124.76351928710938,127.15324401855467,138264
2011-07-08,126.95409393310548,127.45195770263672,125.7094497680664,126.4064483642578,77014
2011-07-11,125.56008911132812,128.39788818359375,125.56008911132812,126.10773468017578,62074
2011-07-12,123.07079315185548,127.94981384277344,123.07079315185548,126.95409393310548,73080
2011-07-13,126.5558090209961,128.895751953125,126.50602722167967,127.94981384277344,95846
2011-07-14,127.45195770263672,127.94981384277344,126.65538024902344,126.90431213378906,71399
2011-07-15,127.45195770263672,128.39788818359375,126.05795288085938,126.3566665649414,46198
2011-07-18,126.45623779296876,127.45195770263672,125.01244354248048,125.7592315673828,14434
2011-07-19,126.45623779296876,126.95409393310548,123.51886749267578,123.91715240478516,17002
2011-07-20,125.31116485595705,128.29832458496094,123.46908569335938,124.4150161743164,86170
2011-07-21,123.7677993774414,127.90003204345705,122.92144012451172,123.61843872070312,1182512
2011-07-22,125.1120147705078,125.46051788330078,123.22015380859376,123.46908569335938,356431
2011-07-25,124.4647979736328,125.95838165283205,123.07079315185548,123.46908569335938,390137
2011-07-26,123.51886749267578,124.91287231445312,123.46908569335938,124.31544494628906,10697
2011-07-27,121.67678833007812,125.21159362792967,121.67678833007812,123.46908569335938,90781
2011-07-28,124.11630249023438,124.4647979736328,122.4733657836914,123.1205825805664,14569
2011-07-29,124.16608428955078,124.21587371826172,119.4862060546875,120.3325653076172,10651
2011-08-01,121.47764587402344,124.11630249023438,117.4947738647461,123.41929626464844,19938
2011-08-02,121.47764587402344,123.46908569335938,116.4492645263672,120.48192596435548,86558
2011-08-03,119.4862060546875,119.98406982421876,115.6029052734375,118.24156188964844,162201
2011-08-04,116.49905395507812,117.4947738647461,113.31275177001952,115.65269470214844,187081
2011-08-05,113.51189422607422,113.51189422607422,109.52902221679688,111.7196044921875,19662
2011-08-08,109.52902221679688,109.52902221679688,104.55043029785156,108.73245239257812,214447
2011-08-09,104.55043029785156,107.53759002685548,101.5632781982422,106.49208068847656,34407
2011-08-10,105.84486389160156,112.01831817626952,105.64572143554688,110.6243133544922,234720
2011-08-11,108.5333023071289,111.32131958007812,106.94015502929688,108.88180541992188,193301
2011-08-12,111.47067260742188,111.47067260742188,99.72119903564452,100.9658432006836,113508
2011-08-16,101.11520385742188,101.51348876953124,95.0911102294922,96.48511505126952,190778
2011-08-17,94.59324645996094,100.5177764892578,91.80523681640624,93.6473159790039,99233
2011-08-18,92.70138549804688,97.4808349609375,92.60181427001952,94.9417495727539,89139
2011-08-19,91.60609436035156,94.59324645996094,89.66444396972656,93.04988861083984,46369
2011-08-22,92.60181427001952,94.69281768798828,90.11251831054688,93.24903106689452,37650
2011-08-23,93.59752655029295,94.69281768798828,92.5022430419922,93.8464584350586,48106
2011-08-24,92.60181427001952,95.48939514160156,91.7056655883789,93.29881286621094,35604
2011-08-25,93.29881286621094,96.98297119140624,92.25331115722656,95.29025268554688,51324
2011-08-26,98.27740478515624,98.27740478515624,91.60609436035156,92.30309295654295,39544
2011-08-29,91.9048080444336,95.83789825439452,91.9048080444336,93.6473159790039,24874
2011-08-30,95.5889663696289,98.07826232910156,93.59752655029295,94.84217834472656,24707
2011-09-02,95.5889663696289,98.3769760131836,93.09967041015624,94.9417495727539,32585
2011-09-05,96.58468627929688,96.58468627929688,92.65159606933594,94.74260711669922,93122
2011-09-06,94.59324645996094,94.59324645996094,92.60181427001952,93.6473159790039,57774
2011-09-07,93.59752655029295,96.48511505126952,93.59752655029295,96.1864013671875,50135
2011-09-08,95.5889663696289,97.4808349609375,94.4438934326172,96.73403930664062,58566
2011-09-09,95.5889663696289,96.03704071044922,93.59752655029295,93.69710540771484,63874
2011-09-12,93.59752655029295,95.5889663696289,92.80095672607422,95.5391845703125,15227
2011-09-13,94.8919677734375,96.58468627929688,93.69710540771484,94.24474334716795,2535
2011-09-14,93.89624786376952,96.1864013671875,92.90052795410156,94.24474334716795,38311
2011-09-15,93.74688720703124,94.59324645996094,92.70138549804688,94.2945327758789,34684
2011-09-16,93.59752655029295,93.59752655029295,91.80523681640624,92.5520248413086,58375
2011-09-19,91.80523681640624,93.09967041015624,91.7056655883789,92.60181427001952,23482
2011-09-20,91.80523681640624,93.49795532226562,91.80523681640624,92.5022430419922,12960
2011-09-21,92.60181427001952,93.59752655029295,91.80523681640624,92.45245361328124,133251
2011-09-22,91.60609436035156,91.60609436035156,88.17086791992188,91.15802001953124,95624
2011-09-23,89.21636962890625,91.60609436035156,87.87214660644531,91.45673370361328,30247
2011-09-26,89.61465454101562,91.60609436035156,88.71851348876953,91.2078094482422,18584
2011-09-27,91.40695190429688,95.98725128173828,89.81379699707031,94.79238891601562,43788
2011-09-28,93.59752655029295,95.04132080078124,91.9048080444336,93.34860229492188,46269
2011-09-29,92.60181427001952,93.34860229492188,89.61465454101562,89.9631576538086,36177
2011-09-30,89.61465454101562,89.61465454101562,73.33466339111328,80.85233306884766,138624
2011-10-03,79.06004333496094,79.06004333496094,68.25650024414062,74.38016510009766,291651
2011-10-04,74.67887878417969,75.87374114990234,64.72169494628906,69.25221252441406,518849
2011-10-05,69.70028686523438,69.89942932128906,63.32769012451172,64.52255249023438,251163
2011-10-07,65.71741485595703,66.16548919677734,64.22383880615234,65.0204086303711,302401
2011-10-10,66.713134765625,66.713134765625,61.83411407470703,62.48133087158203,199651
2011-10-11,63.228118896484375,63.27790451049805,58.74738693237305,60.48989486694336,687139
2011-10-12,58.94652938842773,62.73025894165039,58.84695816040039,60.24096298217773,293409
2011-10-13,60.04182052612305,62.580902099609375,58.24952697753906,59.69331741333008,437476
2011-10-14,60.24096298217773,64.47277069091797,58.996315002441406,62.82983016967773,1029155
2011-10-17,64.22383880615234,64.42298126220703,59.84267425537109,60.39031982421875,121652
2011-10-18,60.639251708984375,62.5311164855957,58.79717254638672,61.18689727783203,246719
2011-10-19,61.286468505859375,64.47277069091797,59.992034912109375,64.124267578125,262701
2011-10-20,62.879615783691406,64.3731918334961,62.879615783691406,63.72597885131836,137281
2011-10-21,63.32769012451172,64.771484375,63.228118896484375,64.02469635009766,109691
2011-10-24,64.32341003417969,65.21955871582031,62.979190826416016,63.72597885131836,45801
2011-10-25,64.02469635009766,64.02469635009766,61.98347091674805,63.07876205444336,7281
2011-10-28,64.72169494628906,65.56805419921875,63.27790451049805,63.57661819458008,25122
2011-10-31,63.27790451049805,63.8255500793457,62.82983016967773,63.477046966552734,6693
2011-11-01,63.228118896484375,64.124267578125,62.879615783691406,63.12854766845703,119021
2011-11-02,64.52255249023438,64.52255249023438,61.2366828918457,62.33197021484375,123706
2011-11-03,62.73025894165039,63.97490692138672,62.28218460083008,63.57661819458008,74653
2011-11-04,64.22383880615234,64.72169494628906,61.03753662109375,61.73454284667969,91730
2011-11-08,61.73454284667969,62.33197021484375,55.760231018066406,59.49417495727539,46784
2011-11-09,59.992034912109375,61.2366828918457,59.344818115234375,59.84267425537109,65274
2011-11-11,59.9422492980957,60.19117736816406,53.37050628662109,54.51558303833008,260116
2011-11-14,54.56536865234375,54.96365737915039,53.07179260253906,53.71900939941406,22512
2011-11-15,53.27093505859375,54.16707992553711,51.7773551940918,52.07607269287109,12532
2011-11-16,51.876930236816406,53.121578216552734,48.5412712097168,49.28805923461914,35169
2011-11-17,49.785919189453125,49.785919189453125,48.5412712097168,48.79020309448242,13863
2011-11-18,47.79448318481445,47.79448318481445,42.96524810791016,44.359256744384766,47841
2011-11-21,44.359256744384766,47.04769515991211,43.81161117553711,44.85711288452149,179521
2011-11-22,43.91118240356445,45.05625915527344,41.4218864440918,42.7163200378418,26340
2011-11-23,42.81589126586914,45.3051872253418,42.81589126586914,44.55839920043945,1079046
2011-11-24,44.30946731567383,45.80304718017578,43.313751220703125,44.6579704284668,592047
2011-11-25,44.40904235839844,44.80732727050781,42.36781692504883,43.76182556152344,318394
2011-11-28,43.81161117553711,45.70347595214844,42.56696319580078,43.56267929077149,77132
2011-11-29,44.50861358642578,45.05625915527344,43.21417999267578,43.61246490478516,43176
2011-11-30,43.01503372192383,43.7120361328125,40.82445526123047,43.16439437866211,14631
2011-12-01,43.46310806274414,44.90689849853516,42.61674880981445,43.21417999267578,156692
2011-12-02,43.313751220703125,44.80732727050781,42.51717758178711,43.11460876464844,92456
2011-12-05,42.86567687988281,43.46310806274414,42.56696319580078,42.81589126586914,358376
2011-12-07,43.0648193359375,43.0648193359375,41.27252960205078,41.72060012817383,65316
2011-12-08,41.82017135620117,42.21846008300781,40.724884033203125,41.02359771728516,37464
2011-12-09,40.42616653442383,42.46738815307617,40.17723846435547,40.92402648925781,58061
2011-12-12,41.82017135620117,41.82017135620117,38.8330192565918,39.62959289550781,20935
2011-12-13,39.8287353515625,40.32659530639648,39.33087539672852,39.77894973754883,18257
2011-12-14,40.32659530639648,41.82017135620117,38.63387298583984,38.783233642578125,83807
2011-12-15,38.43473052978516,38.5343017578125,36.14457702636719,36.34371948242188,143712
2011-12-16,36.49308013916016,37.38922500610352,36.39350509643555,36.64243698120117,23708
2011-12-19,36.24414825439453,36.44329452514648,35.397789001464844,35.9454345703125,40964
2011-12-20,37.83729934692383,43.11460876464844,37.33943939208984,38.43473052978516,1230107
2011-12-21,39.8287353515625,40.724884033203125,34.89992904663086,38.43473052978516,214076
2011-12-22,37.33943939208984,39.57980728149414,36.5926513671875,37.43901062011719,104859
2011-12-23,36.94115447998047,37.98665618896485,36.64243698120117,36.84157943725586,76154
2011-12-26,36.79179382324219,37.5385856628418,36.34371948242188,36.64243698120117,629089
2011-12-27,36.84157943725586,38.48451614379883,36.54286575317383,37.48879623413086,164172
2011-12-28,37.83729934692383,38.28537368774414,36.8913688659668,37.28965377807617,95556
2011-12-29,36.84157943725586,37.63815689086914,36.74200820922852,37.38922500610352,31984
2011-12-30,37.19008255004883,42.21846008300781,36.44329452514648,36.69222259521485,146664
2012-01-02,36.74200820922852,39.72916412353516,36.34371948242188,38.68365859985352,65752
2012-01-03,42.019317626953125,46.40047836303711,41.91974639892578,46.40047836303711,702418
2012-01-04,48.69063186645508,55.113014221191406,48.69063186645508,50.98078155517578,1678018
2012-01-05,51.7773551940918,51.7773551940918,47.44598388671875,48.74041748046875,313398
2012-01-06,47.79448318481445,51.62799835205078,46.40047836303711,49.33784866333008,302054
2012-01-09,48.98934555053711,49.68634796142578,47.64512634277344,48.69063186645508,95325
2012-01-10,48.889774322509766,49.28805923461914,47.09748077392578,47.49576950073242,112623
2012-01-11,47.79448318481445,49.28805923461914,45.45454406738281,47.69491195678711,179772
2012-01-12,47.79448318481445,48.29234313964844,45.40475845336914,45.80304718017578,126488
2012-01-13,46.79876327514648,48.14298629760742,45.40475845336914,46.05197525024414,98941
2012-01-16,46.40047836303711,47.94384002685547,45.9524040222168,46.74897766113281,201820
2012-01-17,47.39619445800781,47.39619445800781,45.255401611328125,45.85283279418945,61037
2012-01-18,45.3051872253418,46.15154647827149,43.81161117553711,44.11032485961914,64361
2012-01-19,45.80304718017578,46.79876327514648,44.85711288452149,45.80304718017578,104280
2012-01-20,47.595340728759766,47.595340728759766,44.0107536315918,44.30946731567383,117893
2012-01-23,43.01503372192383,45.15583038330078,43.01503372192383,44.45882797241211,42056
2012-01-24,44.85711288452149,44.90689849853516,43.61246490478516,43.91118240356445,312725
2012-01-25,44.20989608764648,45.3051872253418,43.313751220703125,44.25968170166016,135546
2012-01-27,44.70775604248047,44.80732727050781,42.31803131103516,42.7163200378418,298589
2012-01-30,42.7163200378418,43.01503372192383,41.02359771728516,41.22274017333984,109893
2012-01-31,41.22274017333984,41.32231521606445,40.4759521484375,40.7746696472168,103258
2012-02-01,40.82445526123047,42.7163200378418,40.37638092041016,40.87424087524414,219999
2012-02-02,41.32231521606445,42.0691032409668,40.22702407836914,40.57552337646485,149923
2012-02-03,41.02359771728516,41.02359771728516,39.92830657958984,40.1274528503418,103708
2012-02-06,41.32231521606445,42.26824569702149,39.57980728149414,40.17723846435547,1412947
2012-02-07,40.82445526123047,41.17295455932617,39.92830657958984,40.1274528503418,314287
2012-02-08,40.42616653442383,40.724884033203125,39.48023223876953,39.67937850952149,195895
2012-02-09,40.02788162231445,40.57552337646485,39.62959289550781,39.72916412353516,257785
2012-02-10,40.02788162231445,40.1274528503418,39.33087539672852,39.53002166748047,135839
2012-02-13,39.8287353515625,41.02359771728516,39.23130416870117,39.62959289550781,257872
2012-02-14,39.8287353515625,40.67509841918945,39.53002166748047,39.67937850952149,125676
2012-02-15,40.62531280517578,41.72060012817383,39.62959289550781,39.92830657958984,756373
2012-02-16,40.32659530639648,47.8940544128418,40.02788162231445,47.8940544128418,5131904
2012-02-17,49.536991119384766,49.935279846191406,43.91118240356445,44.608184814453125,1912304
2012-02-21,45.35497283935547,50.03485107421875,44.608184814453125,47.64512634277344,1828373
2012-02-22,47.79448318481445,47.79448318481445,42.666534423828125,43.3635368347168,487463
2012-02-23,43.41332244873047,44.06053924560547,42.31803131103516,42.96524810791016,450265
2012-02-24,43.41332244873047,43.7120361328125,42.51717758178711,42.86567687988281,290186
2012-02-27,43.7120361328125,43.7120361328125,40.077667236328125,40.57552337646485,206758
2012-02-28,40.97381210327149,43.313751220703125,39.92830657958984,41.72060012817383,375117
2012-02-29,43.0648193359375,43.21417999267578,40.92402648925781,41.1231689453125,219982
2012-03-01,41.72060012817383,41.82017135620117,40.077667236328125,40.37638092041016,206416
2012-03-02,41.372100830078125,41.372100830078125,40.42616653442383,40.82445526123047,138574
2012-03-05,41.72060012817383,41.72060012817383,39.62959289550781,39.8287353515625,282099
2012-03-06,39.8287353515625,40.22702407836914,38.8330192565918,39.03216171264648,126436
2012-03-07,38.88280487060547,39.77894973754883,38.43473052978516,39.03216171264648,479846
2012-03-09,39.1815185546875,40.17723846435547,39.03216171264648,39.1815185546875,103732
2012-03-12,39.8287353515625,40.077667236328125,38.43473052978516,38.63387298583984,128192
2012-03-13,39.08194732666016,39.08194732666016,37.58837127685547,38.2355842590332,679616
2012-03-14,39.03216171264648,39.23130416870117,37.43901062011719,37.68794250488281,219320
2012-03-15,38.63387298583984,38.68365859985352,37.04072570800781,37.28965377807617,181880
2012-03-16,37.98665618896485,38.2355842590332,37.14029693603516,37.33943939208984,182005
2012-03-19,37.73772811889648,38.03644180297852,35.84586334228516,36.04500579833984,271004
2012-03-20,35.89564895629883,37.93687057495117,35.84586334228516,37.2398681640625,227751
2012-03-21,37.33943939208984,41.27252960205078,36.8913688659668,39.23130416870117,8613258
2012-03-22,40.82445526123047,40.82445526123047,36.84157943725586,37.14029693603516,640016
2012-03-23,37.83729934692383,37.8870849609375,36.44329452514648,36.94115447998047,259580
2012-03-26,37.33943939208984,37.63815689086914,36.34371948242188,36.44329452514648,118649
2012-03-27,37.04072570800781,37.04072570800781,36.24414825439453,36.44329452514648,104161
2012-03-28,36.24414825439453,37.04072570800781,35.59693145751953,36.29393768310547,206891
2012-03-29,36.14457702636719,38.136016845703125,36.14457702636719,36.99093627929688,236427
2012-03-30,37.33943939208984,37.68794250488281,36.34371948242188,36.5926513671875,131083
2012-04-02,37.09051132202149,39.28108978271485,36.84157943725586,38.38494491577149,508415
2012-04-03,38.73344421386719,41.82017135620117,37.43901062011719,40.92402648925781,859615
2012-04-04,41.22274017333984,41.22274017333984,38.58408737182617,38.73344421386719,385708
2012-04-09,38.73344421386719,41.1231689453125,38.08622741699219,39.97809219360352,451403
2012-04-10,40.02788162231445,40.52573776245117,38.783233642578125,39.03216171264648,149911
2012-04-11,38.8330192565918,40.4759521484375,38.33515930175781,38.63387298583984,429309
2012-04-12,38.73344421386719,39.77894973754883,38.1858024597168,38.8330192565918,175410
2012-04-13,39.430450439453125,39.62959289550781,37.73772811889648,37.98665618896485,95379
2012-04-16,37.83729934692383,39.03216171264648,37.83729934692383,38.38494491577149,100801
2012-04-17,38.136016845703125,38.63387298583984,38.136016845703125,38.33515930175781,60597
2012-04-18,38.33515930175781,39.23130416870117,38.08622741699219,38.2355842590332,74062
2012-04-19,38.58408737182617,38.783233642578125,37.93687057495117,38.03644180297852,50516
2012-04-20,38.2355842590332,38.5343017578125,37.2398681640625,37.58837127685547,56171
2012-04-23,38.08622741699219,38.08622741699219,36.69222259521485,36.84157943725586,74607
2012-04-24,36.34371948242188,37.2398681640625,36.04500579833984,36.84157943725586,61234
2012-04-25,37.5385856628418,38.68365859985352,36.64243698120117,38.03644180297852,224015
2012-04-26,38.33515930175781,38.8330192565918,37.33943939208984,38.1858024597168,159832
2012-04-27,38.38494491577149,38.63387298583984,36.44329452514648,36.94115447998047,105771
2012-04-30,37.48879623413086,38.2355842590332,37.2398681640625,37.8870849609375,86556
2012-05-02,38.2355842590332,40.077667236328125,37.8870849609375,39.48023223876953,273696
2012-05-03,38.98237609863281,40.52573776245117,38.33515930175781,38.5343017578125,160444
2012-05-04,38.2355842590332,38.73344421386719,36.44329452514648,36.69222259521485,75324
2012-05-07,35.19864654541016,36.99093627929688,35.19864654541016,36.64243698120117,232258
2012-05-08,37.09051132202149,37.2398681640625,36.34371948242188,36.49308013916016,54744
2012-05-09,36.64243698120117,36.64243698120117,35.59693145751953,35.89564895629883,110291
2012-05-10,35.89564895629883,36.29393768310547,34.45185852050781,34.94971466064453,153445
2012-05-11,35.04928970336914,35.64672088623047,33.85442352294922,33.95399856567383,108893
2012-05-14,34.05356979370117,34.45185852050781,32.559993743896484,32.808921813964844,89309
2012-05-15,32.65956115722656,33.3565673828125,32.460418701171875,32.65956115722656,61741
2012-05-16,32.559993743896484,32.559993743896484,31.46470069885254,31.66384506225586,246965
2012-05-17,31.86298942565918,32.85870742797852,31.66384506225586,31.91277503967285,65377
2012-05-18,30.86726951599121,33.00806427001953,30.86726951599121,32.36084747314453,73207
2012-05-21,32.75913619995117,34.45185852050781,32.26127624511719,33.207210540771484,186684
2012-05-22,33.754852294921875,34.3522834777832,32.26127624511719,32.4106330871582,90455
2012-05-23,32.26127624511719,32.559993743896484,31.414915084838867,31.91277503967285,50189
2012-05-24,31.962560653686523,32.51020431518555,31.86298942565918,32.11191940307617,36255
2012-05-25,31.763416290283203,32.65956115722656,31.46470069885254,31.86298942565918,27510
2012-05-28,31.763416290283203,33.15742111206055,31.414915084838867,32.559993743896484,35875
2012-05-29,33.0578498840332,34.103355407714844,32.21149063110352,32.559993743896484,57678
2012-05-30,33.55570983886719,33.85442352294922,32.26127624511719,32.36084747314453,123967
2012-05-31,32.0621337890625,32.26127624511719,29.672407150268555,30.269838333129883,163149
2012-06-01,30.81748390197754,30.81748390197754,28.626903533935547,29.274120330810547,53054
2012-06-04,29.373693466186523,30.61834144592285,29.07497787475586,30.22005271911621,67040
2012-06-05,30.81748390197754,31.116199493408203,29.224334716796875,29.672407150268555,48805
2012-06-06,29.57283592224121,31.66384506225586,29.57283592224121,31.315343856811523,244591
2012-06-07,32.161705017089844,32.161705017089844,30.120481491088867,31.26555824279785,112983
2012-06-08,30.668127059936523,33.00806427001953,30.668127059936523,32.26127624511719,241322
2012-06-11,32.559993743896484,34.30249786376953,32.36084747314453,33.00806427001953,247774
2012-06-12,33.40635299682617,33.50592422485352,32.460418701171875,33.207210540771484,57530
2012-06-13,33.50592422485352,33.85442352294922,33.207210540771484,33.55570983886719,70119
2012-06-14,33.50592422485352,34.20292663574219,32.65956115722656,33.55570983886719,117783
2012-06-15,33.55570983886719,33.95399856567383,32.85870742797852,33.754852294921875,48777
2012-06-18,33.65528106689453,34.6510009765625,32.85870742797852,33.107635498046875,46269
2012-06-19,32.95827865600586,33.40635299682617,32.65956115722656,32.95827865600586,21335
2012-06-20,32.95827865600586,33.55570983886719,32.90849304199219,33.107635498046875,33881
2012-06-21,32.95827865600586,34.25271224975586,32.75913619995117,33.90420913696289,117248
2012-06-22,33.55570983886719,35.49736022949219,33.30678176879883,34.05356979370117,188637
2012-06-25,33.55570983886719,35.44757461547852,33.55570983886719,34.6510009765625,76605
2012-06-26,35.44757461547852,38.8330192565918,34.25271224975586,37.48879623413086,763527
2012-06-27,37.83729934692383,39.03216171264648,36.19436264038086,38.33515930175781,719264
2012-06-28,38.2355842590332,38.28537368774414,36.34371948242188,36.54286575317383,283196
2012-06-29,37.2398681640625,37.93687057495117,36.14457702636719,36.54286575317383,144835
2012-07-02,36.84157943725586,37.2398681640625,35.89564895629883,36.29393768310547,86575
2012-07-03,36.54286575317383,36.94115447998047,35.89564895629883,35.99522018432617,51018
2012-07-04,35.89564895629883,37.04072570800781,35.84586334228516,36.24414825439453,126373
2012-07-05,35.9454345703125,37.09051132202149,35.9454345703125,36.64243698120117,135661
2012-07-06,36.64243698120117,37.19008255004883,35.99522018432617,36.09479141235352,105438
2012-07-09,36.09479141235352,36.54286575317383,35.14885711669922,35.2982177734375,42446
2012-07-10,34.94971466064453,36.24414825439453,32.26127624511719,35.89564895629883,73215
2012-07-11,35.397789001464844,36.64243698120117,34.89992904663086,35.19864654541016,55683
2012-07-12,34.89992904663086,35.04928970336914,33.3565673828125,33.90420913696289,70132
2012-07-13,33.85442352294922,36.64243698120117,33.85442352294922,35.14885711669922,504447
2012-07-16,35.54714584350586,35.84586334228516,33.80464172363281,33.95399856567383,69877
2012-07-17,33.85442352294922,36.24414825439453,33.65528106689453,33.80464172363281,98952
2012-07-18,33.90420913696289,33.95399856567383,32.95827865600586,33.15742111206055,90275
2012-07-19,33.207210540771484,33.85442352294922,32.460418701171875,33.15742111206055,79624
2012-07-20,33.25699234008789,33.7050666809082,32.36084747314453,32.51020431518555,133068
2012-07-23,32.36084747314453,32.90849304199219,31.56427383422852,31.86298942565918,71637
2012-07-24,31.763416290283203,32.11191940307617,31.315343856811523,31.51448631286621,54701
2012-07-25,31.46470069885254,31.86298942565918,31.01662826538086,31.365129470825195,70189
2012-07-26,30.966842651367188,31.66384506225586,29.871551513671875,30.17026710510254,64019
2012-07-27,30.36941146850586,31.21577262878418,29.921337127685547,29.97112464904785,51400
2012-07-30,30.36941146850586,31.46470069885254,29.97112464904785,31.116199493408203,53715
2012-07-31,30.86726951599121,34.30249786376953,30.468982696533203,33.40635299682617,256503
2012-08-01,33.25699234008789,33.40635299682617,32.559993743896484,32.75913619995117,54348
2012-08-02,32.60977554321289,33.65528106689453,32.4106330871582,33.107635498046875,41065
2012-08-03,32.95827865600586,33.55570983886719,32.161705017089844,32.7093505859375,40485
2012-08-06,33.55570983886719,33.85442352294922,32.60977554321289,32.85870742797852,118623
2012-08-07,32.90849304199219,33.65528106689453,32.90849304199219,33.40635299682617,45085
2012-08-08,33.65528106689453,33.85442352294922,32.0621337890625,32.21149063110352,61194
2012-08-09,31.86298942565918,32.460418701171875,31.21577262878418,31.365129470825195,90345
2012-08-10,31.66384506225586,32.4106330871582,31.06641387939453,31.315343856811523,45906
2012-08-13,31.86298942565918,31.86298942565918,31.165985107421875,31.51448631286621,20505
2012-08-14,31.51448631286621,32.7093505859375,31.26555824279785,32.11191940307617,72833
2012-08-16,32.21149063110352,33.0578498840332,32.21149063110352,32.65956115722656,43006
2012-08-17,32.95827865600586,34.25271224975586,32.60977554321289,32.95827865600586,208413
2012-08-21,33.15742111206055,34.20292663574219,32.460418701171875,33.754852294921875,181128
2012-08-22,33.456138610839844,34.05356979370117,33.0578498840332,33.25699234008789,95220
2012-08-23,33.0578498840332,33.754852294921875,32.95827865600586,33.107635498046875,78373
2012-08-24,33.95399856567383,35.24843215942383,33.95399856567383,34.103355407714844,466431
2012-08-27,34.103355407714844,34.3522834777832,32.60977554321289,33.207210540771484,54078
2012-08-28,33.65528106689453,33.65528106689453,31.414915084838867,31.91277503967285,54438
2012-08-29,32.26127624511719,32.26127624511719,30.120481491088867,30.36941146850586,84119
2012-08-30,30.86726951599121,31.66384506225586,30.86726951599121,31.365129470825195,63843
2012-08-31,31.86298942565918,31.86298942565918,31.26555824279785,31.414915084838867,58057
2012-09-03,31.365129470825195,32.11191940307617,29.32390785217285,29.77198028564453,169491
2012-09-04,30.717912673950195,30.717912673950195,28.87583351135254,28.975404739379883,197429
2012-09-05,28.776262283325195,29.373693466186523,28.178831100463867,28.427759170532227,194173
2012-09-06,28.776262283325195,29.57283592224121,27.979686737060547,28.427759170532227,669089
2012-09-07,28.776262283325195,30.36941146850586,28.776262283325195,29.871551513671875,187316
2012-09-10,30.36941146850586,30.56855583190918,29.871551513671875,30.020910263061523,142496
2012-09-11,30.450000762939453,30.450000762939453,29.299999237060547,29.450000762939453,266224
2012-09-12,29.5,31.799999237060547,29.0,30.799999237060547,458381
2012-09-13,31.0,33.5,31.0,31.64999961853028,1592390
2012-09-14,32.0,32.400001525878906,30.5,30.64999961853028,222728
2012-09-17,31.950000762939453,32.75,30.850000381469727,32.5,393031
2012-09-18,33.0,33.400001525878906,31.200000762939453,31.75,398265
2012-09-20,31.299999237060547,31.700000762939453,30.350000381469727,30.549999237060547,163104
2012-09-21,30.89999961853028,31.39999961853028,30.5,30.700000762939453,231649
2012-09-24,30.799999237060547,31.600000381469727,30.299999237060547,30.549999237060547,323270
2012-09-25,30.700000762939453,31.0,30.299999237060547,30.39999961853028,162072
2012-09-26,31.39999961853028,31.39999961853028,30.350000381469727,30.600000381469727,169978
2012-09-27,30.950000762939453,31.200000762939453,30.5,30.549999237060547,205054
2012-09-28,30.950000762939453,31.200000762939453,30.5,30.600000381469727,443287
2012-10-01,31.0,31.850000381469727,30.700000762939453,31.5,1120459
2012-10-03,30.700000762939453,32.20000076293945,30.700000762939453,31.39999961853028,1057375
2012-10-04,31.5,31.850000381469727,30.89999961853028,31.299999237060547,1130033
2012-10-05,31.299999237060547,33.70000076293945,31.299999237060547,33.04999923706055,1540293
2012-10-08,32.150001525878906,33.900001525878906,32.150001525878906,32.599998474121094,993534
2012-10-09,32.650001525878906,33.54999923706055,31.799999237060547,32.0,405714
2012-10-10,31.799999237060547,32.0,30.0,30.450000762939453,517609
2012-10-11,30.799999237060547,31.14999961853028,30.450000762939453,30.799999237060547,369826
2012-10-12,31.100000381469727,32.599998474121094,30.75,31.049999237060547,852107
2012-10-15,31.89999961853028,36.79999923706055,31.89999961853028,34.54999923706055,3607446
2012-10-16,33.0,34.5,31.39999961853028,33.599998474121094,3624358
2012-10-17,33.099998474121094,38.25,32.849998474121094,37.54999923706055,5171118
2012-10-18,37.54999923706055,38.5,35.70000076293945,37.29999923706055,2133022
2012-10-19,37.25,38.79999923706055,36.70000076293945,37.29999923706055,1851148
2012-10-22,37.29999923706055,39.900001525878906,37.0,37.59999847412109,2582996
2012-10-23,37.79999923706055,38.0,35.5,36.09999847412109,1316236
2012-10-25,36.0,37.20000076293945,35.650001525878906,36.04999923706055,755638
2012-10-29,35.400001525878906,35.400001525878906,33.25,33.400001525878906,676260
2012-10-30,33.650001525878906,33.900001525878906,32.5,32.70000076293945,749679
2012-10-31,33.0,35.099998474121094,32.54999923706055,34.79999923706055,1527036
2012-11-01,34.79999923706055,36.650001525878906,33.79999923706055,35.75,1924823
2012-11-02,35.79999923706055,36.900001525878906,35.70000076293945,35.849998474121094,650807
2012-11-05,35.5,36.59999847412109,35.20000076293945,35.75,411831
2012-11-06,35.599998474121094,37.59999847412109,34.25,37.0,769622
2012-11-07,36.75,37.75,36.5,36.650001525878906,683340
2012-11-08,36.29999923706055,37.0,35.650001525878906,36.09999847412109,269915
2012-11-09,36.54999923706055,36.70000076293945,34.5,34.70000076293945,285652
2012-11-12,34.45000076293945,35.650001525878906,34.400001525878906,35.29999923706055,319258
2012-11-15,37.400001525878906,45.0,37.34999847412109,45.0,5485423
2012-11-16,46.04999923706055,47.400001525878906,39.150001525878906,39.70000076293945,6560339
2012-11-19,40.400001525878906,41.150001525878906,38.04999923706055,38.400001525878906,2114873
2012-11-20,38.900001525878906,40.09999847412109,37.650001525878906,39.09999847412109,1278238
2012-11-21,39.5,40.400001525878906,38.5,39.900001525878906,1614779
2012-11-22,40.0,40.400001525878906,39.0,39.09999847412109,1179627
2012-11-23,39.29999923706055,39.84999847412109,38.09999847412109,39.09999847412109,612345
2012-11-26,39.25,41.25,38.09999847412109,40.5,3366127
2012-11-27,40.79999923706055,44.75,40.59999847412109,44.29999923706055,5973650
2012-11-29,44.29999923706055,45.84999847412109,43.54999923706055,44.25,2292352
2012-11-30,44.70000076293945,46.59999847412109,43.09999847412109,45.95000076293945,2430269
2012-12-03,46.20000076293945,47.79999923706055,44.650001525878906,45.20000076293945,2770886
2012-12-04,45.59999847412109,47.25,44.5,46.45000076293945,1757632
2012-12-05,47.09999847412109,47.09999847412109,43.29999923706055,44.29999923706055,1023036
2012-12-06,45.0,45.5,43.75,44.79999923706055,770916
2012-12-07,45.150001525878906,46.75,44.75,45.09999847412109,1175483
2012-12-10,45.45000076293945,45.54999923706055,44.20000076293945,44.400001525878906,367018
2012-12-11,45.0,45.29999923706055,42.75,43.84999847412109,675444
2012-12-12,44.150001525878906,44.70000076293945,43.0,43.650001525878906,505050
2012-12-13,43.54999923706055,45.45000076293945,42.84999847412109,43.25,1046199
2012-12-14,43.09999847412109,43.75,41.900001525878906,43.0,296832
2012-12-17,42.650001525878906,43.900001525878906,42.650001525878906,43.09999847412109,411379
2012-12-18,43.45000076293945,44.09999847412109,42.79999923706055,43.34999847412109,549377
2012-12-19,43.59999847412109,43.75,42.34999847412109,42.54999923706055,1010306
2012-12-20,42.900001525878906,43.29999923706055,42.04999923706055,42.29999923706055,346297
2012-12-21,42.0,42.34999847412109,40.5,40.75,477747
2012-12-24,40.84999847412109,41.54999923706055,40.150001525878906,41.150001525878906,460470
2012-12-26,41.59999847412109,42.25,41.0,41.900001525878906,403673
2012-12-27,42.25,42.400001525878906,40.650001525878906,41.09999847412109,292742
2012-12-28,41.09999847412109,41.79999923706055,40.29999923706055,40.900001525878906,402029
2012-12-31,41.29999923706055,41.900001525878906,40.400001525878906,41.45000076293945,496087
2013-01-01,41.70000076293945,42.09999847412109,41.29999923706055,41.75,229294
2013-01-02,42.0,44.45000076293945,41.79999923706055,43.900001525878906,2387112
2013-01-03,44.20000076293945,46.0,43.650001525878906,45.20000076293945,1672186
2013-01-04,45.20000076293945,47.34999847412109,44.45000076293945,46.70000076293945,1924759
2013-01-07,46.84999847412109,47.20000076293945,44.34999847412109,44.650001525878906,883555
2013-01-08,45.34999847412109,45.34999847412109,43.70000076293945,44.25,710996
2013-01-09,44.400001525878906,45.20000076293945,43.900001525878906,44.20000076293945,468847
2013-01-10,44.25,45.09999847412109,43.84999847412109,44.150001525878906,526025
2013-01-11,44.400001525878906,44.75,42.70000076293945,42.900001525878906,580547
2013-01-14,43.150001525878906,43.70000076293945,42.400001525878906,43.45000076293945,435000
2013-01-15,43.5,44.84999847412109,43.29999923706055,44.25,869679
2013-01-16,44.20000076293945,44.29999923706055,42.5,42.75,371795
2013-01-17,43.20000076293945,43.400001525878906,42.5,42.900001525878906,390417
2013-01-18,43.20000076293945,44.29999923706055,42.84999847412109,43.25,566681
2013-01-21,44.5,45.900001525878906,41.20000076293945,41.75,1375814
2013-01-22,42.20000076293945,42.400001525878906,40.59999847412109,40.84999847412109,305831
2013-01-23,41.45000076293945,41.45000076293945,39.84999847412109,40.54999923706055,412228
2013-01-24,40.34999847412109,40.59999847412109,37.25,37.75,671840
2013-01-25,37.900001525878906,40.70000076293945,37.20000076293945,40.5,707645
2013-01-28,40.54999923706055,41.20000076293945,39.20000076293945,39.400001525878906,197768
2013-01-29,39.650001525878906,39.650001525878906,38.45000076293945,38.54999923706055,487266
2013-01-30,38.45000076293945,39.34999847412109,37.70000076293945,37.84999847412109,348497
2013-01-31,38.84999847412109,39.0,37.54999923706055,37.84999847412109,275681
2013-02-01,38.400001525878906,39.5,38.0,39.09999847412109,399620
2013-02-04,39.09999847412109,40.04999923706055,37.95000076293945,38.20000076293945,378203
2013-02-05,38.0,38.75,37.70000076293945,38.34999847412109,395444
2013-02-06,38.5,39.54999923706055,38.5,38.84999847412109,228254
2013-02-07,38.95000076293945,39.04999923706055,36.59999847412109,36.79999923706055,442829
2013-02-08,37.5,37.79999923706055,35.150001525878906,35.45000076293945,653512
2013-02-11,35.95000076293945,36.45000076293945,35.400001525878906,35.75,345660
2013-02-12,35.79999923706055,36.400001525878906,34.95000076293945,35.75,269927
2013-02-13,36.04999923706055,36.650001525878906,35.25,35.54999923706055,239335
2013-02-14,35.849998474121094,35.849998474121094,30.64999961853028,32.70000076293945,1888664
2013-02-15,32.099998474121094,33.70000076293945,32.0,33.45000076293945,300188
2013-02-18,34.0,34.29999923706055,32.849998474121094,33.45000076293945,200520
2013-02-19,33.599998474121094,35.20000076293945,32.79999923706055,34.849998474121094,349029
2013-02-20,35.95000076293945,35.95000076293945,34.29999923706055,34.599998474121094,453226
2013-02-21,34.20000076293945,34.599998474121094,32.900001525878906,33.400001525878906,291760
2013-02-22,33.900001525878906,34.20000076293945,33.150001525878906,33.349998474121094,156982
2013-02-25,33.349998474121094,33.79999923706055,32.0,32.45000076293945,398048
2013-02-26,32.25,32.349998474121094,30.549999237060547,30.75,342411
2013-02-27,31.39999961853028,32.45000076293945,30.350000381469727,31.799999237060547,360136
2013-02-28,32.650001525878906,33.04999923706055,29.549999237060547,30.14999961853028,522532
2013-03-01,30.25,31.39999961853028,29.799999237060547,31.100000381469727,387852
2013-03-04,30.600000381469727,31.350000381469727,30.25,31.049999237060547,303142
2013-03-05,31.25,32.20000076293945,31.0,32.0,635095
2013-03-06,32.0,32.900001525878906,31.950000762939453,32.20000076293945,663902
2013-03-07,32.25,32.70000076293945,31.950000762939453,32.54999923706055,121882
2013-03-08,33.400001525878906,33.54999923706055,32.29999923706055,32.900001525878906,202177
2013-03-11,32.79999923706055,34.400001525878906,32.54999923706055,33.5,364978
2013-03-12,33.54999923706055,33.650001525878906,32.70000076293945,32.79999923706055,205585
2013-03-13,32.79999923706055,33.400001525878906,32.5,32.70000076293945,280001
2013-03-14,32.54999923706055,33.5,31.799999237060547,32.75,382205
2013-03-15,32.95000076293945,33.900001525878906,32.95000076293945,33.04999923706055,410380
2013-03-18,32.650001525878906,32.900001525878906,32.04999923706055,32.5,367067
2013-03-19,32.54999923706055,33.04999923706055,30.799999237060547,31.100000381469727,957682
2013-03-20,31.200000762939453,31.450000762939453,29.5,29.799999237060547,979851
2013-03-21,29.850000381469727,30.25,28.75,29.049999237060547,291511
2013-03-22,29.0,29.200000762939453,28.299999237060547,28.600000381469727,207438
2013-03-25,29.350000381469727,30.0,28.700000762939453,29.0,324196
2013-03-26,29.25,29.700000762939453,28.75,29.0,199234
2013-03-28,29.0,29.549999237060547,28.600000381469727,29.299999237060547,248031
2013-04-01,29.64999961853028,31.100000381469727,29.350000381469727,30.850000381469727,162575
2013-04-02,30.850000381469727,32.20000076293945,30.75,31.549999237060547,219330
2013-04-03,31.0,31.89999961853028,30.89999961853028,31.14999961853028,237793
2013-04-04,30.75,30.850000381469727,29.299999237060547,29.89999961853028,145121
2013-04-05,29.89999961853028,30.350000381469727,29.299999237060547,29.39999961853028,96633
2013-04-08,29.100000381469727,30.0,28.799999237060547,29.39999961853028,37596
2013-04-09,30.350000381469727,30.799999237060547,28.700000762939453,29.049999237060547,122345
2013-04-10,29.75,29.75,28.450000762939453,29.39999961853028,108672
2013-04-11,29.0,30.200000762939453,29.0,29.89999961853028,76033
2013-04-12,29.0,29.799999237060547,29.0,29.299999237060547,72453
2013-04-15,29.0,31.450000762939453,29.0,30.950000762939453,345451
2013-04-16,30.75,31.850000381469727,30.64999961853028,31.450000762939453,95275
2013-04-17,31.89999961853028,32.45000076293945,31.5,32.099998474121094,228697
2013-04-18,32.400001525878906,33.599998474121094,31.75,33.04999923706055,313396
2013-04-22,34.54999923706055,34.54999923706055,32.650001525878906,34.099998474121094,185284
2013-04-23,33.599998474121094,34.650001525878906,33.599998474121094,34.5,221125
2013-04-25,33.79999923706055,35.45000076293945,33.79999923706055,35.20000076293945,346116
2013-04-26,35.099998474121094,35.20000076293945,34.25,34.54999923706055,141863
2013-04-29,34.650001525878906,34.75,33.70000076293945,34.25,81928
2013-04-30,34.150001525878906,35.099998474121094,34.150001525878906,34.75,163502
2013-05-02,35.5,36.0,34.150001525878906,35.0,171649
2013-05-03,34.349998474121094,35.20000076293945,34.29999923706055,34.849998474121094,126038
2013-05-06,35.0,36.04999923706055,34.75,35.349998474121094,194771
2013-05-07,35.29999923706055,36.70000076293945,35.25,36.09999847412109,493234
2013-05-08,35.650001525878906,37.650001525878906,35.650001525878906,37.04999923706055,1057023
2013-05-09,37.5,37.54999923706055,35.95000076293945,36.0,644520
2013-05-10,35.95000076293945,38.95000076293945,35.95000076293945,38.650001525878906,1390374
2013-05-13,40.79999923706055,40.79999923706055,36.95000076293945,38.0,1574390
2013-05-14,38.400001525878906,39.900001525878906,38.0,38.400001525878906,854617
2013-05-15,38.79999923706055,39.5,38.5,38.79999923706055,253073
2013-05-16,38.900001525878906,40.09999847412109,38.25,39.54999923706055,296775
2013-05-17,39.54999923706055,39.95000076293945,38.79999923706055,39.04999923706055,170323
2013-05-20,39.45000076293945,39.650001525878906,38.09999847412109,38.20000076293945,208938
2013-05-21,38.20000076293945,38.5,36.79999923706055,37.04999923706055,162876
2013-05-22,37.150001525878906,37.34999847412109,35.79999923706055,36.09999847412109,170488
2013-05-23,35.900001525878906,36.0,34.599998474121094,35.400001525878906,496892
2013-05-24,36.150001525878906,36.20000076293945,35.04999923706055,35.45000076293945,389330
2013-05-27,35.0,37.20000076293945,35.0,36.0,93640
2013-05-28,35.650001525878906,36.84999847412109,35.650001525878906,36.650001525878906,309232
2013-05-29,36.09999847412109,38.45000076293945,36.09999847412109,37.29999923706055,193182
2013-05-30,36.900001525878906,37.79999923706055,36.25,36.84999847412109,377772
2013-05-31,36.09999847412109,36.900001525878906,35.5,35.75,326333
2013-06-03,35.400001525878906,36.0,34.79999923706055,35.29999923706055,429294
2013-06-04,35.20000076293945,36.25,34.599998474121094,35.349998474121094,456202
2013-06-05,35.20000076293945,35.45000076293945,34.650001525878906,34.849998474121094,229806
2013-06-06,34.599998474121094,36.45000076293945,34.599998474121094,35.849998474121094,261365
2013-06-07,35.599998474121094,36.900001525878906,35.599998474121094,36.34999847412109,320911
2013-06-10,36.5,36.79999923706055,34.79999923706055,35.79999923706055,106752
2013-06-11,35.54999923706055,36.0,34.29999923706055,35.349998474121094,406987
2013-06-12,35.0,35.650001525878906,34.0,34.400001525878906,248801
2013-06-13,34.0,34.45000076293945,34.0,34.150001525878906,79929
2013-06-14,34.5,36.400001525878906,34.5,35.349998474121094,417575
2013-06-17,35.0,35.5,34.75,35.0,54810
2013-06-18,34.70000076293945,36.650001525878906,34.70000076293945,35.75,180218
2013-06-19,35.04999923706055,35.75,34.900001525878906,35.400001525878906,261786
2013-06-20,35.04999923706055,35.099998474121094,33.25,34.25,175973
2013-06-21,34.0,34.29999923706055,33.150001525878906,33.70000076293945,122647
2013-06-24,33.5,33.95000076293945,32.29999923706055,32.900001525878906,163643
2013-06-25,33.20000076293945,33.5,31.299999237060547,32.29999923706055,199430
2013-06-26,33.349998474121094,33.349998474121094,31.350000381469727,31.64999961853028,75901
2013-06-27,31.799999237060547,32.900001525878906,31.299999237060547,31.799999237060547,49457
2013-06-28,31.64999961853028,33.5,31.64999961853028,33.04999923706055,121317
2013-07-01,32.599998474121094,35.5,32.599998474121094,35.04999923706055,140075
2013-07-02,36.0,36.0,34.5,34.900001525878906,80766
2013-07-03,34.70000076293945,34.70000076293945,33.54999923706055,33.900001525878906,63398
2013-07-04,34.0,34.5,32.79999923706055,33.79999923706055,104215
2013-07-05,34.20000076293945,35.099998474121094,33.79999923706055,34.45000076293945,53533
2013-07-08,35.5,35.5,32.849998474121094,33.650001525878906,157477
2013-07-09,33.099998474121094,34.849998474121094,33.099998474121094,34.45000076293945,45268
2013-07-10,34.5,34.650001525878906,33.70000076293945,34.099998474121094,63715
2013-07-11,34.099998474121094,34.75,33.900001525878906,34.150001525878906,48828
2013-07-12,34.04999923706055,34.45000076293945,32.849998474121094,33.54999923706055,84572
2013-07-15,32.79999923706055,34.400001525878906,32.25,33.849998474121094,77496
2013-07-16,33.5,33.5,32.70000076293945,33.0,1095797
2013-07-17,33.04999923706055,34.599998474121094,33.04999923706055,34.20000076293945,123837
2013-07-18,34.0,34.599998474121094,33.79999923706055,33.900001525878906,68850
2013-07-19,34.5,34.5,31.5,32.45000076293945,191001
2013-07-22,32.400001525878906,33.0,31.799999237060547,32.25,134160
2013-07-23,32.900001525878906,33.099998474121094,32.29999923706055,32.400001525878906,53188
2013-07-24,32.04999923706055,32.45000076293945,31.0,31.549999237060547,139798
2013-07-25,31.049999237060547,32.45000076293945,30.950000762939453,31.25,91017
2013-07-26,32.45000076293945,32.45000076293945,30.200000762939453,30.39999961853028,91518
2013-07-29,31.700000762939453,32.5,29.350000381469727,30.75,413567
2013-07-30,30.0,31.39999961853028,27.0,28.350000381469727,254007
2013-07-31,28.0,29.350000381469727,27.0,28.549999237060547,138288
2013-08-01,29.799999237060547,29.799999237060547,27.25,28.89999961853028,204807
2013-08-02,28.600000381469727,28.89999961853028,26.14999961853028,27.549999237060547,255366
2013-08-05,29.0,29.25,27.200000762939453,27.600000381469727,183807
2013-08-06,27.0,27.799999237060547,26.200000762939453,26.39999961853028,164271
2013-08-07,26.5,27.549999237060547,26.5,27.200000762939453,111830
2013-08-08,27.0,28.89999961853028,27.0,28.600000381469727,92603
2013-08-12,28.049999237060547,29.5,28.049999237060547,28.600000381469727,133787
2013-08-13,28.14999961853028,30.25,28.14999961853028,29.850000381469727,93114
2013-08-14,29.700000762939453,31.200000762939453,29.14999961853028,30.850000381469727,136769
2013-08-16,30.5,31.0,29.39999961853028,30.049999237060547,210529
2013-08-19,29.799999237060547,29.89999961853028,28.450000762939453,29.0,134727
2013-08-20,29.0,29.549999237060547,28.549999237060547,29.5,67720
2013-08-21,30.0,30.0,27.799999237060547,28.299999237060547,105966
2013-08-22,28.0,30.0,27.549999237060547,29.75,173481
2013-08-23,29.100000381469727,29.89999961853028,28.850000381469727,29.14999961853028,85541
2013-08-26,29.0,30.200000762939453,29.0,29.89999961853028,79774
2013-08-27,29.049999237060547,29.450000762939453,28.0,28.200000762939453,51050
2013-08-28,27.89999961853028,28.0,26.5,26.799999237060547,430501
2013-08-29,26.799999237060547,28.0,26.14999961853028,26.39999961853028,301637
2013-08-30,26.39999961853028,27.549999237060547,26.350000381469727,26.549999237060547,175302
2013-09-02,26.549999237060547,27.549999237060547,26.100000381469727,27.25,145371
2013-09-03,27.25,27.600000381469727,25.0,25.350000381469727,192325
2013-09-04,25.049999237060547,26.39999961853028,25.049999237060547,25.799999237060547,255954
2013-09-05,26.0,27.14999961853028,25.5,25.850000381469727,242007
2013-09-06,26.600000381469727,26.600000381469727,25.75,25.850000381469727,175138
2013-09-10,26.5,27.100000381469727,26.25,26.350000381469727,176172
2013-09-11,26.5,26.89999961853028,26.0,26.64999961853028,179110
2013-09-12,27.200000762939453,30.0,26.600000381469727,29.0,460795
2013-09-13,29.5,30.25,28.299999237060547,29.450000762939453,463257
2013-09-16,29.89999961853028,29.950000762939453,26.89999961853028,27.200000762939453,524565
2013-09-17,25.200000762939453,27.549999237060547,25.200000762939453,27.14999961853028,129924
2013-09-18,27.0,27.450000762939453,26.850000381469727,27.0,40670
2013-09-19,28.200000762939453,28.549999237060547,27.350000381469727,27.700000762939453,165759
2013-09-20,27.549999237060547,29.25,26.89999961853028,29.0,528230
2013-09-23,28.799999237060547,29.850000381469727,28.200000762939453,28.299999237060547,151446
2013-09-24,28.549999237060547,28.799999237060547,28.14999961853028,28.25,53909
2013-09-25,28.799999237060547,28.799999237060547,27.89999961853028,28.39999961853028,71879
2013-09-26,28.25,28.700000762939453,28.14999961853028,28.549999237060547,45811
2013-09-27,28.64999961853028,28.64999961853028,27.950000762939453,28.0,104307
2013-09-30,28.799999237060547,28.799999237060547,26.799999237060547,27.0,63143
2013-10-01,26.799999237060547,28.5,26.799999237060547,27.950000762939453,90013
2013-10-03,28.89999961853028,31.0,28.0,30.0,374520
2013-10-04,30.25,30.549999237060547,29.950000762939453,30.100000381469727,220657
2013-10-07,30.0,30.549999237060547,30.0,30.0,206062
2013-10-08,30.549999237060547,30.600000381469727,30.0,30.049999237060547,87111
2013-10-09,30.5,31.5,30.25,30.350000381469727,128119
2013-10-10,30.100000381469727,32.20000076293945,30.100000381469727,30.600000381469727,196914
2013-10-11,30.89999961853028,31.850000381469727,30.799999237060547,31.100000381469727,182628
2013-10-14,30.600000381469727,32.900001525878906,30.600000381469727,31.850000381469727,384946
2013-10-15,31.700000762939453,32.849998474121094,30.64999961853028,30.950000762939453,221818
2013-10-17,30.950000762939453,31.64999961853028,30.950000762939453,31.100000381469727,71318
2013-10-18,31.14999961853028,32.400001525878906,31.14999961853028,31.25,119477
2013-10-21,31.049999237060547,32.20000076293945,31.0,31.75,129293
2013-10-22,31.64999961853028,33.45000076293945,31.64999961853028,32.20000076293945,369579
2013-10-23,32.5,32.79999923706055,31.200000762939453,32.29999923706055,199490
2013-10-24,32.70000076293945,33.0,31.950000762939453,32.25,144329
2013-10-25,32.04999923706055,34.0,32.04999923706055,33.04999923706055,441678
2013-10-28,33.04999923706055,33.400001525878906,31.600000381469727,31.950000762939453,249137
2013-10-29,31.100000381469727,33.20000076293945,30.64999961853028,32.29999923706055,468361
2013-10-30,32.04999923706055,32.650001525878906,31.14999961853028,31.39999961853028,124556
2013-10-31,31.64999961853028,32.5,31.100000381469727,31.549999237060547,149617
2013-11-01,31.600000381469727,32.0,31.14999961853028,31.39999961853028,235178
2013-11-05,31.64999961853028,33.5,31.64999961853028,32.599998474121094,382322
2013-11-06,32.79999923706055,33.45000076293945,32.20000076293945,32.29999923706055,116682
2013-11-07,32.5,32.70000076293945,30.700000762939453,31.049999237060547,110701
2013-11-08,31.25,31.39999961853028,30.700000762939453,30.850000381469727,60520
2013-11-11,30.799999237060547,32.0,30.700000762939453,31.100000381469727,104815
2013-11-12,31.39999961853028,31.700000762939453,30.25,30.5,60930
2013-11-13,30.799999237060547,30.950000762939453,30.14999961853028,30.39999961853028,47398
2013-11-14,30.950000762939453,31.89999961853028,30.700000762939453,30.950000762939453,230539
2013-11-18,31.350000381469727,32.04999923706055,30.5,30.850000381469727,227644
2013-11-19,31.0,31.5,30.549999237060547,31.14999961853028,75527
2013-11-20,31.0,31.549999237060547,30.5,30.600000381469727,95475
2013-11-21,30.5,30.799999237060547,30.049999237060547,30.14999961853028,49969
2013-11-22,30.5,30.799999237060547,30.049999237060547,30.14999961853028,69642
2013-11-25,30.25,30.950000762939453,30.100000381469727,30.299999237060547,58981
2013-11-26,30.200000762939453,30.799999237060547,30.100000381469727,30.39999961853028,68890
2013-11-27,30.549999237060547,30.549999237060547,30.0,30.049999237060547,45008
2013-11-28,30.049999237060547,31.5,30.049999237060547,30.5,157035
2013-11-29,30.39999961853028,31.450000762939453,30.39999961853028,31.100000381469727,99781
2013-12-02,31.0,31.5,31.0,31.299999237060547,81225
2013-12-03,31.39999961853028,31.89999961853028,31.100000381469727,31.25,110685
2013-12-04,30.64999961853028,31.64999961853028,30.5,30.64999961853028,71313
2013-12-05,31.200000762939453,32.0,31.049999237060547,31.25,146851
2013-12-06,31.39999961853028,34.5,31.200000762939453,33.95000076293945,833756
2013-12-09,33.95000076293945,35.349998474121094,33.29999923706055,34.849998474121094,454080
2013-12-10,35.0,35.25,33.29999923706055,33.45000076293945,3463098
2013-12-11,33.5,34.04999923706055,32.5,32.75,244754
2013-12-12,32.849998474121094,32.900001525878906,31.600000381469727,31.850000381469727,116875
2013-12-13,31.75,31.89999961853028,30.600000381469727,30.75,172633
2013-12-16,31.14999961853028,31.850000381469727,30.5,30.600000381469727,164573
2013-12-17,30.75,31.799999237060547,30.75,30.89999961853028,126305
2013-12-18,30.75,31.5,30.700000762939453,31.100000381469727,141598
2013-12-19,31.100000381469727,31.850000381469727,30.799999237060547,31.39999961853028,130533
2013-12-20,31.0,35.400001525878906,31.0,34.349998474121094,1341135
2013-12-23,34.20000076293945,35.900001525878906,33.75,35.20000076293945,464907
2013-12-24,35.150001525878906,36.0,34.650001525878906,35.25,525358
2013-12-26,34.79999923706055,36.79999923706055,34.650001525878906,34.79999923706055,435248
2013-12-27,34.79999923706055,35.599998474121094,33.70000076293945,33.900001525878906,189224
2013-12-30,33.95000076293945,36.400001525878906,33.599998474121094,34.75,394352
2013-12-31,33.54999923706055,35.900001525878906,33.54999923706055,34.45000076293945,321263
2014-01-01,34.29999923706055,35.099998474121094,34.29999923706055,34.400001525878906,120184
2014-01-02,34.650001525878906,35.650001525878906,32.25,32.5,483765
2014-01-03,32.099998474121094,33.29999923706055,32.04999923706055,33.099998474121094,147647
2014-01-06,33.45000076293945,35.5,32.79999923706055,35.04999923706055,639123
2014-01-07,35.099998474121094,35.70000076293945,34.349998474121094,34.650001525878906,346623
2014-01-08,34.650001525878906,34.79999923706055,33.099998474121094,34.400001525878906,465953
2014-01-09,34.54999923706055,35.400001525878906,33.599998474121094,34.150001525878906,386601
2014-01-10,34.20000076293945,35.0,33.0,33.25,186773
2014-01-13,33.099998474121094,33.79999923706055,32.75,33.0,112805
2014-01-14,33.099998474121094,33.29999923706055,32.150001525878906,32.29999923706055,205163
2014-01-15,32.45000076293945,33.70000076293945,32.45000076293945,33.29999923706055,183571
2014-01-16,33.0,33.400001525878906,32.5,32.79999923706055,434524
2014-01-17,32.599998474121094,32.95000076293945,31.049999237060547,31.25,245358
2014-01-20,31.25,32.400001525878906,31.25,32.20000076293945,115773
2014-01-21,32.25,32.70000076293945,31.89999961853028,32.29999923706055,90589
2014-01-22,32.0,32.349998474121094,31.64999961853028,31.950000762939453,77759
2014-01-23,31.950000762939453,32.349998474121094,31.549999237060547,31.700000762939453,53829
2014-01-24,31.700000762939453,32.29999923706055,30.75,30.950000762939453,175972
2014-01-27,30.75,30.75,29.75,29.89999961853028,133626
2014-01-28,30.0,30.89999961853028,29.799999237060547,30.64999961853028,128079
2014-01-29,30.850000381469727,31.0,30.39999961853028,30.549999237060547,30895
2014-01-30,30.450000762939453,30.600000381469727,29.299999237060547,29.5,173653
2014-01-31,29.14999961853028,30.549999237060547,29.14999961853028,30.25,79227
2014-02-03,30.049999237060547,30.450000762939453,29.75,29.850000381469727,60246
2014-02-04,29.75,30.39999961853028,29.75,30.14999961853028,110014
2014-02-05,30.0,31.299999237060547,29.850000381469727,30.75,153871
2014-02-06,30.75,31.799999237060547,30.75,31.299999237060547,128169
2014-02-07,31.5,32.400001525878906,31.299999237060547,32.0,272591
2014-02-10,31.950000762939453,32.79999923706055,30.600000381469727,31.200000762939453,412899
2014-02-11,31.5,32.150001525878906,30.299999237060547,30.450000762939453,253565
2014-02-12,30.299999237060547,31.350000381469727,30.100000381469727,30.350000381469727,88691
2014-02-13,30.549999237060547,30.549999237060547,29.549999237060547,29.600000381469727,145263
2014-02-14,29.600000381469727,30.049999237060547,28.75,29.5,185505
2014-02-17,29.850000381469727,29.950000762939453,28.0,28.700000762939453,301441
2014-02-18,28.39999961853028,29.700000762939453,28.049999237060547,28.549999237060547,260502
2014-02-19,28.299999237060547,30.549999237060547,28.299999237060547,29.850000381469727,322595
2014-02-20,29.75,30.850000381469727,29.299999237060547,30.450000762939453,342016
2014-02-21,30.549999237060547,31.100000381469727,30.350000381469727,30.600000381469727,208210
2014-02-24,30.299999237060547,31.049999237060547,30.299999237060547,30.5,158942
2014-02-25,30.5,31.450000762939453,30.5,31.100000381469727,212985
2014-02-26,31.200000762939453,31.39999961853028,29.89999961853028,30.299999237060547,263745
2014-02-28,30.200000762939453,30.950000762939453,30.100000381469727,30.5,85113
2014-03-03,30.39999961853028,30.950000762939453,30.39999961853028,30.5,62394
2014-03-04,30.39999961853028,31.299999237060547,30.39999961853028,30.950000762939453,106823
2014-03-05,30.799999237060547,31.25,30.5,30.549999237060547,136746
2014-03-06,30.549999237060547,31.200000762939453,30.5,30.799999237060547,99682
2014-03-07,30.799999237060547,31.950000762939453,30.799999237060547,31.350000381469727,226702
2014-03-10,31.100000381469727,32.0,31.100000381469727,31.5,191320
2014-03-11,31.5,32.0,31.5,31.5,97578
2014-03-12,31.5,32.54999923706055,31.5,32.20000076293945,136302
2014-03-13,32.599998474121094,32.599998474121094,31.5,31.5,115512
2014-03-14,31.5,32.5,30.89999961853028,31.64999961853028,201162
2014-03-18,31.64999961853028,32.54999923706055,31.64999961853028,32.29999923706055,308617
2014-03-19,32.5,34.0,32.0,33.25,693661
2014-03-20,33.25,34.20000076293945,32.849998474121094,33.0,485821
2014-03-21,33.150001525878906,33.900001525878906,32.650001525878906,33.45000076293945,135369
2014-03-24,33.849998474121094,34.400001525878906,32.54999923706055,32.75,140949
2014-03-25,32.650001525878906,33.45000076293945,32.29999923706055,33.150001525878906,157514
2014-03-26,33.75,33.75,32.54999923706055,32.79999923706055,372134
2014-03-27,32.849998474121094,33.349998474121094,32.79999923706055,33.0,73461
2014-03-28,33.20000076293945,33.849998474121094,32.79999923706055,33.45000076293945,74955
2014-03-31,33.900001525878906,34.75,33.5,34.150001525878906,130706
2014-04-01,34.400001525878906,37.79999923706055,34.0,37.04999923706055,971006
2014-04-02,37.0,38.34999847412109,37.0,37.95000076293945,368928
2014-04-03,37.95000076293945,38.29999923706055,35.349998474121094,36.59999847412109,184578
2014-04-04,37.0,40.0,36.900001525878906,37.70000076293945,1057460
2014-04-07,38.25,38.70000076293945,37.54999923706055,38.29999923706055,232348
2014-04-09,38.0,38.34999847412109,36.5,36.95000076293945,321615
2014-04-10,37.0,37.34999847412109,35.79999923706055,36.20000076293945,248127
2014-04-11,35.79999923706055,36.95000076293945,35.5,35.75,130830
2014-04-15,35.599998474121094,38.75,35.0,37.900001525878906,533780
2014-04-16,37.900001525878906,38.09999847412109,34.75,35.150001525878906,469532
2014-04-17,35.599998474121094,36.79999923706055,35.349998474121094,36.29999923706055,141193
2014-04-21,36.79999923706055,37.5,36.5,36.650001525878906,107151
2014-04-22,36.70000076293945,36.95000076293945,35.099998474121094,35.25,176329
2014-04-23,35.45000076293945,36.0,35.0,35.099998474121094,148040
2014-04-24,35.099998474121094,35.099998474121094,35.099998474121094,35.099998474121094,0
2014-04-25,35.20000076293945,36.25,34.099998474121094,34.5,244930
2014-04-28,34.70000076293945,35.75,34.0,34.79999923706055,245341
2014-04-29,34.79999923706055,36.150001525878906,34.20000076293945,35.04999923706055,334993
2014-04-30,35.0,35.45000076293945,33.400001525878906,33.75,150690
2014-05-02,33.79999923706055,34.400001525878906,33.400001525878906,33.54999923706055,93049
2014-05-05,33.54999923706055,34.150001525878906,33.5,33.79999923706055,124435
2014-05-06,33.79999923706055,34.25,33.54999923706055,33.900001525878906,63987
2014-05-07,33.75,34.0,33.349998474121094,33.70000076293945,123365
2014-05-08,33.70000076293945,34.04999923706055,33.400001525878906,33.54999923706055,143724
2014-05-09,33.29999923706055,34.79999923706055,33.29999923706055,34.400001525878906,162612
2014-05-12,34.25,36.400001525878906,34.25,35.650001525878906,430884
2014-05-13,35.650001525878906,36.45000076293945,35.150001525878906,35.95000076293945,347112
2014-05-14,35.650001525878906,37.45000076293945,35.599998474121094,37.25,578075
2014-05-15,36.79999923706055,37.45000076293945,36.0,36.09999847412109,187741
2014-05-16,36.70000076293945,37.0,35.20000076293945,35.400001525878906,277046
2014-05-19,35.5,37.34999847412109,35.5,37.0,422685
2014-05-20,37.04999923706055,38.5,37.0,37.59999847412109,689593
2014-05-21,38.25,39.29999923706055,37.650001525878906,38.45000076293945,679339
2014-05-22,39.09999847412109,42.400001525878906,39.0,41.09999847412109,2044455
2014-05-23,41.75,42.0,40.29999923706055,41.20000076293945,688173
2014-05-26,41.70000076293945,42.400001525878906,36.54999923706055,38.0,1020833
2014-05-27,37.95000076293945,40.0,36.59999847412109,39.45000076293945,1473003
2014-05-28,39.900001525878906,43.0,38.20000076293945,42.0,2649560
2014-05-29,43.0,47.45000076293945,42.650001525878906,45.34999847412109,4303007
2014-05-30,52.0,54.400001525878906,45.54999923706055,54.400001525878906,19155895
2014-06-02,56.79999923706055,58.70000076293945,52.04999923706055,54.650001525878906,14414886
2014-06-03,54.95000076293945,55.0,51.29999923706055,51.95000076293945,2646745
2014-06-04,52.59999847412109,55.09999847412109,52.29999923706055,54.5,3742690
2014-06-05,55.0,59.95000076293945,53.5,59.95000076293945,7950138
2014-06-06,62.400001525878906,65.9000015258789,60.5,65.9000015258789,7366717
2014-06-09,66.0,71.4000015258789,63.5,69.75,7179877
2014-06-10,68.9000015258789,68.9000015258789,66.30000305175781,66.3499984741211,2517803
2014-06-11,66.0,67.0,63.04999923706055,63.04999923706055,2269704
2014-06-12,63.09999847412109,65.5999984741211,61.0,62.29999923706055,2064568
2014-06-13,63.0,64.0,59.20000076293945,59.79999923706055,939198
2014-06-16,59.5,62.70000076293945,58.0,60.09999847412109,997838
2014-06-17,60.5,61.900001525878906,59.0,60.59999847412109,517703
2014-06-18,62.0,63.59999847412109,61.0,63.54999923706055,1420806
2014-06-19,65.5999984741211,65.5999984741211,60.400001525878906,60.650001525878906,744797
2014-06-20,60.59999847412109,62.400001525878906,59.0,59.29999923706055,303777
2014-06-23,57.59999847412109,59.79999923706055,56.400001525878906,56.70000076293945,714374
2014-06-24,57.0,59.5,56.150001525878906,56.59999847412109,501648
2014-06-25,57.79999923706055,59.400001525878906,56.54999923706055,59.400001525878906,324664
2014-06-26,60.400001525878906,60.900001525878906,58.0,60.25,472056
2014-06-27,60.900001525878906,63.25,57.5,61.650001525878906,415525
2014-06-30,61.650001525878906,63.0,60.5,61.25,217780
2014-07-01,61.5,62.25,60.04999923706055,60.400001525878906,406663
2014-07-02,60.5,61.900001525878906,58.59999847412109,59.04999923706055,264990
2014-07-03,58.25,60.0,57.04999923706055,57.59999847412109,257850
2014-07-04,58.0,58.20000076293945,56.45000076293945,57.29999923706055,439119
2014-07-07,58.400001525878906,60.150001525878906,57.150001525878906,60.09999847412109,1036244
2014-07-08,63.09999847412109,63.09999847412109,57.09999847412109,57.34999847412109,1742377
2014-07-09,57.0,57.0,54.5,54.5,858786
2014-07-10,55.0,56.5,53.25,54.95000076293945,777249
2014-07-11,55.04999923706055,55.25,52.25,52.25,318741
2014-07-14,53.70000076293945,53.70000076293945,49.650001525878906,50.09999847412109,493677
2014-07-15,50.09999847412109,52.0,49.5,51.09999847412109,407996
2014-07-16,51.0,53.5,50.400001525878906,51.79999923706055,379483
2014-07-17,52.900001525878906,53.25,50.79999923706055,51.25,252183
2014-07-18,50.75,52.79999923706055,50.0,50.29999923706055,268559
2014-07-21,51.0,51.45000076293945,50.5,50.79999923706055,253999
2014-07-22,51.29999923706055,53.0,50.29999923706055,52.25,276343
2014-07-23,54.0,54.0,51.5,52.09999847412109,122352
2014-07-24,51.59999847412109,54.20000076293945,51.04999923706055,53.59999847412109,600456
2014-07-25,53.5,54.0,50.95000076293945,50.95000076293945,290617
2014-07-28,49.75,51.45000076293945,48.59999847412109,48.79999923706055,284150
2014-07-30,49.0,51.0,49.0,50.59999847412109,201550
2014-07-31,51.20000076293945,52.75,50.5,51.900001525878906,180142
2014-08-01,51.45000076293945,52.59999847412109,50.0,50.25,127902
2014-08-04,51.09999847412109,52.75,51.0,52.75,351420
2014-08-05,53.650001525878906,54.29999923706055,53.04999923706055,54.0,949080
2014-08-06,54.900001525878906,54.900001525878906,52.25,53.09999847412109,344061
2014-08-07,53.0,54.5,52.34999847412109,52.75,635590
2014-08-08,53.0,53.0,50.150001525878906,50.45000076293945,294563
2014-08-11,50.900001525878906,51.5,49.75,50.0,311830
2014-08-12,50.25,52.20000076293945,49.25,51.59999847412109,707914
2014-08-13,49.04999923706055,50.29999923706055,49.04999923706055,49.04999923706055,484208
2014-08-14,48.5,51.25,46.59999847412109,50.150001525878906,1142563
2014-08-18,50.5,51.20000076293945,48.79999923706055,49.34999847412109,253357
2014-08-19,49.5,49.900001525878906,48.400001525878906,49.54999923706055,325458
2014-08-20,49.900001525878906,49.900001525878906,48.150001525878906,48.650001525878906,346208
2014-08-21,48.75,49.25,47.54999923706055,47.900001525878906,384555
2014-08-22,48.25,48.84999847412109,47.150001525878906,47.34999847412109,325251
2014-08-25,47.34999847412109,48.0,46.54999923706055,46.75,341154
2014-08-26,46.59999847412109,47.59999847412109,46.09999847412109,46.70000076293945,280085
2014-08-27,46.70000076293945,49.0,46.0,49.0,629668
2014-08-28,51.45000076293945,51.45000076293945,49.75,50.20000076293945,1731369
2014-09-01,50.20000076293945,51.75,48.84999847412109,50.09999847412109,469011
2014-09-02,50.0,50.400001525878906,48.59999847412109,48.84999847412109,374543
2014-09-03,49.0,49.400001525878906,48.09999847412109,48.45000076293945,356757
2014-09-04,48.59999847412109,48.79999923706055,46.04999923706055,46.29999923706055,528984
2014-09-05,46.400001525878906,47.59999847412109,45.150001525878906,46.04999923706055,472140
2014-09-08,46.400001525878906,49.5,45.45000076293945,48.59999847412109,971717
2014-09-09,48.25,50.79999923706055,48.09999847412109,50.5,776523
2014-09-10,50.650001525878906,54.20000076293945,50.0,52.0,1707826
2014-09-11,52.25,53.75,51.09999847412109,51.900001525878906,609233
2014-09-12,51.70000076293945,52.34999847412109,50.5,50.70000076293945,278377
2014-09-15,50.79999923706055,54.20000076293945,49.400001525878906,52.45000076293945,1341259
2014-09-16,52.59999847412109,54.75,49.0,49.34999847412109,1169788
2014-09-17,49.5,50.79999923706055,48.5,49.04999923706055,471014
2014-09-18,49.0,52.0,49.0,50.5,597412
2014-09-19,50.5,52.0,48.650001525878906,49.59999847412109,483328
2014-09-22,50.45000076293945,50.70000076293945,48.84999847412109,49.25,398541
2014-09-23,49.79999923706055,50.150001525878906,46.900001525878906,47.04999923706055,449592
2014-09-24,47.400001525878906,47.900001525878906,46.5,46.95000076293945,211774
2014-09-25,47.400001525878906,47.900001525878906,45.09999847412109,45.70000076293945,493354
2014-09-26,45.84999847412109,47.04999923706055,45.150001525878906,46.29999923706055,276116
2014-09-29,46.09999847412109,47.5,46.09999847412109,46.79999923706055,207706
2014-09-30,46.900001525878906,48.25,46.5,47.0,251688
2014-10-01,47.0,47.45000076293945,45.70000076293945,45.900001525878906,119256
2014-10-07,45.900001525878906,47.5,45.5,45.79999923706055,181366
2014-10-08,45.900001525878906,46.5,45.150001525878906,46.09999847412109,141339
2014-10-09,46.400001525878906,50.25,46.400001525878906,49.34999847412109,856538
2014-10-10,49.0,52.400001525878906,47.70000076293945,50.20000076293945,1774355
2014-10-13,51.04999923706055,51.400001525878906,48.25,50.54999923706055,834215
2014-10-14,50.5,50.5,48.29999923706055,48.650001525878906,261713
2014-10-15,48.650001525878906,48.650001525878906,48.650001525878906,48.650001525878906,0
2014-10-16,48.650001525878906,49.400001525878906,46.25,46.900001525878906,406076
2014-10-17,47.34999847412109,47.5,46.25,46.75,497294
2014-10-20,47.400001525878906,47.70000076293945,46.25,46.34999847412109,187391
2014-10-21,46.09999847412109,47.400001525878906,46.09999847412109,46.45000076293945,893883
2014-10-22,46.75,49.34999847412109,46.70000076293945,49.04999923706055,734319
2014-10-27,51.0,51.5,49.400001525878906,49.59999847412109,849801
2014-10-28,49.5,51.900001525878906,49.5,51.29999923706055,978338
2014-10-29,51.400001525878906,52.400001525878906,50.5,50.84999847412109,578793
2014-10-30,51.0,51.75,50.25,50.59999847412109,184283
2014-10-31,51.0,51.84999847412109,50.5,51.0,363786
2014-11-03,51.0,58.5,51.0,56.5,4640249
2014-11-05,57.25,58.84999847412109,55.900001525878906,56.400001525878906,1435647
2014-11-07,57.25,57.79999923706055,56.0,56.29999923706055,596176
2014-11-10,56.79999923706055,60.59999847412109,56.0,59.400001525878906,1927780
2014-11-11,59.900001525878906,59.900001525878906,56.29999923706055,57.70000076293945,810751
2014-11-12,58.0,58.75,56.29999923706055,56.650001525878906,472055
2014-11-13,57.0,57.400001525878906,54.650001525878906,55.25,758239
2014-11-14,56.0,56.400001525878906,54.29999923706055,54.59999847412109,360278
2014-11-17,55.650001525878906,57.400001525878906,54.59999847412109,56.79999923706055,529708
2014-11-18,56.5,58.5,56.20000076293945,56.900001525878906,587560
2014-11-19,57.400001525878906,57.75,54.400001525878906,54.84999847412109,696099
2014-11-20,55.0,55.75,54.29999923706055,54.84999847412109,239971
2014-11-21,55.0,61.0,55.0,59.29999923706055,3848719
2014-11-24,59.900001525878906,62.20000076293945,58.04999923706055,59.84999847412109,2339621
2014-11-25,59.70000076293945,59.95000076293945,54.75,54.95000076293945,1806460
2014-11-26,55.04999923706055,57.5,55.04999923706055,56.45000076293945,1253476
2014-11-27,56.0,58.84999847412109,56.0,57.900001525878906,912585
2014-11-28,57.29999923706055,58.45000076293945,56.5,56.70000076293945,568615
2014-12-01,56.70000076293945,58.0,55.25,56.04999923706055,502434
2014-12-02,56.29999923706055,57.09999847412109,55.150001525878906,56.150001525878906,416330
2014-12-03,55.59999847412109,59.09999847412109,55.59999847412109,58.45000076293945,1134691
2014-12-04,59.150001525878906,60.0,57.5,57.900001525878906,1234108
2014-12-05,57.79999923706055,59.900001525878906,57.34999847412109,59.34999847412109,1445359
2014-12-08,59.900001525878906,64.25,57.75,63.650001525878906,5296011
2014-12-09,63.400001525878906,64.05000305175781,58.79999923706055,59.650001525878906,2050219
2014-12-10,59.45000076293945,62.900001525878906,59.0,60.900001525878906,1508335
2014-12-11,61.0,71.30000305175781,60.59999847412109,69.30000305175781,11651252
2014-12-12,67.94999694824219,69.69999694824219,64.55000305175781,65.3499984741211,2471481
2014-12-15,65.0,69.3499984741211,64.25,67.44999694824219,2299162
2014-12-16,67.30000305175781,68.30000305175781,62.5,63.54999923706055,2042139
2014-12-17,64.4000015258789,65.25,61.0,62.59999847412109,1513561
2014-12-18,64.75,68.25,62.70000076293945,67.0999984741211,2334532
2014-12-19,68.44999694824219,68.75,64.5,65.19999694824219,1372952
2014-12-22,65.80000305175781,67.6500015258789,64.0,66.05000305175781,915858
2014-12-23,65.44999694824219,67.19999694824219,64.5,65.4000015258789,865227
2014-12-24,64.75,67.19999694824219,64.75,65.44999694824219,829262
2014-12-26,65.69999694824219,66.0,64.0,64.6500015258789,483778
2014-12-29,64.44999694824219,66.5,64.44999694824219,65.1500015258789,550729
2014-12-30,65.05000305175781,66.75,63.70000076293945,65.6500015258789,921125
2014-12-31,65.30000305175781,69.19999694824219,65.30000305175781,67.25,2127716
2015-01-01,67.6500015258789,68.75,66.80000305175781,67.19999694824219,927313
2015-01-02,67.75,67.75,65.19999694824219,65.55000305175781,960480
2015-01-05,66.0,67.0,64.75,64.9000015258789,725310
2015-01-06,64.19999694824219,64.80000305175781,62.150001525878906,62.70000076293945,1115650
2015-01-07,62.70000076293945,63.5,61.5,61.70000076293945,456056
2015-01-08,62.79999923706055,65.75,62.5,64.3499984741211,1230070
2015-01-09,65.05000305175781,66.0,63.45000076293945,65.1500015258789,900901
2015-01-12,64.75,65.75,64.1500015258789,65.05000305175781,460795
2015-01-13,65.1500015258789,67.19999694824219,64.69999694824219,65.5,877834
2015-01-14,66.0,67.19999694824219,62.09999847412109,62.400001525878906,1760039
2015-01-15,63.54999923706055,65.80000305175781,61.79999923706055,62.150001525878906,855682
2015-01-16,62.34999847412109,63.900001525878906,61.75,62.75,1486089
2015-01-19,62.70000076293945,64.5999984741211,62.5,63.09999847412109,887181
2015-01-20,63.04999923706055,64.1500015258789,61.75,62.0,798474
2015-01-21,62.29999923706055,63.20000076293945,60.5,61.400001525878906,1202186
2015-01-22,61.54999923706055,62.25,60.70000076293945,60.84999847412109,448450
2015-01-23,62.400001525878906,62.400001525878906,58.75,59.45000076293945,801718
2015-01-27,60.0,60.95000076293945,59.04999923706055,59.45000076293945,843239
2015-01-28,59.5,59.70000076293945,57.75,57.95000076293945,451585
2015-01-29,58.150001525878906,59.25,57.0,57.25,483114
2015-01-30,57.95000076293945,60.75,56.59999847412109,60.09999847412109,1789543
2015-02-02,60.29999923706055,62.29999923706055,58.5,61.59999847412109,940125
2015-02-03,62.0,62.29999923706055,59.650001525878906,60.20000076293945,565814
2015-02-04,60.95000076293945,60.95000076293945,58.0,58.25,621745
2015-02-05,58.95000076293945,59.650001525878906,57.25,57.54999923706055,291830
2015-02-06,58.09999847412109,58.09999847412109,56.25,56.45000076293945,442693
2015-02-09,56.0,56.400001525878906,54.75,55.09999847412109,293096
2015-02-10,55.04999923706055,56.0,54.20000076293945,54.84999847412109,457282
2015-02-11,55.45000076293945,57.20000076293945,54.84999847412109,56.0,372390
2015-02-12,56.70000076293945,58.79999923706055,55.70000076293945,57.95000076293945,515126
2015-02-13,58.04999923706055,59.29999923706055,57.20000076293945,57.650001525878906,433633
2015-02-16,57.900001525878906,58.29999923706055,56.0,56.150001525878906,387937
2015-02-18,57.0,57.70000076293945,56.09999847412109,56.70000076293945,293088
2015-02-19,57.400001525878906,57.59999847412109,55.54999923706055,55.95000076293945,325122
2015-02-20,56.04999923706055,57.400001525878906,55.59999847412109,55.900001525878906,355871
2015-02-23,56.34999847412109,56.650001525878906,54.0,54.400001525878906,1105033
2015-02-24,55.0,56.20000076293945,52.900001525878906,55.04999923706055,704673
2015-02-25,55.150001525878906,55.5,53.09999847412109,53.34999847412109,391480
2015-02-26,53.5,53.75,52.25,52.650001525878906,401810
2015-02-27,53.0,54.5,51.34999847412109,53.45000076293945,385688
2015-03-02,53.09999847412109,53.79999923706055,52.400001525878906,53.09999847412109,555091
2015-03-03,53.54999923706055,55.45000076293945,53.25,54.650001525878906,848268
2015-03-04,54.75,55.650001525878906,53.29999923706055,53.45000076293945,467538
2015-03-05,53.45000076293945,54.75,52.25,53.70000076293945,865552
2015-03-09,53.0,53.34999847412109,51.650001525878906,52.0,470721
2015-03-10,52.20000076293945,53.0,51.34999847412109,52.0,254368
2015-03-11,51.79999923706055,52.29999923706055,50.70000076293945,51.04999923706055,261866
2015-03-12,51.04999923706055,57.20000076293945,50.29999923706055,55.09999847412109,2034956
2015-03-13,55.59999847412109,56.0,53.75,53.95000076293945,690160
2015-03-16,54.59999847412109,54.900001525878906,52.45000076293945,52.75,500402
2015-03-17,53.0,53.650001525878906,51.29999923706055,51.95000076293945,822760
2015-03-18,51.75,53.20000076293945,51.75,52.09999847412109,748364
2015-03-19,53.0,53.150001525878906,50.0,50.20000076293945,750717
2015-03-20,50.29999923706055,51.400001525878906,48.34999847412109,48.70000076293945,1058058
2015-03-23,49.25,50.75,47.29999923706055,48.29999923706055,847955
2015-03-24,48.900001525878906,49.79999923706055,46.5,48.84999847412109,1620095
2015-03-25,49.84999847412109,49.84999847412109,47.5,47.900001525878906,900825
2015-03-26,47.900001525878906,48.25,46.70000076293945,47.20000076293945,217855
2015-03-27,47.45000076293945,48.650001525878906,46.5,47.09999847412109,560220
2015-03-30,48.0,49.150001525878906,47.5,48.75,257132
2015-03-31,48.650001525878906,51.0,48.54999923706055,50.04999923706055,395821
2015-04-01,50.04999923706055,51.20000076293945,49.79999923706055,50.650001525878906,246244
2015-04-06,50.84999847412109,53.5,50.04999923706055,51.84999847412109,465265
2015-04-07,52.0,53.20000076293945,50.70000076293945,52.34999847412109,350560
2015-04-08,52.5,53.09999847412109,51.900001525878906,52.09999847412109,406810
2015-04-09,52.29999923706055,55.79999923706055,52.20000076293945,54.45000076293945,1184976
2015-04-10,54.5,65.30000305175781,53.79999923706055,63.70000076293945,6836150
2015-04-13,63.5,65.0,61.70000076293945,62.70000076293945,2147547
2015-04-15,62.59999847412109,67.25,60.75,63.29999923706055,6040853
2015-04-16,64.1500015258789,66.0,61.45000076293945,61.75,2012034
2015-04-17,60.75,64.5,60.75,61.900001525878906,1274258
2015-04-20,62.25,63.0,59.25,60.400001525878906,824934
2015-04-21,59.70000076293945,60.59999847412109,58.29999923706055,58.54999923706055,454803
2015-04-22,58.59999847412109,61.5,57.25,60.34999847412109,893846
2015-04-23,61.900001525878906,61.900001525878906,59.34999847412109,60.45000076293945,536748
2015-04-24,60.54999923706055,60.54999923706055,57.5,57.650001525878906,440436
2015-04-27,58.29999923706055,58.75,56.04999923706055,56.25,364269
2015-04-28,56.59999847412109,57.34999847412109,55.75,56.0,470619
2015-04-29,56.150001525878906,57.900001525878906,56.0,56.75,253149
2015-04-30,57.45000076293945,57.5,55.75,56.45000076293945,199881
2015-05-04,56.45000076293945,59.34999847412109,56.20000076293945,58.95000076293945,453558
2015-05-05,59.70000076293945,60.5,58.59999847412109,59.25,500086
2015-05-06,59.400001525878906,59.900001525878906,56.25,56.29999923706055,304855
2015-05-07,56.400001525878906,56.79999923706055,55.5,55.75,415601
2015-05-08,56.59999847412109,57.5,55.25,55.59999847412109,360115
2015-05-11,55.95000076293945,57.45000076293945,55.650001525878906,56.95000076293945,235574
2015-05-12,56.650001525878906,56.650001525878906,55.0,55.04999923706055,144094
2015-05-13,55.84999847412109,55.900001525878906,53.84999847412109,54.54999923706055,253456
2015-05-14,54.900001525878906,55.20000076293945,53.34999847412109,54.45000076293945,183310
2015-05-15,54.650001525878906,56.34999847412109,54.650001525878906,55.20000076293945,160289
2015-05-18,55.0,55.84999847412109,54.34999847412109,54.75,471520
2015-05-19,54.84999847412109,58.25,54.5,56.75,710217
2015-05-20,56.75,57.95000076293945,55.900001525878906,56.34999847412109,142190
2015-05-21,56.54999923706055,56.54999923706055,55.09999847412109,55.34999847412109,130409
2015-05-22,55.59999847412109,56.84999847412109,55.20000076293945,55.70000076293945,164365
2015-05-25,55.70000076293945,55.70000076293945,54.25,54.45000076293945,97646
2015-05-26,54.54999923706055,55.59999847412109,53.5,53.75,255429
2015-05-27,53.84999847412109,54.25,53.25,53.34999847412109,145517
2015-05-28,53.84999847412109,54.400001525878906,53.0,53.900001525878906,242390
2015-05-29,53.650001525878906,54.59999847412109,53.0,53.150001525878906,138966
2015-06-01,53.0,56.09999847412109,52.95000076293945,54.70000076293945,447123
2015-06-02,54.75,54.900001525878906,52.25,52.45000076293945,281627
2015-06-03,52.45000076293945,55.09999847412109,50.0,51.34999847412109,488299
2015-06-04,51.84999847412109,52.45000076293945,50.09999847412109,51.54999923706055,169133
2015-06-05,53.0,53.0,50.34999847412109,50.75,218207
2015-06-08,51.0,51.29999923706055,50.0,50.59999847412109,136857
2015-06-09,50.70000076293945,50.70000076293945,49.5,49.59999847412109,581209
2015-06-10,50.09999847412109,51.150001525878906,49.70000076293945,49.95000076293945,135721
2015-06-11,50.70000076293945,52.20000076293945,49.900001525878906,50.25,330737
2015-06-12,49.70000076293945,53.5,49.70000076293945,51.09999847412109,777601
2015-06-15,51.900001525878906,54.25,50.5,53.70000076293945,547353
2015-06-16,53.34999847412109,54.95000076293945,51.75,53.95000076293945,527903
2015-06-17,53.79999923706055,55.84999847412109,53.79999923706055,54.75,661717
2015-06-18,54.59999847412109,57.150001525878906,54.29999923706055,55.59999847412109,1298093
2015-06-19,56.0,57.0,54.75,55.70000076293945,411250
2015-06-22,56.0,57.5,55.70000076293945,57.09999847412109,335920
2015-06-23,57.25,57.75,56.09999847412109,56.45000076293945,384319
2015-06-24,56.45000076293945,56.59999847412109,54.34999847412109,54.95000076293945,213044
2015-06-25,54.400001525878906,56.0,54.20000076293945,55.45000076293945,214007
2015-06-26,55.84999847412109,59.5,54.59999847412109,57.45000076293945,1535378
2015-06-29,56.400001525878906,56.900001525878906,55.0,56.400001525878906,419341
2015-06-30,57.0,61.25,55.79999923706055,59.34999847412109,2000179
2015-07-01,60.0,61.5,59.09999847412109,60.25,923669
2015-07-02,60.5,63.5,58.75,62.75,2291655
2015-07-03,63.20000076293945,63.29999923706055,60.59999847412109,60.95000076293945,713862
2015-07-06,59.0,63.34999847412109,59.0,62.59999847412109,1161001
2015-07-07,61.0,63.29999923706055,60.59999847412109,61.20000076293945,1103096
2015-07-08,58.0,59.79999923706055,56.5,57.20000076293945,3916087
2015-07-09,58.400001525878906,58.5,56.25,56.5,4875537
2015-07-10,57.0,57.25,54.900001525878906,55.20000076293945,1608975
2015-07-13,55.09999847412109,56.900001525878906,55.09999847412109,56.70000076293945,880018
2015-07-14,56.79999923706055,57.25,55.5,55.75,904378
2015-07-15,55.900001525878906,56.79999923706055,55.400001525878906,55.650001525878906,567437
2015-07-16,56.0,56.400001525878906,55.54999923706055,55.75,343486
2015-07-17,56.34999847412109,56.900001525878906,55.54999923706055,56.0,783062
2015-07-20,56.150001525878906,59.70000076293945,55.25,59.04999923706055,2276453
2015-07-21,59.29999923706055,60.25,57.20000076293945,57.650001525878906,1516959
2015-07-22,57.45000076293945,59.20000076293945,55.25,55.5,2031672
2015-07-23,55.34999847412109,57.400001525878906,53.75,54.650001525878906,995637
2015-07-24,54.75,56.29999923706055,54.150001525878906,54.34999847412109,475259
2015-07-27,54.70000076293945,54.70000076293945,53.20000076293945,53.54999923706055,456968
2015-07-28,53.650001525878906,54.45000076293945,53.0,53.09999847412109,315603
2015-07-29,53.150001525878906,56.400001525878906,53.09999847412109,55.75,872414
2015-07-30,55.75,56.0,54.25,54.400001525878906,357101
2015-07-31,54.59999847412109,55.79999923706055,54.45000076293945,54.95000076293945,324733
2015-08-03,57.5,57.5,54.54999923706055,54.84999847412109,686687
2015-08-04,55.09999847412109,55.150001525878906,53.95000076293945,54.20000076293945,360689
2015-08-05,54.70000076293945,55.79999923706055,54.04999923706055,54.79999923706055,546983
2015-08-06,55.09999847412109,55.59999847412109,54.29999923706055,54.5,332106
2015-08-07,54.70000076293945,56.900001525878906,54.400001525878906,56.400001525878906,1223685
2015-08-10,56.70000076293945,59.34999847412109,55.04999923706055,57.29999923706055,1802108
2015-08-11,57.45000076293945,58.75,55.34999847412109,55.59999847412109,853079
2015-08-12,55.29999923706055,55.900001525878906,54.0,54.650001525878906,891480
2015-08-13,55.20000076293945,55.650001525878906,54.150001525878906,54.650001525878906,410247
2015-08-14,54.650001525878906,55.34999847412109,54.29999923706055,54.70000076293945,209509
2015-08-17,54.70000076293945,55.79999923706055,54.29999923706055,54.900001525878906,459475
2015-08-18,55.20000076293945,55.900001525878906,54.59999847412109,54.95000076293945,354281
2015-08-19,54.95000076293945,58.150001525878906,54.75,57.79999923706055,992973
2015-08-20,57.09999847412109,58.20000076293945,55.29999923706055,55.75,683842
2015-08-21,55.0,55.95000076293945,54.150001525878906,55.34999847412109,609637
2015-08-24,53.75,54.70000076293945,49.75,50.09999847412109,888174
2015-08-25,50.25,52.400001525878906,47.04999923706055,48.09999847412109,1224206
2015-08-26,48.09999847412109,50.34999847412109,47.25,48.20000076293945,522912
2015-08-27,48.70000076293945,51.34999847412109,48.70000076293945,50.54999923706055,557944
2015-08-28,51.400001525878906,51.79999923706055,47.45000076293945,49.900001525878906,1839465
2015-08-31,50.45000076293945,50.84999847412109,49.20000076293945,49.400001525878906,279885
2015-09-01,49.09999847412109,49.79999923706055,47.59999847412109,47.95000076293945,249605
2015-09-02,48.09999847412109,49.400001525878906,48.0,48.400001525878906,216472
2015-09-03,48.79999923706055,49.79999923706055,48.0,48.400001525878906,223491
2015-09-04,48.25,48.29999923706055,46.75,47.0,260092
2015-09-07,47.0,47.70000076293945,46.0,46.25,217964
2015-09-08,46.20000076293945,48.150001525878906,46.0,47.400001525878906,212691
2015-09-09,48.20000076293945,48.54999923706055,47.150001525878906,47.54999923706055,373362
2015-09-10,47.20000076293945,47.79999923706055,46.5,47.54999923706055,260662
2015-09-11,47.29999923706055,48.59999847412109,47.29999923706055,48.150001525878906,333876
2015-09-14,47.84999847412109,50.20000076293945,47.84999847412109,50.04999923706055,579073
2015-09-15,49.650001525878906,50.25,49.0,49.34999847412109,155276
2015-09-16,49.45000076293945,50.400001525878906,48.54999923706055,48.79999923706055,179827
2015-09-18,49.5,50.20000076293945,48.95000076293945,49.400001525878906,154572
2015-09-21,49.5,50.5,49.150001525878906,49.95000076293945,325722
2015-09-22,50.5,50.5,47.650001525878906,48.25,231533
2015-09-23,48.0,49.400001525878906,47.54999923706055,49.0,164361
2015-09-24,49.84999847412109,51.70000076293945,49.04999923706055,49.900001525878906,715470
2015-09-28,50.0,50.34999847412109,48.54999923706055,48.70000076293945,209428
2015-09-29,48.900001525878906,48.900001525878906,47.25,47.45000076293945,247512
2015-09-30,48.04999923706055,49.45000076293945,47.25,48.84999847412109,512434
2015-10-01,49.400001525878906,49.400001525878906,47.84999847412109,48.150001525878906,220214
2015-10-05,48.5,49.650001525878906,48.400001525878906,49.25,264464
2015-10-06,49.45000076293945,50.84999847412109,49.150001525878906,49.75,380997
2015-10-07,50.0,50.84999847412109,49.900001525878906,50.54999923706055,340404
2015-10-08,50.59999847412109,52.25,50.29999923706055,50.95000076293945,656176
2015-10-09,51.25,51.900001525878906,50.54999923706055,50.70000076293945,213297
2015-10-12,50.5,52.70000076293945,50.5,51.70000076293945,450993
2015-10-13,51.95000076293945,52.59999847412109,51.25,51.59999847412109,309854
2015-10-14,51.79999923706055,52.900001525878906,49.400001525878906,50.34999847412109,1464144
2015-10-15,50.09999847412109,51.29999923706055,49.59999847412109,49.79999923706055,332457
2015-10-16,50.29999923706055,51.45000076293945,49.59999847412109,50.75,900352
2015-10-19,50.95000076293945,53.0,50.45000076293945,52.70000076293945,575035
2015-10-20,53.0,53.25,51.0,51.09999847412109,496433
2015-10-21,50.400001525878906,51.650001525878906,50.150001525878906,50.75,325836
2015-10-23,50.75,51.59999847412109,49.400001525878906,49.95000076293945,174793
2015-10-26,50.45000076293945,50.45000076293945,48.84999847412109,49.29999923706055,159451
2015-10-27,49.09999847412109,49.75,48.45000076293945,48.650001525878906,216722
2015-10-28,48.20000076293945,50.20000076293945,48.20000076293945,49.20000076293945,351215
2015-10-29,49.45000076293945,49.70000076293945,48.5,48.59999847412109,172603
2015-10-30,48.75,49.29999923706055,48.25,48.29999923706055,135541
2015-11-02,48.34999847412109,49.5,47.75,49.150001525878906,318201
2015-11-03,48.70000076293945,50.54999923706055,48.650001525878906,49.75,205278
2015-11-04,49.84999847412109,50.0,48.34999847412109,48.54999923706055,135844
2015-11-05,48.95000076293945,49.150001525878906,47.75,47.84999847412109,116392
2015-11-06,47.79999923706055,48.5,47.650001525878906,47.75,140991
2015-11-09,47.0,48.150001525878906,47.0,47.650001525878906,158646
2015-11-10,47.54999923706055,48.75,47.25,47.29999923706055,106993
2015-11-13,48.95000076293945,49.84999847412109,47.79999923706055,48.0,155944
2015-11-16,47.900001525878906,49.04999923706055,47.54999923706055,48.45000076293945,173657
2015-11-17,48.5,50.75,48.0,49.900001525878906,379846
2015-11-18,50.20000076293945,51.5,48.650001525878906,49.04999923706055,317113
2015-11-19,50.79999923706055,51.150001525878906,49.29999923706055,50.150001525878906,353086
2015-11-20,50.150001525878906,51.70000076293945,49.95000076293945,50.650001525878906,388727
2015-11-23,50.25,51.5,50.150001525878906,50.400001525878906,209323
2015-11-24,50.20000076293945,51.04999923706055,49.54999923706055,50.0,96571
2015-11-26,49.75,51.09999847412109,49.75,50.34999847412109,181376
2015-11-27,50.400001525878906,50.900001525878906,49.79999923706055,50.20000076293945,187614
2015-11-30,50.04999923706055,52.79999923706055,50.04999923706055,51.70000076293945,684453
2015-12-01,51.900001525878906,53.5,51.5,52.29999923706055,621490
2015-12-02,52.59999847412109,52.75,50.84999847412109,51.79999923706055,228770
2015-12-03,51.900001525878906,55.0,51.29999923706055,54.54999923706055,2262926
2015-12-04,53.79999923706055,55.25,52.54999923706055,53.0,1013675
2015-12-07,53.5,55.25,53.0,54.150001525878906,541988
2015-12-08,54.0,54.29999923706055,51.25,51.84999847412109,349256
2015-12-09,51.84999847412109,52.5,50.09999847412109,50.25,411645
2015-12-10,50.95000076293945,51.95000076293945,50.5,51.650001525878906,181598
2015-12-11,51.70000076293945,53.0,50.54999923706055,51.20000076293945,342427
2015-12-14,51.20000076293945,51.84999847412109,50.150001525878906,51.29999923706055,299875
2015-12-15,51.95000076293945,53.400001525878906,51.5,52.29999923706055,330018
2015-12-16,52.5,52.75,51.34999847412109,51.5,140255
2015-12-17,51.75,54.29999923706055,50.5,53.650001525878906,1500593
2015-12-18,53.650001525878906,54.70000076293945,52.84999847412109,53.650001525878906,860316
2015-12-21,53.900001525878906,57.900001525878906,53.650001525878906,57.54999923706055,2907389
2015-12-22,58.0,59.5,57.04999923706055,57.45000076293945,2568084
2015-12-23,57.95000076293945,59.0,57.150001525878906,57.34999847412109,1010968
2015-12-24,57.75,58.79999923706055,54.54999923706055,55.84999847412109,11516350
2015-12-28,59.0,64.0,59.0,62.09999847412109,13849718
2015-12-29,61.59999847412109,61.84999847412109,59.59999847412109,59.900001525878906,2660712
2015-12-30,60.20000076293945,62.45000076293945,60.04999923706055,60.54999923706055,2469102
2015-12-31,60.900001525878906,61.150001525878906,58.5,58.75,1735917
2016-01-01,58.84999847412109,60.0,58.75,59.0,1011302
2016-01-04,59.0,60.04999923706055,58.04999923706055,58.34999847412109,1501521
2016-01-05,58.70000076293945,59.20000076293945,56.84999847412109,57.150001525878906,1926038
2016-01-06,57.54999923706055,60.0,56.84999847412109,57.400001525878906,2406599
2016-01-07,57.0,57.0,54.5,54.84999847412109,1548057
2016-01-08,55.5,56.900001525878906,55.20000076293945,55.95000076293945,832122
2016-01-11,55.5,57.34999847412109,54.54999923706055,56.84999847412109,2641785
2016-01-12,57.400001525878906,59.54999923706055,55.59999847412109,56.09999847412109,2629451
2016-01-13,56.650001525878906,57.34999847412109,52.5,54.79999923706055,1926261
2016-01-14,54.0,54.25,52.29999923706055,52.84999847412109,1115644
2016-01-15,53.25,54.400001525878906,49.29999923706055,49.79999923706055,1905258
2016-01-18,50.04999923706055,50.04999923706055,47.0,47.34999847412109,790916
2016-01-19,48.29999923706055,49.04999923706055,47.09999847412109,47.900001525878906,581364
2016-01-20,47.75,47.75,45.25,46.150001525878906,592347
2016-01-21,46.29999923706055,47.20000076293945,45.25,45.59999847412109,343827
2016-01-22,46.79999923706055,49.45000076293945,46.25,48.20000076293945,642274
2016-01-25,48.20000076293945,48.900001525878906,46.150001525878906,46.95000076293945,791878
2016-01-27,47.45000076293945,47.45000076293945,46.34999847412109,46.900001525878906,255267
2016-01-28,46.95000076293945,47.79999923706055,46.54999923706055,47.29999923706055,332151
2016-01-29,47.34999847412109,48.5,47.04999923706055,47.79999923706055,365722
2016-02-01,48.70000076293945,49.25,47.09999847412109,47.45000076293945,412394
2016-02-02,47.5,47.59999847412109,45.650001525878906,46.04999923706055,241557
2016-02-03,45.5,46.04999923706055,44.5,44.84999847412109,427429
2016-02-04,45.70000076293945,46.400001525878906,44.59999847412109,45.0,315571
2016-02-05,45.04999923706055,45.900001525878906,44.70000076293945,45.29999923706055,229576
2016-02-08,45.400001525878906,46.20000076293945,44.79999923706055,45.09999847412109,177197
2016-02-09,44.70000076293945,45.25,44.25,44.5,208966
2016-02-10,44.34999847412109,45.20000076293945,43.95000076293945,44.400001525878906,320265
2016-02-11,44.400001525878906,44.5,41.25,41.59999847412109,433462
2016-02-12,41.20000076293945,42.5,39.75,41.54999923706055,553433
2016-02-15,41.95000076293945,43.400001525878906,41.95000076293945,42.400001525878906,304032
2016-02-16,43.09999847412109,43.400001525878906,40.04999923706055,40.29999923706055,189631
2016-02-17,40.25,40.95000076293945,39.34999847412109,40.650001525878906,262428
2016-02-18,41.25,41.70000076293945,40.34999847412109,41.0,184161
2016-02-19,40.84999847412109,40.84999847412109,39.70000076293945,40.150001525878906,220721
2016-02-22,40.09999847412109,41.95000076293945,40.09999847412109,40.79999923706055,152267
2016-02-23,41.29999923706055,41.34999847412109,39.0,39.29999923706055,130830
2016-02-24,39.04999923706055,40.29999923706055,39.0,39.150001525878906,392736
2016-02-25,39.25,40.25,38.75,38.84999847412109,301655
2016-02-26,39.650001525878906,40.150001525878906,38.75,38.900001525878906,120500
2016-02-29,39.59999847412109,39.59999847412109,38.29999923706055,38.45000076293945,164896
2016-03-01,38.84999847412109,40.5,38.70000076293945,40.34999847412109,234666
2016-03-02,40.70000076293945,42.25,40.70000076293945,41.70000076293945,234824
2016-03-03,41.900001525878906,43.25,41.70000076293945,42.84999847412109,370660
2016-03-04,42.650001525878906,44.150001525878906,42.150001525878906,42.70000076293945,430138
2016-03-08,43.400001525878906,43.79999923706055,42.25,43.20000076293945,258567
2016-03-09,42.45000076293945,43.20000076293945,42.0,42.84999847412109,610361
2016-03-10,42.84999847412109,43.79999923706055,42.650001525878906,42.95000076293945,303189
2016-03-11,42.70000076293945,43.70000076293945,42.54999923706055,43.0,234549
2016-03-14,43.95000076293945,43.95000076293945,42.150001525878906,42.34999847412109,261631
2016-03-15,42.34999847412109,42.84999847412109,42.0,42.150001525878906,142111
2016-03-16,41.84999847412109,43.0,41.79999923706055,42.70000076293945,241711
2016-03-17,43.25,43.5,41.70000076293945,42.09999847412109,349344
2016-03-18,41.5,44.150001525878906,41.5,43.5,530454
2016-03-21,44.0,45.25,42.900001525878906,44.900001525878906,622973
2016-03-22,44.20000076293945,45.5,43.34999847412109,44.20000076293945,430885
2016-03-23,43.95000076293945,45.75,43.79999923706055,45.29999923706055,319219
2016-03-28,44.25,45.34999847412109,42.59999847412109,43.0,272287
2016-03-29,42.59999847412109,44.25,42.25,43.650001525878906,480259
2016-03-30,43.900001525878906,45.900001525878906,43.29999923706055,44.20000076293945,399846
2016-03-31,44.34999847412109,44.95000076293945,43.59999847412109,44.0,278835
2016-04-01,44.0,44.900001525878906,43.79999923706055,44.5,213581
2016-04-04,44.09999847412109,44.59999847412109,43.20000076293945,44.09999847412109,272108
2016-04-05,44.54999923706055,44.54999923706055,42.29999923706055,42.650001525878906,254486
2016-04-06,42.75,44.20000076293945,42.34999847412109,43.900001525878906,400665
2016-04-07,44.34999847412109,44.34999847412109,42.150001525878906,42.5,348956
2016-04-08,42.400001525878906,42.70000076293945,41.70000076293945,41.84999847412109,414931
2016-04-11,42.20000076293945,42.29999923706055,41.25,41.79999923706055,623925
2016-04-12,41.650001525878906,42.95000076293945,41.25,42.0,413892
2016-04-13,42.45000076293945,43.25,42.25,42.45000076293945,445229
2016-04-18,42.09999847412109,43.5,42.09999847412109,42.84999847412109,313014
2016-04-20,43.150001525878906,45.400001525878906,43.0,44.45000076293945,2130431
2016-04-21,44.0,44.400001525878906,42.20000076293945,42.34999847412109,747810
2016-04-22,42.59999847412109,42.79999923706055,42.09999847412109,42.45000076293945,183771
2016-04-25,42.5,42.75,42.150001525878906,42.20000076293945,168211
2016-04-26,42.29999923706055,42.650001525878906,41.59999847412109,41.75,401382
2016-04-27,41.54999923706055,42.20000076293945,41.5,41.650001525878906,259356
2016-04-28,41.5,41.900001525878906,40.75,40.900001525878906,278375
2016-04-29,41.45000076293945,41.45000076293945,40.5,40.650001525878906,152552
2016-05-02,40.900001525878906,41.400001525878906,40.400001525878906,40.900001525878906,192853
2016-05-03,41.34999847412109,41.54999923706055,40.650001525878906,40.70000076293945,156534
2016-05-04,41.29999923706055,41.29999923706055,39.5,39.650001525878906,287093
2016-05-05,40.25,40.25,39.5,39.650001525878906,137389
2016-05-06,39.70000076293945,39.900001525878906,39.25,39.45000076293945,118404
2016-05-09,39.84999847412109,39.900001525878906,39.25,39.34999847412109,189466
2016-05-10,39.5,39.84999847412109,39.09999847412109,39.400001525878906,192752
2016-05-11,38.95000076293945,40.20000076293945,38.900001525878906,39.45000076293945,322036
2016-05-12,39.84999847412109,39.95000076293945,39.09999847412109,39.29999923706055,373438
2016-05-13,39.20000076293945,43.54999923706055,39.20000076293945,42.650001525878906,3197205
2016-05-16,42.900001525878906,43.20000076293945,41.400001525878906,42.5,863238
2016-05-17,42.95000076293945,44.25,42.75,43.25,942485
2016-05-18,42.95000076293945,43.0,42.04999923706055,42.25,229082
2016-05-19,42.09999847412109,42.79999923706055,41.09999847412109,41.25,190855
2016-05-20,41.45000076293945,42.400001525878906,41.04999923706055,41.25,219912
2016-05-23,41.900001525878906,42.59999847412109,41.34999847412109,41.54999923706055,170303
2016-05-24,41.95000076293945,42.09999847412109,41.29999923706055,41.59999847412109,207288
2016-05-25,42.34999847412109,42.70000076293945,41.79999923706055,42.0,173253
2016-05-26,42.29999923706055,42.79999923706055,42.0,42.20000076293945,159980
2016-05-27,42.5,42.650001525878906,41.59999847412109,41.75,293480
2016-05-30,42.20000076293945,42.5,41.900001525878906,42.29999923706055,137167
2016-05-31,42.29999923706055,42.650001525878906,41.75,41.95000076293945,139434
2016-06-01,42.150001525878906,42.45000076293945,41.650001525878906,41.79999923706055,137733
2016-06-02,42.150001525878906,42.25,41.650001525878906,42.09999847412109,95823
2016-06-03,42.150001525878906,42.59999847412109,41.59999847412109,41.79999923706055,176023
2016-06-06,42.29999923706055,42.29999923706055,41.0,41.20000076293945,223825
2016-06-07,41.79999923706055,41.84999847412109,41.20000076293945,41.29999923706055,260732
2016-06-08,41.45000076293945,44.04999923706055,41.25,43.70000076293945,610064
2016-06-09,43.650001525878906,44.650001525878906,42.75,43.650001525878906,564933
2016-06-10,43.84999847412109,44.29999923706055,42.5,42.75,273185
2016-06-13,42.59999847412109,43.09999847412109,42.04999923706055,42.650001525878906,124851
2016-06-14,42.95000076293945,43.400001525878906,41.900001525878906,42.54999923706055,209288
2016-06-15,42.70000076293945,43.09999847412109,42.25,42.70000076293945,286947
2016-06-16,42.900001525878906,42.900001525878906,41.900001525878906,42.09999847412109,210044
2016-06-17,42.150001525878906,43.0,42.09999847412109,42.400001525878906,313564
2016-06-20,42.29999923706055,42.84999847412109,42.20000076293945,42.54999923706055,126493
2016-06-21,42.75,44.0,42.29999923706055,43.45000076293945,437059
2016-06-22,43.59999847412109,44.400001525878906,43.09999847412109,43.54999923706055,351163
2016-06-23,43.150001525878906,43.70000076293945,42.20000076293945,42.34999847412109,216426
2016-06-24,41.79999923706055,41.79999923706055,38.59999847412109,41.04999923706055,313075
2016-06-27,41.5,41.84999847412109,40.25,40.95000076293945,173447
2016-06-28,41.09999847412109,41.900001525878906,41.0,41.54999923706055,224459
2016-06-29,41.900001525878906,44.20000076293945,41.70000076293945,43.59999847412109,414357
2016-06-30,43.79999923706055,45.09999847412109,43.75,44.25,793722
2016-07-01,44.59999847412109,45.09999847412109,43.25,43.45000076293945,656725
2016-07-04,44.20000076293945,44.400001525878906,43.29999923706055,43.5,248088
2016-07-05,43.70000076293945,44.95000076293945,43.34999847412109,44.59999847412109,634452
2016-07-07,45.0,47.400001525878906,44.75,47.09999847412109,2068328
2016-07-08,48.20000076293945,48.75,47.0,47.34999847412109,1061429
2016-07-11,48.0,48.5,47.0,47.95000076293945,671743
2016-07-12,48.20000076293945,48.25,47.20000076293945,47.400001525878906,450704
2016-07-13,47.400001525878906,48.150001525878906,42.25,43.04999923706055,2556662
2016-07-14,42.900001525878906,43.34999847412109,41.59999847412109,42.20000076293945,1213409
2016-07-15,42.59999847412109,42.84999847412109,41.5,41.59999847412109,311161
2016-07-18,41.650001525878906,42.150001525878906,40.75,41.0,306767
2016-07-19,41.20000076293945,41.54999923706055,40.45000076293945,40.59999847412109,283317
2016-07-20,40.79999923706055,41.400001525878906,40.29999923706055,40.95000076293945,168347
2016-07-21,40.70000076293945,41.5,40.54999923706055,40.79999923706055,208666
2016-07-22,40.5,41.29999923706055,40.5,40.79999923706055,145085
2016-07-25,41.20000076293945,43.29999923706055,40.5,42.45000076293945,377413
2016-07-26,42.34999847412109,42.54999923706055,41.34999847412109,41.59999847412109,122063
2016-07-27,41.5,42.0,40.0,40.84999847412109,246169
2016-07-28,41.29999923706055,41.79999923706055,40.650001525878906,40.79999923706055,238333
2016-07-29,41.150001525878906,42.0,40.79999923706055,41.84999847412109,226164
2016-08-01,42.04999923706055,42.5,40.5,40.84999847412109,266591
2016-08-02,40.54999923706055,42.70000076293945,40.54999923706055,42.29999923706055,621135
2016-08-03,42.5,43.150001525878906,41.0,42.29999923706055,563825
2016-08-04,42.650001525878906,42.79999923706055,41.400001525878906,41.95000076293945,113710
2016-08-05,41.95000076293945,43.0,41.95000076293945,42.75,200045
2016-08-08,42.75,42.79999923706055,41.900001525878906,42.09999847412109,124657
2016-08-09,42.150001525878906,42.75,41.70000076293945,41.84999847412109,112630
2016-08-10,41.5,42.09999847412109,41.0,41.09999847412109,115495
2016-08-11,41.04999923706055,41.5,40.79999923706055,41.04999923706055,176529
2016-08-12,40.95000076293945,42.09999847412109,40.95000076293945,41.900001525878906,136422
2016-08-16,41.84999847412109,42.75,41.09999847412109,41.84999847412109,237522
2016-08-17,41.54999923706055,42.45000076293945,41.45000076293945,41.59999847412109,83490
2016-08-18,41.59999847412109,42.5,41.59999847412109,41.84999847412109,116158
2016-08-19,42.5,42.5,41.59999847412109,41.70000076293945,169955
2016-08-22,41.400001525878906,42.04999923706055,41.400001525878906,41.54999923706055,64677
2016-08-23,41.400001525878906,42.34999847412109,41.400001525878906,41.95000076293945,175562
2016-08-24,42.34999847412109,43.5,41.75,42.5,733378
2016-08-25,42.400001525878906,43.25,42.400001525878906,43.0,629386
2016-08-26,43.04999923706055,43.400001525878906,42.59999847412109,43.150001525878906,181493
2016-08-29,43.5,44.79999923706055,43.09999847412109,44.59999847412109,598976
2016-08-30,44.95000076293945,46.25,44.59999847412109,45.900001525878906,849329
2016-08-31,45.95000076293945,46.75,45.5,46.0,564963
2016-09-01,46.400001525878906,48.0,43.650001525878906,44.25,938215
2016-09-02,44.150001525878906,45.0,43.54999923706055,44.650001525878906,308166
2016-09-06,44.650001525878906,45.20000076293945,43.70000076293945,43.900001525878906,232346
2016-09-07,43.75,44.25,43.04999923706055,43.25,287240
2016-09-08,43.150001525878906,43.70000076293945,43.0,43.09999847412109,229319
2016-09-09,43.150001525878906,43.59999847412109,42.79999923706055,42.95000076293945,254241
2016-09-12,42.5,43.0,42.04999923706055,42.25,233850
2016-09-14,42.29999923706055,42.70000076293945,41.09999847412109,41.75,932841
2016-09-15,42.29999923706055,44.650001525878906,41.0,43.45000076293945,2826582
2016-09-16,43.09999847412109,45.25,43.09999847412109,43.900001525878906,1394194
2016-09-19,43.79999923706055,45.09999847412109,43.79999923706055,44.34999847412109,418823
2016-09-20,44.04999923706055,45.0,43.34999847412109,43.54999923706055,255285
2016-09-21,43.54999923706055,44.400001525878906,43.400001525878906,43.75,238117
2016-09-22,44.04999923706055,45.54999923706055,43.150001525878906,45.150001525878906,597764
2016-09-23,45.150001525878906,45.75,44.04999923706055,44.29999923706055,386564
2016-09-26,44.0,44.79999923706055,43.20000076293945,43.34999847412109,216905
2016-09-27,43.54999923706055,44.09999847412109,43.09999847412109,43.25,189415
2016-09-28,43.54999923706055,49.25,43.45000076293945,48.650001525878906,3706451
2016-09-29,49.0,49.25,43.25,43.900001525878906,1690820
2016-09-30,43.900001525878906,45.900001525878906,43.59999847412109,44.75,541484
2016-10-03,44.75,48.04999923706055,44.75,47.59999847412109,995003
2016-10-04,47.54999923706055,48.20000076293945,45.75,46.150001525878906,526950
2016-10-05,46.25,47.650001525878906,46.25,47.04999923706055,375005
2016-10-06,47.20000076293945,48.400001525878906,46.09999847412109,46.79999923706055,1066104
2016-10-07,47.400001525878906,47.400001525878906,45.79999923706055,46.150001525878906,232417
2016-10-10,47.400001525878906,48.150001525878906,46.5,47.70000076293945,856720
2016-10-13,47.900001525878906,47.900001525878906,44.79999923706055,45.34999847412109,515302
2016-10-14,46.150001525878906,47.0,44.0,44.650001525878906,858099
2016-10-17,43.79999923706055,44.650001525878906,43.04999923706055,43.20000076293945,528668
2016-10-18,43.04999923706055,43.900001525878906,43.04999923706055,43.70000076293945,306482
2016-10-19,43.900001525878906,44.25,43.400001525878906,43.84999847412109,249538
2016-10-20,44.25,44.5,43.5,44.20000076293945,441616
2016-10-21,44.20000076293945,44.400001525878906,41.400001525878906,42.45000076293945,1576137
2016-10-24,43.0,43.70000076293945,42.45000076293945,42.79999923706055,620556
2016-10-25,42.95000076293945,43.09999847412109,42.29999923706055,42.650001525878906,226140
2016-10-26,42.5,42.59999847412109,41.54999923706055,42.04999923706055,584609
2016-10-27,42.09999847412109,42.900001525878906,41.650001525878906,41.95000076293945,186678
2016-10-28,42.20000076293945,42.650001525878906,41.75,41.95000076293945,181329
2016-11-01,42.34999847412109,43.25,42.0,42.25,318722
2016-11-02,42.09999847412109,42.09999847412109,41.5,41.54999923706055,186338
2016-11-03,41.400001525878906,42.09999847412109,41.25,41.29999923706055,183530
2016-11-04,41.400001525878906,41.70000076293945,40.04999923706055,40.20000076293945,409198
2016-11-07,41.0,41.45000076293945,40.04999923706055,40.29999923706055,285162
2016-11-08,40.75,41.150001525878906,39.95000076293945,40.20000076293945,274856
2016-11-09,38.79999923706055,40.900001525878906,38.0,39.900001525878906,852444
2016-11-10,40.5,41.79999923706055,40.0,41.150001525878906,264093
2016-11-11,40.900001525878906,41.0,39.0,39.25,236835
2016-11-15,39.79999923706055,39.79999923706055,37.75,38.54999923706055,255988
2016-11-16,38.84999847412109,39.25,38.0,38.09999847412109,226173
2016-11-17,38.75,39.400001525878906,37.900001525878906,38.20000076293945,161450
2016-11-18,38.34999847412109,38.650001525878906,37.75,37.84999847412109,121462
2016-11-21,37.59999847412109,38.400001525878906,36.5,36.54999923706055,268491
2016-11-22,37.150001525878906,37.20000076293945,36.0,36.29999923706055,136564
2016-11-23,36.54999923706055,37.0,35.75,36.45000076293945,191575
2016-11-24,36.150001525878906,36.70000076293945,35.900001525878906,36.25,177686
2016-11-25,36.900001525878906,37.34999847412109,35.75,36.20000076293945,358390
2016-11-28,36.29999923706055,38.20000076293945,36.0,38.0,277043
2016-11-29,37.70000076293945,38.59999847412109,37.70000076293945,38.150001525878906,136211
2016-11-30,38.0,38.5,37.25,37.79999923706055,233276
2016-12-01,38.29999923706055,38.79999923706055,37.79999923706055,38.0,298860
2016-12-02,37.95000076293945,37.95000076293945,37.34999847412109,37.59999847412109,71464
2016-12-05,37.84999847412109,38.34999847412109,37.150001525878906,38.0,115925
2016-12-06,38.0,38.34999847412109,37.79999923706055,37.900001525878906,49530
2016-12-07,37.84999847412109,38.400001525878906,37.59999847412109,37.75,120550
2016-12-08,37.75,38.25,36.25,36.5,701629
2016-12-09,36.59999847412109,37.20000076293945,36.29999923706055,36.5,770647
2016-12-12,36.84999847412109,36.900001525878906,36.20000076293945,36.34999847412109,209267
2016-12-13,36.34999847412109,36.900001525878906,36.04999923706055,36.45000076293945,161459
2016-12-14,36.59999847412109,36.70000076293945,36.09999847412109,36.150001525878906,208130
2016-12-15,36.150001525878906,37.29999923706055,35.900001525878906,36.79999923706055,309453
2016-12-16,36.95000076293945,37.29999923706055,36.5,36.650001525878906,346875
2016-12-19,36.400001525878906,36.79999923706055,35.75,35.849998474121094,278992
2016-12-20,36.04999923706055,36.45000076293945,35.25,35.349998474121094,203080
2016-12-21,35.29999923706055,35.70000076293945,33.650001525878906,33.79999923706055,976307
2016-12-22,34.0,34.0,32.75,32.900001525878906,463397
2016-12-23,33.25,33.400001525878906,32.349998474121094,32.5,555482
2016-12-26,32.900001525878906,32.900001525878906,31.200000762939453,31.350000381469727,692967
2016-12-27,31.89999961853028,31.89999961853028,30.39999961853028,30.700000762939453,693438
2016-12-28,30.850000381469727,34.5,30.600000381469727,33.45000076293945,2713992
2016-12-29,33.70000076293945,33.900001525878906,32.95000076293945,33.70000076293945,424293
2016-12-30,33.70000076293945,34.20000076293945,33.20000076293945,33.400001525878906,281991
2017-01-02,34.20000076293945,34.20000076293945,33.29999923706055,33.95000076293945,233648
2017-01-03,34.20000076293945,34.70000076293945,33.599998474121094,34.54999923706055,344694
2017-01-04,34.79999923706055,35.5,34.349998474121094,35.150001525878906,606364
2017-01-05,35.20000076293945,36.150001525878906,34.900001525878906,35.650001525878906,470385
2017-01-06,35.5,36.09999847412109,34.849998474121094,35.099998474121094,242350
2017-01-09,34.900001525878906,35.400001525878906,34.599998474121094,35.099998474121094,165084
2017-01-10,35.0,35.79999923706055,34.95000076293945,35.54999923706055,168044
2017-01-11,35.5,36.45000076293945,35.400001525878906,36.04999923706055,277598
2017-01-12,36.0,37.45000076293945,35.599998474121094,37.0,683540
2017-01-13,37.400001525878906,37.400001525878906,35.849998474121094,36.75,400217
2017-01-16,35.70000076293945,36.95000076293945,35.150001525878906,36.54999923706055,714878
2017-01-17,36.45000076293945,36.95000076293945,35.5,35.70000076293945,201168
2017-01-18,35.70000076293945,36.29999923706055,35.29999923706055,35.849998474121094,190469
2017-01-19,35.900001525878906,36.59999847412109,35.599998474121094,36.25,115991
2017-01-20,36.5,36.5,34.70000076293945,35.20000076293945,236266
2017-01-23,36.0,36.0,35.0,35.349998474121094,151089
2017-01-24,35.45000076293945,35.79999923706055,35.150001525878906,35.599998474121094,244852
2017-01-25,35.900001525878906,35.900001525878906,35.25,35.54999923706055,96301
2017-01-27,35.45000076293945,36.34999847412109,35.29999923706055,35.70000076293945,103213
2017-01-30,36.20000076293945,36.20000076293945,35.45000076293945,35.75,185558
2017-01-31,35.79999923706055,36.0,35.5,35.650001525878906,107072
2017-02-01,35.650001525878906,36.09999847412109,34.599998474121094,35.900001525878906,149725
2017-02-02,36.0,36.09999847412109,35.349998474121094,35.54999923706055,94331
2017-02-03,35.75,37.75,35.75,37.25,786821
2017-02-06,37.59999847412109,38.5,37.0,37.84999847412109,852732
2017-02-07,38.0,39.0,37.54999923706055,38.29999923706055,644928
2017-02-08,38.29999923706055,38.5,37.5,37.79999923706055,108711
2017-02-09,38.0,38.650001525878906,36.29999923706055,37.75,316796
2017-02-10,38.25,38.900001525878906,37.5,37.75,504735
2017-02-13,37.84999847412109,38.25,37.09999847412109,37.29999923706055,200462
2017-02-14,37.650001525878906,37.75,36.5,36.70000076293945,103165
2017-02-15,36.75,37.150001525878906,35.75,36.09999847412109,250181
2017-02-16,36.150001525878906,36.75,35.5,36.25,145240
2017-02-17,36.54999923706055,36.75,35.70000076293945,36.29999923706055,202303
2017-02-20,36.5,37.20000076293945,36.29999923706055,36.650001525878906,179325
2017-02-21,36.900001525878906,38.29999923706055,36.79999923706055,37.900001525878906,390176
2017-02-22,38.150001525878906,39.650001525878906,37.5,38.34999847412109,1107372
2017-02-23,38.95000076293945,39.0,37.75,37.95000076293945,293744
2017-02-27,37.79999923706055,38.84999847412109,37.54999923706055,37.95000076293945,682644
2017-02-28,38.400001525878906,38.400001525878906,37.70000076293945,38.0,249766
2017-03-01,38.400001525878906,39.79999923706055,37.84999847412109,39.45000076293945,2278017
2017-03-02,39.84999847412109,40.0,36.79999923706055,37.0,1210058
2017-03-03,37.09999847412109,37.45000076293945,35.900001525878906,36.150001525878906,769576
2017-03-06,36.150001525878906,36.84999847412109,35.75,35.849998474121094,754955
2017-03-07,36.150001525878906,36.400001525878906,35.75,35.849998474121094,457551
2017-03-08,35.95000076293945,36.150001525878906,35.400001525878906,35.54999923706055,368853
2017-03-09,35.5,35.900001525878906,34.75,34.900001525878906,517350
2017-03-10,35.0,35.25,34.400001525878906,34.79999923706055,238014
2017-03-14,35.849998474121094,36.0,34.5,34.599998474121094,315422
2017-03-15,34.79999923706055,36.5,34.79999923706055,35.599998474121094,1009875
2017-03-16,36.0,36.5,35.599998474121094,36.20000076293945,737696
2017-03-17,36.54999923706055,36.54999923706055,35.0,35.20000076293945,437441
2017-03-20,35.400001525878906,35.900001525878906,35.29999923706055,35.75,520926
2017-03-21,35.599998474121094,36.45000076293945,35.54999923706055,36.0,789976
2017-03-22,36.0,36.0,35.0,35.400001525878906,435521
2017-03-23,35.5,35.70000076293945,35.0,35.150001525878906,285127
2017-03-24,35.25,35.70000076293945,34.849998474121094,35.0,512535
2017-03-27,35.0,35.400001525878906,34.400001525878906,34.599998474121094,538763
2017-03-28,34.95000076293945,35.650001525878906,34.75,35.0,1007349
2017-03-29,35.0,35.20000076293945,34.25,34.5,552647
2017-03-30,34.5,35.29999923706055,34.0,34.20000076293945,671317
2017-03-31,34.75,35.70000076293945,27.450000762939453,35.5,3992393
2017-04-03,35.900001525878906,41.5,35.79999923706055,40.04999923706055,6927838
2017-04-05,40.25,42.0,39.5,40.95000076293945,2061883
2017-04-06,40.400001525878906,41.25,39.70000076293945,40.400001525878906,776225
2017-04-07,39.70000076293945,40.34999847412109,38.75,39.0,1025162
2017-04-10,39.20000076293945,40.5,38.900001525878906,39.54999923706055,636118
2017-04-11,39.75,43.20000076293945,39.09999847412109,42.45000076293945,2613754
2017-04-12,42.0,44.25,40.29999923706055,42.09999847412109,1907058
2017-04-13,42.09999847412109,42.70000076293945,41.20000076293945,41.5,502100
2017-04-17,40.59999847412109,42.75,40.25,41.20000076293945,736516
2017-04-18,41.650001525878906,42.45000076293945,39.70000076293945,40.150001525878906,914318
2017-04-19,40.650001525878906,42.0,39.5,40.29999923706055,1707322
2017-04-20,40.29999923706055,42.79999923706055,40.29999923706055,41.54999923706055,1534687
2017-04-21,41.59999847412109,46.34999847412109,40.79999923706055,45.5,6143473
2017-04-24,45.95000076293945,46.5,44.5,45.0,1255836
2017-04-25,44.54999923706055,48.09999847412109,44.54999923706055,47.04999923706055,3700342
2017-04-26,47.5,48.09999847412109,44.84999847412109,45.95000076293945,1389036
2017-04-27,46.0,49.20000076293945,46.0,48.75,3669997
2017-04-28,49.04999923706055,50.0,47.59999847412109,49.29999923706055,2038171
2017-05-02,49.59999847412109,49.79999923706055,46.75,47.75,1613610
2017-05-03,47.650001525878906,48.20000076293945,46.54999923706055,46.95000076293945,1146953
2017-05-04,47.0,47.75,46.150001525878906,46.54999923706055,496762
2017-05-05,46.29999923706055,46.70000076293945,44.54999923706055,44.75,788093
2017-05-08,45.0,46.25,45.0,45.45000076293945,448336
2017-05-09,45.59999847412109,48.5,45.59999847412109,46.84999847412109,1125941
2017-05-10,46.70000076293945,52.04999923706055,46.54999923706055,50.75,2642174
2017-05-11,52.0,52.75,49.650001525878906,50.20000076293945,2449849
2017-05-12,50.0,50.5,48.5,48.75,682786
2017-05-15,49.70000076293945,54.0,49.0,53.34999847412109,3148908
2017-05-16,54.20000076293945,54.79999923706055,51.20000076293945,53.900001525878906,1933908
2017-05-17,53.5,53.900001525878906,51.29999923706055,51.650001525878906,1222432
2017-05-18,51.75,52.84999847412109,48.84999847412109,49.25,1453188
2017-05-19,50.400001525878906,50.650001525878906,48.75,49.0,559317
2017-05-22,49.70000076293945,50.29999923706055,48.5,48.95000076293945,748588
2017-05-23,48.95000076293945,49.20000076293945,47.0,47.34999847412109,828146
2017-05-24,47.54999923706055,48.34999847412109,45.25,45.400001525878906,1071539
2017-05-25,46.09999847412109,48.25,46.04999923706055,47.79999923706055,673411
2017-05-26,47.900001525878906,48.75,47.5,48.0,347599
2017-05-29,47.79999923706055,48.59999847412109,45.900001525878906,46.29999923706055,354047
2017-05-30,46.59999847412109,47.5,45.79999923706055,47.0,234571
2017-05-31,46.95000076293945,47.54999923706055,46.09999847412109,47.04999923706055,170463
2017-06-01,47.09999847412109,47.5,46.54999923706055,46.650001525878906,135057
2017-06-02,46.900001525878906,48.45000076293945,46.70000076293945,47.79999923706055,466657
2017-06-05,48.29999923706055,48.29999923706055,47.20000076293945,47.45000076293945,286057
2017-06-06,47.09999847412109,47.79999923706055,46.150001525878906,46.29999923706055,208501
2017-06-07,46.29999923706055,47.900001525878906,46.25,47.54999923706055,233464
2017-06-08,46.5,47.900001525878906,46.150001525878906,46.400001525878906,306128
2017-06-09,46.150001525878906,47.75,46.150001525878906,47.20000076293945,227648
2017-06-12,46.5,51.25,46.5,48.54999923706055,2489168
2017-06-13,49.0,52.70000076293945,48.0,52.34999847412109,2865468
2017-06-14,51.400001525878906,53.5,51.04999923706055,51.54999923706055,1576488
2017-06-15,51.79999923706055,54.70000076293945,51.29999923706055,53.75,2777189
2017-06-16,54.04999923706055,54.5,52.29999923706055,52.650001525878906,1062588
2017-06-19,53.20000076293945,53.400001525878906,51.54999923706055,52.54999923706055,481875
2017-06-20,52.54999923706055,52.84999847412109,51.79999923706055,52.25,318632
2017-06-21,51.79999923706055,55.25,51.59999847412109,53.84999847412109,2904376
2017-06-22,54.20000076293945,55.25,52.45000076293945,53.150001525878906,940274
2017-06-23,54.09999847412109,54.09999847412109,50.5,50.75,786614
2017-06-27,50.84999847412109,51.70000076293945,49.5,50.150001525878906,482757
2017-06-28,50.150001525878906,51.5,49.5,49.650001525878906,366619
2017-06-29,50.0,51.150001525878906,49.5,49.95000076293945,359193
2017-06-30,49.150001525878906,52.400001525878906,49.150001525878906,52.04999923706055,719799
2017-07-03,52.400001525878906,53.09999847412109,51.650001525878906,52.59999847412109,379488
2017-07-04,51.84999847412109,52.900001525878906,50.79999923706055,51.54999923706055,292204
2017-07-05,51.84999847412109,53.59999847412109,51.70000076293945,53.09999847412109,475553
2017-07-06,53.09999847412109,53.75,51.04999923706055,51.34999847412109,461800
2017-07-07,51.0,52.34999847412109,51.0,51.45000076293945,341492
2017-07-10,51.09999847412109,52.79999923706055,51.09999847412109,51.75,89419
2017-07-11,51.70000076293945,52.25,50.54999923706055,50.79999923706055,273989
2017-07-12,51.45000076293945,51.900001525878906,50.29999923706055,51.59999847412109,385673
2017-07-13,51.75,58.25,51.70000076293945,57.75,6492708
2017-07-14,58.0,58.84999847412109,55.34999847412109,56.34999847412109,3147609
2017-07-17,56.5,58.400001525878906,55.20000076293945,56.75,1163231
2017-07-18,56.75,57.20000076293945,51.150001525878906,51.54999923706055,2853367
2017-07-19,51.900001525878906,54.400001525878906,51.5,53.54999923706055,1391388
2017-07-20,53.79999923706055,54.650001525878906,51.79999923706055,52.79999923706055,831508
2017-07-21,53.09999847412109,56.04999923706055,52.0,54.84999847412109,1579842
2017-07-24,55.0,57.25,54.25,55.09999847412109,2036840
2017-07-25,56.650001525878906,58.75,55.25,58.04999923706055,2472828
2017-07-26,58.09999847412109,59.29999923706055,56.59999847412109,58.5,1437037
2017-07-27,58.5,58.79999923706055,55.25,56.34999847412109,1145775
2017-07-28,56.0,57.75,55.0,57.09999847412109,1173602
2017-07-31,56.70000076293945,58.0,55.29999923706055,55.59999847412109,503522
2017-08-01,56.34999847412109,56.34999847412109,55.04999923706055,55.25,398585
2017-08-02,54.650001525878906,55.70000076293945,54.25,54.34999847412109,372261
2017-08-03,54.25,54.95000076293945,53.75,53.900001525878906,382872
2017-08-04,53.54999923706055,55.29999923706055,53.54999923706055,54.09999847412109,457352
2017-08-07,54.45000076293945,55.650001525878906,53.84999847412109,54.79999923706055,363435
2017-08-08,53.5,54.70000076293945,53.0,53.20000076293945,422197
2017-08-09,53.150001525878906,53.150001525878906,52.0,52.25,413670
2017-08-10,51.20000076293945,52.5,50.29999923706055,51.04999923706055,494825
2017-08-11,49.900001525878906,51.84999847412109,48.25,51.04999923706055,337912
2017-08-14,52.84999847412109,52.84999847412109,51.150001525878906,51.54999923706055,263032
2017-08-16,52.70000076293945,54.5,51.54999923706055,53.400001525878906,503592
2017-08-17,52.70000076293945,54.150001525878906,52.34999847412109,52.650001525878906,202222
2017-08-18,52.09999847412109,53.0,51.04999923706055,51.54999923706055,179119
2017-08-21,51.95000076293945,52.45000076293945,50.25,50.34999847412109,229697
2017-08-22,50.5,51.04999923706055,48.75,49.04999923706055,533017
2017-08-23,48.70000076293945,50.900001525878906,48.70000076293945,50.34999847412109,180881
2017-08-24,50.34999847412109,51.25,49.0,49.75,232007
2017-08-28,50.34999847412109,51.20000076293945,49.70000076293945,50.29999923706055,182071
2017-08-29,49.5,51.0,48.75,48.900001525878906,248563
2017-08-30,48.900001525878906,51.09999847412109,48.900001525878906,49.54999923706055,299245
2017-08-31,50.0,50.5,49.150001525878906,49.75,345287
2017-09-01,50.0,51.09999847412109,49.34999847412109,49.75,393949
2017-09-04,50.400001525878906,52.70000076293945,49.84999847412109,51.20000076293945,2076443
2017-09-05,51.0,52.75,50.650001525878906,50.95000076293945,449674
2017-09-06,51.29999923706055,52.75,50.45000076293945,51.84999847412109,1269239
2017-09-07,52.400001525878906,53.70000076293945,51.0,51.650001525878906,778914
2017-09-08,52.0,52.0,49.25,49.650001525878906,769862
2017-09-11,50.25,50.70000076293945,49.04999923706055,49.29999923706055,379810
2017-09-12,49.34999847412109,50.09999847412109,48.5,49.20000076293945,737081
2017-09-13,49.5,51.650001525878906,49.09999847412109,49.400001525878906,1440236
2017-09-14,49.400001525878906,50.150001525878906,49.04999923706055,49.650001525878906,456987
2017-09-15,49.5,49.900001525878906,48.75,49.20000076293945,310973
2017-09-18,49.34999847412109,51.0,49.34999847412109,50.0,594760
2017-09-19,50.04999923706055,50.900001525878906,49.150001525878906,49.75,492718
2017-09-20,50.0,50.70000076293945,49.29999923706055,49.45000076293945,320049
2017-09-21,49.79999923706055,49.84999847412109,48.25,48.95000076293945,448929
2017-09-22,48.5,48.75,47.09999847412109,47.34999847412109,438385
2017-09-25,47.650001525878906,47.79999923706055,44.5,44.75,921603
2017-09-26,45.34999847412109,45.75,44.25,44.34999847412109,489494
2017-09-27,45.0,45.70000076293945,43.79999923706055,43.95000076293945,360122
2017-09-28,43.84999847412109,44.95000076293945,43.79999923706055,44.45000076293945,247444
2017-09-29,45.25,46.900001525878906,44.75,45.20000076293945,468705
2017-10-03,45.650001525878906,46.400001525878906,44.400001525878906,44.59999847412109,276464
2017-10-04,44.59999847412109,45.5,44.59999847412109,45.150001525878906,170889
2017-10-05,45.09999847412109,47.400001525878906,45.09999847412109,46.900001525878906,322035
2017-10-06,47.400001525878906,48.04999923706055,46.34999847412109,46.59999847412109,284308
2017-10-09,47.09999847412109,47.29999923706055,45.79999923706055,46.45000076293945,259732
2017-10-10,46.45000076293945,48.09999847412109,46.25,47.400001525878906,460297
2017-10-11,48.150001525878906,51.04999923706055,47.09999847412109,47.79999923706055,1967731
2017-10-12,48.09999847412109,48.54999923706055,47.0,47.09999847412109,426249
2017-10-13,47.150001525878906,51.70000076293945,46.25,50.09999847412109,2934659
2017-10-16,51.0,51.900001525878906,49.29999923706055,50.0,1231944
2017-10-17,50.5,50.5,49.20000076293945,50.09999847412109,380085
2017-10-18,49.150001525878906,51.84999847412109,49.150001525878906,50.54999923706055,1017173
2017-10-19,50.84999847412109,51.650001525878906,50.400001525878906,51.0,321693
2017-10-23,51.400001525878906,51.650001525878906,48.84999847412109,49.59999847412109,486182
2017-10-24,50.04999923706055,51.70000076293945,49.75,51.09999847412109,508618
2017-10-25,51.0,51.5,50.04999923706055,50.34999847412109,170850
2017-10-26,50.04999923706055,51.70000076293945,50.04999923706055,51.34999847412109,757727
2017-10-27,51.34999847412109,53.29999923706055,50.20000076293945,50.5,1585068
2017-10-30,50.84999847412109,50.95000076293945,48.75,49.04999923706055,865574
2017-10-31,49.650001525878906,53.29999923706055,49.04999923706055,51.29999923706055,13076249
2017-11-01,51.5,52.54999923706055,50.5,51.20000076293945,2387224
2017-11-02,51.45000076293945,51.45000076293945,49.5,49.650001525878906,1004335
2017-11-03,50.150001525878906,51.09999847412109,49.45000076293945,50.75,1342541
2017-11-06,50.95000076293945,51.400001525878906,49.79999923706055,50.54999923706055,2758350
2017-11-07,50.400001525878906,50.59999847412109,48.75,49.0,1060390
2017-11-08,49.34999847412109,49.59999847412109,48.09999847412109,48.29999923706055,531690
2017-11-09,48.59999847412109,49.0,48.20000076293945,48.400001525878906,348554
2017-11-10,47.25,49.650001525878906,47.25,48.70000076293945,688316
2017-11-13,48.29999923706055,50.29999923706055,48.29999923706055,49.29999923706055,636081
2017-11-14,49.5,49.5,48.0,48.09999847412109,370462
2017-11-15,48.400001525878906,49.0,47.25,47.29999923706055,584421
2017-11-16,47.5,47.84999847412109,47.29999923706055,47.54999923706055,240386
2017-11-17,48.0,49.45000076293945,47.650001525878906,48.09999847412109,728721
2017-11-20,48.34999847412109,48.70000076293945,47.70000076293945,48.20000076293945,606475
2017-11-21,48.5,51.900001525878906,48.29999923706055,50.75,2713973
2017-11-22,51.0,51.400001525878906,49.59999847412109,50.45000076293945,1060601
2017-11-23,50.29999923706055,51.5,49.59999847412109,50.0,1332855
2017-11-24,49.84999847412109,53.25,49.70000076293945,52.150001525878906,7575934
2017-11-27,52.25,56.25,51.650001525878906,54.54999923706055,9127737
2017-11-28,54.5,54.900001525878906,53.20000076293945,53.75,3153267
2017-11-29,53.150001525878906,57.20000076293945,53.150001525878906,54.650001525878906,4869470
2017-11-30,54.29999923706055,57.5,53.5,55.0,4293011
2017-12-01,55.29999923706055,56.79999923706055,53.5,53.79999923706055,2400970
2017-12-04,54.29999923706055,55.45000076293945,53.45000076293945,54.54999923706055,1529275
2017-12-05,54.95000076293945,55.20000076293945,53.25,53.84999847412109,1757117
2017-12-06,53.5,54.09999847412109,52.34999847412109,52.5,741457
2017-12-07,52.900001525878906,54.900001525878906,52.54999923706055,54.20000076293945,1656789
2017-12-08,54.59999847412109,54.900001525878906,52.25,53.45000076293945,1151586
2017-12-11,53.79999923706055,54.45000076293945,52.79999923706055,53.25,642574
2017-12-12,53.25,56.5,52.79999923706055,53.0,2096294
2017-12-13,53.0,53.400001525878906,51.25,51.45000076293945,1155376
2017-12-14,51.900001525878906,52.45000076293945,50.54999923706055,51.29999923706055,3861892
2017-12-15,52.20000076293945,52.79999923706055,51.34999847412109,51.70000076293945,793979
2017-12-18,51.20000076293945,53.400001525878906,49.75,51.150001525878906,1363218
2017-12-19,51.25,54.25,51.25,53.20000076293945,1873600
2017-12-20,53.20000076293945,54.59999847412109,52.59999847412109,53.75,3353478
2017-12-21,54.150001525878906,56.400001525878906,54.150001525878906,54.59999847412109,3498305
2017-12-22,54.54999923706055,61.70000076293945,54.400001525878906,60.29999923706055,13745376
2017-12-26,60.84999847412109,61.400001525878906,58.75,59.5,2410341
2017-12-27,58.400001525878906,63.20000076293945,58.400001525878906,60.75,4953716
2017-12-28,61.29999923706055,62.0,60.04999923706055,60.70000076293945,1503778
2017-12-29,60.95000076293945,62.650001525878906,59.54999923706055,60.95000076293945,1885720
2018-01-01,61.20000076293945,62.650001525878906,59.09999847412109,59.84999847412109,2012239
2018-01-02,60.0,60.54999923706055,58.5,58.95000076293945,1684073
2018-01-03,59.04999923706055,60.79999923706055,58.59999847412109,58.84999847412109,1132059
2018-01-04,59.650001525878906,61.5,58.900001525878906,60.25,1578197
2018-01-05,62.0,62.75,58.95000076293945,60.59999847412109,5203993
2018-01-08,61.150001525878906,62.150001525878906,60.20000076293945,61.0,2009593
2018-01-09,61.04999923706055,62.0,59.54999923706055,60.20000076293945,1982746
2018-01-10,60.09999847412109,60.95000076293945,58.75,59.09999847412109,1192390
2018-01-11,59.0,61.650001525878906,59.0,60.34999847412109,1658469
2018-01-12,60.5,62.84999847412109,59.34999847412109,62.34999847412109,4821079
2018-01-15,62.54999923706055,64.0999984741211,60.5,60.84999847412109,3648070
2018-01-16,61.45000076293945,61.75,55.75,56.84999847412109,9645731
2018-01-17,57.5,58.900001525878906,55.5,57.5,1923392
2018-01-18,57.95000076293945,58.5,54.25,54.54999923706055,1835627
2018-01-19,54.79999923706055,55.45000076293945,53.79999923706055,54.59999847412109,891222
2018-01-22,54.650001525878906,56.0,54.25,55.400001525878906,1193580
2018-01-23,55.59999847412109,56.650001525878906,54.54999923706055,55.59999847412109,1257046
2018-01-24,55.79999923706055,56.09999847412109,54.70000076293945,54.900001525878906,593085
2018-01-25,54.650001525878906,55.150001525878906,52.75,52.84999847412109,1083310
2018-01-29,53.29999923706055,54.0,52.150001525878906,52.5,761595
2018-01-30,52.5,54.400001525878906,51.400001525878906,53.75,1013941
2018-01-31,53.900001525878906,57.20000076293945,53.150001525878906,55.84999847412109,2618297
2018-02-01,55.84999847412109,56.45000076293945,54.09999847412109,55.09999847412109,1244652
2018-02-02,54.0,54.0,50.29999923706055,50.75,1360121
2018-02-05,48.20000076293945,51.84999847412109,48.20000076293945,51.29999923706055,990430
2018-02-06,49.900001525878906,50.45000076293945,48.0,49.79999923706055,1383511
2018-02-07,50.34999847412109,51.75,49.29999923706055,49.59999847412109,551683
2018-02-08,50.45000076293945,51.59999847412109,49.04999923706055,50.79999923706055,927512
2018-02-09,49.29999923706055,51.70000076293945,49.29999923706055,51.59999847412109,478160
2018-02-12,51.5,52.59999847412109,51.5,52.09999847412109,471958
2018-02-14,52.54999923706055,53.45000076293945,51.400001525878906,51.70000076293945,799678
2018-02-15,51.70000076293945,52.20000076293945,49.25,49.900001525878906,810325
2018-02-16,50.25,50.70000076293945,49.09999847412109,49.5,621309
2018-02-19,49.650001525878906,49.75,47.75,48.150001525878906,686793
2018-02-20,48.29999923706055,49.04999923706055,48.0,48.400001525878906,255497
2018-02-21,48.79999923706055,49.900001525878906,48.04999923706055,48.25,255187
2018-02-22,48.150001525878906,49.04999923706055,47.75,48.59999847412109,315305
2018-02-23,48.900001525878906,50.400001525878906,48.900001525878906,49.900001525878906,504486
2018-02-26,50.0,51.54999923706055,50.0,50.95000076293945,477743
2018-02-27,51.0,51.70000076293945,49.650001525878906,49.900001525878906,868040
2018-02-28,49.84999847412109,52.5,49.09999847412109,50.650001525878906,1753072
2018-03-01,51.0,51.70000076293945,50.400001525878906,50.5,451739
2018-03-05,49.79999923706055,50.04999923706055,47.59999847412109,47.900001525878906,1451227
2018-03-06,48.400001525878906,50.400001525878906,47.75,48.09999847412109,5533085
2018-03-07,48.09999847412109,49.75,47.54999923706055,49.29999923706055,1047645
2018-03-08,49.54999923706055,51.75,49.5,51.29999923706055,1266414
2018-03-09,51.29999923706055,51.84999847412109,49.54999923706055,49.79999923706055,744130
2018-03-12,50.29999923706055,54.25,49.84999847412109,53.79999923706055,2924088
2018-03-13,53.75,56.25,53.09999847412109,55.150001525878906,2497661
2018-03-14,54.5,57.70000076293945,53.70000076293945,57.400001525878906,2386945
2018-03-15,57.400001525878906,58.45000076293945,56.5,57.400001525878906,1660242
2018-03-16,57.0,60.0,55.75,56.84999847412109,4198739
2018-03-19,57.150001525878906,57.75,55.0,56.29999923706055,1176102
2018-03-20,56.54999923706055,56.54999923706055,55.75,56.04999923706055,565956
2018-03-21,56.34999847412109,57.900001525878906,56.0,56.34999847412109,616863
2018-03-22,56.70000076293945,56.84999847412109,55.75,56.150001525878906,603265
2018-03-23,55.54999923706055,55.95000076293945,54.0,54.20000076293945,820386
2018-03-26,55.29999923706055,61.25,54.29999923706055,60.09999847412109,4237818
2018-03-27,60.79999923706055,62.59999847412109,58.900001525878906,61.25,2532708
2018-03-28,60.70000076293945,62.20000076293945,59.45000076293945,59.84999847412109,1678555
2018-04-02,60.400001525878906,62.5,59.650001525878906,62.25,1199116
2018-04-03,61.34999847412109,62.75,59.650001525878906,62.34999847412109,2083922
2018-04-04,62.59999847412109,62.75,58.70000076293945,59.34999847412109,1637887
2018-04-05,60.79999923706055,61.5,60.04999923706055,60.29999923706055,534196
2018-04-06,60.45000076293945,60.70000076293945,59.0,59.650001525878906,686241
2018-04-09,59.650001525878906,60.59999847412109,59.0,59.70000076293945,639461
2018-04-10,60.0,60.20000076293945,58.54999923706055,58.900001525878906,495997
2018-04-11,59.20000076293945,60.20000076293945,58.5,58.70000076293945,1010456
2018-04-12,58.79999923706055,59.25,58.0,58.150001525878906,523875
2018-04-13,58.29999923706055,58.70000076293945,57.34999847412109,57.54999923706055,513931
2018-04-16,57.0,57.70000076293945,56.59999847412109,56.84999847412109,585110
2018-04-17,57.29999923706055,57.29999923706055,56.5,56.59999847412109,308403
2018-04-18,56.650001525878906,60.5,56.54999923706055,58.29999923706055,2139432
2018-04-19,58.45000076293945,58.79999923706055,56.900001525878906,57.25,553569
2018-04-20,57.29999923706055,59.70000076293945,57.04999923706055,57.75,796266
2018-04-23,57.75,59.20000076293945,57.20000076293945,58.34999847412109,603522
2018-04-24,58.400001525878906,58.900001525878906,54.09999847412109,54.400001525878906,2285694
2018-04-25,54.25,54.79999923706055,52.75,53.09999847412109,1157596
2018-04-26,53.20000076293945,54.0,52.75,53.650001525878906,381152
2018-04-27,54.0,54.900001525878906,53.29999923706055,54.04999923706055,2419135
2018-04-30,54.5,54.59999847412109,53.900001525878906,54.150001525878906,402448
2018-05-02,54.45000076293945,54.84999847412109,51.59999847412109,51.95000076293945,1182740
2018-05-03,51.95000076293945,52.0,49.75,50.20000076293945,1027678
2018-05-04,50.0,51.25,49.75,50.5,489788
2018-05-07,50.400001525878906,52.900001525878906,50.04999923706055,52.04999923706055,1719029
2018-05-08,52.150001525878906,53.400001525878906,52.0,52.54999923706055,465661
2018-05-09,52.5,52.95000076293945,51.75,52.04999923706055,417376
2018-05-10,52.45000076293945,52.45000076293945,50.09999847412109,50.25,356633
2018-05-11,50.5,50.900001525878906,49.75,50.04999923706055,292694
2018-05-14,51.84999847412109,51.84999847412109,49.5,49.84999847412109,4728353
2018-05-15,49.5,51.84999847412109,49.5,50.84999847412109,3718305
2018-05-16,51.25,51.34999847412109,49.79999923706055,50.59999847412109,329724
2018-05-17,50.79999923706055,51.0,49.59999847412109,49.79999923706055,285906
2018-05-18,50.0,50.45000076293945,47.79999923706055,48.54999923706055,771670
2018-05-21,48.0,48.5,43.0,43.79999923706055,2190890
2018-05-22,43.54999923706055,46.20000076293945,43.54999923706055,45.650001525878906,547453
2018-05-23,45.95000076293945,46.45000076293945,44.45000076293945,44.95000076293945,449822
2018-05-24,45.0,45.0,43.75,44.25,304072
2018-05-25,44.29999923706055,46.79999923706055,44.29999923706055,46.59999847412109,417901
2018-05-28,46.59999847412109,47.34999847412109,46.25,46.95000076293945,465930
2018-05-29,46.5,47.0,45.650001525878906,46.09999847412109,268198
2018-05-30,45.20000076293945,46.79999923706055,45.20000076293945,46.20000076293945,394542
2018-05-31,46.5,47.0,45.900001525878906,46.04999923706055,392698
2018-06-01,46.09999847412109,46.95000076293945,43.75,44.20000076293945,582289
2018-06-04,44.5,44.70000076293945,43.0,43.400001525878906,469302
2018-06-05,43.34999847412109,43.5,41.0,41.29999923706055,775307
2018-06-06,41.5,42.25,40.75,41.75,561400
2018-06-07,41.75,42.5,41.75,42.20000076293945,881756
2018-06-08,42.09999847412109,44.70000076293945,41.29999923706055,44.09999847412109,674243
2018-06-11,44.150001525878906,46.09999847412109,44.150001525878906,45.54999923706055,1032247
2018-06-12,45.70000076293945,45.70000076293945,44.400001525878906,44.75,497300
2018-06-13,44.70000076293945,46.75,44.70000076293945,45.79999923706055,816466
2018-06-14,45.400001525878906,46.34999847412109,44.59999847412109,44.79999923706055,649810
2018-06-15,45.0,45.25,44.54999923706055,44.95000076293945,524874
2018-06-18,45.0,45.09999847412109,43.45000076293945,43.75,336281
2018-06-19,43.5,43.75,41.5,42.25,796760
2018-06-20,42.04999923706055,43.95000076293945,42.0,43.70000076293945,874239
2018-06-21,43.70000076293945,44.900001525878906,43.29999923706055,43.900001525878906,3610310
2018-06-22,44.0,44.5,43.400001525878906,44.25,173627
2018-06-25,44.59999847412109,45.20000076293945,43.84999847412109,44.150001525878906,1335286
2018-06-26,44.20000076293945,44.20000076293945,41.79999923706055,42.29999923706055,588159
2018-06-27,42.5,43.25,39.25,42.09999847412109,1667472
2018-06-28,43.0,43.150001525878906,40.150001525878906,40.45000076293945,514729
2018-06-29,41.0,43.650001525878906,40.59999847412109,43.0,740596
2018-07-02,43.34999847412109,43.70000076293945,40.650001525878906,41.150001525878906,928874
2018-07-03,41.45000076293945,42.25,40.20000076293945,41.45000076293945,477139
2018-07-04,41.54999923706055,42.150001525878906,41.09999847412109,41.34999847412109,281278
2018-07-05,41.25,44.0,41.0,43.29999923706055,997695
2018-07-06,43.84999847412109,44.0,42.20000076293945,43.45000076293945,404814
2018-07-09,43.70000076293945,44.0,43.29999923706055,43.650001525878906,260842
2018-07-10,43.84999847412109,44.5,43.54999923706055,43.900001525878906,408768
2018-07-11,43.59999847412109,44.20000076293945,42.25,42.45000076293945,300020
2018-07-12,42.5,43.20000076293945,42.20000076293945,42.34999847412109,237133
2018-07-13,42.5,43.09999847412109,41.29999923706055,42.150001525878906,240812
2018-07-16,42.20000076293945,42.25,40.0,40.20000076293945,365685
2018-07-17,39.70000076293945,41.0,39.70000076293945,40.54999923706055,409031
2018-07-18,40.70000076293945,43.25,40.70000076293945,41.34999847412109,770970
2018-07-19,41.70000076293945,42.20000076293945,40.29999923706055,41.54999923706055,439975
2018-07-20,41.5,43.900001525878906,41.09999847412109,42.70000076293945,360526
2018-07-23,43.04999923706055,43.70000076293945,42.04999923706055,42.34999847412109,264210
2018-07-24,42.29999923706055,44.0,42.29999923706055,43.400001525878906,906050
2018-07-25,44.0,44.25,42.09999847412109,43.650001525878906,659407
2018-07-26,43.54999923706055,44.900001525878906,43.09999847412109,44.34999847412109,845165
2018-07-27,44.20000076293945,44.79999923706055,43.29999923706055,43.59999847412109,210916
2018-07-30,43.29999923706055,44.20000076293945,43.150001525878906,43.29999923706055,244820
2018-07-31,43.0,44.150001525878906,42.400001525878906,43.5,363429
2018-08-01,43.59999847412109,45.5,42.70000076293945,44.0,5617553
2018-08-02,44.5,45.84999847412109,43.75,44.650001525878906,1344723
2018-08-03,44.84999847412109,45.400001525878906,43.900001525878906,44.25,350069
2018-08-06,44.5,44.75,43.84999847412109,43.95000076293945,366191
2018-08-07,44.20000076293945,45.400001525878906,43.84999847412109,44.650001525878906,648672
2018-08-08,44.650001525878906,46.09999847412109,44.5,44.75,654125
2018-08-09,44.84999847412109,45.25,44.09999847412109,44.29999923706055,210790
2018-08-10,44.34999847412109,44.75,43.25,43.5,208695
2018-08-13,42.04999923706055,43.20000076293945,42.04999923706055,42.25,335024
2018-08-14,42.5,43.400001525878906,42.25,43.04999923706055,253997
2018-08-16,42.79999923706055,43.20000076293945,41.84999847412109,42.04999923706055,315986
2018-08-17,42.400001525878906,43.25,42.09999847412109,42.70000076293945,235781
2018-08-20,42.59999847412109,43.25,42.45000076293945,42.79999923706055,278562
2018-08-21,42.70000076293945,43.900001525878906,42.34999847412109,43.70000076293945,613484
2018-08-23,44.0,44.5,43.09999847412109,43.900001525878906,337619
2018-08-24,43.900001525878906,44.20000076293945,43.0,43.150001525878906,293212
2018-08-27,43.45000076293945,44.650001525878906,43.04999923706055,44.20000076293945,334556
2018-08-28,44.29999923706055,44.29999923706055,43.25,43.400001525878906,174844
2018-08-29,43.400001525878906,46.09999847412109,43.20000076293945,45.70000076293945,875083
2018-08-30,45.20000076293945,46.5,45.0,45.09999847412109,492085
2018-08-31,45.400001525878906,48.25,44.79999923706055,47.54999923706055,2200077
2018-09-03,47.95000076293945,54.79999923706055,47.59999847412109,53.70000076293945,9334544
2018-09-04,54.34999847412109,54.400001525878906,49.150001525878906,49.54999923706055,4712760
2018-09-05,49.45000076293945,51.150001525878906,48.5,50.84999847412109,1875974
2018-09-06,51.45000076293945,52.70000076293945,49.54999923706055,52.29999923706055,1550806
2018-09-07,52.09999847412109,57.75,50.75,55.70000076293945,6545972
2018-09-10,55.04999923706055,56.75,53.0,54.59999847412109,2700730
2018-09-11,55.0,57.25,54.25,55.29999923706055,2447416
2018-09-12,55.650001525878906,56.650001525878906,53.0,54.45000076293945,2184068
2018-09-14,54.84999847412109,56.5,54.75,55.84999847412109,1562217
2018-09-17,55.20000076293945,56.25,54.29999923706055,54.84999847412109,1245270
2018-09-18,55.0,55.04999923706055,52.25,52.5,896099
2018-09-19,52.95000076293945,53.25,51.150001525878906,52.09999847412109,775107
2018-09-21,52.54999923706055,53.5,46.0,48.29999923706055,1667496
2018-09-24,48.75,49.70000076293945,46.75,47.400001525878906,861508
2018-09-25,47.20000076293945,49.34999847412109,45.79999923706055,46.70000076293945,1078302
2018-09-26,46.79999923706055,47.04999923706055,45.400001525878906,45.75,564988
2018-09-27,45.59999847412109,46.150001525878906,44.75,45.09999847412109,385808
2018-09-28,45.400001525878906,45.54999923706055,41.84999847412109,43.34999847412109,1013496
2018-10-01,44.400001525878906,44.79999923706055,41.29999923706055,43.70000076293945,902073
2018-10-03,43.95000076293945,45.5,43.150001525878906,44.25,609928
2018-10-04,43.400001525878906,44.29999923706055,41.70000076293945,42.70000076293945,670017
2018-10-05,42.900001525878906,43.59999847412109,41.95000076293945,42.20000076293945,489074
2018-10-08,42.09999847412109,43.900001525878906,41.25,43.0,574577
2018-10-09,43.34999847412109,43.70000076293945,40.75,41.150001525878906,697094
2018-10-10,41.29999923706055,43.400001525878906,41.25,43.04999923706055,510516
2018-10-11,41.84999847412109,43.0,41.0,42.59999847412109,424266
2018-10-12,42.95000076293945,45.0,42.95000076293945,43.84999847412109,554966
2018-10-15,44.0,46.70000076293945,43.650001525878906,45.54999923706055,3184591
2018-10-16,45.34999847412109,45.84999847412109,44.09999847412109,44.54999923706055,526372
2018-10-17,44.95000076293945,44.95000076293945,42.75,43.0,238882
2018-10-19,42.900001525878906,43.20000076293945,42.25,42.70000076293945,247387
2018-10-22,42.70000076293945,43.20000076293945,42.0,42.25,214499
2018-10-23,42.09999847412109,42.45000076293945,41.75,42.04999923706055,228272
2018-10-24,42.25,42.75,41.5,41.75,238482
2018-10-25,41.650001525878906,41.95000076293945,41.45000076293945,41.70000076293945,179941
2018-10-26,41.54999923706055,42.04999923706055,40.5,40.70000076293945,592910
2018-10-29,41.04999923706055,42.45000076293945,40.5,42.09999847412109,347515
2018-10-30,42.20000076293945,42.650001525878906,41.09999847412109,41.34999847412109,292777
2018-10-31,41.25,42.0,40.70000076293945,41.29999923706055,485503
2018-11-01,41.400001525878906,42.09999847412109,41.20000076293945,41.59999847412109,478003
2018-11-02,42.04999923706055,42.5,41.54999923706055,41.84999847412109,521129
2018-11-05,41.45000076293945,41.75,40.54999923706055,40.84999847412109,253978
2018-11-06,41.25,41.400001525878906,40.34999847412109,40.45000076293945,214022
2018-11-07,40.95000076293945,41.25,40.54999923706055,41.0,78978
2018-11-09,41.45000076293945,41.45000076293945,40.400001525878906,40.84999847412109,213631
2018-11-12,41.04999923706055,41.04999923706055,40.25,40.54999923706055,157171
2018-11-13,40.70000076293945,40.75,40.25,40.29999923706055,149831
2018-11-14,40.34999847412109,40.95000076293945,40.29999923706055,40.70000076293945,194975
2018-11-15,40.900001525878906,40.900001525878906,39.400001525878906,39.54999923706055,573538
2018-11-16,39.59999847412109,39.900001525878906,38.900001525878906,39.34999847412109,491332
2018-11-19,39.900001525878906,39.900001525878906,38.84999847412109,39.59999847412109,254741
2018-11-20,39.59999847412109,39.70000076293945,38.95000076293945,39.29999923706055,218656
2018-11-21,39.29999923706055,39.5,38.75,39.20000076293945,175665
2018-11-22,39.20000076293945,39.45000076293945,38.70000076293945,38.75,329886
2018-11-26,38.900001525878906,39.0,38.5,38.900001525878906,132929
2018-11-27,38.150001525878906,39.0,38.0,38.09999847412109,242150
2018-11-28,38.20000076293945,38.84999847412109,37.79999923706055,38.04999923706055,233732
2018-11-29,38.25,39.45000076293945,37.900001525878906,38.59999847412109,301665
2018-11-30,38.34999847412109,38.79999923706055,38.25,38.650001525878906,178215
2018-12-03,38.75,40.79999923706055,38.54999923706055,40.20000076293945,326455
2018-12-04,40.34999847412109,41.20000076293945,39.54999923706055,40.0,261189
2018-12-05,39.95000076293945,40.5,38.650001525878906,38.95000076293945,254424
2018-12-06,38.59999847412109,38.95000076293945,38.0,38.150001525878906,134647
2018-12-07,38.0,38.20000076293945,36.650001525878906,37.20000076293945,476773
2018-12-10,36.95000076293945,36.95000076293945,36.150001525878906,36.650001525878906,114746
2018-12-11,36.650001525878906,37.79999923706055,36.54999923706055,37.20000076293945,145564
2018-12-12,37.04999923706055,39.400001525878906,37.04999923706055,39.09999847412109,239959
2018-12-13,39.400001525878906,39.95000076293945,38.400001525878906,38.70000076293945,209782
2018-12-14,38.400001525878906,39.20000076293945,38.20000076293945,38.59999847412109,221532
2018-12-17,38.650001525878906,38.84999847412109,37.70000076293945,38.09999847412109,165342
2018-12-18,37.650001525878906,39.400001525878906,37.650001525878906,38.5,232580
2018-12-19,38.59999847412109,39.70000076293945,38.400001525878906,38.900001525878906,258612
2018-12-20,38.45000076293945,39.59999847412109,38.45000076293945,39.25,225506
2018-12-21,39.25,39.75,38.34999847412109,38.900001525878906,155920
2018-12-24,39.400001525878906,39.400001525878906,37.400001525878906,37.650001525878906,156950
2018-12-26,37.75,38.25,37.5,37.75,210861
2018-12-27,38.04999923706055,38.79999923706055,37.79999923706055,38.400001525878906,273099
2018-12-28,38.400001525878906,41.150001525878906,38.400001525878906,40.34999847412109,915370
2018-12-31,41.0,41.20000076293945,40.54999923706055,40.79999923706055,233603
2019-01-01,40.95000076293945,41.04999923706055,39.95000076293945,40.29999923706055,165073
2019-01-02,40.34999847412109,41.400001525878906,40.0,40.25,487662
2019-01-03,40.79999923706055,40.79999923706055,39.900001525878906,40.09999847412109,169619
2019-01-04,40.45000076293945,40.75,40.0,40.5,179046
2019-01-07,40.75,40.95000076293945,39.59999847412109,39.79999923706055,132224
2019-01-08,39.79999923706055,40.150001525878906,39.5,39.79999923706055,106251
2019-01-09,40.29999923706055,40.29999923706055,39.29999923706055,39.79999923706055,301097
2019-01-10,39.79999923706055,40.150001525878906,39.59999847412109,39.900001525878906,163248
2019-01-11,40.45000076293945,40.45000076293945,39.400001525878906,39.70000076293945,146998
2019-01-14,39.95000076293945,40.25,39.34999847412109,39.900001525878906,216876
2019-01-15,40.5,41.34999847412109,39.54999923706055,40.400001525878906,939656
2019-01-16,41.09999847412109,41.59999847412109,40.34999847412109,40.45000076293945,572567
2019-01-17,40.70000076293945,40.95000076293945,39.29999923706055,39.54999923706055,227030
2019-01-18,39.79999923706055,39.95000076293945,38.29999923706055,38.45000076293945,183022
2019-01-21,38.59999847412109,39.25,37.54999923706055,37.79999923706055,165477
2019-01-22,37.84999847412109,37.900001525878906,37.04999923706055,37.20000076293945,190169
2019-01-23,37.29999923706055,38.5,37.25,37.84999847412109,176243
2019-01-24,38.0,38.09999847412109,37.0,37.25,121292
2019-01-25,37.5,37.900001525878906,36.5,36.59999847412109,244245
2019-01-28,36.70000076293945,37.29999923706055,36.0,36.09999847412109,210571
2019-01-29,36.20000076293945,38.5,36.20000076293945,36.95000076293945,217255
2019-01-30,37.0,37.45000076293945,36.29999923706055,36.34999847412109,88413
2019-01-31,36.34999847412109,37.04999923706055,36.20000076293945,36.54999923706055,167945
2019-02-01,36.650001525878906,37.150001525878906,36.0,36.29999923706055,174583
2019-02-04,36.34999847412109,36.34999847412109,35.5,35.599998474121094,159033
2019-02-05,35.599998474121094,36.0,35.0,35.04999923706055,165088
2019-02-06,36.0,36.0,34.5,34.75,275316
2019-02-07,35.0,36.150001525878906,34.900001525878906,35.75,189234
2019-02-08,35.79999923706055,35.79999923706055,34.20000076293945,34.349998474121094,279636
2019-02-11,34.04999923706055,34.5,33.25,33.900001525878906,136847
2019-02-12,33.29999923706055,34.5,33.25,33.5,119809
2019-02-14,33.45000076293945,34.599998474121094,31.850000381469727,34.29999923706055,302953
2019-02-15,34.400001525878906,34.400001525878906,32.599998474121094,32.79999923706055,156895
2019-02-18,32.79999923706055,33.150001525878906,32.150001525878906,32.25,67032
2019-02-19,32.5,33.150001525878906,32.04999923706055,32.54999923706055,175728
2019-02-20,32.70000076293945,34.349998474121094,32.599998474121094,33.400001525878906,320714
2019-02-21,33.70000076293945,34.150001525878906,33.349998474121094,33.900001525878906,260042
2019-02-22,34.20000076293945,34.20000076293945,33.5,33.650001525878906,279970
2019-02-25,33.650001525878906,34.04999923706055,32.349998474121094,32.75,298848
2019-02-26,32.20000076293945,32.900001525878906,31.799999237060547,32.099998474121094,542573
2019-02-27,32.400001525878906,32.849998474121094,31.25,31.600000381469727,550301
2019-02-28,31.850000381469727,32.25,31.700000762939453,31.950000762939453,223801
2019-03-01,32.04999923706055,33.20000076293945,32.04999923706055,32.95000076293945,953759
2019-03-05,33.29999923706055,35.0,33.0,34.54999923706055,1179561
2019-03-06,35.20000076293945,36.0,33.0,34.5,1276417
2019-03-07,34.54999923706055,34.95000076293945,33.79999923706055,34.400001525878906,305921
2019-03-08,34.70000076293945,34.70000076293945,33.5,33.79999923706055,169088
2019-03-11,34.0,34.900001525878906,34.0,34.70000076293945,239467
2019-03-12,35.099998474121094,36.25,34.95000076293945,35.900001525878906,648654
2019-03-13,36.0,36.04999923706055,34.650001525878906,35.25,280506
2019-03-14,35.349998474121094,36.20000076293945,34.45000076293945,35.900001525878906,475603
2019-03-15,35.79999923706055,35.849998474121094,34.099998474121094,34.599998474121094,377852
2019-03-18,34.95000076293945,35.599998474121094,34.5,35.150001525878906,357552
2019-03-19,35.54999923706055,35.70000076293945,34.70000076293945,34.849998474121094,200261
2019-03-20,35.0,35.099998474121094,33.79999923706055,33.95000076293945,205474
2019-03-22,33.900001525878906,34.349998474121094,33.29999923706055,33.54999923706055,158062
2019-03-25,33.45000076293945,34.20000076293945,33.0,34.04999923706055,241600
2019-03-26,34.29999923706055,34.29999923706055,33.5,34.0,335789
2019-03-27,34.0,34.75,33.650001525878906,34.29999923706055,496933
2019-03-28,34.54999923706055,35.150001525878906,34.400001525878906,34.70000076293945,142667
2019-04-01,35.599998474121094,36.75,35.5,36.54999923706055,421383
2019-04-02,36.75,37.25,35.20000076293945,36.150001525878906,220334
2019-04-03,36.400001525878906,36.400001525878906,34.900001525878906,35.099998474121094,153156
2019-04-04,35.349998474121094,35.45000076293945,34.650001525878906,34.900001525878906,365120
2019-04-05,34.900001525878906,35.400001525878906,34.599998474121094,34.79999923706055,258002
2019-04-08,34.900001525878906,35.75,34.650001525878906,34.900001525878906,204686
2019-04-09,35.099998474121094,35.400001525878906,34.599998474121094,35.099998474121094,169422
2019-04-10,35.099998474121094,35.599998474121094,34.75,35.0,92787
2019-04-11,35.0,35.5,34.849998474121094,35.099998474121094,86430
2019-04-12,34.650001525878906,37.20000076293945,34.5,36.900001525878906,923343
2019-04-15,37.0,38.25,35.25,35.650001525878906,1030680
2019-04-16,35.29999923706055,35.599998474121094,34.900001525878906,35.349998474121094,269840
2019-04-18,35.45000076293945,36.150001525878906,34.79999923706055,35.099998474121094,195777
2019-04-22,35.0,35.0,33.75,33.79999923706055,204466
2019-04-23,33.599998474121094,33.95000076293945,33.25,33.400001525878906,226147
2019-04-24,33.5,34.04999923706055,33.29999923706055,33.5,109400
2019-04-25,33.25,34.099998474121094,33.25,33.599998474121094,147372
2019-04-26,33.54999923706055,33.900001525878906,33.400001525878906,33.599998474121094,81481
2019-04-30,33.849998474121094,33.849998474121094,33.04999923706055,33.20000076293945,146437
2019-05-02,33.20000076293945,33.29999923706055,32.54999923706055,32.70000076293945,146476
2019-05-03,32.95000076293945,32.95000076293945,32.099998474121094,32.25,194619
2019-05-06,32.0,32.349998474121094,31.75,31.799999237060547,218458
2019-05-07,31.89999961853028,32.650001525878906,31.700000762939453,31.89999961853028,139197
2019-05-08,31.39999961853028,31.64999961853028,30.75,30.799999237060547,340146
2019-05-09,30.5,30.799999237060547,29.5,29.89999961853028,333706
2019-05-10,30.0,30.25,29.5,30.100000381469727,156971
2019-05-13,30.0,30.049999237060547,28.75,28.950000762939453,201227
2019-05-14,28.700000762939453,29.39999961853028,28.14999961853028,28.450000762939453,363470
2019-05-15,28.64999961853028,28.799999237060547,28.0,28.25,169444
2019-05-16,28.049999237060547,29.299999237060547,27.549999237060547,28.89999961853028,281994
2019-05-17,29.200000762939453,29.549999237060547,28.5,29.39999961853028,145729
2019-05-20,31.049999237060547,31.200000762939453,29.950000762939453,30.89999961853028,151464
2019-05-21,30.64999961853028,31.100000381469727,29.600000381469727,30.049999237060547,193550
2019-05-22,30.0,30.799999237060547,30.0,30.600000381469727,124751
2019-05-23,31.0,31.299999237060547,29.700000762939453,30.600000381469727,164970
2019-05-24,30.450000762939453,33.0,30.049999237060547,32.70000076293945,319887
2019-05-27,32.400001525878906,33.54999923706055,32.349998474121094,33.349998474121094,183602
2019-05-28,33.70000076293945,33.75,32.54999923706055,32.900001525878906,155611
2019-05-29,33.20000076293945,33.20000076293945,31.5,31.600000381469727,105465
2019-05-30,31.700000762939453,32.70000076293945,31.5,32.20000076293945,159378
2019-05-31,32.400001525878906,32.400001525878906,31.100000381469727,31.799999237060547,89616
2019-06-03,31.5,32.29999923706055,30.700000762939453,32.0,93795
2019-06-04,32.0,32.29999923706055,30.64999961853028,31.299999237060547,105894
2019-06-06,31.100000381469727,31.600000381469727,30.0,30.64999961853028,357980
2019-06-07,30.39999961853028,31.049999237060547,29.89999961853028,30.200000762939453,129751
2019-06-10,30.5,30.5,29.100000381469727,29.450000762939453,137153
2019-06-11,29.450000762939453,29.5,28.600000381469727,29.0,234039
2019-06-12,29.299999237060547,30.100000381469727,28.049999237060547,29.600000381469727,134170
2019-06-13,29.0,31.450000762939453,28.39999961853028,30.200000762939453,149843
2019-06-14,30.049999237060547,30.049999237060547,28.700000762939453,28.89999961853028,132963
2019-06-17,28.89999961853028,28.89999961853028,27.299999237060547,27.5,172565
2019-06-18,27.799999237060547,28.299999237060547,26.25,27.049999237060547,106970
2019-06-19,27.200000762939453,28.600000381469727,26.25,27.200000762939453,138565
2019-06-20,27.75,28.0,26.14999961853028,27.14999961853028,190584
2019-06-21,27.100000381469727,27.39999961853028,26.5,27.049999237060547,114407
2019-06-24,26.75,27.600000381469727,26.5,27.200000762939453,136079
2019-06-25,27.0,27.5,26.600000381469727,26.799999237060547,120815
2019-06-26,27.0,28.25,26.549999237060547,27.450000762939453,330513
2019-06-27,27.450000762939453,28.200000762939453,27.450000762939453,27.75,83165
2019-06-28,27.64999961853028,28.0,26.75,27.200000762939453,120663
2019-07-01,27.100000381469727,27.950000762939453,26.64999961853028,27.850000381469727,90659
2019-07-02,27.299999237060547,27.700000762939453,26.64999961853028,26.89999961853028,191091
2019-07-03,26.700000762939453,27.0,26.200000762939453,26.64999961853028,105298
2019-07-04,26.64999961853028,27.25,26.549999237060547,26.89999961853028,60097
2019-07-05,27.450000762939453,27.799999237060547,26.200000762939453,26.39999961853028,191564
2019-07-08,26.200000762939453,26.200000762939453,24.549999237060547,24.700000762939453,213803
2019-07-09,24.600000381469727,26.0,24.25,25.299999237060547,313274
2019-07-10,25.049999237060547,25.700000762939453,24.299999237060547,24.450000762939453,154717
2019-07-11,24.5,24.950000762939453,24.200000762939453,24.700000762939453,187485
2019-07-12,24.700000762939453,25.39999961853028,24.39999961853028,25.200000762939453,129565
2019-07-15,25.39999961853028,25.450000762939453,24.799999237060547,25.200000762939453,104895
2019-07-16,25.5,26.64999961853028,24.64999961853028,25.64999961853028,892417
2019-07-17,25.75,26.0,24.5,24.549999237060547,230870
2019-07-18,24.600000381469727,24.600000381469727,22.700000762939453,23.25,251757
2019-07-19,23.600000381469727,23.75,22.700000762939453,23.0,212587
2019-07-22,22.700000762939453,23.0,22.0,22.14999961853028,139178
2019-07-23,22.100000381469727,23.350000381469727,22.100000381469727,23.0,241880
2019-07-24,23.25,23.299999237060547,22.100000381469727,22.64999961853028,142098
2019-07-25,22.450000762939453,22.89999961853028,21.600000381469727,22.049999237060547,181000
2019-07-26,22.0,22.600000381469727,21.64999961853028,22.299999237060547,188939
2019-07-29,22.600000381469727,22.600000381469727,21.700000762939453,21.89999961853028,136624
2019-07-30,22.299999237060547,22.299999237060547,20.549999237060547,20.850000381469727,324394
2019-07-31,20.950000762939453,21.600000381469727,20.600000381469727,21.25,125393
2019-08-01,21.049999237060547,21.89999961853028,20.0,21.049999237060547,160234
2019-08-02,20.700000762939453,21.549999237060547,20.299999237060547,21.25,115411
2019-08-05,20.950000762939453,21.049999237060547,19.850000381469727,20.200000762939453,160040
2019-08-06,19.799999237060547,20.75,19.799999237060547,20.049999237060547,171891
2019-08-07,20.049999237060547,20.5,20.0,20.299999237060547,141768
2019-08-08,20.25,20.5,20.0,20.25,114429
2019-08-09,20.299999237060547,20.850000381469727,20.0,20.100000381469727,139565
2019-08-13,20.89999961853028,24.100000381469727,20.25,22.299999237060547,2948935
2019-08-14,22.950000762939453,23.299999237060547,22.0,22.450000762939453,242478
2019-08-16,22.450000762939453,22.64999961853028,21.350000381469727,21.950000762939453,151981
2019-08-19,22.89999961853028,22.89999961853028,21.39999961853028,22.0,127811
2019-08-20,22.0,22.14999961853028,21.049999237060547,21.39999961853028,149323
2019-08-21,21.0,21.5,20.5,20.799999237060547,145316
2019-08-22,20.799999237060547,20.89999961853028,17.350000381469727,18.299999237060547,382857
2019-08-23,18.600000381469727,20.600000381469727,18.200000762939453,20.450000762939453,563215
2019-08-26,21.0,21.450000762939453,19.549999237060547,20.850000381469727,238458
2019-08-27,21.049999237060547,21.5,20.200000762939453,21.14999961853028,184186
2019-08-28,21.450000762939453,24.0,21.200000762939453,22.850000381469727,2677974
2019-08-29,22.75,22.75,21.450000762939453,21.799999237060547,565842
2019-08-30,22.200000762939453,23.5,21.5,22.64999961853028,423995
2019-09-03,22.200000762939453,23.0,21.700000762939453,21.89999961853028,322632
2019-09-04,22.049999237060547,22.89999961853028,21.75,22.5,261854
2019-09-05,22.950000762939453,22.950000762939453,21.799999237060547,22.14999961853028,220206
2019-09-06,22.64999961853028,22.700000762939453,22.100000381469727,22.350000381469727,213396
2019-09-09,22.39999961853028,23.450000762939453,21.850000381469727,23.100000381469727,258191
2019-09-11,23.25,23.950000762939453,23.100000381469727,23.700000762939453,201314
2019-09-12,23.850000381469727,24.75,23.5,24.5,429446
2019-09-13,24.5,25.450000762939453,24.39999961853028,25.25,302204
2019-09-16,24.850000381469727,27.700000762939453,24.850000381469727,25.799999237060547,1180310
2019-09-17,25.89999961853028,26.100000381469727,24.75,24.950000762939453,420569
2019-09-18,25.64999961853028,25.700000762939453,24.5,24.600000381469727,216369
2019-09-19,24.75,24.75,23.75,23.950000762939453,187332
2019-09-20,23.89999961853028,24.39999961853028,22.25,22.549999237060547,1875938
2019-09-23,23.14999961853028,24.350000381469727,22.75,23.850000381469727,703838
2019-09-24,23.850000381469727,24.350000381469727,23.5,23.75,261561
2019-09-25,24.0,24.0,22.25,22.39999961853028,408982
2019-09-26,22.64999961853028,23.049999237060547,22.299999237060547,22.39999961853028,220831
2019-09-27,22.39999961853028,22.75,21.75,21.850000381469727,389755
2019-09-30,22.0,22.450000762939453,21.049999237060547,21.299999237060547,427985
2019-10-01,21.100000381469727,21.5,20.049999237060547,20.39999961853028,509713
2019-10-03,20.64999961853028,21.39999961853028,20.100000381469727,20.799999237060547,212857
2019-10-04,20.89999961853028,21.350000381469727,19.75,20.049999237060547,208225
2019-10-07,20.200000762939453,20.5,19.75,20.0,144804
2019-10-09,20.0,20.450000762939453,19.75,20.200000762939453,178999
2019-10-10,20.14999961853028,20.64999961853028,19.700000762939453,19.799999237060547,115657
2019-10-11,19.89999961853028,20.200000762939453,19.5,19.64999961853028,183972
2019-10-14,19.799999237060547,20.600000381469727,19.75,20.299999237060547,149759
2019-10-15,20.450000762939453,20.850000381469727,19.700000762939453,20.0,346995
2019-10-16,20.350000381469727,20.5,19.39999961853028,19.600000381469727,248205
2019-10-17,19.64999961853028,19.700000762939453,19.14999961853028,19.600000381469727,212040
2019-10-18,19.89999961853028,20.350000381469727,19.5,20.200000762939453,301116
2019-10-22,20.549999237060547,21.950000762939453,20.25,21.350000381469727,461009
2019-10-23,21.14999961853028,22.5,20.549999237060547,22.100000381469727,502039
2019-10-24,22.100000381469727,22.5,21.350000381469727,21.5,217143
2019-10-25,21.600000381469727,21.799999237060547,20.64999961853028,21.049999237060547,114713
2019-10-27,21.700000762939453,24.14999961853028,21.200000762939453,23.39999961853028,1346992
2019-10-29,23.049999237060547,24.75,22.39999961853028,24.100000381469727,743786
2019-10-30,24.600000381469727,24.600000381469727,23.600000381469727,23.799999237060547,205686
2019-10-31,24.0,24.549999237060547,23.5,23.64999961853028,290500
2019-11-01,23.5,24.64999961853028,23.5,24.100000381469727,535833
2019-11-04,24.25,24.799999237060547,23.700000762939453,23.799999237060547,273595
2019-11-05,23.799999237060547,24.14999961853028,22.799999237060547,22.950000762939453,270452
2019-11-06,22.700000762939453,23.799999237060547,22.700000762939453,23.600000381469727,124856
2019-11-07,23.600000381469727,24.350000381469727,22.75,23.600000381469727,244828
2019-11-08,23.799999237060547,23.89999961853028,23.25,23.350000381469727,131371
2019-11-11,23.350000381469727,23.64999961853028,23.14999961853028,23.350000381469727,51580
2019-11-13,23.200000762939453,23.450000762939453,22.700000762939453,22.799999237060547,162856
2019-11-14,22.950000762939453,23.049999237060547,22.5,22.600000381469727,147938
2019-11-15,22.5,23.89999961853028,22.5,23.549999237060547,389421
2019-11-18,23.600000381469727,24.5,23.0,23.549999237060547,410180
2019-11-19,23.75,26.200000762939453,23.5,25.700000762939453,981235
2019-11-20,26.049999237060547,26.5,25.299999237060547,25.75,459253
2019-11-21,25.5,30.5,25.5,27.75,6368790
2019-11-22,28.89999961853028,32.099998474121094,28.39999961853028,31.200000762939453,8790568
2019-11-25,32.5,32.5,29.549999237060547,29.89999961853028,3065443
2019-11-26,29.89999961853028,29.89999961853028,28.0,28.299999237060547,863760
2019-11-27,28.049999237060547,30.5,28.049999237060547,29.0,1246457
2019-11-28,29.14999961853028,32.0,28.25,29.850000381469727,2813829
2019-11-29,30.5,30.64999961853028,28.75,29.049999237060547,942927
2019-12-02,29.100000381469727,29.450000762939453,28.100000381469727,28.200000762939453,449467
2019-12-03,28.39999961853028,28.5,27.64999961853028,27.75,267451
2019-12-04,27.450000762939453,28.5,27.450000762939453,28.100000381469727,350213
2019-12-05,28.14999961853028,29.5,28.049999237060547,28.799999237060547,706109
2019-12-06,29.350000381469727,29.350000381469727,27.25,28.0,424316
2019-12-09,28.200000762939453,28.200000762939453,27.0,27.14999961853028,307539
2019-12-10,27.799999237060547,27.799999237060547,25.799999237060547,25.799999237060547,192443
2019-12-11,25.75,26.14999961853028,24.549999237060547,24.700000762939453,205476
2019-12-12,24.5,25.700000762939453,24.5,25.14999961853028,115891
2019-12-13,25.950000762939453,26.39999961853028,24.64999961853028,26.39999961853028,94005
2019-12-16,27.5,27.5,25.64999961853028,26.200000762939453,57836
2019-12-17,25.799999237060547,27.25,25.799999237060547,26.850000381469727,133355
2019-12-18,26.0,27.25,26.0,26.350000381469727,51941
2019-12-19,26.39999961853028,27.5,25.350000381469727,25.75,83322
2019-12-20,25.799999237060547,26.350000381469727,25.299999237060547,25.600000381469727,88879
2019-12-23,25.25,25.64999961853028,25.14999961853028,25.14999961853028,64816
2019-12-24,25.25,26.0,25.0,25.14999961853028,51099
2019-12-26,25.14999961853028,25.549999237060547,24.75,24.799999237060547,52979
2019-12-27,24.850000381469727,25.5,23.75,23.850000381469727,288323
2019-12-30,24.600000381469727,24.850000381469727,23.850000381469727,24.549999237060547,65379
2019-12-31,24.850000381469727,25.0,24.0,24.14999961853028,52069
2020-01-01,24.14999961853028,24.600000381469727,23.89999961853028,24.25,35799
2020-01-02,23.64999961853028,25.450000762939453,23.64999961853028,25.25,1101983
2020-01-03,25.75,25.75,24.600000381469727,24.799999237060547,86120
2020-01-06,25.700000762939453,25.700000762939453,24.0,24.39999961853028,63373
2020-01-07,24.299999237060547,24.75,24.299999237060547,24.39999961853028,34817
2020-01-08,24.75,24.75,23.600000381469727,24.100000381469727,102519
2020-01-09,24.200000762939453,25.299999237060547,24.200000762939453,25.200000762939453,147571
2020-01-10,25.600000381469727,25.700000762939453,24.5,25.39999961853028,112415
2020-01-13,25.75,26.64999961853028,24.75,26.64999961853028,392760
2020-01-14,27.39999961853028,27.950000762939453,27.0,27.950000762939453,555463
2020-01-15,29.299999237060547,29.299999237060547,27.64999961853028,28.950000762939453,545853
2020-01-16,29.5,29.700000762939453,28.049999237060547,28.200000762939453,242917
2020-01-17,28.100000381469727,28.950000762939453,27.25,27.39999961853028,232399
2020-01-20,27.5,27.89999961853028,26.75,26.850000381469727,124014
2020-01-21,26.5,28.14999961853028,26.350000381469727,27.89999961853028,329446
2020-01-22,28.450000762939453,28.450000762939453,26.89999961853028,27.89999961853028,116352
2020-01-23,27.549999237060547,27.89999961853028,27.0,27.25,72120
2020-01-24,27.39999961853028,27.89999961853028,26.600000381469727,27.64999961853028,60704
2020-01-27,26.700000762939453,28.5,26.700000762939453,27.200000762939453,88542
2020-01-28,27.0,27.39999961853028,26.549999237060547,26.850000381469727,41714
2020-01-29,27.350000381469727,27.549999237060547,26.600000381469727,27.100000381469727,83496
2020-01-30,27.100000381469727,27.799999237060547,26.25,27.049999237060547,44053
2020-01-31,27.39999961853028,27.39999961853028,26.299999237060547,26.549999237060547,52304
2020-02-03,26.39999961853028,26.39999961853028,24.5,24.549999237060547,109657
2020-02-04,24.549999237060547,25.700000762939453,24.5,24.799999237060547,72460
2020-02-05,25.14999961853028,26.0,25.14999961853028,25.799999237060547,94528
2020-02-06,25.950000762939453,27.049999237060547,24.700000762939453,27.049999237060547,737162
2020-02-07,27.25,28.39999961853028,26.100000381469727,28.39999961853028,2242133
2020-02-10,28.549999237060547,29.799999237060547,28.39999961853028,29.799999237060547,1419891
2020-02-11,30.350000381469727,31.25,28.350000381469727,30.950000762939453,1044348
2020-02-12,30.950000762939453,31.5,29.5,30.25,558072
2020-02-13,31.25,31.25,29.25,30.100000381469727,184436
2020-02-14,30.100000381469727,30.700000762939453,28.600000381469727,28.799999237060547,566369
2020-02-17,28.0,29.700000762939453,28.0,28.75,196413
2020-02-18,30.14999961853028,30.14999961853028,30.14999961853028,30.14999961853028,99424
2020-02-19,31.64999961853028,31.64999961853028,31.0,31.64999961853028,3305481
2020-02-20,31.049999237060547,32.0,30.100000381469727,30.549999237060547,1394200
2020-02-24,30.450000762939453,30.450000762939453,29.100000381469727,29.450000762939453,638385
2020-02-25,29.0,29.299999237060547,28.5,28.950000762939453,475504
2020-02-26,28.75,29.799999237060547,28.049999237060547,29.14999961853028,411374
2020-02-27,29.25,29.25,28.25,28.549999237060547,234347
2020-02-28,27.25,28.0,27.14999961853028,27.200000762939453,444191
2020-03-02,27.0,28.25,26.049999237060547,26.75,265721
2020-03-03,26.64999961853028,27.64999961853028,25.450000762939453,26.299999237060547,351611
2020-03-04,26.950000762939453,26.950000762939453,25.25,25.700000762939453,233243
2020-03-05,26.600000381469727,26.64999961853028,25.600000381469727,25.75,261048
2020-03-06,25.0,25.0,24.5,24.64999961853028,786627
2020-03-09,23.5,24.25,23.450000762939453,23.450000762939453,345091
2020-03-11,22.64999961853028,23.450000762939453,22.299999237060547,22.64999961853028,533047
2020-03-12,21.549999237060547,21.549999237060547,21.549999237060547,21.549999237060547,108961
2020-03-13,20.5,22.0,20.5,20.5,724263
2020-03-16,19.549999237060547,20.100000381469727,19.5,19.5,456958
2020-03-17,19.0,19.89999961853028,18.549999237060547,18.600000381469727,301840
2020-03-18,18.0,18.75,17.700000762939453,17.700000762939453,205905
2020-03-19,16.850000381469727,17.700000762939453,16.850000381469727,16.850000381469727,514817
2020-03-20,16.299999237060547,17.649999618530273,16.149999618530273,17.049999237060547,648600
2020-03-23,16.200000762939453,17.5,16.200000762939453,16.200000762939453,234488
2020-03-24,16.399999618530273,17.0,15.399999618530272,15.449999809265137,1629258
2020-03-25,14.699999809265137,16.200000762939453,14.699999809265137,16.200000762939453,342928
2020-03-26,16.75,17.0,16.049999237060547,16.649999618530273,393392
2020-03-27,17.399999618530273,17.450000762939453,16.100000381469727,17.200000762939453,501448
2020-03-30,16.350000381469727,18.0,16.350000381469727,17.649999618530273,305712
2020-03-31,18.5,18.5,17.700000762939453,18.350000381469727,1378629
2020-04-01,18.39999961853028,18.700000762939453,17.700000762939453,18.0,312901
2020-04-03,18.14999961853028,18.450000762939453,17.100000381469727,17.149999618530273,378087
2020-04-07,17.75,18.0,17.350000381469727,18.0,189161
2020-04-08,18.700000762939453,18.89999961853028,18.200000762939453,18.700000762939453,515612
2020-04-09,19.549999237060547,19.600000381469727,18.75,19.25,587350
2020-04-13,19.5,19.700000762939453,18.299999237060547,19.200000762939453,250422
2020-04-15,19.350000381469727,19.850000381469727,17.850000381469727,18.700000762939453,524467
2020-04-16,18.950000762939453,19.600000381469727,18.25,19.450000762939453,264055
2020-04-17,20.75,20.75,19.39999961853028,20.350000381469727,567817
2020-04-20,21.299999237060547,21.75,20.5,21.600000381469727,1046720
2020-04-21,21.14999961853028,23.700000762939453,20.14999961853028,21.450000762939453,664307
2020-04-22,23.0,23.549999237060547,21.39999961853028,23.549999237060547,2902142
2020-04-23,24.64999961853028,24.700000762939453,23.25,24.14999961853028,3872554
2020-04-24,24.850000381469727,24.850000381469727,22.950000762939453,23.0,1726873
2020-04-27,23.14999961853028,24.0,22.200000762939453,22.89999961853028,615137
2020-04-28,23.100000381469727,23.25,22.700000762939453,22.89999961853028,411632
2020-04-29,23.0,23.100000381469727,22.25,22.64999961853028,613674
2020-04-30,23.100000381469727,23.100000381469727,22.5,22.549999237060547,660397
2020-05-04,22.25,22.39999961853028,21.5,21.64999961853028,639516
2020-05-05,21.89999961853028,22.700000762939453,21.700000762939453,21.799999237060547,225105
2020-05-06,21.700000762939453,22.0,21.0,21.049999237060547,613180
2020-05-07,20.75,21.89999961853028,20.75,21.39999961853028,279914
2020-05-08,22.450000762939453,22.450000762939453,22.14999961853028,22.39999961853028,621955
2020-05-11,23.5,23.5,22.89999961853028,23.5,952175
2020-05-12,24.350000381469727,24.64999961853028,23.549999237060547,24.64999961853028,1536775
2020-05-13,25.850000381469727,25.850000381469727,25.5,25.850000381469727,1172931
2020-05-14,26.299999237060547,26.299999237060547,24.600000381469727,25.049999237060547,1145424
2020-05-15,24.950000762939453,25.100000381469727,24.049999237060547,24.850000381469727,604664
2020-05-18,25.0,26.049999237060547,24.350000381469727,25.14999961853028,1364466
2020-05-19,25.5,25.75,24.299999237060547,24.450000762939453,466904
2020-05-20,24.350000381469727,24.89999961853028,23.799999237060547,24.049999237060547,727395
2020-05-21,24.450000762939453,25.100000381469727,23.799999237060547,24.049999237060547,618520
2020-05-22,24.350000381469727,24.850000381469727,23.600000381469727,24.0,677787
2020-05-26,24.200000762939453,24.600000381469727,23.39999961853028,23.549999237060547,476395
2020-05-27,23.549999237060547,23.89999961853028,23.14999961853028,23.39999961853028,374999
2020-05-28,23.700000762939453,24.5,23.39999961853028,24.14999961853028,699901
2020-05-29,24.350000381469727,25.200000762939453,23.700000762939453,24.049999237060547,720330
2020-06-01,24.299999237060547,24.75,23.950000762939453,24.450000762939453,872095
2020-06-02,24.75,25.64999961853028,24.350000381469727,25.5,1391552
2020-06-03,26.450000762939453,26.450000762939453,25.39999961853028,25.64999961853028,949200
2020-06-04,25.75,25.89999961853028,24.799999237060547,25.350000381469727,492620
2020-06-05,25.700000762939453,27.850000381469727,25.64999961853028,27.850000381469727,1829642
2020-06-08,29.700000762939453,30.600000381469727,28.5,30.600000381469727,3298894
2020-06-09,32.400001525878906,32.400001525878906,29.5,29.950000762939453,3428184
2020-06-10,30.299999237060547,32.900001525878906,30.0,32.900001525878906,2412892
2020-06-11,34.5,34.5,32.599998474121094,33.0,4424035
2020-06-12,31.350000381469727,34.650001525878906,31.350000381469727,34.650001525878906,4717850
2020-06-15,36.34999847412109,36.34999847412109,35.849998474121094,36.34999847412109,1343193
2020-06-16,38.150001525878906,38.150001525878906,36.900001525878906,38.150001525878906,2985645
2020-06-17,40.04999923706055,40.04999923706055,39.0,40.04999923706055,2393200
2020-06-18,41.79999923706055,41.900001525878906,38.75,40.95000076293945,7295500
2020-06-19,42.95000076293945,42.95000076293945,41.5,42.95000076293945,3697425
2020-06-22,45.0,45.04999923706055,44.04999923706055,45.04999923706055,3325747
2020-06-23,46.79999923706055,47.29999923706055,45.5,47.29999923706055,3797801
2020-06-24,49.0,49.650001525878906,44.95000076293945,45.150001525878906,12543962
2020-06-25,43.0,44.45000076293945,42.900001525878906,42.900001525878906,6014249
2020-06-26,41.25,43.45000076293945,40.79999923706055,40.95000076293945,5245438
2020-06-29,40.29999923706055,42.75,38.95000076293945,42.25,5782463
2020-06-30,42.79999923706055,43.25,40.5,40.79999923706055,2330650
2020-07-01,41.95000076293945,42.79999923706055,40.0,42.79999923706055,2459098
2020-07-02,44.0,44.0,41.20000076293945,41.54999923706055,2606303
2020-07-03,41.95000076293945,42.5,40.25,40.95000076293945,1876180
2020-07-06,40.95000076293945,42.0,40.5,40.650001525878906,1387155
2020-07-07,40.900001525878906,41.75,40.150001525878906,40.84999847412109,1298439
2020-07-08,40.95000076293945,42.0,40.0,40.400001525878906,1137583
2020-07-09,40.150001525878906,41.0,39.29999923706055,39.5,1255006
2020-07-10,39.34999847412109,41.45000076293945,38.5,41.29999923706055,2814825
2020-07-13,42.09999847412109,42.75,41.45000076293945,42.0,2088385
2020-07-14,42.0,44.09999847412109,40.5,44.04999923706055,5916209
2020-07-15,44.650001525878906,46.0,41.84999847412109,44.45000076293945,10630948
2020-07-16,43.0,43.0,42.25,42.25,1184225
2020-07-17,40.79999923706055,43.900001525878906,40.79999923706055,43.25,4079080
2020-07-20,45.400001525878906,45.400001525878906,44.0,45.400001525878906,6990634
2020-07-21,46.79999923706055,47.650001525878906,46.0,47.650001525878906,4670622
2020-07-22,49.0,50.0,45.29999923706055,45.34999847412109,16319187
2020-07-23,43.29999923706055,46.400001525878906,43.29999923706055,44.150001525878906,5037136
2020-07-24,44.0,45.0,43.25,44.400001525878906,3169865
2020-07-27,45.29999923706055,45.29999923706055,42.5,42.70000076293945,2488535
2020-07-28,43.20000076293945,43.20000076293945,41.34999847412109,41.900001525878906,2342528
2020-07-29,41.5,42.20000076293945,40.54999923706055,40.84999847412109,1909071
2020-07-30,41.150001525878906,42.0,41.09999847412109,41.400001525878906,1603046
2020-07-31,41.75,42.5,40.54999923706055,40.650001525878906,1264934
2020-08-03,40.84999847412109,40.84999847412109,39.79999923706055,39.84999847412109,1311440
2020-08-04,39.84999847412109,41.79999923706055,39.84999847412109,41.79999923706055,560908
2020-08-05,43.84999847412109,43.84999847412109,42.59999847412109,43.5,5299500
2020-08-06,43.0,43.0,41.34999847412109,41.34999847412109,2295392
2020-08-07,40.45000076293945,42.25,40.150001525878906,41.5,1410375
2020-08-10,41.59999847412109,42.0,40.79999923706055,40.95000076293945,1012597
2020-08-11,41.09999847412109,41.900001525878906,40.79999923706055,40.900001525878906,1000051
2020-08-12,40.650001525878906,41.25,40.04999923706055,40.900001525878906,1049205
2020-08-13,41.150001525878906,41.900001525878906,40.25,41.09999847412109,989709
2020-08-14,41.29999923706055,41.34999847412109,39.900001525878906,40.150001525878906,1133320
2020-08-17,40.54999923706055,40.650001525878906,39.79999923706055,39.900001525878906,670672
2020-08-18,40.0,41.84999847412109,39.84999847412109,41.84999847412109,978799
2020-08-19,42.29999923706055,42.29999923706055,40.400001525878906,40.70000076293945,1719906
2020-08-20,40.70000076293945,42.70000076293945,40.09999847412109,41.34999847412109,3590068
2020-08-21,41.70000076293945,42.20000076293945,40.54999923706055,40.75,1571212
2020-08-24,40.95000076293945,41.29999923706055,40.20000076293945,40.25,1379438
2020-08-25,40.5,40.70000076293945,39.900001525878906,40.0,1144335
2020-08-26,40.0,40.900001525878906,39.400001525878906,39.900001525878906,2036633
2020-08-27,40.59999847412109,41.34999847412109,39.5,40.79999923706055,2958279
2020-08-28,40.95000076293945,41.09999847412109,39.900001525878906,40.0,1340476
2020-08-31,40.150001525878906,40.5,38.0,38.0,2633173
2020-09-01,38.0,38.0,37.0,37.20000076293945,1372841
2020-09-02,37.0,38.34999847412109,35.849998474121094,37.59999847412109,2287569
2020-09-03,37.95000076293945,38.45000076293945,36.5,36.650001525878906,841673
2020-09-04,35.79999923706055,37.70000076293945,35.5,36.45000076293945,1181980
2020-09-07,36.5,36.5,35.54999923706055,35.75,585337
2020-09-08,35.849998474121094,36.5,35.5,35.599998474121094,661554
2020-09-09,34.349998474121094,35.650001525878906,34.349998474121094,34.75,1199055
2020-09-10,35.29999923706055,36.45000076293945,35.29999923706055,36.45000076293945,1443130
2020-09-11,37.5,37.5,35.70000076293945,35.79999923706055,917343
2020-09-14,36.45000076293945,37.25,35.54999923706055,35.900001525878906,1148849
2020-09-15,35.900001525878906,36.45000076293945,35.25,35.79999923706055,564413
2020-09-16,36.0,36.34999847412109,35.0,35.400001525878906,778869
2020-09-17,35.29999923706055,37.150001525878906,35.25,36.95000076293945,1392044
2020-09-18,37.45000076293945,37.79999923706055,36.34999847412109,36.79999923706055,966656
2020-09-21,36.70000076293945,37.09999847412109,35.0,35.0,1135621
2020-09-22,34.0,34.79999923706055,33.25,33.25,2789197
2020-09-23,33.54999923706055,33.849998474121094,31.600000381469727,32.45000076293945,2134393
2020-09-24,31.600000381469727,32.20000076293945,31.350000381469727,31.850000381469727,884854
2020-09-25,32.0,33.400001525878906,31.89999961853028,32.900001525878906,986850
2020-09-28,32.900001525878906,33.70000076293945,32.45000076293945,33.099998474121094,472534
2020-09-29,33.29999923706055,34.0,32.0,32.849998474121094,695074
2020-09-30,33.5,33.5,32.900001525878906,33.04999923706055,319207
2020-10-01,33.099998474121094,34.04999923706055,33.099998474121094,33.54999923706055,549856
2020-10-05,33.95000076293945,35.20000076293945,33.70000076293945,35.20000076293945,829500
2020-10-06,35.79999923706055,36.95000076293945,35.150001525878906,36.95000076293945,2342595
2020-10-07,37.0,37.0,35.150001525878906,35.150001525878906,1540588
2020-10-08,35.95000076293945,36.79999923706055,34.5,35.95000076293945,1847216
2020-10-09,36.0,36.400001525878906,34.70000076293945,34.849998474121094,571057
2020-10-12,35.20000076293945,36.150001525878906,34.29999923706055,34.79999923706055,901096
2020-10-13,34.79999923706055,36.0,34.150001525878906,35.04999923706055,716182
2020-10-14,35.400001525878906,35.400001525878906,33.900001525878906,34.099998474121094,644422
2020-10-15,34.29999923706055,34.400001525878906,33.0,33.349998474121094,447171
2020-10-16,33.25,34.20000076293945,32.75,33.099998474121094,450494
2020-10-19,33.45000076293945,33.70000076293945,32.75,32.79999923706055,493236
2020-10-20,32.95000076293945,33.349998474121094,32.75,32.79999923706055,284902
2020-10-21,33.20000076293945,33.599998474121094,32.25,32.95000076293945,635127
2020-10-22,32.95000076293945,36.5,32.75,34.099998474121094,2962687
2020-10-23,34.650001525878906,36.400001525878906,34.5,36.09999847412109,1909824
2020-10-26,36.400001525878906,36.75,34.79999923706055,35.29999923706055,997051
2020-10-27,35.45000076293945,35.650001525878906,33.79999923706055,34.54999923706055,445901
2020-10-28,36.29999923706055,36.75,34.54999923706055,34.79999923706055,1571880
2020-10-29,34.04999923706055,34.5,33.5,33.900001525878906,621799
2020-10-30,34.29999923706055,35.5,32.900001525878906,34.70000076293945,580896
2020-11-02,34.70000076293945,35.95000076293945,33.599998474121094,33.900001525878906,816059
2020-11-03,33.650001525878906,34.29999923706055,33.5,33.599998474121094,357345
2020-11-04,33.75,33.95000076293945,33.20000076293945,33.29999923706055,306246
2020-11-05,33.599998474121094,33.79999923706055,33.0,33.099998474121094,500044
2020-11-06,33.75,34.20000076293945,33.150001525878906,33.29999923706055,413487
2020-11-09,33.75,33.849998474121094,33.0,33.25,462675
2020-11-10,33.349998474121094,33.95000076293945,33.0,33.150001525878906,451855
2020-11-11,33.25,33.5,33.0,33.150001525878906,281015
2020-11-12,33.20000076293945,34.5,33.099998474121094,34.150001525878906,804197
2020-11-13,34.150001525878906,35.29999923706055,33.70000076293945,34.900001525878906,1069254
2020-11-14,35.0,35.0,34.349998474121094,34.599998474121094,297356
2020-11-17,34.599998474121094,34.849998474121094,33.75,33.849998474121094,517316
2020-11-18,33.849998474121094,36.5,33.599998474121094,35.20000076293945,2230108
2020-11-19,34.599998474121094,37.25,34.5,36.400001525878906,4404224
2020-11-20,36.400001525878906,37.45000076293945,35.400001525878906,35.849998474121094,2572004
2020-11-23,36.09999847412109,36.34999847412109,35.349998474121094,35.650001525878906,979529
2020-11-24,35.70000076293945,36.0,34.79999923706055,34.95000076293945,669666
2020-11-25,34.95000076293945,35.349998474121094,33.900001525878906,34.0,662821
2020-11-26,34.20000076293945,34.95000076293945,33.900001525878906,34.150001525878906,582838
2020-11-27,34.29999923706055,35.599998474121094,33.75,34.099998474121094,1641785
2020-12-01,34.0,36.400001525878906,33.849998474121094,35.79999923706055,3250267
2020-12-02,35.900001525878906,37.70000076293945,35.849998474121094,36.5,2439168
2020-12-03,36.75,37.650001525878906,35.099998474121094,37.150001525878906,3053058
2020-12-04,37.79999923706055,37.79999923706055,36.150001525878906,36.70000076293945,2218557
2020-12-07,36.650001525878906,38.25,36.34999847412109,38.150001525878906,2760680
2020-12-08,38.400001525878906,39.25,37.04999923706055,37.5,3163567
2020-12-09,37.75,38.09999847412109,36.59999847412109,36.900001525878906,1238360
2020-12-10,36.900001525878906,37.0,35.29999923706055,35.650001525878906,1580920
2020-12-11,35.70000076293945,37.84999847412109,35.70000076293945,36.29999923706055,1565129
2020-12-14,36.54999923706055,37.29999923706055,36.29999923706055,36.79999923706055,876025
2020-12-15,36.75,37.0,35.95000076293945,36.70000076293945,844504
2020-12-16,36.59999847412109,39.75,36.25,39.150001525878906,6912043
2020-12-17,39.0,40.400001525878906,38.0,38.20000076293945,4879993
2020-12-18,38.34999847412109,38.5,36.79999923706055,37.70000076293945,1541687
2020-12-21,37.09999847412109,38.400001525878906,35.25,35.599998474121094,1940785
2020-12-22,35.5,37.04999923706055,34.79999923706055,35.75,1151210
2020-12-23,35.900001525878906,37.150001525878906,35.79999923706055,36.5,861824
2020-12-24,37.20000076293945,38.25,36.5,36.650001525878906,1602178
2020-12-28,37.0,37.34999847412109,36.0,36.59999847412109,1237505
2020-12-29,36.70000076293945,36.84999847412109,35.900001525878906,36.150001525878906,718429
2020-12-30,36.20000076293945,36.79999923706055,35.900001525878906,36.150001525878906,633183
2020-12-31,36.20000076293945,36.400001525878906,35.79999923706055,35.900001525878906,760468
2021-01-01,35.95000076293945,37.400001525878906,35.95000076293945,36.5,2035763
2021-01-04,36.70000076293945,37.75,36.150001525878906,36.84999847412109,2939345
2021-01-05,36.5,36.650001525878906,35.75,36.5,3169798
2021-01-06,36.5,37.04999923706055,35.79999923706055,36.150001525878906,3105249
2021-01-07,36.45000076293945,36.75,35.79999923706055,35.95000076293945,2723099
2021-01-08,36.09999847412109,38.84999847412109,36.04999923706055,37.25,5513740
2021-01-11,37.75,37.900001525878906,36.29999923706055,37.04999923706055,1923864
2021-01-12,37.04999923706055,39.5,36.79999923706055,39.25,5642377
2021-01-13,39.29999923706055,39.5,37.09999847412109,37.400001525878906,3378609
2021-01-14,37.34999847412109,38.45000076293945,36.75,37.20000076293945,1760245
2021-01-15,37.34999847412109,37.900001525878906,36.34999847412109,36.54999923706055,1310205
2021-01-18,36.650001525878906,37.150001525878906,35.599998474121094,36.5,1391150
2021-01-19,37.04999923706055,38.70000076293945,37.0,38.34999847412109,2301051
2021-01-20,39.400001525878906,39.95000076293945,38.04999923706055,38.59999847412109,5796229
2021-01-21,38.650001525878906,38.79999923706055,37.09999847412109,37.25,1486188
2021-01-22,37.75,37.75,36.5,37.0,1413973
2021-01-25,37.20000076293945,37.70000076293945,36.5,37.0,1294097
2021-01-27,36.95000076293945,37.150001525878906,36.0,36.25,906478
2021-01-28,35.95000076293945,36.84999847412109,35.79999923706055,36.5,833563
2021-01-29,36.54999923706055,37.20000076293945,36.04999923706055,36.25,599122
2021-02-01,36.25,36.650001525878906,35.849998474121094,36.54999923706055,664848
2021-02-02,36.75,37.29999923706055,36.650001525878906,37.0,1275427
2021-02-03,37.29999923706055,37.650001525878906,36.70000076293945,37.09999847412109,760152
2021-02-04,36.900001525878906,38.25,36.75,37.5,2685962
2021-02-05,37.650001525878906,37.75,36.650001525878906,36.900001525878906,906159
2021-02-08,37.0,37.70000076293945,36.79999923706055,37.0,1186764
2021-02-09,37.0,37.20000076293945,36.09999847412109,36.25,664658
2021-02-10,36.29999923706055,36.70000076293945,36.29999923706055,36.45000076293945,548728
2021-02-11,36.400001525878906,37.59999847412109,36.400001525878906,37.04999923706055,868685
2021-02-12,37.150001525878906,37.29999923706055,36.5,36.59999847412109,448935
2021-02-15,36.84999847412109,37.25,36.09999847412109,36.20000076293945,1024551
2021-02-16,36.400001525878906,37.150001525878906,36.34999847412109,36.70000076293945,973857
2021-02-17,36.79999923706055,36.79999923706055,36.20000076293945,36.54999923706055,874284
2021-02-18,36.59999847412109,38.0,36.45000076293945,37.04999923706055,1631528
2021-02-19,37.150001525878906,38.59999847412109,36.95000076293945,37.04999923706055,2254901
2021-02-22,37.45000076293945,37.45000076293945,36.150001525878906,36.400001525878906,1122105
2021-02-23,36.75,36.900001525878906,36.150001525878906,36.400001525878906,874066
2021-02-24,36.5,37.0,36.29999923706055,36.79999923706055,529674
2021-02-25,36.79999923706055,37.650001525878906,36.70000076293945,37.34999847412109,1552514
2021-02-26,37.0,38.45000076293945,36.79999923706055,37.5,1696852
2021-03-01,38.5,44.5,38.04999923706055,42.70000076293945,18418279
2021-03-02,43.20000076293945,44.0,40.900001525878906,41.54999923706055,6694302
2021-03-03,42.400001525878906,44.5,41.400001525878906,41.650001525878906,5342669
2021-03-04,41.29999923706055,42.29999923706055,41.0,41.150001525878906,1837774
2021-03-05,41.0,43.79999923706055,40.95000076293945,41.650001525878906,5984775
2021-03-08,42.20000076293945,43.84999847412109,41.5,41.70000076293945,3657079
2021-03-09,42.25,45.5,41.150001525878906,44.59999847412109,11369405
2021-03-10,45.5,45.900001525878906,44.0,44.59999847412109,3815874
2021-03-12,44.650001525878906,45.20000076293945,42.650001525878906,43.5,3602033
2021-03-15,43.650001525878906,45.75,42.84999847412109,44.900001525878906,3686378
2021-03-16,44.54999923706055,45.04999923706055,43.84999847412109,44.0,1196896
2021-03-17,44.0,44.75,41.20000076293945,41.650001525878906,2550839
2021-03-18,42.09999847412109,43.20000076293945,41.0,41.04999923706055,2092493
2021-03-19,40.900001525878906,43.150001525878906,40.0,42.650001525878906,2611559
2021-03-22,42.900001525878906,43.0,41.79999923706055,42.09999847412109,761265
2021-03-23,42.20000076293945,42.45000076293945,41.150001525878906,41.400001525878906,657625
2021-03-24,41.400001525878906,41.45000076293945,39.900001525878906,40.20000076293945,741562
2021-03-25,40.54999923706055,40.70000076293945,38.650001525878906,39.04999923706055,842932
2021-03-26,38.400001525878906,39.79999923706055,37.29999923706055,37.70000076293945,1416555
2021-03-30,37.79999923706055,38.29999923706055,36.09999847412109,36.400001525878906,1510437
2021-03-31,36.70000076293945,37.59999847412109,36.150001525878906,36.400001525878906,1339895
2021-04-01,36.75,38.59999847412109,36.70000076293945,38.0,797686
2021-04-05,37.75,37.900001525878906,36.45000076293945,36.79999923706055,709866
2021-04-06,36.79999923706055,37.20000076293945,36.45000076293945,36.650001525878906,429629
2021-04-07,37.45000076293945,37.75,36.900001525878906,37.400001525878906,606544
2021-04-08,37.29999923706055,38.0,37.04999923706055,37.09999847412109,507156
2021-04-09,37.04999923706055,37.59999847412109,36.84999847412109,36.95000076293945,460258
2021-04-12,36.54999923706055,36.54999923706055,34.5,34.95000076293945,810971
2021-04-13,34.95000076293945,36.04999923706055,34.900001525878906,35.70000076293945,465096
2021-04-15,35.70000076293945,35.95000076293945,34.75,35.099998474121094,301544
2021-04-16,35.400001525878906,36.95000076293945,35.150001525878906,36.650001525878906,737903
2021-04-19,36.0,37.5,35.099998474121094,37.25,898319
2021-04-20,38.29999923706055,39.0,37.04999923706055,38.59999847412109,1600811
2021-04-22,39.29999923706055,43.95000076293945,36.5,43.04999923706055,18315854
2021-04-23,42.900001525878906,44.75,39.70000076293945,40.5,9634235
2021-04-26,40.400001525878906,40.5,39.04999923706055,39.400001525878906,2353089
2021-04-27,39.45000076293945,42.29999923706055,39.04999923706055,40.45000076293945,2924267
2021-04-28,40.650001525878906,42.09999847412109,40.34999847412109,41.20000076293945,2395930
2021-04-29,41.400001525878906,41.79999923706055,40.09999847412109,40.34999847412109,1067839
2021-04-30,39.79999923706055,40.84999847412109,39.25,39.5,1117636
2021-05-03,39.5,40.900001525878906,39.0,39.75,760729
2021-05-04,39.95000076293945,40.54999923706055,37.34999847412109,37.95000076293945,1548194
2021-05-05,38.09999847412109,39.45000076293945,37.84999847412109,38.900001525878906,1038915
2021-05-06,38.900001525878906,41.20000076293945,38.34999847412109,40.59999847412109,2620234
2021-05-07,41.0,41.650001525878906,39.900001525878906,40.09999847412109,2184326
2021-05-10,40.29999923706055,41.95000076293945,39.79999923706055,41.0,2369147
2021-05-11,40.650001525878906,41.95000076293945,40.25,40.84999847412109,3447619
2021-05-12,41.0,41.70000076293945,39.70000076293945,39.95000076293945,2078203
2021-05-14,40.150001525878906,40.45000076293945,39.20000076293945,39.400001525878906,962331
2021-05-17,39.75,40.09999847412109,38.650001525878906,38.75,1211226
2021-05-18,39.20000076293945,39.84999847412109,38.900001525878906,39.45000076293945,1134382
2021-05-19,39.25,42.150001525878906,39.20000076293945,41.45000076293945,4304549
2021-05-20,41.84999847412109,43.34999847412109,41.25,41.75,7805490
2021-05-21,42.04999923706055,42.75,40.04999923706055,40.59999847412109,1999921
2021-05-24,41.5,41.5,39.75,39.900001525878906,2588990
2021-05-25,40.0,40.70000076293945,39.29999923706055,39.54999923706055,2696870
2021-05-26,39.84999847412109,40.95000076293945,39.650001525878906,40.34999847412109,2189955
2021-05-27,40.400001525878906,41.59999847412109,40.0,40.900001525878906,3269505
2021-05-28,41.09999847412109,42.09999847412109,40.54999923706055,40.84999847412109,2832706
2021-05-31,40.70000076293945,41.04999923706055,40.5,40.59999847412109,802261
2021-06-01,40.84999847412109,41.5,40.20000076293945,40.45000076293945,1130845
2021-06-02,40.54999923706055,40.95000076293945,40.29999923706055,40.54999923706055,883035
2021-06-03,40.59999847412109,41.45000076293945,40.59999847412109,40.70000076293945,1025758
2021-06-04,41.04999923706055,44.34999847412109,40.70000076293945,43.5,7451298
2021-06-07,43.5,46.70000076293945,43.0,45.54999923706055,9049497
2021-06-08,45.79999923706055,47.79999923706055,43.79999923706055,46.29999923706055,6978342
2021-06-09,46.29999923706055,47.5,44.04999923706055,44.59999847412109,3907272
2021-06-10,45.04999923706055,53.5,44.75,53.5,17531903
2021-06-11,58.0,58.0,51.79999923706055,52.400001525878906,15516969
2021-06-14,52.20000076293945,56.400001525878906,48.79999923706055,55.45000076293945,8471166
2021-06-15,55.400001525878906,57.0,54.34999847412109,55.0,3586160
2021-06-16,55.70000076293945,56.150001525878906,52.70000076293945,53.84999847412109,2334668
2021-06-17,52.95000076293945,55.09999847412109,52.25,52.54999923706055,1585946
2021-06-18,53.0,53.75,49.0,51.900001525878906,2081078
2021-06-21,50.20000076293945,56.0,49.59999847412109,53.34999847412109,3696762
2021-06-22,53.900001525878906,55.54999923706055,52.79999923706055,53.20000076293945,2413407
2021-06-23,53.54999923706055,54.45000076293945,52.09999847412109,53.0,2010953
2021-06-24,53.400001525878906,53.75,51.09999847412109,51.400001525878906,1684237
2021-06-25,51.45000076293945,51.79999923706055,49.34999847412109,49.54999923706055,2301376
2021-06-28,49.54999923706055,50.5,48.25,48.59999847412109,1723449
2021-06-29,48.70000076293945,53.0,48.20000076293945,50.45000076293945,5694842
2021-06-30,50.75,51.650001525878906,49.79999923706055,50.04999923706055,1582892
2021-07-01,50.150001525878906,52.59999847412109,49.34999847412109,50.84999847412109,3041337
2021-07-02,51.5,51.95000076293945,50.45000076293945,50.650001525878906,2045086
2021-07-05,51.0,52.25,50.70000076293945,51.34999847412109,1815394
2021-07-06,51.34999847412109,52.20000076293945,49.29999923706055,49.95000076293945,1530486
2021-07-07,49.95000076293945,53.25,49.5,52.54999923706055,4741877
2021-07-08,52.59999847412109,55.25,51.75,52.34999847412109,6805842
2021-07-09,52.09999847412109,53.29999923706055,51.84999847412109,52.45000076293945,1803285
2021-07-12,53.0,53.79999923706055,52.400001525878906,52.79999923706055,1542906
2021-07-13,53.34999847412109,53.400001525878906,50.79999923706055,51.25,1571693
2021-07-14,51.54999923706055,52.150001525878906,50.79999923706055,51.29999923706055,924443
2021-07-15,51.650001525878906,52.70000076293945,51.20000076293945,52.0,1556579
2021-07-16,52.400001525878906,52.59999847412109,50.79999923706055,51.45000076293945,1430946
2021-07-19,51.150001525878906,52.150001525878906,50.900001525878906,51.45000076293945,1071027
2021-07-20,51.09999847412109,51.900001525878906,49.5,50.04999923706055,1463685
2021-07-22,52.79999923706055,53.5,50.79999923706055,51.04999923706055,2703700
2021-07-23,51.5,51.54999923706055,49.79999923706055,50.04999923706055,1252110
2021-07-26,50.400001525878906,50.75,49.0,49.70000076293945,1187584
2021-07-27,49.59999847412109,50.400001525878906,49.5,50.09999847412109,1113606
2021-07-28,50.400001525878906,50.70000076293945,48.79999923706055,50.25,1349230
2021-07-29,49.04999923706055,50.900001525878906,46.0,50.45000076293945,1818739
2021-07-30,50.650001525878906,51.150001525878906,49.79999923706055,50.0,1268758
2021-08-02,49.70000076293945,50.45000076293945,49.45000076293945,50.04999923706055,903410
2021-08-03,50.0,52.25,49.70000076293945,50.70000076293945,1370761
2021-08-04,51.0,51.150001525878906,48.150001525878906,49.150001525878906,1107884
2021-08-05,48.75,49.25,47.95000076293945,48.150001525878906,865875
2021-08-06,48.150001525878906,49.04999923706055,47.75,48.0,443068
2021-08-09,48.29999923706055,53.0,47.70000076293945,51.59999847412109,4881399
2021-08-10,50.5,54.150001525878906,49.29999923706055,50.0,6114206
2021-08-11,50.45000076293945,50.95000076293945,48.04999923706055,50.34999847412109,1878779
2021-08-12,50.5,52.59999847412109,50.150001525878906,50.59999847412109,2314948
2021-08-13,50.75,51.20000076293945,49.25,50.0,1027681
2021-08-16,50.25,50.25,48.150001525878906,48.5,928650
2021-08-17,48.59999847412109,50.09999847412109,48.04999923706055,49.04999923706055,1225501
2021-08-18,48.75,51.70000076293945,48.5,50.75,1429814
2021-08-20,49.29999923706055,50.650001525878906,48.29999923706055,48.900001525878906,1508104
2021-08-23,49.09999847412109,50.0,46.70000076293945,47.45000076293945,1200945
2021-08-24,47.04999923706055,49.25,47.04999923706055,47.75,817123
2021-08-25,48.0,48.650001525878906,47.25,47.5,490775
2021-08-26,47.5,49.0,47.25,48.59999847412109,887935
2021-08-27,48.84999847412109,49.400001525878906,48.150001525878906,49.0,645363
2021-08-30,49.20000076293945,50.0,48.400001525878906,48.650001525878906,463468
2021-08-31,48.75,49.84999847412109,48.34999847412109,48.79999923706055,678288
2021-09-01,48.900001525878906,49.25,48.09999847412109,48.54999923706055,340915
2021-09-02,48.70000076293945,49.900001525878906,48.400001525878906,49.29999923706055,704638
2021-09-03,49.54999923706055,53.79999923706055,49.34999847412109,51.84999847412109,4401303
2021-09-06,52.0,53.900001525878906,51.20000076293945,52.09999847412109,2687504
2021-09-07,52.20000076293945,52.59999847412109,50.79999923706055,51.04999923706055,700876
2021-09-08,51.25,52.54999923706055,50.59999847412109,50.79999923706055,1000556
2021-09-09,50.75,52.0,50.09999847412109,50.29999923706055,830688
2021-09-13,50.59999847412109,51.900001525878906,50.400001525878906,50.79999923706055,994598
2021-09-14,51.75,54.5,51.20000076293945,54.20000076293945,7168982
2021-09-15,54.79999923706055,55.84999847412109,52.04999923706055,52.29999923706055,3340164
2021-09-16,52.5,52.900001525878906,51.70000076293945,52.0,1118749
2021-09-17,52.09999847412109,52.400001525878906,50.5,50.79999923706055,1166684
2021-09-20,50.09999847412109,52.150001525878906,49.75,50.20000076293945,1019834
2021-09-21,50.45000076293945,52.400001525878906,49.79999923706055,51.0,1076367
2021-09-22,53.0,55.900001525878906,52.25,52.59999847412109,8128024
2021-09-23,52.84999847412109,53.54999923706055,51.70000076293945,52.0,1725895
2021-09-24,52.04999923706055,52.70000076293945,51.25,51.5,714006
2021-09-27,51.95000076293945,52.29999923706055,51.0,51.150001525878906,901535
2021-09-28,51.54999923706055,53.0,50.900001525878906,51.20000076293945,1240826
2021-09-29,51.0,53.5,50.79999923706055,52.70000076293945,2080440
2021-09-30,53.0,53.34999847412109,51.70000076293945,51.95000076293945,881934
2021-10-01,51.70000076293945,55.20000076293945,51.09999847412109,54.29999923706055,4521676
2021-10-04,54.59999847412109,59.650001525878906,54.34999847412109,58.34999847412109,12774544
2021-10-05,58.29999923706055,63.5,58.0,62.09999847412109,14628182
2021-10-06,62.45000076293945,62.84999847412109,58.84999847412109,59.84999847412109,3784948
2021-10-07,60.70000076293945,63.0,60.70000076293945,62.34999847412109,2364245
2021-10-08,62.79999923706055,62.79999923706055,60.54999923706055,61.20000076293945,1473476
2021-10-11,61.400001525878906,61.75,60.5,61.04999923706055,960729
2021-10-12,61.400001525878906,73.25,60.84999847412109,73.25,25292531
2021-10-13,74.0,74.0,68.3499984741211,68.94999694824219,8609954
2021-10-14,69.0,81.0,69.0,78.75,11727216
2021-10-18,80.0,90.0,78.80000305175781,83.75,12162149
2021-10-19,84.94999694824219,88.69999694824219,76.55000305175781,79.1500015258789,8973707
2021-10-20,81.25,86.0,80.0,83.80000305175781,5627322
2021-10-21,85.4000015258789,86.9000015258789,81.0,82.30000305175781,2048513
2021-10-22,82.9000015258789,83.75,76.6500015258789,77.44999694824219,1779744
2021-10-25,78.9000015258789,80.4000015258789,73.19999694824219,76.44999694824219,1999094
2021-10-26,76.80000305175781,82.94999694824219,76.55000305175781,81.5,2187423
2021-10-27,82.0,82.4000015258789,78.44999694824219,78.9000015258789,1010272
2021-10-28,78.9000015258789,79.69999694824219,75.25,76.3499984741211,1175337
2021-10-29,76.80000305175781,81.0,74.0,77.19999694824219,1742768
2021-11-01,77.9000015258789,82.9000015258789,76.5,82.25,1982406
2021-11-02,82.5,87.55000305175781,82.0,86.80000305175781,3927870
2021-11-03,87.5999984741211,87.80000305175781,84.1500015258789,85.69999694824219,1520295
2021-11-04,86.55000305175781,88.30000305175781,86.1500015258789,87.94999694824219,1132232
2021-11-08,89.0,96.6999969482422,88.5999984741211,93.25,5906536
2021-11-09,94.0,94.4499969482422,89.5,89.9000015258789,2348196
2021-11-10,89.9000015258789,91.6999969482422,88.30000305175781,90.1999969482422,2699468
2021-11-11,90.0,90.6999969482422,86.0,87.25,1607984
2021-11-12,86.55000305175781,87.94999694824219,83.80000305175781,85.69999694824219,1632795
2021-11-15,85.5,86.55000305175781,81.55000305175781,82.1500015258789,1317528
2021-11-16,81.94999694824219,83.75,80.30000305175781,81.25,2054939
2021-11-17,80.55000305175781,86.69999694824219,80.4000015258789,83.69999694824219,3205216
2021-11-18,84.0,85.0999984741211,78.0,79.5,2727153
2021-11-22,80.19999694824219,80.19999694824219,74.69999694824219,76.5999984741211,1776772
2021-11-23,75.0,80.44999694824219,74.9000015258789,79.30000305175781,1578876
2021-11-24,79.94999694824219,81.75,78.1500015258789,78.80000305175781,1231807
2021-11-25,79.9000015258789,83.0,77.5,82.25,2236705
2021-11-26,80.0,80.75,77.1500015258789,77.6500015258789,1709729
2021-11-29,75.1500015258789,77.25,71.0999984741211,71.80000305175781,1875777
2021-11-30,72.0,75.69999694824219,71.0,71.5999984741211,1770258
2021-12-01,73.0,74.30000305175781,70.19999694824219,70.80000305175781,1430791
2021-12-02,71.3499984741211,72.69999694824219,70.9000015258789,72.19999694824219,1262347
2021-12-03,72.19999694824219,77.0,72.19999694824219,74.5999984741211,2273544
2021-12-06,75.0,75.3499984741211,71.30000305175781,72.19999694824219,1028402
2021-12-07,73.30000305175781,80.19999694824219,72.5999984741211,79.30000305175781,4607696
2021-12-08,80.19999694824219,82.5,77.8499984741211,81.19999694824219,4160279
2021-12-09,81.5999984741211,95.9000015258789,80.0,94.1999969482422,27957402
2021-12-10,94.1999969482422,113.0,91.3000030517578,111.8000030517578,51430087
2021-12-13,110.6999969482422,114.8000030517578,102.9000015258789,107.1500015258789,16819475
2021-12-14,105.1999969482422,113.4000015258789,104.5500030517578,108.8000030517578,11539208
2021-12-15,109.4000015258789,109.6999969482422,101.0,102.5,3513345
2021-12-16,104.0999984741211,104.6500015258789,97.1500015258789,99.1500015258789,3288552
2021-12-17,99.0,99.8499984741211,89.3499984741211,90.8000030517578,4057789
2021-12-20,90.8000030517578,90.8000030517578,82.19999694824219,83.44999694824219,3880975
2021-12-21,85.25,87.5999984741211,84.5,87.5999984741211,2691792
2021-12-22,89.0,91.3000030517578,87.0999984741211,88.4000015258789,1998343
2021-12-23,89.19999694824219,91.0,86.8499984741211,87.25,1261527
2021-12-24,88.9000015258789,91.5999984741211,85.0,91.5,2193286
2021-12-27,92.0,92.0,88.3499984741211,88.80000305175781,1612275
2021-12-28,89.69999694824219,92.4499969482422,89.1500015258789,90.4000015258789,1383147
2021-12-29,90.0,90.8499984741211,88.0,88.75,1038642
2021-12-30,89.55000305175781,92.75,88.80000305175781,90.25,1766830
2021-12-31,91.0,92.0,89.55000305175781,90.4499969482422,801681
2022-01-03,90.5999984741211,92.8000030517578,89.69999694824219,91.8499984741211,1418457
2022-01-04,91.6999969482422,93.4000015258789,90.1500015258789,90.4000015258789,981668
2022-01-05,90.4000015258789,91.5,88.69999694824219,89.94999694824219,1065511
2022-01-06,89.5,91.0,88.9000015258789,89.9000015258789,695789
2022-01-07,90.6500015258789,94.0500030517578,90.0999984741211,91.0,1401424
2022-01-10,91.6500015258789,93.5500030517578,91.0999984741211,91.5,1016630
2022-01-11,91.5500030517578,92.4000015258789,89.0,89.3499984741211,745909
2022-01-12,90.0,90.4499969482422,87.75,88.0999984741211,763509
2022-01-13,88.69999694824219,91.5,88.30000305175781,90.0999984741211,1274898
2022-01-14,90.0,90.5,89.0,89.5999984741211,654867
2022-01-17,89.9000015258789,92.25,89.0,91.4000015258789,1525085
2022-01-18,92.0,94.3000030517578,88.25,89.80000305175781,2384565
2022-01-19,91.9000015258789,93.4499969482422,90.0,90.6999969482422,3018368
2022-01-20,90.8499984741211,92.75,87.19999694824219,88.75,1648312
2022-01-21,88.0,88.94999694824219,86.0,86.4000015258789,1180404
2022-01-24,86.05000305175781,87.30000305175781,82.0999984741211,82.0999984741211,723727
2022-01-25,80.0,81.55000305175781,78.0,78.0,2633652
2022-01-27,78.25,81.9000015258789,78.19999694824219,81.9000015258789,1603814
2022-01-28,85.94999694824219,85.94999694824219,83.0,84.25,2665051
2022-01-31,85.19999694824219,85.30000305175781,81.55000305175781,82.0,912461
2022-02-01,82.5,83.80000305175781,81.0,82.55000305175781,760507
2022-02-02,82.94999694824219,86.6500015258789,82.8499984741211,85.9000015258789,1211840
2022-02-03,85.9000015258789,89.4000015258789,84.0,87.75,2143866
2022-02-04,88.0,88.80000305175781,85.0,85.44999694824219,907217
2022-02-07,85.3499984741211,86.44999694824219,82.4000015258789,83.25,674298
2022-02-08,84.0,85.69999694824219,79.30000305175781,83.5999984741211,839546
2022-02-09,84.05000305175781,87.75,84.05000305175781,87.75,1753634
2022-02-10,88.0,92.0999984741211,88.0,92.0999984741211,2310127
2022-02-11,91.9499969482422,96.0,88.19999694824219,91.4499969482422,3604878
2022-02-14,89.80000305175781,90.9499969482422,86.9000015258789,86.9000015258789,1211722
2022-02-15,86.94999694824219,88.80000305175781,82.94999694824219,87.05000305175781,1518173
2022-02-16,87.80000305175781,90.6500015258789,86.0,86.69999694824219,812639
2022-02-17,88.0,88.25,85.05000305175781,85.30000305175781,485487
2022-02-18,85.4000015258789,86.19999694824219,82.0,83.0999984741211,722236
2022-02-21,85.0,85.0,81.3499984741211,82.1500015258789,784069
2022-02-22,80.25,80.3499984741211,78.05000305175781,78.05000305175781,1298974
2022-02-23,78.5,80.0999984741211,77.69999694824219,78.6500015258789,677387
2022-02-24,76.5999984741211,76.5999984741211,74.75,74.75,472173
2022-02-25,73.69999694824219,78.44999694824219,73.44999694824219,77.6500015258789,830683
2022-02-28,76.9000015258789,79.55000305175781,73.80000305175781,76.94999694824219,739243
2022-03-02,76.0,79.0,75.69999694824219,76.25,510623
2022-03-03,77.4000015258789,79.0,76.1500015258789,76.75,443528
2022-03-04,75.0999984741211,79.0,74.80000305175781,77.5,596318
2022-03-07,76.0,76.69999694824219,73.6500015258789,73.6500015258789,966646
2022-03-08,72.55000305175781,75.0,72.0,74.0999984741211,1103175
2022-03-09,75.44999694824219,77.80000305175781,74.5999984741211,77.80000305175781,736387
2022-03-10,80.0,80.5999984741211,77.05000305175781,78.0,526881
2022-03-11,78.69999694824219,79.25,77.0,77.8499984741211,491607
2022-03-14,77.55000305175781,78.4000015258789,75.5999984741211,76.5,610089
2022-03-15,76.69999694824219,80.30000305175781,76.3499984741211,78.8499984741211,1281148
2022-03-16,79.9000015258789,80.6500015258789,77.19999694824219,77.75,773258
2022-03-17,78.4000015258789,80.80000305175781,78.0999984741211,78.75,817462
2022-03-21,79.19999694824219,80.69999694824219,78.4000015258789,79.1500015258789,943132
2022-03-22,79.30000305175781,83.0999984741211,79.0999984741211,83.0999984741211,1648768
2022-03-23,84.0,85.3499984741211,81.25,81.6500015258789,1506468
2022-03-24,81.5,85.69999694824219,81.25,85.55000305175781,2384706
2022-03-25,86.44999694824219,89.69999694824219,84.19999694824219,85.5999984741211,2004403
2022-03-28,86.75,89.80000305175781,86.5,87.5999984741211,1325637
2022-03-29,87.8499984741211,89.4000015258789,83.55000305175781,84.30000305175781,1054607
2022-03-30,86.0,88.5,85.19999694824219,85.80000305175781,1158200
2022-03-31,86.80000305175781,87.5999984741211,84.5999984741211,85.1500015258789,573111
2022-04-01,86.30000305175781,88.94999694824219,85.4000015258789,87.8499984741211,857873
2022-04-04,88.5,92.1999969482422,88.5,92.1999969482422,1646387
2022-04-05,94.8000030517578,96.8000030517578,92.0500030517578,93.0500030517578,3370785
2022-04-06,92.5999984741211,96.3000030517578,91.6999969482422,94.5,2270444
2022-04-07,97.0,102.75,95.3499984741211,96.3000030517578,8249297
2022-04-08,97.0,100.3000030517578,96.75,97.1999969482422,1782618
2022-04-11,97.1999969482422,99.75,96.4000015258789,98.4000015258789,1780439
2022-04-12,98.0,98.4000015258789,94.25,94.8499984741211,1401971
2022-04-13,95.4499969482422,96.75,93.3499984741211,93.8000030517578,1086633
2022-04-18,91.75,105.8499984741211,91.1999969482422,103.0,11554410
2022-04-19,105.0,108.0,96.0,99.0999984741211,9100778
2022-04-20,99.6500015258789,103.6999969482422,99.5,101.5500030517578,3511674
2022-04-21,102.9499969482422,104.0,100.6500015258789,103.4499969482422,3414981
2022-04-22,103.4499969482422,104.0,97.3000030517578,98.9000015258789,2720236
2022-04-25,97.9499969482422,110.0,96.0999984741211,105.6999969482422,17174045
2022-04-26,108.25,115.4000015258789,105.4499969482422,114.1999969482422,18693314
2022-04-27,113.9000015258789,117.5,111.1500015258789,113.6999969482422,18664403
2022-04-28,113.6500015258789,115.0,91.0,91.3499984741211,29700959
2022-04-29,90.9000015258789,96.0,84.5,86.19999694824219,26489991
2022-05-02,86.0,89.44999694824219,83.5999984741211,85.0,10999033
2022-05-04,86.25,87.69999694824219,75.80000305175781,76.94999694824219,8345653
2022-05-05,79.0,82.55000305175781,76.25,80.30000305175781,5793158
2022-05-06,78.0,79.44999694824219,76.9000015258789,78.3499984741211,2132036
2022-05-09,76.5999984741211,79.30000305175781,72.30000305175781,74.19999694824219,2166643
2022-05-10,75.80000305175781,77.0,72.30000305175781,72.80000305175781,1886159
2022-05-11,73.4000015258789,74.3499984741211,65.55000305175781,68.44999694824219,3639767
2022-05-12,67.44999694824219,74.5999984741211,65.55000305175781,72.75,2610397
2022-05-13,74.0,79.0,74.0,76.6500015258789,2565801
2022-05-16,77.0,78.80000305175781,72.8499984741211,74.5999984741211,1439179
2022-05-17,75.4000015258789,79.0999984741211,74.80000305175781,77.9000015258789,1878023
2022-05-18,78.5999984741211,79.75,76.6500015258789,78.30000305175781,1648983
2022-05-19,74.5999984741211,76.9000015258789,74.5999984741211,75.6500015258789,929542
2022-05-20,77.69999694824219,82.4000015258789,76.5999984741211,80.75,1490530
2022-05-23,80.6500015258789,82.1500015258789,78.30000305175781,80.05000305175781,1495004
2022-05-24,80.25,80.9000015258789,78.5,78.94999694824219,839429
2022-05-25,79.75,79.75,74.0999984741211,74.6500015258789,841974
2022-05-26,74.6500015258789,75.0,68.55000305175781,71.5999984741211,1805876
2022-05-27,72.69999694824219,73.9000015258789,70.80000305175781,71.6500015258789,1272129
2022-05-30,72.5,75.0,72.5,73.1500015258789,1455777
2022-05-31,73.19999694824219,77.5999984741211,72.19999694824219,75.5,3791470
2022-06-01,76.0,77.19999694824219,75.0,76.05000305175781,859774
2022-06-02,76.19999694824219,77.19999694824219,74.55000305175781,76.5,909561
2022-06-03,77.19999694824219,78.25,76.0999984741211,76.5999984741211,1051398
2022-06-06,76.0,76.0,68.94999694824219,74.6500015258789,742409
2022-06-07,74.5999984741211,78.25,74.0,75.9000015258789,1493236
2022-06-08,76.0999984741211,81.30000305175781,75.0,80.05000305175781,4101740
2022-06-09,79.5,82.55000305175781,76.5,80.94999694824219,4393360
2022-06-10,78.69999694824219,80.94999694824219,77.75,78.5999984741211,1721771
2022-06-13,77.0,77.5,72.4000015258789,73.55000305175781,1528439
2022-06-14,73.25,75.55000305175781,71.5999984741211,72.8499984741211,1707909
2022-06-15,74.19999694824219,76.5,73.5,74.5999984741211,1346140
2022-06-16,76.0,76.19999694824219,66.30000305175781,67.25,3221503
2022-06-17,68.0,68.1500015258789,61.70000076293945,62.75,3340568
2022-06-20,63.5,64.19999694824219,57.400001525878906,58.900001525878906,2659852
2022-06-21,59.79999923706055,63.0,58.75,62.29999923706055,2407527
2022-06-22,61.900001525878906,62.400001525878906,58.54999923706055,59.150001525878906,1672612
2022-06-23,59.650001525878906,62.75,59.0,61.400001525878906,2298706
2022-06-24,62.34999847412109,64.5,62.0,64.1500015258789,1242691
2022-06-27,65.25,65.80000305175781,62.09999847412109,62.84999847412109,1392491
2022-06-28,62.79999923706055,71.5,62.0,67.80000305175781,13506771
2022-06-29,65.9000015258789,70.0,65.75,68.19999694824219,3609576
2022-06-30,68.25,69.8499984741211,66.80000305175781,69.0,2055053
2022-07-01,68.19999694824219,68.75,66.5,67.6500015258789,1455769
2022-07-04,67.9000015258789,69.75,65.0999984741211,65.55000305175781,1345824
2022-07-05,66.0999984741211,67.0999984741211,63.400001525878906,65.4000015258789,853604
2022-07-06,65.0999984741211,65.6500015258789,64.0,65.30000305175781,704046
2022-07-07,65.75,67.6500015258789,65.75,67.25,880239
2022-07-08,67.75,69.5,66.6500015258789,67.4000015258789,1430870
2022-07-11,66.9000015258789,68.9000015258789,66.5,68.30000305175781,680082
2022-07-12,68.30000305175781,70.30000305175781,67.69999694824219,69.19999694824219,1461962
2022-07-13,69.30000305175781,71.0,69.0,70.5999984741211,1402332
2022-07-14,71.0999984741211,71.80000305175781,69.19999694824219,69.75,876083
2022-07-15,70.19999694824219,70.44999694824219,67.80000305175781,68.3499984741211,637485
2022-07-18,68.80000305175781,69.9000015258789,67.69999694824219,68.1500015258789,1116632
2022-07-19,68.25,69.05000305175781,66.25,67.0999984741211,1733363
2022-07-20,67.25,68.69999694824219,66.80000305175781,67.0,1103555
2022-07-21,67.44999694824219,67.80000305175781,64.69999694824219,65.0,1782463
2022-07-22,65.55000305175781,65.75,63.5,63.75,1321693
2022-07-25,64.0,64.6500015258789,62.75,62.95000076293945,991926
2022-07-26,63.34999847412109,63.900001525878906,61.650001525878906,62.900001525878906,929203
2022-07-27,62.84999847412109,65.0999984741211,62.29999923706055,64.9000015258789,1305213
2022-07-28,65.4000015258789,65.80000305175781,64.5,65.1500015258789,883788
2022-07-29,65.6500015258789,65.8499984741211,64.6500015258789,64.9000015258789,718014
2022-08-01,65.3499984741211,67.44999694824219,65.05000305175781,66.94999694824219,1348752
2022-08-02,66.94999694824219,68.44999694824219,66.4000015258789,68.05000305175781,1190752
2022-08-03,68.0,70.30000305175781,66.8499984741211,69.19999694824219,1899036
2022-08-04,69.69999694824219,69.9000015258789,66.80000305175781,67.9000015258789,1033481
2022-08-05,68.30000305175781,68.75,67.1500015258789,68.0999984741211,618537
2022-08-08,68.0999984741211,68.44999694824219,67.0999984741211,67.5,476713
2022-08-10,67.94999694824219,67.94999694824219,66.30000305175781,66.6500015258789,286970
2022-08-11,67.3499984741211,67.9000015258789,66.5,67.19999694824219,431520
2022-08-12,67.5,69.5,67.19999694824219,68.3499984741211,821018
2022-08-16,68.25,73.44999694824219,68.0999984741211,71.9000015258789,2796860
2022-08-17,72.5,75.30000305175781,72.19999694824219,72.55000305175781,2593521
2022-08-18,72.55000305175781,73.5999984741211,71.0999984741211,71.44999694824219,1200241
2022-08-19,71.9000015258789,76.80000305175781,71.25,73.75,5241075
2022-08-22,73.75,74.0,71.5,72.1500015258789,1469818
2022-08-23,72.0999984741211,73.19999694824219,70.1500015258789,72.25,1617789
2022-08-24,72.80000305175781,75.25,72.44999694824219,74.1500015258789,1702406
2022-08-25,74.69999694824219,76.30000305175781,73.25,74.05000305175781,1824529
2022-08-26,74.4000015258789,75.80000305175781,73.6500015258789,74.0,1374498
2022-08-29,71.25,73.5,69.0999984741211,69.6500015258789,2214358
2022-08-30,70.19999694824219,71.19999694824219,69.80000305175781,70.5999984741211,1219730
2022-09-01,70.5999984741211,74.9000015258789,70.3499984741211,73.30000305175781,2693657
2022-09-02,73.30000305175781,73.69999694824219,71.44999694824219,71.69999694824219,977805
2022-09-05,72.19999694824219,77.19999694824219,71.80000305175781,75.5999984741211,2873246
2022-09-06,76.0,76.0,73.30000305175781,73.94999694824219,1310039
2022-09-07,73.44999694824219,75.8499984741211,73.3499984741211,75.0999984741211,1647060
2022-09-08,75.5999984741211,76.80000305175781,73.4000015258789,73.6500015258789,1203942
2022-09-09,74.19999694824219,74.69999694824219,73.0,74.05000305175781,953652
2022-09-12,74.3499984741211,75.5,73.55000305175781,73.9000015258789,855275
2022-09-13,74.44999694824219,75.1500015258789,73.80000305175781,74.1500015258789,676837
2022-09-14,73.0999984741211,74.19999694824219,72.8499984741211,73.25,778084
2022-09-15,73.75,73.8499984741211,71.55000305175781,71.75,619955
2022-09-16,72.30000305175781,72.3499984741211,67.80000305175781,68.6500015258789,1290388
2022-09-19,69.0,69.3499984741211,66.8499984741211,67.05000305175781,1441190
2022-09-20,68.30000305175781,70.6500015258789,67.5999984741211,69.6500015258789,1672516
2022-09-21,70.1500015258789,71.9000015258789,69.44999694824219,69.9000015258789,1498264
2022-09-22,69.5999984741211,71.19999694824219,69.30000305175781,70.0,986829
2022-09-23,69.9000015258789,70.25,67.25,67.69999694824219,741304
2022-09-26,67.69999694824219,67.69999694824219,62.75,64.0,1588002
2022-09-27,64.0999984741211,64.8499984741211,62.70000076293945,63.84999847412109,890456
2022-09-28,63.20000076293945,64.3499984741211,61.29999923706055,61.70000076293945,973316
2022-09-29,63.0,64.94999694824219,62.34999847412109,64.3499984741211,1323963
2022-09-30,64.80000305175781,65.0,62.70000076293945,64.5999984741211,534254
2022-10-03,65.44999694824219,65.44999694824219,63.150001525878906,63.95000076293945,526642
2022-10-04,65.0,67.25,64.44999694824219,66.0,781836
2022-10-06,66.55000305175781,67.69999694824219,66.05000305175781,67.30000305175781,808158
2022-10-07,67.0,68.8499984741211,66.25,68.19999694824219,847381
2022-10-10,67.0,67.5999984741211,66.3499984741211,67.25,430578
2022-10-11,67.55000305175781,69.30000305175781,66.55000305175781,66.94999694824219,1131017
2022-10-12,67.30000305175781,69.1500015258789,65.6500015258789,68.69999694824219,890564
2022-10-13,68.69999694824219,68.8499984741211,67.19999694824219,67.5999984741211,384376
2022-10-14,68.4000015258789,69.6500015258789,67.0,67.19999694824219,551144
2022-10-17,67.4000015258789,67.44999694824219,65.94999694824219,66.4000015258789,440642
2022-10-18,66.44999694824219,70.69999694824219,65.5999984741211,70.0,4791034
2022-10-19,65.94999694824219,66.80000305175781,65.25,65.5999984741211,3476131
2022-10-20,65.6500015258789,66.1500015258789,64.6500015258789,65.0999984741211,632342
2022-10-21,65.44999694824219,65.8499984741211,63.09999847412109,63.70000076293945,425965
2022-10-24,64.0,64.4000015258789,64.0,64.1500015258789,111188
2022-10-25,64.5,66.0,62.70000076293945,65.05000305175781,746078
2022-10-27,65.6500015258789,65.6500015258789,63.95000076293945,64.30000305175781,305696
2022-10-28,64.5999984741211,64.69999694824219,62.900001525878906,63.25,305612
2022-10-31,63.400001525878906,64.9000015258789,63.400001525878906,64.1500015258789,392924
2022-11-01,64.5,64.69999694824219,62.70000076293945,62.900001525878906,762595
2022-11-02,63.0,63.95000076293945,62.400001525878906,63.20000076293945,361483
2022-11-03,63.400001525878906,63.70000076293945,62.5,62.75,266050
2022-11-04,62.75,65.44999694824219,62.75,64.8499984741211,970509
2022-11-07,65.25,66.4000015258789,64.8499984741211,65.4000015258789,840454
2022-11-09,65.5,66.19999694824219,64.69999694824219,65.25,380129
2022-11-10,65.1500015258789,65.1500015258789,63.45000076293945,64.5,389771
2022-11-11,65.0,65.3499984741211,63.59999847412109,63.95000076293945,282776
2022-11-14,64.05000305175781,65.19999694824219,63.25,64.05000305175781,716910
2022-11-15,64.4000015258789,64.4000015258789,62.84999847412109,63.04999923706055,816062
2022-11-16,63.0,64.4000015258789,62.29999923706055,62.54999923706055,523985
2022-11-17,62.70000076293945,63.5,62.0,62.29999923706055,424643
2022-11-18,62.650001525878906,62.650001525878906,61.0,61.59999847412109,410674
2022-11-21,61.75,62.25,60.09999847412109,60.75,572963
2022-11-22,61.0,61.900001525878906,60.54999923706055,60.84999847412109,326805
2022-11-23,61.29999923706055,61.900001525878906,60.45000076293945,60.54999923706055,721571
2022-11-24,60.900001525878906,61.5,60.0,60.400001525878906,649587
2022-11-25,60.70000076293945,63.70000076293945,60.54999923706055,62.95000076293945,1752215
2022-11-28,63.29999923706055,64.75,63.04999923706055,63.75,768912
2022-11-29,63.5,65.0,63.150001525878906,63.95000076293945,843745
2022-11-30,64.30000305175781,69.80000305175781,64.05000305175781,68.05000305175781,2593143
2022-12-01,68.94999694824219,76.19999694824219,68.4000015258789,73.4000015258789,14082737
2022-12-02,73.0,76.5999984741211,71.44999694824219,74.19999694824219,5566406
2022-12-05,74.1500015258789,78.25,73.0,75.94999694824219,4160314
2022-12-06,75.0,76.44999694824219,72.55000305175781,73.5,1593764
2022-12-07,74.5,74.5,70.69999694824219,71.19999694824219,1447328
2022-12-08,70.19999694824219,76.4000015258789,70.19999694824219,74.25,4609269
2022-12-09,74.75,74.94999694824219,70.9000015258789,72.9000015258789,1474813
2022-12-12,72.55000305175781,73.4000015258789,71.3499984741211,72.4000015258789,950638
2022-12-13,73.0,73.75,71.5,72.1500015258789,1313917
2022-12-14,72.19999694824219,78.4000015258789,72.19999694824219,75.4000015258789,6864758
2022-12-15,75.30000305175781,76.30000305175781,73.1500015258789,73.5,1545838
2022-12-16,73.5,74.30000305175781,71.0999984741211,71.8499984741211,1576657
2022-12-19,72.30000305175781,72.55000305175781,70.6500015258789,70.94999694824219,896580
2022-12-20,71.0999984741211,72.55000305175781,70.4000015258789,71.3499984741211,889384
2022-12-21,71.75,71.94999694824219,66.25,66.5999984741211,1671715
2022-12-22,66.9000015258789,67.9000015258789,63.79999923706055,65.55000305175781,1203940
2022-12-23,64.0999984741211,65.19999694824219,59.650001525878906,60.59999847412109,1915956
2022-12-26,59.59999847412109,63.400001525878906,59.5,62.900001525878906,1773049
2022-12-27,63.84999847412109,67.0,63.34999847412109,65.80000305175781,1905744
2022-12-28,66.0999984741211,67.75,64.5999984741211,67.05000305175781,1619172
2022-12-29,66.9000015258789,66.9000015258789,65.19999694824219,66.1500015258789,864238
2022-12-30,66.5,67.1500015258789,65.69999694824219,66.0999984741211,833997
2023-01-02,66.0,67.80000305175781,66.0,67.55000305175781,1046763
2023-01-03,67.75,68.1500015258789,66.3499984741211,66.8499984741211,1051165
2023-01-04,66.30000305175781,67.80000305175781,65.5,65.75,1102752
2023-01-05,66.25,66.44999694824219,64.69999694824219,65.75,663885
2023-01-06,66.19999694824219,66.19999694824219,64.80000305175781,65.4000015258789,653094
2023-01-09,65.94999694824219,66.05000305175781,64.44999694824219,64.75,677445
2023-01-10,64.94999694824219,65.0999984741211,63.5,63.75,653087
2023-01-11,64.0,65.19999694824219,62.95000076293945,63.84999847412109,1180778
2023-01-12,64.19999694824219,64.4000015258789,63.150001525878906,63.59999847412109,669096
2023-01-13,63.79999923706055,64.0999984741211,63.25,63.84999847412109,670674
2023-01-16,64.25,65.9000015258789,64.0999984741211,65.44999694824219,1058594
2023-01-17,65.6500015258789,66.3499984741211,62.84999847412109,63.34999847412109,1719147
2023-01-18,62.75,64.19999694824219,62.29999923706055,62.84999847412109,588541
2023-01-19,63.20000076293945,63.20000076293945,62.04999923706055,62.25,299508
2023-01-20,62.95000076293945,62.95000076293945,61.04999923706055,61.34999847412109,523823
2023-01-23,62.0,62.25,60.75,61.5,475243
2023-01-24,61.84999847412109,62.54999923706055,61.29999923706055,61.59999847412109,255302
2023-01-25,61.29999923706055,61.54999923706055,60.54999923706055,60.900001525878906,279581
2023-01-27,60.84999847412109,61.45000076293945,58.0,59.04999923706055,863147
2023-01-30,59.0,59.29999923706055,57.79999923706055,58.45000076293945,531894
2023-01-31,58.5,62.0,58.20000076293945,61.54999923706055,992282
2023-02-01,61.34999847412109,62.79999923706055,58.20000076293945,59.25,583134
2023-02-02,59.34999847412109,61.34999847412109,58.79999923706055,59.20000076293945,752754
2023-02-03,59.400001525878906,60.09999847412109,58.79999923706055,59.34999847412109,867825
2023-02-06,59.75,60.20000076293945,59.45000076293945,59.70000076293945,587801
2023-02-07,59.70000076293945,60.150001525878906,59.5,59.54999923706055,558602
2023-02-08,59.900001525878906,59.900001525878906,59.09999847412109,59.45000076293945,564575
2023-02-09,59.70000076293945,61.59999847412109,59.09999847412109,60.95000076293945,2046634
2023-02-10,60.04999923706055,61.75,60.04999923706055,60.84999847412109,648245
2023-02-13,60.900001525878906,61.04999923706055,59.45000076293945,60.29999923706055,577153
2023-02-14,60.650001525878906,60.650001525878906,59.20000076293945,60.04999923706055,468407
2023-02-15,60.09999847412109,60.75,60.0,60.25,778214
2023-02-16,60.650001525878906,60.70000076293945,60.09999847412109,60.400001525878906,623136
2023-02-17,60.29999923706055,62.79999923706055,60.04999923706055,61.400001525878906,1605908
2023-02-20,62.95000076293945,62.95000076293945,60.25,60.45000076293945,607655
2023-02-21,60.5,60.75,60.0,60.400001525878906,340219
2023-02-22,60.09999847412109,60.400001525878906,59.150001525878906,59.34999847412109,433769
2023-02-23,59.04999923706055,60.0,58.54999923706055,59.04999923706055,772702
2023-02-24,59.09999847412109,59.45000076293945,58.20000076293945,58.5,299844
2023-02-27,58.54999923706055,58.70000076293945,57.0,57.34999847412109,349779
2023-02-28,57.09999847412109,58.59999847412109,56.95000076293945,58.400001525878906,519272
2023-03-01,58.09999847412109,59.75,58.09999847412109,58.900001525878906,373074
2023-03-02,58.95000076293945,59.45000076293945,58.34999847412109,58.54999923706055,213725
2023-03-03,58.650001525878906,60.400001525878906,58.5,59.29999923706055,484148
2023-03-06,59.150001525878906,60.54999923706055,59.0,59.150001525878906,499178
2023-03-08,58.900001525878906,59.34999847412109,58.59999847412109,59.150001525878906,456965
2023-03-09,59.20000076293945,60.34999847412109,58.70000076293945,58.95000076293945,408422
2023-03-10,58.5,58.84999847412109,57.900001525878906,58.25,235870
2023-03-13,57.84999847412109,58.25,55.20000076293945,55.400001525878906,691081
2023-03-14,55.150001525878906,56.400001525878906,52.20000076293945,53.70000076293945,910342
2023-03-15,54.25,55.0,50.29999923706055,50.95000076293945,966681
2023-03-16,52.0,55.95000076293945,49.70000076293945,54.70000076293945,5701925
2023-03-17,54.54999923706055,55.900001525878906,52.150001525878906,52.54999923706055,1544327
2023-03-20,45.0,62.79999923706055,45.0,59.20000076293945,7507743
2023-03-21,57.54999923706055,61.20000076293945,56.59999847412109,59.59999847412109,9122021
2023-03-22,58.75,59.70000076293945,57.150001525878906,58.09999847412109,3627617
2023-03-23,57.20000076293945,58.0,56.0,56.20000076293945,1253559
2023-03-24,56.20000076293945,56.95000076293945,52.0,52.25,2526118
2023-03-27,53.5,57.29999923706055,50.5,53.59999847412109,7834609
2023-03-28,53.09999847412109,54.75,51.59999847412109,52.34999847412109,4240132
2023-03-29,52.75,54.5,52.0,53.79999923706055,2166949
2023-03-31,54.45000076293945,57.25,54.0,54.25,2427140
2023-04-03,54.70000076293945,57.0,54.45000076293945,56.0,1000634
2023-04-05,56.20000076293945,57.20000076293945,55.79999923706055,56.650001525878906,913909
2023-04-06,56.5,57.25,56.09999847412109,56.54999923706055,717858
2023-04-10,56.900001525878906,57.45000076293945,56.0,56.29999923706055,562270
2023-04-11,56.650001525878906,57.150001525878906,55.09999847412109,55.59999847412109,759916
2023-04-12,55.79999923706055,56.09999847412109,54.79999923706055,55.0,642581
2023-04-13,55.25,55.900001525878906,54.79999923706055,55.20000076293945,620948
2023-04-17,55.20000076293945,58.400001525878906,55.20000076293945,57.34999847412109,3453711
2023-04-18,54.0,56.59999847412109,53.150001525878906,55.400001525878906,2144175
2023-04-19,55.400001525878906,56.20000076293945,54.79999923706055,55.0,770915
2023-04-20,55.0,55.29999923706055,54.59999847412109,54.79999923706055,449882
2023-04-21,54.900001525878906,55.25,53.84999847412109,54.20000076293945,384591
2023-04-24,54.75,54.75,53.5,54.25,453363
2023-04-25,54.400001525878906,55.75,54.09999847412109,54.95000076293945,564123
2023-04-26,55.29999923706055,56.75,54.79999923706055,55.0,621675
2023-04-27,55.150001525878906,62.400001525878906,54.900001525878906,58.900001525878906,7242741
2023-04-28,59.0,59.400001525878906,57.75,58.04999923706055,1333972
2023-05-02,58.25,59.150001525878906,58.0,58.400001525878906,658825
2023-05-03,58.5,60.34999847412109,57.70000076293945,58.34999847412109,1451964
2023-05-04,58.400001525878906,60.650001525878906,58.34999847412109,59.54999923706055,1372265
2023-05-05,59.400001525878906,59.95000076293945,57.29999923706055,57.5,701593
2023-05-08,58.0,58.150001525878906,56.84999847412109,57.09999847412109,563979
2023-05-09,57.400001525878906,58.150001525878906,56.04999923706055,56.25,436284
2023-05-10,56.5,60.95000076293945,55.400001525878906,59.25,7653455
2023-05-11,58.95000076293945,59.900001525878906,58.09999847412109,58.59999847412109,1382340
2023-05-12,58.5,60.0,57.400001525878906,58.09999847412109,1440445
2023-05-15,58.09999847412109,61.0,57.79999923706055,60.59999847412109,3832013
2023-05-16,61.0,61.0,59.20000076293945,59.54999923706055,1201500
2023-05-17,59.5,60.400001525878906,58.54999923706055,59.25,757275
2023-05-18,59.29999923706055,60.70000076293945,57.5,57.75,1183740
2023-05-19,57.84999847412109,59.59999847412109,57.20000076293945,58.5,1146616
2023-05-22,58.45000076293945,58.84999847412109,57.900001525878906,58.29999923706055,586302
2023-05-23,58.5,61.0,56.59999847412109,59.79999923706055,2751043
2023-05-24,59.900001525878906,62.70000076293945,59.75,60.650001525878906,5409890
2023-05-25,60.95000076293945,61.5,59.59999847412109,60.34999847412109,1467373
2023-05-26,60.45000076293945,62.0,60.0,60.20000076293945,1295875
2023-05-29,60.75,62.59999847412109,59.59999847412109,61.09999847412109,2768381
2023-05-30,61.34999847412109,62.20000076293945,60.900001525878906,61.25,1539456
2023-05-31,61.0,61.900001525878906,60.20000076293945,61.29999923706055,1058207
2023-06-01,61.79999923706055,65.9000015258789,61.29999923706055,65.1500015258789,7456677
2023-06-02,65.19999694824219,67.1500015258789,64.44999694824219,66.19999694824219,6384130
2023-06-05,66.19999694824219,66.69999694824219,64.3499984741211,64.6500015258789,1964731
2023-06-06,64.80000305175781,65.9000015258789,64.3499984741211,65.3499984741211,1236137
2023-06-07,65.55000305175781,67.5,65.3499984741211,66.75,2279040
2023-06-08,67.05000305175781,67.25,64.0999984741211,64.3499984741211,1489966
2023-06-09,64.6500015258789,65.5,63.34999847412109,63.75,1139918
2023-06-12,64.0999984741211,64.69999694824219,63.20000076293945,63.54999923706055,1348770
2023-06-13,63.79999923706055,65.75,63.70000076293945,64.6500015258789,1889838
2023-06-14,64.69999694824219,65.30000305175781,63.59999847412109,63.84999847412109,783712
2023-06-15,64.0,64.4000015258789,62.650001525878906,62.95000076293945,759182
2023-06-16,62.95000076293945,66.5,62.95000076293945,65.5999984741211,3313152
2023-06-19,66.30000305175781,67.3499984741211,65.4000015258789,66.5,1808642
2023-06-20,66.5,66.94999694824219,64.30000305175781,66.1500015258789,2764294
2023-06-21,66.44999694824219,68.30000305175781,65.5,65.75,2326508
2023-06-22,66.0999984741211,67.0999984741211,64.5,65.25,1263151
2023-06-23,65.19999694824219,65.19999694824219,62.79999923706055,63.150001525878906,1816862
2023-06-26,63.09999847412109,63.59999847412109,62.54999923706055,63.29999923706055,685823
2023-06-27,63.70000076293945,64.19999694824219,62.70000076293945,63.29999923706055,702889
2023-06-28,63.70000076293945,63.79999923706055,62.400001525878906,62.84999847412109,589179
2023-06-30,63.09999847412109,63.59999847412109,62.45000076293945,62.79999923706055,715083
2023-07-03,63.09999847412109,63.45000076293945,61.54999923706055,62.0,1293899
2023-07-04,62.400001525878906,63.650001525878906,62.20000076293945,62.45000076293945,1465241
2023-07-05,62.5,62.84999847412109,61.95000076293945,62.54999923706055,689523
2023-07-06,62.5,64.30000305175781,62.34999847412109,63.54999923706055,1101782
2023-07-07,63.79999923706055,64.80000305175781,63.04999923706055,64.1500015258789,1366271
2023-07-10,64.4000015258789,65.6500015258789,62.84999847412109,63.29999923706055,1418810
2023-07-11,63.650001525878906,64.25,62.650001525878906,63.04999923706055,617620
2023-07-12,63.29999923706055,64.5,62.95000076293945,63.45000076293945,983414
2023-07-13,63.59999847412109,64.5999984741211,61.75,62.79999923706055,969097
2023-07-14,63.20000076293945,64.0999984741211,62.5,63.5,870218
2023-07-17,63.54999923706055,65.6500015258789,63.0,65.0,2034550
2023-07-18,65.44999694824219,65.55000305175781,63.09999847412109,64.3499984741211,1248565
2023-07-19,65.3499984741211,68.5,58.04999923706055,59.5,22333111
2023-07-20,60.45000076293945,61.0,59.45000076293945,59.70000076293945,3013954
2023-07-21,59.5,59.650001525878906,58.400001525878906,58.79999923706055,1621085
2023-07-24,59.0,59.59999847412109,58.04999923706055,58.25,1569713
2023-07-25,58.34999847412109,58.95000076293945,57.150001525878906,57.400001525878906,1234663
2023-07-26,57.54999923706055,59.0,57.34999847412109,58.29999923706055,1509595
2023-07-27,58.59999847412109,58.84999847412109,57.25,57.45000076293945,1068680
2023-07-28,57.45000076293945,59.5,57.45000076293945,58.45000076293945,1700744
2023-07-31,58.70000076293945,59.20000076293945,58.0,58.25,990016
2023-08-01,58.150001525878906,58.79999923706055,57.900001525878906,58.04999923706055,741929
2023-08-02,58.04999923706055,59.0,57.25,58.150001525878906,1582481
2023-08-03,58.04999923706055,58.900001525878906,57.650001525878906,58.54999923706055,853695
2023-08-04,58.70000076293945,58.95000076293945,57.84999847412109,58.150001525878906,666009
2023-08-07,58.09999847412109,59.400001525878906,57.79999923706055,59.04999923706055,963826
2023-08-08,59.29999923706055,60.84999847412109,58.79999923706055,60.20000076293945,2473607
2023-08-09,60.45000076293945,60.70000076293945,59.900001525878906,60.04999923706055,802727
2023-08-10,60.20000076293945,62.20000076293945,60.20000076293945,62.0,3779809
2023-08-11,62.20000076293945,63.400001525878906,61.650001525878906,62.20000076293945,1808549
2023-08-14,62.25,62.29999923706055,60.45000076293945,61.25,1242232
2023-08-16,61.09999847412109,63.29999923706055,60.95000076293945,62.54999923706055,2509069
2023-08-17,62.75,62.84999847412109,60.59999847412109,60.95000076293945,1165731
2023-08-18,61.150001525878906,64.30000305175781,61.0,63.5,3980773
2023-08-21,63.84999847412109,64.4000015258789,62.900001525878906,63.70000076293945,2340975
2023-08-22,63.84999847412109,68.94999694824219,63.70000076293945,67.80000305175781,13367483
2023-08-23,68.0999984741211,70.69999694824219,67.4000015258789,67.8499984741211,5071411
2023-08-24,68.3499984741211,68.9000015258789,66.0,66.94999694824219,1783341
2023-08-25,66.80000305175781,68.80000305175781,65.5,67.5,2962569
2023-08-28,68.0,69.75,67.69999694824219,68.6500015258789,2605972
2023-08-29,68.6500015258789,72.25,68.5999984741211,69.4000015258789,6150554
2023-08-30,69.55000305175781,70.0999984741211,68.55000305175781,68.75,1484963
2023-08-31,69.0999984741211,69.6500015258789,67.5999984741211,68.3499984741211,1083470
2023-09-01,72.0,73.80000305175781,68.4000015258789,69.1500015258789,9875973
2023-09-04,69.69999694824219,71.55000305175781,68.69999694824219,70.75,2740783
2023-09-05,71.25,76.4000015258789,71.19999694824219,74.44999694824219,10335358
2023-09-06,74.5999984741211,74.94999694824219,71.80000305175781,72.1500015258789,2008479
2023-09-07,72.4000015258789,72.75,70.44999694824219,70.75,2247122
2023-09-08,71.75,73.6500015258789,71.5999984741211,72.1500015258789,2576192
2023-09-11,72.5,72.9000015258789,70.69999694824219,70.94999694824219,1329558
2023-09-12,71.25,71.3499984741211,65.30000305175781,65.8499984741211,2999735
2023-09-13,66.5,68.80000305175781,65.3499984741211,68.55000305175781,2605982
2023-09-14,68.69999694824219,69.3499984741211,68.0,68.55000305175781,765203
2023-09-15,68.80000305175781,69.25,65.4000015258789,66.1500015258789,2700191
2023-09-18,66.1500015258789,68.1500015258789,65.80000305175781,66.1500015258789,1516093
2023-09-20,66.0999984741211,67.30000305175781,65.0,66.6500015258789,1412990
2023-09-21,66.4000015258789,68.4000015258789,66.25,67.3499984741211,1698551
2023-09-22,67.5,68.5,65.9000015258789,68.05000305175781,1691904
2023-09-25,67.55000305175781,68.0,65.5,65.94999694824219,5124881
2023-09-26,65.94999694824219,66.0999984741211,64.0999984741211,64.5,2190998
2023-09-27,64.44999694824219,64.75,63.400001525878906,63.95000076293945,1570644
2023-09-28,64.30000305175781,64.3499984741211,62.95000076293945,63.20000076293945,1977421
2023-09-29,63.59999847412109,65.6500015258789,62.79999923706055,63.84999847412109,8073583
2023-10-03,63.84999847412109,70.5999984741211,63.29999923706055,68.55000305175781,24032355
2023-10-04,68.55000305175781,70.4000015258789,67.0999984741211,68.05000305175781,7626813
2023-10-05,68.5,73.44999694824219,68.5,72.8499984741211,17937485
2023-10-06,73.5,75.9000015258789,72.0,72.4000015258789,12483263
2023-10-09,71.80000305175781,71.80000305175781,69.3499984741211,70.94999694824219,3838722
2023-10-10,71.6500015258789,73.8499984741211,71.25,71.6500015258789,3462092
2023-10-11,72.19999694824219,73.0,71.44999694824219,72.19999694824219,2697362
2023-10-12,72.44999694824219,82.5,72.30000305175781,80.55000305175781,59750951
2023-10-13,79.4000015258789,81.75,78.19999694824219,78.75,10492384
2023-10-16,79.5,79.9000015258789,77.69999694824219,78.75,4056061
2023-10-17,79.19999694824219,81.0,77.19999694824219,77.6500015258789,4117073
2023-10-18,77.9000015258789,79.0999984741211,75.44999694824219,77.94999694824219,4705235
2023-10-19,77.80000305175781,79.19999694824219,76.94999694824219,77.8499984741211,3218579
2023-10-20,77.80000305175781,79.8499984741211,75.69999694824219,76.80000305175781,4158021
2023-10-23,77.19999694824219,77.5,68.30000305175781,70.0,5641712
2023-10-25,71.44999694824219,71.80000305175781,66.69999694824219,68.5999984741211,5435671
2023-10-26,67.3499984741211,69.05000305175781,65.75,68.19999694824219,3054146
2023-10-27,69.25,70.3499984741211,68.3499984741211,68.75,1717197
2023-10-30,68.4000015258789,69.6500015258789,67.8499984741211,69.19999694824219,1233089
2023-10-31,69.5,70.25,68.0,68.19999694824219,1246817
2023-11-01,68.5999984741211,68.94999694824219,66.69999694824219,67.05000305175781,1199373
2023-11-02,67.69999694824219,68.19999694824219,67.30000305175781,67.5999984741211,1385953
2023-11-03,68.05000305175781,73.4000015258789,67.94999694824219,70.9000015258789,11499276
2023-11-06,71.75,73.0,70.6500015258789,71.69999694824219,3207374
2023-11-07,72.05000305175781,72.1500015258789,70.75,70.9000015258789,1410643
2023-11-08,71.30000305175781,72.8499984741211,71.05000305175781,72.0,1792025
2023-11-09,72.25,73.5,71.0,71.94999694824219,2316966
2023-11-10,71.80000305175781,78.0,71.3499984741211,77.25,7612225
2023-11-13,77.8499984741211,77.8499984741211,75.5,76.0,2140018
2023-11-15,76.5999984741211,84.6500015258789,76.0999984741211,83.5999984741211,26111975
2023-11-16,84.3499984741211,87.69999694824219,82.3499984741211,85.5999984741211,16867925
2023-11-17,85.4000015258789,88.30000305175781,84.3499984741211,85.1500015258789,7169937
2023-11-20,85.1500015258789,86.5,82.3499984741211,82.94999694824219,3133981
2023-11-21,83.5,87.5,83.30000305175781,85.5,7088939
2023-11-22,85.5999984741211,86.05000305175781,80.5999984741211,82.0999984741211,3923456
2023-11-23,82.75,84.4000015258789,81.69999694824219,82.4000015258789,2265011
2023-11-24,82.8499984741211,86.44999694824219,82.8499984741211,83.44999694824219,4505434
2023-11-28,84.0,85.25,82.5,82.9000015258789,1830051
2023-11-29,83.5,88.25,83.1500015258789,84.19999694824219,9147701
2023-11-30,84.30000305175781,88.0999984741211,82.3499984741211,86.55000305175781,6200848
2023-12-01,86.9000015258789,94.1999969482422,86.0999984741211,87.69999694824219,33342752
2023-12-04,89.30000305175781,91.75,87.1500015258789,88.69999694824219,7497331
2023-12-05,89.5999984741211,93.0,86.80000305175781,90.8000030517578,11069514
2023-12-06,91.1999969482422,100.4000015258789,90.8000030517578,98.4499969482422,24779755
2023-12-07,98.4000015258789,98.4000015258789,88.30000305175781,90.6500015258789,22462892
2023-12-08,91.6500015258789,91.6999969482422,86.30000305175781,87.55000305175781,9986562
2023-12-11,87.5999984741211,88.69999694824219,84.0999984741211,84.55000305175781,7212876
2023-12-12,86.0,87.5,84.25,86.6500015258789,10353864
2023-12-13,87.5,88.3499984741211,86.5,86.69999694824219,4015788
2023-12-14,87.94999694824219,88.3499984741211,85.0,86.4000015258789,6421534
2023-12-15,87.0,87.55000305175781,84.69999694824219,85.9000015258789,5278351
2023-12-18,86.19999694824219,87.69999694824219,85.80000305175781,86.19999694824219,3113319
2023-12-19,86.25,88.6500015258789,86.25,87.6500015258789,5041416
2023-12-20,88.19999694824219,91.6999969482422,82.0,83.1500015258789,11328597
2023-12-21,82.80000305175781,86.19999694824219,81.5999984741211,85.9000015258789,6166386
2023-12-22,86.1500015258789,87.30000305175781,84.80000305175781,86.0999984741211,3116726
2023-12-26,88.0,92.3000030517578,88.0,88.8499984741211,15233228
2023-12-27,89.44999694824219,89.44999694824219,87.0,88.9000015258789,3610475
2023-12-28,89.0,89.44999694824219,86.80000305175781,88.05000305175781,2918525
2023-12-29,88.0999984741211,88.6500015258789,87.0,87.3499984741211,2835004
2024-01-01,88.3499984741211,90.8000030517578,88.0,88.5,4707765
2024-01-02,88.5,90.9499969482422,87.05000305175781,89.55000305175781,4846393
2024-01-03,89.94999694824219,92.3499984741211,89.30000305175781,89.69999694824219,4532851
2024-01-04,90.0,92.0500030517578,89.5,90.25,3912059
2024-01-05,92.4000015258789,97.6500015258789,91.25,93.0500030517578,17934482
2024-01-08,93.6500015258789,104.8000030517578,93.4499969482422,100.5500030517578,39704312
2024-01-09,101.6500015258789,104.0,98.0999984741211,99.5,10449774
2024-01-10,99.5,119.4000015258789,99.0500030517578,119.4000015258789,56679209
2024-01-11,125.0999984741211,135.0,120.3499984741211,130.9499969482422,62439033
2024-01-12,131.0,131.3000030517578,123.6999969482422,124.1999969482422,8052773
2024-01-15,125.3499984741211,128.3000030517578,120.3000030517578,122.8499984741211,4735544
2024-01-16,124.3000030517578,125.0,115.25,118.5500030517578,3763555
2024-01-17,114.0,130.39999389648438,111.1500015258789,129.6999969482422,22769867
2024-01-18,130.0,131.9499969482422,118.5500030517578,126.25,9448674
2024-01-19,128.3000030517578,135.6999969482422,124.1999969482422,127.0999984741211,7831021
2024-01-23,129.1999969482422,133.0,114.9000015258789,114.9000015258789,4205694
2024-01-24,113.0,122.8499984741211,108.9000015258789,120.4000015258789,6978011
2024-01-25,121.4000015258789,123.0,115.25,120.5500030517578,2343070
2024-01-29,120.0500030517578,124.6500015258789,108.5,117.0,4318200
2024-01-30,117.8000030517578,119.9499969482422,113.5,115.5500030517578,1961060
2024-01-31,118.0,120.0,112.1500015258789,117.0,1527059
2024-02-01,119.75,120.5,115.0,115.9000015258789,1117086
2024-02-02,115.9499969482422,119.8000030517578,112.0,113.1500015258789,791588
2024-02-05,113.3000030517578,117.6999969482422,113.3000030517578,114.4000015258789,718106
2024-02-06,114.4499969482422,117.6999969482422,112.0,113.6999969482422,626137
2024-02-07,113.75,115.3000030517578,108.6500015258789,110.3000030517578,1103783
2024-02-08,110.3499984741211,114.9000015258789,109.0500030517578,111.6999969482422,797940
2024-02-09,111.75,113.5,106.3000030517578,108.3499984741211,940859
2024-02-12,108.4000015258789,111.25,103.5500030517578,106.25,1098594
2024-02-13,106.0,109.4000015258789,100.9499969482422,105.4000015258789,1060549
2024-02-14,105.0,109.9000015258789,103.0999984741211,109.5,596131
2024-02-15,110.0,114.5,110.0,112.6500015258789,700056
2024-02-16,112.6500015258789,113.8000030517578,110.5500030517578,112.3000030517578,470835
2024-02-19,113.0,117.9000015258789,113.0,117.9000015258789,1030011
2024-02-20,119.0500030517578,121.0,116.0999984741211,119.0,966896
2024-02-21,119.0500030517578,121.0,113.4000015258789,115.1500015258789,786497
2024-02-22,114.6999969482422,118.4499969482422,109.4000015258789,116.3499984741211,612739
2024-02-23,116.3499984741211,119.0,115.0,117.6999969482422,627541
2024-02-26,119.9000015258789,121.4000015258789,116.0500030517578,118.5999984741211,976784
2024-02-27,118.75,120.0,115.5,116.5999984741211,946054
2024-02-28,117.4499969482422,118.0,110.8000030517578,112.5999984741211,897347
2024-02-29,116.0,116.9000015258789,107.0,107.0,1297021
2024-03-01,104.0,106.8000030517578,101.6500015258789,102.4499969482422,2650635
2024-03-04,105.5,105.5,100.25,100.25,947533
2024-03-05,98.5,98.5,95.25,95.25,1581037
2024-03-06,93.5500030517578,94.0,90.5,90.5,1249895
2024-03-07,86.0,95.0,86.0,93.4499969482422,2212892
2024-03-11,93.4499969482422,93.4499969482422,89.75,92.0500030517578,1752572
2024-03-12,92.0999984741211,92.0999984741211,87.44999694824219,87.5,1268595
2024-03-13,86.1500015258789,88.5,83.1500015258789,83.1500015258789,1052405
2024-03-14,82.94999694824219,86.44999694824219,82.0,84.6500015258789,2634033
2024-03-15,85.0,88.8499984741211,85.0,88.8499984741211,1171024
2024-03-18,90.4000015258789,93.25,89.0,92.6999969482422,1425814
2024-03-19,91.0,93.6999969482422,88.0999984741211,88.1500015258789,3334714
2024-03-20,90.4000015258789,90.4000015258789,84.8499984741211,86.0,721783
2024-03-21,86.6500015258789,89.5,86.44999694824219,87.05000305175781,794885
2024-03-22,87.0999984741211,91.4000015258789,87.05000305175781,91.4000015258789,2283407
2024-03-26,94.8000030517578,95.0,90.0999984741211,90.9499969482422,965100
2024-03-27,92.0,92.5,87.0,87.5,1125479
2024-03-28,88.0,90.0,85.5,86.19999694824219,936830
2024-04-01,86.5999984741211,90.5,86.5999984741211,90.4000015258789,474390
2024-04-02,92.0,92.0,88.75,89.9000015258789,517371
2024-04-03,90.75,93.1999969482422,89.9000015258789,92.4000015258789,492710
2024-04-04,94.1999969482422,94.1999969482422,90.0,91.9499969482422,552938
2024-04-05,92.0,92.8000030517578,90.0,90.8499984741211,413670
2024-04-08,92.0,95.3499984741211,90.5,91.75,885659
2024-04-09,93.3499984741211,93.3499984741211,89.0,89.44999694824219,310546
2024-04-10,89.6500015258789,91.4499969482422,88.5,89.0,332329
2024-04-12,89.0,90.6999969482422,88.0,89.25,377751
2024-04-15,87.5,88.0,84.80000305175781,85.9000015258789,484066
2024-04-16,85.25,89.0,84.6500015258789,85.9000015258789,618123
2024-04-18,86.25,90.1500015258789,85.9000015258789,89.5,679825
2024-04-19,85.05000305175781,88.9000015258789,85.05000305175781,87.5999984741211,531146
2024-04-22,88.4000015258789,88.4000015258789,86.05000305175781,87.19999694824219,249992
2024-04-23,89.25,89.25,87.1500015258789,88.05000305175781,737414
2024-04-24,88.55000305175781,92.4499969482422,87.94999694824219,92.4499969482422,1087409
2024-04-25,92.8000030517578,94.4000015258789,89.5,92.75,1208604
2024-04-26,93.0,93.4499969482422,89.8499984741211,90.5999984741211,603376
2024-04-29,91.1500015258789,93.0,87.80000305175781,88.75,1120967
2024-04-30,89.30000305175781,90.4499969482422,87.8499984741211,88.9000015258789,608845
2024-05-02,88.9000015258789,89.69999694824219,86.44999694824219,86.80000305175781,803554
2024-05-03,87.5,87.69999694824219,82.5,83.69999694824219,2260477
2024-05-06,84.0,84.25,79.94999694824219,80.6500015258789,1361954
2024-05-07,80.6500015258789,82.9000015258789,78.5999984741211,80.0,955267
2024-05-08,80.25,82.4000015258789,79.5,80.5999984741211,585026
2024-05-09,80.30000305175781,80.9000015258789,77.0,77.55000305175781,627290
2024-05-10,77.5,78.69999694824219,74.0,78.0,883802
2024-05-13,78.80000305175781,78.94999694824219,75.5,76.44999694824219,1441516
2024-05-14,76.6500015258789,80.25,76.55000305175781,80.25,691705
2024-05-15,80.5,83.19999694824219,80.19999694824219,80.5,798526
2024-05-16,81.0,82.05000305175781,80.05000305175781,80.55000305175781,742488
2024-05-17,80.5,82.5,79.80000305175781,81.69999694824219,664463
2024-05-21,81.94999694824219,83.05000305175781,80.1500015258789,80.5,689575
2024-05-22,81.44999694824219,84.19999694824219,79.75,82.25,1148757
2024-05-23,82.5,83.44999694824219,81.19999694824219,81.5999984741211,739214
2024-05-24,81.9000015258789,84.05000305175781,81.8499984741211,82.19999694824219,730043
2024-05-27,84.19999694824219,84.19999694824219,80.30000305175781,80.6500015258789,865369
2024-05-28,81.0999984741211,81.5,79.0999984741211,79.25,384601
2024-05-29,79.30000305175781,80.1500015258789,76.94999694824219,77.80000305175781,1092618
2024-05-30,77.80000305175781,81.6500015258789,77.80000305175781,80.94999694824219,1435252
2024-05-31,81.30000305175781,81.5,78.80000305175781,79.9000015258789,712425
2024-06-03,82.94999694824219,82.94999694824219,79.05000305175781,79.55000305175781,1414423
2024-06-04,79.55000305175781,79.55000305175781,75.5999984741211,75.5999984741211,629368
2024-06-05,77.1500015258789,77.1500015258789,72.05000305175781,76.0999984741211,950212
2024-06-06,76.9000015258789,79.9000015258789,76.9000015258789,79.8499984741211,906679
2024-06-07,80.75,83.19999694824219,79.05000305175781,80.9000015258789,1619116
2024-06-10,81.69999694824219,82.69000244140625,79.44999694824219,79.7699966430664,1574103
2024-06-11,80.69999694824219,81.68000030517578,79.0,79.94000244140625,2813112
2024-06-12,80.30000305175781,86.45999908447266,80.16000366210938,83.27999877929688,3527892
2024-06-13,83.9000015258789,84.79000091552734,82.30999755859375,84.11000061035156,1426492
2024-06-14,84.7300033569336,86.83999633789062,83.4000015258789,85.0999984741211,2031310
2024-06-18,85.4000015258789,86.9000015258789,84.0,84.55999755859375,1257189
2024-06-19,84.30000305175781,86.5,82.5,84.08999633789062,1468607
2024-06-20,84.58999633789062,84.94000244140625,83.2699966430664,84.08999633789062,808939
2024-06-21,84.9000015258789,86.9800033569336,82.9000015258789,83.44999694824219,1724338
2024-06-24,84.06999969482422,84.73999786376953,82.5,82.69999694824219,964135
2024-06-25,82.72000122070312,83.3499984741211,80.5999984741211,80.86000061035156,787700
2024-06-26,81.2699966430664,82.1500015258789,80.30999755859375,81.08999633789062,845918
2024-06-27,81.69999694824219,81.69999694824219,78.62999725341797,79.20999908447266,858791
2024-06-28,80.0,81.23999786376953,79.02999877929688,79.63999938964844,661804
2024-07-01,81.08999633789062,83.4000015258789,80.23999786376953,82.19000244140625,1402745
2024-07-02,82.9000015258789,88.4000015258789,82.30000305175781,87.66999816894531,7904965
2024-07-03,88.36000061035156,90.0,87.25,88.41000366210938,4671283
2024-07-04,88.94999694824219,89.30000305175781,86.7699966430664,87.13999938964844,1770541
2024-07-05,87.0,87.5,85.33000183105469,85.66999816894531,1344505
2024-07-08,87.0,88.5,84.27999877929688,84.83999633789062,1255106
2024-07-09,85.37999725341797,87.5,84.3499984741211,84.80999755859375,1776942
2024-07-10,85.44999694824219,85.44999694824219,81.16000366210938,82.37999725341797,1311417
2024-07-11,82.94999694824219,83.9000015258789,82.55999755859375,82.86000061035156,715634
2024-07-12,83.4000015258789,85.0,82.0999984741211,82.91999816894531,1557728
2024-07-15,84.4000015258789,86.62999725341797,82.5999984741211,84.87000274658203,2815963
2024-07-16,85.69999694824219,86.4800033569336,83.51000213623047,83.83000183105469,1878029
2024-07-18,83.83000183105469,84.48999786376953,79.55000305175781,80.31999969482422,2998088
2024-07-19,80.44999694824219,80.79000091552734,78.0,78.91999816894531,1259884
2024-07-22,78.91999816894531,80.0,77.62000274658203,78.16999816894531,1109880
2024-07-23,78.87000274658203,85.9800033569336,75.75,85.4000015258789,4208152
2024-07-24,86.6500015258789,87.94999694824219,80.93000030517578,83.4000015258789,3845175
2024-07-25,81.94999694824219,85.19999694824219,81.94999694824219,84.30999755859375,1912303
2024-07-26,84.30999755859375,92.73999786376952,83.61000061035156,91.58999633789062,13654087
2024-07-29,92.48999786376952,99.6999969482422,91.58999633789062,93.55999755859376,16278524
2024-07-30,94.0,94.48999786376952,88.75,90.97000122070312,3997030
2024-07-31,91.3000030517578,98.75,91.0500030517578,98.1999969482422,10955372
2024-08-01,98.5999984741211,99.6999969482422,93.01000213623048,93.66000366210938,4451052
2024-08-02,91.4000015258789,95.87999725341795,90.95999908447266,93.27999877929688,3908017
2024-08-05,91.0,91.9000015258789,86.87999725341797,87.73999786376953,4391521
2024-08-06,89.80000305175781,96.51000213623048,88.69999694824219,93.9800033569336,8103509
2024-08-07,96.0,100.75,95.38999938964844,98.44000244140624,14504219
2024-08-08,98.9000015258789,99.4499969482422,95.3000030517578,96.30999755859376,3168940
2024-08-09,97.5,102.9000015258789,94.44000244140624,99.91999816894533,12056498
2024-08-12,99.1999969482422,99.1999969482422,95.5,96.81999969482422,5474435
2024-08-13,98.0,102.25,92.01000213623048,93.66999816894533,11482116
2024-08-14,95.73999786376952,97.29000091552734,93.0,93.8499984741211,5886797
2024-08-16,94.8499984741211,97.0,93.8000030517578,95.01000213623048,3872195
2024-08-19,95.44000244140624,99.0999984741211,95.01000213623048,95.4499969482422,3956748
2024-08-20,96.0,100.4000015258789,95.45999908447266,98.9000015258789,7645637
2024-08-21,98.0,101.18000030517578,97.0500030517578,98.6500015258789,6378649
2024-08-22,99.52999877929688,104.0,98.83000183105467,99.91999816894533,10480844
2024-08-23,100.48999786376952,100.88999938964844,97.0,98.0500030517578,4234598
2024-08-26,98.63999938964844,99.6999969482422,95.0,95.6999969482422,3632240
2024-08-27,96.0,98.5,95.43000030517578,97.77999877929688,3480504
2024-08-28,97.5500030517578,101.37000274658205,95.0999984741211,96.19000244140624,4563104
2024-08-29,98.52999877929688,106.0,98.3000030517578,99.41999816894533,33900337
2024-08-30,100.0,100.8499984741211,93.5199966430664,95.16000366210938,12610572
2024-09-02,95.16000366210938,95.1999969482422,93.27999877929688,94.29000091552734,3573740
2024-09-03,94.5,95.45999908447266,92.80999755859376,93.05999755859376,2922188
2024-09-04,92.4499969482422,93.27999877929688,90.8000030517578,91.76000213623048,3390910
2024-09-05,91.8000030517578,94.58999633789062,91.43000030517578,92.01000213623048,3442611
2024-09-06,92.75,93.58999633789062,88.63999938964844,89.69000244140625,3965832
2024-09-09,90.04000091552734,90.44000244140624,88.19000244140625,89.33999633789062,2261585
2024-09-10,90.0999984741211,91.29000091552734,89.54000091552734,90.38999938964844,2055911
2024-09-11,90.5999984741211,91.3000030517578,87.55000305175781,88.48999786376953,2355710
2024-09-12,89.01000213623047,89.93000030517578,88.20999908447266,88.87000274658203,1335693
2024-09-13,89.0999984741211,90.9000015258789,88.36000061035156,88.69000244140625,2337878
2024-09-16,89.0,92.0999984741211,88.5,91.58000183105467,2866649
2024-09-17,90.5500030517578,91.66999816894533,89.5999984741211,90.11000061035156,1170600
2024-09-18,90.1999969482422,91.87999725341795,89.33000183105469,90.4000015258789,1813272
2024-09-19,90.88999938964844,91.16999816894533,83.01000213623047,83.73999786376953,4685417
2024-09-20,84.5,86.48999786376953,83.86000061035156,84.30999755859375,2974999
2024-09-23,84.97000122070312,85.44000244140625,83.01000213623047,83.36000061035156,2580475
2024-09-24,83.87999725341797,83.87999725341797,81.9000015258789,82.0999984741211,2224136
2024-09-25,82.4000015258789,82.5,80.80000305175781,81.56999969482422,2036004
2024-09-26,82.22000122070312,86.0,82.0,82.20999908447266,5631339
2024-09-27,82.5,83.05000305175781,81.2300033569336,81.94000244140625,2316366
2024-09-30,82.83000183105469,83.08000183105469,80.44999694824219,81.97000122070312,2559134
2024-10-01,81.94999694824219,82.69999694824219,81.37999725341797,82.06999969482422,1967458
2024-10-03,80.98999786376953,81.5,80.0,80.3499984741211,1586787
2024-10-04,80.30000305175781,80.30000305175781,77.80999755859375,78.3499984741211,2589191
2024-10-07,79.97000122070312,80.0,73.05999755859375,74.0,3779562
2024-10-08,73.94000244140625,76.3499984741211,72.51000213623047,75.75,3471951
2024-10-09,76.0,79.38999938964844,76.0,77.37999725341797,2597720
2024-10-10,77.51000213623047,78.45999908447266,76.0,76.26000213623047,1423023
2024-10-11,76.26000213623047,82.0,76.26000213623047,81.36000061035156,7405699
2024-10-14,81.36000061035156,81.36000061035156,78.55000305175781,79.0999984741211,3116167
2024-10-15,79.30000305175781,88.62000274658203,78.95999908447266,87.08999633789062,34109440
2024-10-16,86.0999984741211,86.88999938964844,84.47000122070312,85.95999908447266,4725614
2024-10-17,85.44999694824219,85.83999633789062,81.25,81.81999969482422,3232161
2024-10-18,82.30000305175781,83.2300033569336,80.05000305175781,81.68000030517578,3013539
2024-10-21,82.0,84.5999984741211,79.55000305175781,80.0,4324081
2024-10-22,79.98999786376953,80.70999908447266,75.22000122070312,76.08000183105469,3012372
2024-10-23,76.19000244140625,79.79000091552734,75.0999984741211,79.12999725341797,3244517
2024-10-24,78.73999786376953,80.3499984741211,77.86000061035156,78.44999694824219,1378888
2024-10-25,78.37999725341797,78.7699966430664,74.43000030517578,76.38999938964844,1923746
2024-10-28,77.55000305175781,78.83000183105469,76.0,77.0,1544215
2024-10-29,77.4000015258789,78.97000122070312,76.5999984741211,78.62000274658203,1171908
2024-10-30,78.94999694824219,82.5,78.25,81.11000061035156,2238499
2024-10-31,81.0,87.44999694824219,80.55999755859375,86.4000015258789,5325599
2024-11-01,86.4000015258789,87.5,85.0,86.16999816894531,863682
2024-11-04,85.6500015258789,86.88999938964844,84.0,84.7300033569336,1792304
2024-11-05,84.5,85.05000305175781,83.0999984741211,83.61000061035156,1380686
2024-11-06,83.6500015258789,86.5,83.62999725341797,86.12000274658203,2244083
2024-11-07,86.79000091552734,87.2300033569336,83.43000030517578,83.80999755859375,2016581
2024-11-08,83.69999694824219,84.19999694824219,81.80999755859375,82.36000061035156,1231488
2024-11-11,82.33999633789062,82.5,80.31999969482422,80.69999694824219,1213997
2024-11-12,80.75,83.36000061035156,80.75,81.72000122070312,1486057
2024-11-13,81.30999755859375,81.68000030517578,77.11000061035156,77.97000122070312,1490735
2024-11-14,79.0,85.98999786376953,78.58000183105469,84.81999969482422,14244126
2024-11-18,84.19000244140625,85.7300033569336,82.7300033569336,84.77999877929688,3712336
2024-11-19,81.0,87.18000030517578,80.80000305175781,84.16999816894531,3969025
2024-11-21,83.01000213623047,85.38999938964844,81.69999694824219,84.30000305175781,2963596
2024-11-22,81.66999816894531,81.66999816894531,79.0999984741211,79.55999755859375,7470574
2024-11-25,80.5999984741211,81.98999786376953,77.30999755859375,80.5199966430664,10049490
2024-11-26,81.30000305175781,82.0,78.80000305175781,79.1500015258789,3651177
2024-11-27,79.19999694824219,80.6500015258789,78.62999725341797,79.70999908447266,3747286
2024-11-28,80.47000122070312,81.5,78.70999908447266,79.19999694824219,4688902
2024-11-29,79.9000015258789,80.5,78.5,78.83999633789062,3310709
2024-12-02,79.0999984741211,79.9000015258789,78.30000305175781,79.05000305175781,3111825
2024-12-03,79.25,81.25,78.83000183105469,79.80999755859375,4410727
2024-12-04,80.0999984741211,80.97000122070312,79.5,79.7699966430664,3256531
2024-12-05,80.0,80.44000244140625,78.76000213623047,79.20999908447266,2723098
2024-12-06,79.5,81.19999694824219,79.01000213623047,79.58999633789062,3850725
2024-12-09,79.83000183105469,80.6500015258789,78.51000213623047,78.88999938964844,3339558
2024-12-10,79.0,79.44999694824219,78.16000366210938,78.4000015258789,2399631
2024-12-11,78.58000183105469,79.0999984741211,77.22000122070312,77.37999725341797,2625614
2024-12-12,76.30000305175781,77.0,74.05000305175781,74.19000244140625,9016281
2024-12-13,74.20999908447266,75.13999938964844,73.5,74.69000244140625,3751025
2024-12-16,75.0,75.73999786376953,74.08999633789062,74.36000061035156,3299505
2024-12-17,75.0,75.05999755859375,73.25,73.54000091552734,2407984
2024-12-18,74.0,74.0,72.19999694824219,72.55999755859375,3145198
2024-12-19,71.0,71.62000274658203,70.01000213623047,70.18000030517578,4337033
2024-12-20,70.30000305175781,75.77999877929688,70.30000305175781,74.33999633789062,24756314
2024-12-23,74.5,77.44999694824219,74.23999786376953,75.86000061035156,7631218
2024-12-24,76.55000305175781,76.61000061035156,72.9000015258789,73.47000122070312,3129134
2024-12-26,73.5,73.69000244140625,71.7300033569336,72.0199966430664,1674660
2024-12-27,72.19999694824219,73.66999816894531,72.19999694824219,73.19000244140625,2297066
2024-12-30,72.93000030517578,73.0,70.19999694824219,70.33999633789062,3038770
2024-12-31,70.9800033569336,71.69999694824219,70.70999908447266,71.5199966430664,1890807
2025-01-01,71.5199966430664,72.38999938964844,71.11000061035156,71.58000183105469,1580536
2025-01-02,70.55999755859375,72.9000015258789,70.55999755859375,71.33999633789062,2688167
2025-01-03,72.0,74.5999984741211,71.69000244140625,72.80000305175781,4385304
2025-01-06,73.0,73.02999877929688,68.61000061035156,68.94999694824219,3705754
2025-01-07,69.48999786376953,70.25,68.5199966430664,68.98999786376953,3080407
2025-01-08,68.55000305175781,69.98999786376953,68.26000213623047,68.4800033569336,3101585
2025-01-09,68.5,69.22000122070312,66.0,66.61000061035156,3558828
2025-01-10,66.69999694824219,66.75,62.5,62.97999954223633,5885374
2025-01-13,62.09000015258789,63.900001525878906,59.0,59.84000015258789,6578813
2025-01-14,60.0099983215332,62.09000015258789,60.0099983215332,61.43999862670898,3737264
2025-01-15,61.310001373291016,63.27999877929688,56.84000015258789,57.15999984741211,13348897
2025-01-16,57.900001525878906,58.400001525878906,56.5,56.650001525878906,7054648
2025-01-17,56.75,57.47999954223633,55.400001525878906,56.43000030517578,5253082
2025-01-20,56.650001525878906,57.54999923706055,55.95000076293945,57.150001525878906,5308454
2025-01-21,57.20000076293945,57.43000030517578,55.040000915527344,55.290000915527344,3899520
2025-01-22,55.560001373291016,55.75,52.150001525878906,54.09999847412109,4851241
2025-01-23,53.880001068115234,55.34999847412109,53.65999984741211,53.88999938964844,3362678
2025-01-24,54.040000915527344,54.38999938964844,52.0099983215332,52.2599983215332,3097156
2025-01-27,51.93000030517578,51.93000030517578,48.91999816894531,50.02999877929688,5402758
2025-01-28,50.02999877929688,50.72999954223633,47.59000015258789,49.66999816894531,6952492
2025-01-29,49.59000015258789,52.27999877929688,49.59000015258789,51.400001525878906,3588463
2025-01-30,51.0099983215332,52.61000061035156,51.0099983215332,51.4900016784668,2730049
2025-01-31,50.95000076293945,52.86000061035156,50.95000076293945,52.68000030517578,2503623
2025-02-01,52.5,53.5,51.27999877929688,52.81999969482422,2842664
2025-02-03,52.45000076293945,52.81999969482422,51.150001525878906,51.36000061035156,2236730
2025-02-04,52.0,52.45000076293945,51.119998931884766,51.83000183105469,2121727
2025-02-05,52.20000076293945,53.79999923706055,51.900001525878906,53.2599983215332,2942785
2025-02-06,53.45000076293945,53.560001373291016,51.68999862670898,52.310001373291016,2713452
2025-02-07,52.09999847412109,52.81999969482422,51.20000076293945,51.790000915527344,2234205
2025-02-10,51.84999847412109,51.95000076293945,50.0,50.41999816894531,2138284
2025-02-11,50.88999938964844,50.88999938964844,48.84999847412109,49.34000015258789,2818707
2025-02-12,49.27999877929688,49.459999084472656,46.77999877929688,48.7599983215332,3673335
2025-02-13,48.5,50.70000076293945,48.5,49.22999954223633,2687814
2025-02-14,49.5,49.97999954223633,46.150001525878906,46.81999969482422,3452900
2025-02-17,46.02999877929688,47.400001525878906,45.29999923706055,46.41999816894531,4809159
2025-02-18,46.400001525878906,46.709999084472656,44.900001525878906,45.63999938964844,4313723
2025-02-19,45.63999938964844,47.560001373291016,45.209999084472656,46.93000030517578,3377423
2025-02-20,47.130001068115234,48.060001373291016,46.56999969482422,47.66999816894531,2305696
2025-02-21,47.5,48.7400016784668,45.970001220703125,46.310001373291016,5664695
2025-02-24,46.20000076293945,46.20000076293945,44.900001525878906,45.2599983215332,3880918
2025-02-25,45.0099983215332,46.0,45.0,45.16999816894531,2241341
2025-02-27,45.310001373291016,45.34999847412109,43.34000015258789,43.52999877929688,3956487
2025-02-28,43.0,43.38999938964844,40.84000015258789,41.31999969482422,5921029
2025-03-03,41.68999862670898,42.2599983215332,39.65999984741211,40.79999923706055,7385500
2025-03-04,40.4900016784668,41.970001220703125,40.310001373291016,41.66999816894531,5700416
2025-03-05,41.45000076293945,43.18999862670898,41.25,43.0,3854915
2025-03-06,43.4900016784668,44.38999938964844,43.47999954223633,44.04999923706055,4658925
2025-03-07,43.88999938964844,47.220001220703125,43.720001220703125,45.45000076293945,8994617
2025-03-10,45.5,46.18999862670898,43.900001525878906,44.18999862670898,5182516
2025-03-11,44.09999847412109,44.18000030517578,42.63999938964844,42.95000076293945,5895548
2025-03-12,43.4900016784668,43.70000076293945,41.68999862670898,41.93000030517578,4190317
2025-03-13,42.0099983215332,42.75,41.2599983215332,41.4900016784668,5780878
2025-03-17,41.47999954223633,41.93000030517578,40.25,40.52999877929688,6265460
2025-03-18,40.52999877929688,40.52999877929688,40.52999877929688,40.52999877929688,0
2025-03-19,42.29999923706055,44.34999847412109,42.29999923706055,43.869998931884766,7115867
2025-03-20,44.20000076293945,45.400001525878906,43.619998931884766,44.0099983215332,6277036
2025-03-21,44.20000076293945,47.86000061035156,44.20000076293945,47.43999862670898,13696241
2025-03-24,48.02000045776367,49.20000076293945,47.27000045776367,47.4900016784668,7750498
2025-03-25,48.0,48.619998931884766,45.04999923706055,45.36000061035156,8406483
2025-03-26,45.95000076293945,45.95000076293945,44.20000076293945,44.5099983215332,7212483
2025-03-27,44.59999847412109,45.56999969482422,43.83000183105469,44.959999084472656,9927621
2025-03-28,45.0,46.09000015258789,43.18000030517578,43.40999984741211,5942531
2025-04-01,43.54999923706055,45.290000915527344,43.5,44.959999084472656,4515790
2025-04-02,44.93999862670898,45.33000183105469,43.90999984741211,44.70000076293945,2353532
2025-04-03,43.90999984741211,45.59999847412109,43.90999984741211,45.41999816894531,2409481
2025-04-04,45.400001525878906,45.59999847412109,42.68000030517578,43.27999877929688,4778031
2025-04-07,40.0,42.119998931884766,39.70000076293945,41.22999954223633,5537226
2025-04-08,42.2400016784668,42.869998931884766,41.130001068115234,41.709999084472656,2681523
2025-04-09,41.47999954223633,41.790000915527344,40.65999984741211,41.060001373291016,1907189
2025-04-11,42.0,42.56999969482422,41.52000045776367,41.790000915527344,2352473
2025-04-15,42.5099983215332,44.09999847412109,42.5099983215332,43.7599983215332,2899574
2025-04-16,43.650001525878906,45.68999862670898,43.650001525878906,45.11000061035156,4266432
2025-04-17,45.0,45.2400016784668,44.459999084472656,44.88999938964844,2494357
2025-04-21,45.0,45.4900016784668,43.709999084472656,45.11000061035156,6152503
2025-04-22,45.54999923706055,47.150001525878906,45.130001068115234,45.790000915527344,7188055
2025-04-23,46.0,46.25,44.75,45.869998931884766,3221755
2025-04-24,45.95000076293945,46.9900016784668,45.560001373291016,46.150001525878906,4464383
2025-04-25,46.09999847412109,46.380001068115234,43.119998931884766,43.68999862670898,5525411
2025-04-28,43.68999862670898,43.7599983215332,42.68000030517578,43.45000076293945,2157844
2025-04-29,43.5099983215332,46.47999954223633,43.5,45.27000045776367,12072572
2025-04-30,45.02000045776367,45.20000076293945,43.209999084472656,43.540000915527344,3012434
2025-05-02,43.59999847412109,43.88999938964844,42.540000915527344,42.900001525878906,2566314
2025-05-05,43.119998931884766,43.70000076293945,42.83000183105469,43.15999984741211,2082709
2025-05-06,42.95000076293945,43.9900016784668,42.02000045776367,42.38999938964844,3798588
2025-05-07,41.54999923706055,42.72999954223633,41.54999923706055,42.47999954223633,3049673
2025-05-08,42.540000915527344,44.060001373291016,42.25,42.540000915527344,3040816
2025-05-09,41.34999847412109,42.70000076293945,41.209999084472656,42.4900016784668,2872584
2025-05-12,43.900001525878906,45.470001220703125,43.84999847412109,45.20000076293945,5423625
2025-05-13,45.09999847412109,46.09000015258789,44.59999847412109,45.61000061035156,2756975
2025-05-14,46.0,46.81999969482422,45.619998931884766,46.59000015258789,3200230
2025-05-15,46.400001525878906,47.0,46.0099983215332,46.52000045776367,3331086
2025-05-16,46.4900016784668,48.0,46.15999984741211,47.59999847412109,3831158
2025-05-19,47.90999984741211,48.58000183105469,47.27000045776367,47.58000183105469,2803751
2025-05-20,47.81999969482422,48.20000076293945,46.400001525878906,46.619998931884766,2819482
2025-05-21,46.34999847412109,47.4900016784668,46.060001373291016,46.68999862670898,2477399
2025-05-22,46.45000076293945,50.900001525878906,46.400001525878906,48.560001373291016,19814837
2025-05-23,48.79999923706055,49.5,47.540000915527344,48.81999969482422,3887492
2025-05-26,48.91999816894531,50.4900016784668,48.27999877929688,50.0099983215332,5741976
2025-05-27,49.95000076293945,51.09999847412109,49.150001525878906,50.060001373291016,6148990
2025-05-28,50.09999847412109,53.0,49.619998931884766,52.68999862670898,15157256
2025-05-29,53.2599983215332,55.18000030517578,52.540000915527344,54.790000915527344,17517444
2025-05-30,55.290000915527344,55.400001525878906,53.15999984741211,54.540000915527344,7227385
2025-06-02,54.59999847412109,57.45000076293945,53.59999847412109,56.619998931884766,12223745
2025-06-03,57.0,57.209999084472656,54.959999084472656,55.09000015258789,5826498
2025-06-04,55.34999847412109,55.70000076293945,54.45000076293945,55.31999969482422,4091914
2025-06-05,55.31999969482422,56.15999984741211,54.5,54.68999862670898,3399083
2025-06-06,54.75,54.93000030517578,53.72999954223633,54.13999938964844,2591635
2025-06-09,54.70000076293945,55.68999862670898,54.369998931884766,54.47999954223633,2935749
2025-06-10,54.75,57.4900016784668,54.61000061035156,57.08000183105469,12804362
2025-06-11,57.5,58.45000076293945,56.09999847412109,56.68000030517578,8584050
2025-06-12,57.0,57.56999969482422,54.900001525878906,55.16999816894531,4241138
2025-06-13,52.5,54.290000915527344,52.150001525878906,53.36000061035156,4710306
2025-06-16,53.79999923706055,54.790000915527344,52.56999969482422,54.619998931884766,4362264
2025-06-17,55.02000045776367,55.220001220703125,53.02000045776367,53.13999938964844,3187818
2025-06-18,53.380001068115234,53.4900016784668,52.5099983215332,52.869998931884766,2441434
2025-06-19,53.11000061035156,54.0,52.0099983215332,52.4900016784668,4166878
2025-06-20,52.47999954223633,53.04999923706055,51.59999847412109,52.2599983215332,4193865
2025-06-23,51.959999084472656,54.63999938964844,51.7400016784668,54.25,7782931
2025-06-24,54.75,54.81999969482422,53.20000076293945,53.65999984741211,3842199
2025-06-25,54.09999847412109,63.369998931884766,53.7599983215332,61.81999969482422,145960782
2025-06-26,61.540000915527344,61.70000076293945,59.36000061035156,59.540000915527344,19533484
2025-06-27,59.83000183105469,60.369998931884766,58.70000076293945,58.880001068115234,7027234
2025-06-30,59.43999862670898,60.81999969482422,58.650001525878906,58.880001068115234,7420433
2025-07-01,59.130001068115234,59.380001068115234,57.81999969482422,57.93000030517578,4076183
2025-07-02,58.25,58.959999084472656,56.77999877929688,57.02000045776367,5021011
2025-07-03,57.20000076293945,59.45000076293945,56.45000076293945,58.11000061035156,6945867
2025-07-04,58.0,58.25,56.29999923706055,56.41999816894531,6527652
2025-07-07,56.29999923706055,57.0,56.0,56.33000183105469,3010717
2025-07-08,56.400001525878906,56.95000076293945,55.400001525878906,55.86000061035156,2538405
2025-07-09,56.18999862670898,56.83000183105469,55.7599983215332,56.02999877929688,2597578
2025-07-10,56.52000045776367,56.52999877929688,55.5,55.68000030517578,3005522
2025-07-11,55.95000076293945,55.95000076293945,54.560001373291016,54.810001373291016,4069679
2025-07-14,54.93999862670898,56.5,54.54999923706055,56.09000015258789,4690017
2025-07-15,56.54999923706055,56.81999969482422,55.45000076293945,55.709999084472656,3657103
2025-07-16,57.0,65.29000091552734,57.0,63.13999938964844,318436246
2025-07-17,62.0,62.650001525878906,60.310001373291016,60.77999877929688,42989401
2025-07-18,60.79999923706055,62.540000915527344,60.150001525878906,61.22999954223633,20565216
2025-07-21,61.22999954223633,61.25,59.27999877929688,59.61000061035156,7863805
2025-07-22,59.79999923706055,60.2400016784668,58.47999954223633,58.75,4743455
2025-07-23,59.0,60.540000915527344,58.15999984741211,60.09999847412109,8671240
2025-07-24,60.119998931884766,60.290000915527344,59.0099983215332,59.95000076293945,3988760
2025-07-25,59.70000076293945,59.75,57.25,57.70000076293945,3763467
2025-07-28,57.70000076293945,58.52999877929688,55.81999969482422,56.25,4611043
2025-07-29,56.59000015258789,57.06999969482422,55.52000045776367,56.459999084472656,4236626
2025-07-30,56.93999862670898,57.400001525878906,56.0099983215332,56.16999816894531,1977345
2025-07-31,55.09000015258789,56.31999969482422,54.81999969482422,55.5,3021753
2025-08-01,55.2599983215332,60.900001525878906,55.2599983215332,57.470001220703125,78282510
2025-08-04,57.4900016784668,59.790000915527344,57.060001373291016,59.33000183105469,14655119
2025-08-05,59.33000183105469,59.59999847412109,58.02000045776367,58.310001373291016,4161051
2025-08-06,58.310001373291016,58.9900016784668,56.369998931884766,57.2400016784668,3778061
2025-08-07,57.2400016784668,57.88999938964844,54.68000030517578,56.290000915527344,7546510
2025-08-08,56.54999923706055,59.400001525878906,55.29999923706055,57.7599983215332,15118860
2025-08-11,57.36000061035156,57.400001525878906,55.04999923706055,56.09999847412109,5646143
2025-08-12,56.27999877929688,56.900001525878906,55.7599983215332,56.18999862670898,2650238
2025-08-13,56.459999084472656,57.77000045776367,56.0,56.880001068115234,3806934
2025-08-14,56.880001068115234,57.20000076293945,55.97999954223633,56.209999084472656,1927776
2025-08-18,57.0,57.66999816894531,56.38999938964844,56.810001373291016,2771809
2025-08-19,56.810001373291016,58.54999923706055,56.560001373291016,57.900001525878906,4048373
2025-08-20,58.0,58.5,57.09999847412109,57.630001068115234,2823136
2025-08-21,57.68999862670898,57.81999969482422,56.11000061035156,56.25,2973158
2025-08-22,56.400001525878906,56.97999954223633,55.81999969482422,56.02000045776367,2666579
2025-08-25,56.290000915527344,56.59000015258789,55.06999969482422,55.22999954223633,2505149
2025-08-26,55.20000076293945,55.38999938964844,53.220001220703125,53.4900016784668,3474096
2025-08-28,53.4900016784668,53.52999877929688,52.22999954223633,52.75,2752290
2025-08-29,52.81999969482422,53.83000183105469,52.34999847412109,52.83000183105469,4147708
2025-09-01,52.900001525878906,53.900001525878906,52.88999938964844,53.560001373291016,2719129
2025-09-02,53.59000015258789,56.29999923706055,53.43999862670898,53.77000045776367,6282509
2025-09-03,53.84000015258789,55.34999847412109,53.619998931884766,54.65999984741211,3725494
2025-09-04,55.0099983215332,55.41999816894531,53.790000915527344,54.0,2413886
2025-09-05,54.09999847412109,54.9900016784668,53.59000015258789,54.040000915527344,1985187
2025-09-08,54.16999816894531,56.880001068115234,53.90999984741211,55.02999877929688,7183971
2025-09-09,55.20000076293945,55.400001525878906,54.209999084472656,54.43000030517578,2543840
2025-09-10,54.70000076293945,55.59000015258789,54.33000183105469,54.470001220703125,2314905
2025-09-11,54.4900016784668,55.790000915527344,54.130001068115234,54.220001220703125,3425171
2025-09-12,54.900001525878906,55.040000915527344,53.84999847412109,54.20000076293945,2521324
2025-09-15,54.59999847412109,54.9900016784668,54.0,54.060001373291016,2867765
2025-09-16,54.400001525878906,55.40999984741211,54.130001068115234,54.790000915527344,4740718
2025-09-17,55.0,58.09999847412109,54.93000030517578,56.220001220703125,15769701
2025-09-18,56.59999847412109,56.75,55.36000061035156,55.709999084472656,2792856
2025-09-19,55.9900016784668,55.9900016784668,55.220001220703125,55.43000030517578,2049293
2025-09-22,55.09999847412109,56.59999847412109,55.0,55.04999923706055,3862351
2025-09-23,55.060001373291016,55.63999938964844,54.0099983215332,54.43999862670898,3131668
2025-09-24,54.43000030517578,54.54999923706055,53.709999084472656,53.869998931884766,1914642
2025-09-25,53.93000030517578,54.2400016784668,53.04999923706055,53.2400016784668,1901431
2025-09-26,53.18999862670898,53.33000183105469,51.52000045776367,51.68000030517578,2447771
2025-09-29,51.93999862670898,54.209999084472656,50.5,51.59000015258789,11208134
2025-09-30,52.27999877929688,53.0,51.04999923706055,51.45000076293945,3007918
2025-10-01,51.880001068115234,52.5,51.15999984741211,52.09999847412109,3336490
2025-10-03,52.150001525878906,52.54999923706055,51.900001525878906,52.310001373291016,2200941
2025-10-06,52.4900016784668,52.66999816894531,51.81999969482422,51.9900016784668,1783186
2025-10-07,52.27999877929688,52.36000061035156,51.709999084472656,51.95000076293945,1789174
2025-10-08,51.88999938964844,52.70000076293945,51.70000076293945,52.25,2177246
2025-10-09,52.58000183105469,52.619998931884766,51.86000061035156,52.310001373291016,2219202
2025-10-10,52.20000076293945,53.2400016784668,52.20000076293945,52.400001525878906,2127839
2025-10-13,52.04999923706055,52.220001220703125,51.47999954223633,51.619998931884766,1731042
2025-10-14,51.70000076293945,52.0,50.31999969482422,50.70000076293945,2193518
2025-10-15,50.88999938964844,52.0,50.70000076293945,51.650001525878906,2275809
2025-10-16,52.47999954223633,53.09000015258789,51.33000183105469,51.65999984741211,3938488
2025-10-17,51.52999877929688,51.52999877929688,50.060001373291016,50.220001220703125,2971746
2025-10-20,50.09999847412109,50.43999862670898,48.400001525878906,48.630001068115234,4886046
2025-10-21,48.84999847412109,49.86000061035156,48.09999847412109,48.83000183105469,1582146
2025-10-23,49.040000915527344,49.540000915527344,48.36000061035156,48.709999084472656,3419708
2025-10-24,48.709999084472656,48.84999847412109,48.0099983215332,48.27000045776367,2007403
2025-10-27,48.27000045776367,48.58000183105469,47.31999969482422,47.75,3422917
2025-10-28,47.7400016784668,49.09999847412109,47.68000030517578,48.560001373291016,3359200
2025-10-29,48.59000015258789,49.38999938964844,48.33000183105469,48.9900016784668,3059175
2025-10-30,49.0,49.290000915527344,48.27999877929688,48.400001525878906,2185063
2025-10-31,48.400001525878906,48.9900016784668,47.59000015258789,47.88999938964844,2108046
2025-11-03,47.650001525878906,48.65999984741211,47.650001525878906,47.95000076293945,1841634
2025-11-04,47.95000076293945,50.2400016784668,47.95000076293945,48.58000183105469,7969463
2025-11-06,48.68999862670898,48.93000030517578,46.880001068115234,47.290000915527344,3246077
2025-11-07,47.5,47.95000076293945,46.43000030517578,47.63999938964844,2511592
2025-11-10,47.59000015258789,47.93000030517578,47.400001525878906,47.5099983215332,1186757
2025-11-11,47.5,47.58000183105469,46.209999084472656,46.66999816894531,2226332
2025-11-12,46.790000915527344,47.709999084472656,46.619998931884766,47.310001373291016,2477029
2025-11-13,47.52999877929688,47.61000061035156,46.63999938964844,46.75,1550661
2025-11-14,46.84999847412109,47.15999984741211,45.59999847412109,46.27000045776367,2548711
2025-11-17,46.5,48.59999847412109,46.5,46.880001068115234,3844842
2025-11-18,46.95000076293945,47.060001373291016,45.72999954223633,46.02000045776367,3262524
2025-11-19,46.040000915527344,46.29999923706055,45.09999847412109,45.84999847412109,3146032
2025-11-20,45.9900016784668,46.869998931884766,45.5,45.59000015258789,1742998
2025-11-21,45.54999923706055,45.7599983215332,44.88999938964844,45.040000915527344,2577500
2025-11-24,45.22999954223633,45.22999954223633,44.61000061035156,44.880001068115234,2650493
2025-11-25,44.88999938964844,45.2400016784668,44.27000045776367,44.540000915527344,2276546
2025-11-26,44.68999862670898,45.34000015258789,44.619998931884766,45.13999938964844,1671845
2025-11-27,45.40999984741211,46.0,45.0099983215332,45.2599983215332,1883722
2025-11-28,45.400001525878906,45.84999847412109,44.459999084472656,45.06999969482422,3736064
2025-12-01,45.150001525878906,46.84999847412109,44.810001373291016,45.13999938964844,1978502
2025-12-02,45.04999923706055,45.22999954223633,44.459999084472656,44.720001220703125,2077089
2025-12-03,44.79999923706055,44.959999084472656,44.310001373291016,44.54999923706055,1509291
2025-12-04,44.54999923706055,44.77999877929688,42.900001525878906,43.470001220703125,3154195
2025-12-05,43.43999862670898,43.7599983215332,43.02999877929688,43.25,2054791
2025-12-08,43.060001373291016,43.97999954223633,41.77000045776367,42.13999938964844,3321525
2025-12-09,42.13999938964844,43.08000183105469,41.33000183105469,42.75,3016405
2025-12-10,42.68000030517578,43.7400016784668,42.43999862670898,42.619998931884766,2016485
2025-12-11,42.65999984741211,43.18999862670898,42.130001068115234,43.06999969482422,1670053
2025-12-12,43.18000030517578,43.61000061035156,42.650001525878906,42.869998931884766,2652185
2025-12-15,42.810001373291016,43.43000030517578,42.66999816894531,43.31999969482422,1609670
2025-12-16,43.2599983215332,43.34999847412109,42.38999938964844,42.52000045776367,2473376
2025-12-17,42.59999847412109,42.84999847412109,41.650001525878906,41.81999969482422,1880980
2025-12-18,41.83000183105469,42.0,41.11000061035156,41.40999984741211,2378215
2025-12-19,41.45000076293945,42.25,41.38999938964844,41.86000061035156,2047310
2025-12-22,42.27000045776367,43.65999984741211,42.060001373291016,42.63999938964844,2522216
2025-12-23,42.84000015258789,44.59999847412109,42.4900016784668,44.209999084472656,5775619
2025-12-24,44.209999084472656,44.43999862670898,43.400001525878906,43.630001068115234,2005146
2025-12-26,43.84999847412109,44.45000076293945,43.41999816894531,43.93999862670898,3249527
2025-12-29,43.93999862670898,44.09999847412109,42.61000061035156,42.84999847412109,2135430
2025-12-30,42.59999847412109,43.2400016784668,42.43999862670898,42.75,1361486
2025-12-31,42.75,43.65999984741211,42.75,43.38999938964844,1930459
2026-01-01,43.400001525878906,44.25,43.0099983215332,43.11000061035156,1587393
2026-01-02,43.25,44.2400016784668,42.56999969482422,43.77999877929688,2801698
2026-01-05,44.130001068115234,44.59999847412109,43.709999084472656,43.95000076293945,2415119
2026-01-06,43.709999084472656,43.95000076293945,43.150001525878906,43.38999938964844,1408855
2026-01-07,43.45000076293945,44.09000015258789,43.20000076293945,43.84000015258789,1753744
2026-01-08,43.5,44.29999923706055,42.5,42.75,2317464
2026-01-09,42.650001525878906,42.650001525878906,41.45000076293945,41.83000183105469,2791849
2026-01-12,41.83000183105469,41.83000183105469,40.45000076293945,41.06999969482422,3091153
2026-01-13,41.45000076293945,41.77000045776367,40.45000076293945,40.65999984741211,2220238
2026-01-14,40.65999984741211,41.18999862670898,40.59999847412109,40.91999816894531,1798496
2026-01-15,40.91999816894531,40.91999816894531,40.91999816894531,40.91999816894531,0
2026-01-16,41.0,41.2400016784668,40.0,40.16999816894531,3105149
2026-01-19,40.0,40.459999084472656,39.02999877929688,39.400001525878906,2876948
2026-01-20,39.380001068115234,39.5,37.470001220703125,37.619998931884766,4064871
2026-01-21,37.86000061035156,38.02000045776367,36.790000915527344,37.209999084472656,4173641
2026-01-22,37.540000915527344,38.38999938964844,37.540000915527344,38.16999816894531,1893826
2026-01-23,38.209999084472656,38.310001373291016,36.20000076293945,36.45000076293945,2988178
2026-01-27,36.5,36.70000076293945,35.5,35.9900016784668,4053932
2026-01-28,36.11000061035156,37.47999954223633,36.060001373291016,37.34000015258789,2124466
2026-01-29,37.34999847412109,37.630001068115234,36.22999954223633,36.70000076293945,2024197
2026-01-30,36.470001220703125,38.900001525878906,36.02999877929688,38.119998931884766,4443282
2026-02-02,36.790000915527344,37.09000015258789,35.0,36.310001373291016,4217838
2026-02-03,39.0,39.27999877929688,37.220001220703125,37.52000045776367,3467563
2026-02-04,37.45000076293945,38.43999862670898,37.150001525878906,38.119998931884766,2924843
2026-02-05,38.119998931884766,38.47999954223633,37.5,37.91999816894531,2356421
2026-02-06,37.900001525878906,38.04999923706055,37.11000061035156,37.77000045776367,2173506
2026-02-09,38.13999938964844,39.900001525878906,38.0099983215332,39.220001220703125,4607476
2026-02-10,39.68999862670898,40.95000076293945,39.52000045776367,40.209999084472656,4516648
2026-02-11,40.33000183105469,40.43999862670898,38.93999862670898,39.15999984741211,3420520
2026-02-12,39.04999923706055,39.04999923706055,37.5,37.7599983215332,2968249
2026-02-13,37.4900016784668,37.68000030517578,36.5,37.08000183105469,2496100
2026-02-16,36.93999862670898,37.040000915527344,36.5,36.91999816894531,1421706
2026-02-17,36.709999084472656,37.810001373291016,36.54999923706055,37.25,2412966
2026-02-18,37.27000045776367,37.900001525878906,37.0099983215332,37.720001220703125,1451016
2026-02-19,37.75,37.79999923706055,36.0,36.369998931884766,2285662
2026-02-20,36.369998931884766,36.630001068115234,35.91999816894531,36.08000183105469,2512780
2026-02-23,36.22999954223633,36.560001373291016,35.220001220703125,35.65999984741211,2470743
2026-02-24,35.209999084472656,35.790000915527344,34.40999984741211,34.689998626708984,3444685
2026-02-25,35.099998474121094,35.2400016784668,33.61000061035156,33.95000076293945,3596016
2026-02-26,34.040000915527344,34.540000915527344,33.20000076293945,33.38999938964844,5050581
2026-02-27,33.900001525878906,33.93000030517578,32.95000076293945,33.33000183105469,4588402
2026-03-02,32.5099983215332,33.56999969482422,32.349998474121094,33.34000015258789,4538647
2026-03-04,33.0,33.029998779296875,32.220001220703125,32.400001525878906,4442444
2026-03-05,32.97999954223633,33.54999923706055,32.25,33.310001373291016,5031947
2026-03-06,33.29999923706055,33.599998474121094,32.529998779296875,32.7400016784668,2190847
2026-03-09,32.599998474121094,32.599998474121094,31.21999931335449,32.34000015258789,4121885
2026-03-10,32.7400016784668,33.130001068115234,32.22999954223633,32.81999969482422,2667551
2026-03-11,32.31999969482422,33.47999954223633,32.29999923706055,32.470001220703125,3019539
2026-03-12,32.20000076293945,33.45000076293945,31.76000022888184,32.869998931884766,4304077
2026-03-13,32.70000076293945,32.70000076293945,31.0,31.100000381469727,4154283
2026-03-16,31.07999992370605,31.15999984741211,30.0,30.63999938964844,5893973
2026-03-17,30.61000061035156,31.170000076293945,30.440000534057617,30.6200008392334,3839634
2026-03-18,30.700000762939453,32.209999084472656,30.700000762939453,31.790000915527344,5031508
2026-03-19,31.450000762939453,31.450000762939453,30.200000762939453,30.299999237060547,3885598
2026-03-20,30.75,31.59000015258789,30.459999084472656,30.90999984741211,4762061
2026-03-23,30.600000381469727,30.600000381469727,29.020000457763672,29.209999084472656,6443624
2026-03-24,29.950000762939453,30.5,29.5,30.100000381469727,7112055
2026-03-25,30.5,31.3799991607666,30.350000381469727,30.51000022888184,5014141
2026-03-27,30.51000022888184,30.51000022888184,28.600000381469727,28.739999771118164,8620678
2026-03-30,28.549999237060547,29.1299991607666,27.3799991607666,27.520000457763672,7664217
2026-04-01,28.34000015258789,30.600000381469727,28.34000015258789,30.3700008392334,7880352
2026-04-02,30.0,30.170000076293945,28.61000061035156,29.93000030517578,5224341
2026-04-06,29.93000030517578,30.489999771118164,29.229999542236328,30.32999992370605,4239102
2026-04-07,30.39999961853028,30.82999992370605,29.89999961853028,30.36000061035156,2681514
2026-04-08,31.34000015258789,32.75,31.0,32.11000061035156,6917888
2026-04-09,31.86000061035156,33.029998779296875,31.549999237060547,32.04999923706055,4104763
2026-04-10,32.5,33.59000015258789,32.029998779296875,33.2400016784668,4666901
2026-04-13,32.54999923706055,35.15999984741211,31.75,33.650001525878906,6908472
2026-04-15,34.25,35.189998626708984,34.25,34.97999954223633,3848768
2026-04-16,35.540000915527344,36.08000183105469,35.0,35.63999938964844,4406566
2026-04-17,35.70000076293945,37.34999847412109,35.54999923706055,36.36000061035156,5076233
2026-04-20,36.04999923706055,36.77999877929688,35.65999984741211,35.88999938964844,5326795
2026-04-21,35.88999938964844,36.52000045776367,35.5099983215332,35.72999954223633,3488256
2026-04-22,35.54999923706055,36.4900016784668,35.54999923706055,36.290000915527344,3325178
2026-04-23,36.34999847412109,36.77000045776367,35.380001068115234,35.540000915527344,3866444
2026-04-24,35.560001373291016,35.97999954223633,34.02000045776367,34.20000076293945,3392057
2026-04-27,34.45000076293945,35.77000045776367,34.400001525878906,35.369998931884766,2787097
2026-04-28,34.650001525878906,35.599998474121094,34.650001525878906,35.06999969482422,1597552
2026-04-29,35.400001525878906,35.75,34.689998626708984,34.810001373291016,1960309
2026-04-30,34.5,34.88999938964844,34.119998931884766,34.43000030517578,1947589
2026-05-01,34.43000030517578,34.43000030517578,34.43000030517578,34.43000030517578,0
2026-05-04,34.689998626708984,35.099998474121094,34.220001220703125,34.40999984741211,2340024
2026-05-05,34.400001525878906,34.79999923706055,33.790000915527344,34.27000045776367,3437199
2026-05-06,34.4900016784668,35.11000061035156,34.150001525878906,34.7599983215332,4280880
2026-05-07,34.79999923706055,35.630001068115234,34.540000915527344,34.93000030517578,5389482
2026-05-08,34.900001525878906,34.95000076293945,34.25,34.41999816894531,4827186
2026-05-11,34.15999984741211,34.209999084472656,33.2599983215332,33.36000061035156,3181871
2026-05-12,33.29999923706055,33.52000045776367,31.81999969482422,32.13999938964844,3833978
2026-05-13,32.4900016784668,32.720001220703125,31.959999084472656,32.58000183105469,2521077
2026-05-14,32.5,32.86000061035156,31.90999984741211,32.790000915527344,2403096
2026-05-15,32.869998931884766,32.93000030517578,32.119998931884766,32.220001220703125,2320952
2026-05-18,31.799999237060547,31.989999771118164,31.0,31.39999961853028,3946798
2026-05-19,31.39999961853028,32.33000183105469,31.39999961853028,32.18000030517578,2383642
2026-05-20,31.799999237060547,31.979999542236328,31.39999961853028,31.780000686645508,2157188
2026-05-21,32.150001525878906,32.54999923706055,31.959999084472656,32.06999969482422,1687358
2026-05-22,32.06999969482422,32.25,31.76000022888184,31.81999969482422,1844670
2026-05-25,32.0,32.47999954223633,31.39999961853028,31.51000022888184,5332289
2026-05-26,31.51000022888184,31.950000762939453,31.31999969482422,31.459999084472656,2788735
2026-05-27,31.5,32.72999954223633,30.75,31.270000457763672,19196465
2026-05-28,31.270000457763672,31.270000457763672,31.270000457763672,31.270000457763672,0
2026-05-29,31.5,32.45000076293945,31.100000381469727,31.229999542236328,6975058
2026-06-01,31.6299991607666,31.65999984741211,29.959999084472656,30.15999984741211,7311606
2026-06-02,30.200000762939453,31.1200008392334,29.81999969482422,30.270000457763672,7581394
2026-06-03,30.51000022888184,30.51000022888184,28.86000061035156,29.790000915527344,8115944
2026-06-04,30.020000457763672,30.350000381469727,29.489999771118164,29.989999771118164,6224371
2026-06-05,30.25,33.900001525878906,30.200000762939453,33.40999984741211,120462933
2026-06-08,33.04999923706055,34.38999938964844,31.56999969482422,31.8700008392334,27142890
2026-06-09,32.040000915527344,32.38999938964844,31.39999961853028,31.920000076293945,9877722
2026-06-10,32.11000061035156,32.349998474121094,30.299999237060547,30.39999961853028,9006388
2026-06-11,30.549999237060547,30.57999992370605,29.299999237060547,29.71999931335449,8447135
2026-06-12,30.21999931335449,31.700000762939453,30.0,31.51000022888184,12005065
2026-06-15,32.20000076293945,33.349998474121094,32.0,32.540000915527344,10253414
2026-06-16,32.900001525878906,34.279998779296875,32.459999084472656,33.7599983215332,14736775
2026-06-17,33.900001525878906,35.040000915527344,33.43000030517578,34.20000076293945,11422654
2026-06-18,34.29999923706055,34.83000183105469,34.150001525878906,34.540000915527344,7084918
2026-06-19,34.400001525878906,35.130001068115234,33.79999923706055,33.97999954223633,11302310
2026-06-22,34.11000061035156,34.650001525878906,34.029998779296875,34.119998931884766,4026855
2026-06-23,34.25,34.25,32.81999969482422,33.08000183105469,3817123
2026-06-24,33.150001525878906,33.33000183105469,32.65999984741211,33.16999816894531,3515782
2026-06-25,33.33000183105469,33.470001220703125,32.41999816894531,32.630001068115234,2799653
2026-06-26,32.630001068115234,32.630001068115234,32.630001068115234,32.630001068115234,0
2026-06-29,32.349998474121094,32.400001525878906,31.299999237060547,31.39999961853028,3820265
2026-06-30,31.479999542236328,31.790000915527344,31.25,31.59000015258789,2256830
2026-07-01,31.600000381469727,33.7400016784668,31.600000381469727,32.70000076293945,8560181
2026-07-02,32.959999084472656,33.31999969482422,32.54999923706055,33.11000061035156,3592255
2026-07-03,33.22999954223633,33.619998931884766,32.75,32.959999084472656,2144583
2026-07-06,33.189998626708984,33.189998626708984,32.130001068115234,32.459999084472656,2430118
2026-07-07,32.599998474121094,32.599998474121094,31.6299991607666,31.90999984741211,2292121
2026-07-08,31.739999771118164,31.809999465942383,30.709999084472656,30.959999084472656,3722220
2026-07-09,30.959999084472656,31.459999084472656,30.61000061035156,30.75,3400582
2026-07-10,31.0,31.600000381469727,31.0,31.170000076293945,2452077
2026-07-13,30.979999542236328,32.27000045776367,30.799999237060547,31.790000915527344,4695754
2026-07-14,31.780000686645508,32.720001220703125,31.3700008392334,31.959999084472656,3961543
2026-07-15,32.02000045776367,32.25,31.559999465942383,31.76000022888184,2731698
2026-07-16,31.440000534057617,31.6200008392334,30.14999961853028,30.309999465942383,8598783
2026-07-17,30.31999969482422,30.420000076293945,29.5,30.0,4021912
2026-07-20,30.0,30.040000915527344,29.61000061035156,29.88999938964844,2276235
2026-07-21,29.86000061035156,30.030000686645508,29.450000762939453,29.559999465942383,2470076
2026-07-22,29.450000762939453,29.559999465942383,28.709999084472656,28.76000022888184,3597831
2026-07-23,28.600000381469727,28.690000534057617,28.040000915527344,28.1299991607666,3934272
2026-07-24,28.0,28.850000381469727,27.780000686645508,28.6200008392334,3407920
2026-07-27,28.89999961853028,29.100000381469727,28.6200008392334,28.850000381469727,2570517
2026-07-28,28.75,29.14999961853028,28.6200008392334,28.86000061035156,2128595
2026-07-29,29.01000022888184,29.5,28.770000457763672,29.239999771118164,2903038
2026-07-30,29.39999961853028,29.450000762939453,28.81999969482422,29.290000915527344,2277130
2026-08-03,29.559999465942383,29.8700008392334,29.25,29.3799991607666,2035411
2026-08-04,29.350000381469727,30.25,29.209999084472656,30.049999237060547,3520378
2026-08-05,30.1299991607666,30.299999237060547,29.39999961853028,29.600000381469727,2252114
2026-08-06,29.5,30.190000534057617,29.290000915527344,29.90999984741211,2837897
2026-08-07,29.76000022888184,29.790000915527344,29.450000762939453,29.559999465942383,1240544
2026-08-10,29.43000030517578,29.51000022888184,29.01000022888184,29.31999969482422,1639397
2026-08-11,29.25,29.489999771118164,29.020000457763672,29.13999938964844,1551330
2026-08-12,29.09000015258789,29.1200008392334,28.56999969482422,28.709999084472656,2435163
2026-08-13,28.63999938964844,29.32999992370605,28.6200008392334,29.01000022888184,1987198
2026-08-14,28.979999542236328,29.3700008392334,28.739999771118164,29.01000022888184,1774237
2026-08-17,29.100000381469727,29.450000762939453,28.799999237060547,28.950000762939453,2121270
2026-08-18,29.0,29.0,28.34000015258789,28.51000022888184,2751991
2026-08-19,28.450000762939453,28.600000381469727,27.809999465942383,28.06999969482422,6499973
2026-08-20,28.239999771118164,31.239999771118164,28.049999237060547,30.59000015258789,45466707
2026-08-21,30.690000534057617,30.709999084472656,29.799999237060547,29.86000061035156,4656117
2026-08-24,30.0,31.68000030517578,29.93000030517578,30.34000015258789,7865189
2026-08-25,30.34000015258789,31.489999771118164,29.989999771118164,30.36000061035156,5965758
2026-08-26,30.479999542236328,30.940000534057617,30.309999465942383,30.450000762939453,1859200
2026-08-27,30.440000534057617,30.450000762939453,28.979999542236328,29.13999938964844,5882491
2026-08-28,29.350000381469727,29.420000076293945,28.459999084472656,28.799999237060547,4622088
