Date,Open,High,Low,Close,Volume
2009-09-01,53.74774880615632,55.02312089771931,51.01481427429479,51.72537612915039,900851
2009-09-02,49.64834063099018,54.20323438811592,49.64834063099018,51.780029296875,1738699
2009-09-03,51.92579852194892,53.346925701997655,51.74360154351134,52.43594741821289,1075973
2009-09-04,52.836767227166014,52.873205955407386,50.37712663726577,51.48851776123047,591842
2009-09-07,52.83676351653767,52.90964096790237,51.56139490085263,52.30839538574219,612617
2009-09-08,53.16472011005374,54.239675830693045,51.01481197297616,51.65249633789063,650534
2009-09-09,51.051251555573934,52.83676912887138,50.32246705191315,51.397422790527344,433440
2009-09-10,52.217306440159206,53.12828463209531,49.37505236662977,50.24959182739258,737398
2009-09-11,50.796171353121885,50.97836828431469,48.68270215060864,49.24750900268555,289027
2009-09-14,48.82846005803975,49.44792503634801,47.953920682039694,48.24543380737305,221258
2009-09-15,48.646266651746856,52.47237959104453,48.2454373143524,50.12205505371094,1200407
2009-09-16,50.887275162042094,52.636354046814624,50.83261706643067,52.16264724731445,1380426
2009-09-17,52.8003292645015,55.16887306814095,52.47237740137307,52.89142608642578,1520588
2009-09-18,53.201169232875166,54.00283133885691,52.81855920001642,53.5655632019043,603979
2009-09-22,52.83676334758155,54.29432889121821,52.83676334758155,53.1464958190918,524362
2009-09-23,53.20115412139275,53.36513169129914,51.19700107780741,51.28810119628906,337488
2009-09-24,50.504654622240906,52.4723687819854,49.55723791725299,51.70714569091797,633269
2009-09-25,50.28602112435504,53.20115211332042,50.28602112435504,52.618125915527344,420564
2009-09-29,53.0371837035037,54.07569737425193,52.67279311574297,53.34691619873047,495455
2009-09-30,53.03718958148216,57.71961956138256,53.03718958148216,55.89766311645508,3875825
2009-10-01,56.48068282694472,57.13658654161295,54.713384687632505,55.2053108215332,2718186
2009-10-05,55.02311752831119,55.02311752831119,53.01896433932571,53.34691619873047,484473
2009-10-06,54.22145554250563,54.22145554250563,49.41148723247999,51.26988220214844,995099
2009-10-07,52.41771878497758,53.20115805410804,50.304246103823104,50.65041732788086,740424
2009-10-08,51.360982944629946,51.56139925701575,49.73943968956512,50.012733459472656,712313
2009-10-09,50.88727632398444,51.3609864385023,48.09968034213922,48.810245513916016,1174490
2009-10-12,49.33861318979176,50.17671391181089,48.46407373692847,49.44792938232422,496846
2009-10-13,49.33860397338867,49.33860397338867,49.33860397338867,49.33860397338867,0
2009-10-14,50.28602797091506,52.763891301002815,49.99451483232833,51.01481246948242,7750510
2009-10-15,51.56139676577346,53.929940454399535,50.1038278605565,50.960147857666016,12378786
2009-10-16,51.70715346094698,53.38335478610085,51.19700465690868,52.12620544433594,4085227
2009-10-20,56.51713151565078,59.68734107173392,55.84300831811211,56.71754455566406,9129437
2009-10-21,57.02727035388171,57.02727035388171,53.92994211715126,54.40365219116211,2560390
2009-10-22,54.56763352843278,55.89766379805262,52.6181381921521,53.00075149536133,2188064
2009-10-23,53.78417621638479,55.89764857922188,53.71129877054916,54.38542175292969,2128578
2009-10-26,54.658732271800886,55.36929415245046,52.12621066623718,52.8549919128418,1876421
2009-10-27,52.836768624316285,52.836768624316285,49.39326906403952,51.63427734375,2739941
2009-10-28,51.70715531022148,51.92579099180026,49.047098314316415,50.9965934753418,1521634
2009-10-29,49.55724739283918,50.832616150941135,48.30009469541181,49.52080535888672,631246
2009-10-30,50.10382213388566,51.37919395413028,47.00649765086403,47.75349807739258,719801
2009-11-03,47.35268235333093,47.35268235333093,41.90502895291424,42.74312973022461,949987
2009-11-04,44.82015643292881,46.78787097238629,43.50834563855679,46.24128341674805,1634090
2009-11-05,46.27772712594749,46.33238522655219,43.81808286092294,44.965919494628906,1163522
2009-11-06,45.87689032655375,50.06739359113518,45.87689032655375,48.8466796875,2731892
2009-11-09,49.81231923445609,50.77795543563333,48.64626342158795,50.28602600097656,1319896
2009-11-10,50.90548738254635,51.288100606528005,48.53694380487244,49.229286193847656,489142
2009-11-11,49.22929509684188,50.97837735664511,48.68271081439241,50.413570404052734,1087547
2009-11-12,51.03303392316127,53.87528796677943,49.95807814805671,50.88727569580078,3367895
2009-11-13,51.92578466881714,51.92578466881714,48.68270178641169,49.26572799682617,1126785
2009-11-16,49.484357167484326,51.92578133182302,49.484357167484326,51.70714569091797,1227819
2009-11-17,51.88935804891369,52.6910201013028,49.55725266320098,50.668643951416016,4015506
2009-11-18,50.97836671420362,52.10798038356583,50.30424040249354,51.81646728515625,927210
2009-11-19,51.0148075485321,52.59990864110872,50.32246184604745,51.06946563720703,1499330
2009-11-20,50.668641338262965,53.38335989545046,50.37713148428448,52.65457534790039,4410688
2009-11-23,52.83677221279511,53.51089535727204,51.780035777278826,52.47238159179688,1501144
2009-11-24,52.47237049806989,52.83676104202855,50.30423998790469,50.57753372192383,1032278
2009-11-25,50.88727484871151,51.54318190461344,50.50466487758625,50.74151992797852,2434687
2009-11-26,51.01481069552816,51.23344636791578,48.66448299971282,49.047096252441406,1621256
2009-11-27,48.09967554057606,49.08353440263744,45.5853769024212,46.80608749389648,2817390
2009-11-30,49.1564093254941,49.1564093254941,46.78786571976598,47.3526725769043,1693065
2009-12-01,48.09967559260591,49.13819254719388,47.55309137378168,48.24543380737305,1600833
2009-12-02,48.64626334145814,49.37504781027516,47.42555274299558,47.80816268920898,1267342
2009-12-03,48.28187211238131,49.15641148072612,47.02472280294841,47.225135803222656,1584105
2009-12-04,47.4073318972425,47.99035813239165,46.87896375210094,47.48020935058594,786311
2009-12-07,47.51664894400063,50.0673894179832,47.20691317477787,47.6259651184082,3958166
2009-12-08,48.75557823438635,49.33860443281545,47.82638085017757,49.101749420166016,1624510
2009-12-09,48.82846058005378,49.70299996540334,48.51872808758837,49.047096252441406,882006
2009-12-10,49.19284761038721,49.73943509976491,48.70092151330785,49.24750900268555,666436
2009-12-11,49.24751670164858,50.77795992864296,49.22929403189988,49.83053970336914,1563404
2009-12-14,49.921633951733085,50.74151521734523,49.41148516812542,50.35890197753906,1156553
2009-12-15,50.6321983381862,51.67071532224199,49.739439573033415,50.23136901855469,1572398
2009-12-16,50.28603045789113,51.63428002961,49.93985920823663,50.06739807128906,978985
2009-12-17,50.286030267559696,50.286030267559696,48.46407389423118,48.82846450805664,348598
2009-12-18,48.35475232803602,49.4661467916381,47.93570363569807,48.31831359863281,513330
2009-12-21,49.19285252291134,49.42970756585472,46.76965060832367,47.115821838378906,3765288
2009-12-22,47.48020673356,47.917478037920645,47.04293873340001,47.206912994384766,598395
2009-12-23,47.48020691499745,48.09967184504167,47.44376819019493,47.6259651184082,502548
2009-12-24,47.58953228691229,48.28187475229861,47.18869965604563,47.49843215942383,632753
2009-12-29,48.73736573207817,49.19285315509881,47.55309380634298,47.698848724365234,1122064
2009-12-30,48.46406122512389,48.46406122512389,47.461983168808,47.8445930480957,579263
2009-12-31,48.391196193030616,48.79202553583656,47.95392481524123,48.628047943115234,626789
2010-01-04,48.82846021196436,49.19285079372951,48.50050835795563,49.06531524658203,444952
2010-01-05,49.24751229731245,49.55724478812063,48.20899533717857,48.44585037231445,599891
2010-01-06,48.82846376460368,52.691015446627205,48.39119569551113,52.16264724731445,2929073
2010-01-07,52.89142723782168,53.110062919400455,50.46822528827686,50.9965934753418,1132000
2010-01-08,51.56140786927533,53.92995206795604,51.10591707528216,52.43594741821289,2576153
2010-01-11,52.87321156719339,55.36929445446186,52.50882094190351,53.87528991699219,3042632
2010-01-12,53.92994748006269,54.16680254062149,52.144429799236754,52.65457534790039,1468693
2010-01-13,52.39949957983111,52.80032889771453,50.46822383904518,52.50881576538086,505805
2010-01-14,52.90965185099131,54.25790149956587,52.6545774145474,53.9846076965332,1078124
2010-01-15,54.36721643882901,56.69932174174051,53.56555771910418,55.71546936035156,3040856
2010-01-18,55.16887599137433,57.664958782168725,55.16887599137433,56.02519607543945,1988256
2010-01-19,55.02311941213674,56.480685117283286,54.14857998904881,54.69516754150391,1123669
2010-01-20,55.02311768557529,57.02727088028894,54.69516582523321,56.00697326660156,1866000
2010-01-21,55.023119057056505,56.4078072940602,51.5614001166478,53.27404022216797,1791612
2010-01-22,51.014806595251,54.07569254585756,50.55931592306992,52.56346893310547,989579
2010-01-25,51.743594415988845,53.14650203536773,49.92163809938825,50.97837448120117,1317543
2010-01-27,51.52496323871247,51.52496323871247,47.88105028684869,48.48229598999024,690936
2010-01-28,48.86490202513187,50.7961778475727,47.48021376195168,48.06324005126953,666885
2010-01-29,48.46406613145609,49.95807038261811,46.7878649504643,49.26572799682617,1056579
2010-02-01,49.15641965322464,50.43179184255666,48.64627077749183,49.46615219116211,1352158
2010-02-02,50.06739129145298,50.28602364844912,46.1866206959606,46.89718246459961,985436
2010-02-03,47.735279972114384,50.10382345235273,47.261573258587056,48.73735809326172,1240695
2010-02-04,48.50051082591719,48.68270777817136,46.64211248636806,47.079383850097656,379719
2010-02-05,46.6421148228044,46.6421148228044,44.20069338298655,44.89303588867188,532140
2010-02-08,47.735288176553375,48.75558583496019,46.66033242306072,48.06324005126953,996603
2010-02-09,48.60982990539132,48.60982990539132,47.334461076374005,47.55309677124024,646191
2010-02-10,48.71914234476721,48.88311661400351,47.2251347331872,47.51665115356445,509525
2010-02-11,48.28187286854331,48.28187286854331,46.86074595970103,47.188697814941406,466607
2010-02-15,47.38911652931535,48.09967836772346,44.601520661896544,45.02057266235352,695106
2010-02-16,46.27772043090114,47.51665371971049,45.0570098105252,47.15225982666016,1027519
2010-02-17,47.88103688940768,48.82845359529444,47.46198496859207,48.37296295166016,935791
2010-02-18,48.46407389423118,49.848762191809385,48.11790264588693,48.82846450805664,620528
2010-02-19,48.500521387195086,49.01067032123388,46.66034201174123,46.95185852050781,413944
2010-02-22,47.73528556680038,47.99035996745682,45.62181620961967,45.94976806640625,251643
2010-02-23,46.16839763523508,47.0064981825322,45.2574196414427,45.65824890136719,350227
2010-02-24,45.54894247825535,46.20484959724694,44.89303866346521,45.36674880981445,226145
2010-02-25,44.45575494328153,45.87688157906448,44.32821611595983,44.56507110595703,303938
2010-02-26,44.82014538587356,47.298008140421786,44.63794847750079,44.78370666503906,927914
2010-03-02,44.82015107904528,45.84044860881311,44.82015107904528,45.09344482421875,449359
2010-03-03,45.07522252344806,46.13195870980002,45.07522252344806,45.23919677734375,551941
2010-03-04,45.54893470782915,46.241280442398114,45.29386361552579,45.58537673950195,752528
2010-03-05,45.913336071691134,47.188704957809655,45.913336071691134,46.20484924316406,747862
2010-03-08,46.7332131873763,48.64626634058739,46.7332131873763,48.06324005126953,1095051
2010-03-09,48.354755935150486,51.85291717342418,48.354755935150486,50.796180725097656,3945152
2010-03-10,50.97837024574885,51.67071266335866,49.64834019652904,50.35890197753906,1734123
2010-03-11,50.63219176662551,51.907563625742334,50.468217508868,51.196998596191406,1226379
2010-03-12,51.01480747702723,52.03510171013135,51.01480747702723,51.68893051147461,1308349
2010-03-15,51.74359615960209,51.74359615960209,49.35683284183996,50.86905670166016,483855
2010-03-16,50.86905337877796,51.17878587672072,49.84875906326092,50.23136901855469,417295
2010-03-17,50.46822592719337,50.61398084729039,49.3750508096612,49.502586364746094,298678
2010-03-18,49.55725032948348,50.65042219940629,49.37505336572903,49.77588272094727,316261
2010-03-19,49.90342214380684,50.41357100465203,48.82846632364049,49.13819885253906,198811
2010-03-22,49.01066604142648,49.33861795489855,47.73529381770009,47.97214889526367,198944
2010-03-23,48.42763021455666,48.75558206390702,47.00650333123783,47.44377136230469,309788
2010-03-25,47.370898927851314,51.03303435805187,47.370898927851314,50.06739807128906,844807
2010-03-26,50.65041210697749,50.65041210697749,48.82845604927493,49.08353042602539,215194
2010-03-29,49.04709833648883,49.466147030853264,48.57338824355417,48.919559478759766,262742
2010-03-30,49.010656635115375,49.24751166722084,48.099675234063454,48.66448211669922,233007
2010-03-31,48.828467257829104,49.04710296011732,48.30009902071649,48.48229598999024,147757
2010-04-01,48.82846192776932,49.90341765116083,48.82846192776932,49.59368515014648,253122
2010-04-05,49.92163994263168,51.70715759533059,49.739442982563965,50.24959182739258,586696
2010-04-06,50.75973569107556,50.75973569107556,49.73943810154199,49.90341567993164,193154
2010-04-07,49.92163903994855,52.80033179259876,49.666564622146495,51.54318237304688,3331659
2010-04-08,51.16056494096942,52.782108142429,51.06946812207874,51.56139755249024,973006
2010-04-09,51.743591039798666,52.290178559955066,50.83261294093829,51.1423454284668,367066
2010-04-12,50.777960827641984,51.48852270497628,49.52080806160251,49.81232452392578,304616
2010-04-13,49.95808043159981,50.77796182445053,49.55725107038898,49.739444732666016,549112
2010-04-15,50.12205490646098,52.071546796471694,50.12205490646098,50.74151992797852,795184
2010-04-16,50.83261992313364,51.17879118566136,49.11997967252139,49.739444732666016,488226
2010-04-19,49.33860651402394,49.903413374089446,48.700922202130826,48.974212646484375,497245
2010-04-20,49.338610006282806,50.50466253486252,48.48228997409451,49.63012313842773,1131936
2010-04-21,49.88519415539453,50.26780408279671,48.57338349770014,48.992435455322266,807916
2010-04-22,48.99244135696917,49.57546765190917,48.50051188805068,48.86490249633789,295526
2010-04-23,49.15640718290072,49.7029946533523,48.30008725308666,48.50050354003906,440797
2010-04-26,49.11997393749306,49.77587765351271,48.464070221473406,48.609825134277344,312154
2010-04-27,48.24542756459149,48.97420863152282,48.24542756459149,48.39118576049805,295702
2010-04-28,47.99035548724721,48.11789432776933,46.75142563189313,47.206912994384766,428969
2010-04-29,47.6441887466377,48.06323742358696,45.73113239381488,45.94976806640625,1029892
2010-04-30,46.47813203957104,47.55308763733681,45.967983284271966,46.36881256103516,688222
2010-05-03,47.37089918869886,47.37089918869886,45.14811014572827,45.51250076293945,897072
2010-05-04,45.7311316493896,46.8060873266145,45.25742488805388,45.58537673950195,783401
2010-05-05,45.18453900562083,45.18453900562083,41.905017558790526,44.82014846801758,573263
2010-05-06,44.82015413187417,45.27564483958831,44.018492204481774,44.72905731201172,259112
2010-05-07,44.45575850842085,44.45575850842085,43.0892898443914,43.74519348144531,399971
2010-05-10,44.091374778348175,45.53071780818856,44.091374778348175,45.03879165649414,509993
2010-05-11,45.18454633440484,45.239204428280615,44.18247136741253,44.43754577636719,618636
2010-05-12,44.78371700844813,44.82015573769864,44.07315187545993,44.43754577636719,2275287
2010-05-13,44.82014835407007,46.58744625678339,44.65617079525521,45.65824890136719,1190568
2010-05-14,45.9133295395215,45.9133295395215,43.72697941242968,44.073150634765625,389080
2010-05-17,43.72697670035503,44.45576113225129,42.01433675480962,43.61766052246094,183085
2010-05-18,43.4172393446993,44.4010980519486,41.94145458802574,42.43338394165039,1569829
2010-05-19,41.90501717596093,42.97997272148065,41.74103961822722,42.34228515625,364591
2010-05-20,42.94353388670076,44.091370267766045,42.6520207767701,43.016414642333984,584064
2010-05-21,42.72489726462376,42.72489726462376,40.59320558955192,41.15801239013672,445846
2010-05-24,42.08722432398193,42.41517954490208,39.35428948185927,39.59114456176758,714448
2010-05-25,39.35427448916665,39.59112947884095,36.73065685072893,37.07682800292969,297123
2010-05-26,37.532323655506666,38.62549874042258,36.1658581035628,38.060691833496094,1180701
2010-05-27,38.80769800770632,40.0830668134989,38.37042662593665,39.17208862304688,591531
2010-05-28,39.88265391025566,41.504193970624726,39.57292139067051,41.21268081665039,793218
2010-05-31,41.21267588807424,41.68638594570757,37.987812214403405,38.80769348144531,958946
2010-06-01,39.08099522434834,40.1923898376454,38.26111378974225,38.37042999267578,620512
2010-06-02,38.58906684967743,39.208531959782086,36.73067151936346,37.49589157104492,837935
2010-06-03,38.078912967256166,38.716600665887206,37.02217986637849,37.149715423583984,613435
2010-06-04,37.16792771685429,38.11534774977448,36.89463398492739,37.550540924072266,699591
2010-06-07,36.47558913178242,37.14971219831634,36.07475652124802,36.69422149658203,441282
2010-06-08,36.80354690551758,37.36835388053902,36.58491120133476,36.80354690551758,373612
2010-06-09,37.16793543958666,38.989895132398544,37.16793543958666,38.5526237487793,2127171
2010-06-10,38.98989405100095,39.08099087664451,37.6052057802131,37.80562210083008,499674
2010-06-11,38.1335706731469,38.42508712360858,37.40478945959612,37.80562210083008,523283
2010-06-14,38.07891380022063,38.88057580422343,36.94929990917153,37.93315887451172,1024902
2010-06-15,38.2611079060583,40.73897119599345,38.09713032267248,38.8987922668457,5017161
2010-06-16,39.4818197701911,40.611433612287264,38.80769665959867,39.66401672363281,1889233
2010-06-17,39.71867692890337,39.973751355595,37.71452355135597,37.91493988037109,1650240
2010-06-18,37.9331560482178,38.80769544991555,37.9331560482178,38.49796295166016,814866
2010-06-21,38.98989349146786,39.7186746945601,38.27932834904177,39.244964599609375,697067
2010-06-22,38.989892045747496,39.71867322181699,38.09712998355084,39.5546989440918,586173
2010-06-23,39.88265199100993,42.99819970674618,39.88265199100993,42.56092834472656,5318285
2010-06-24,42.81599983134877,43.85451676707541,42.63380289224911,43.34436798095703,3479229
2010-06-25,43.43546837475417,43.654104058835415,42.724906531741546,43.14395523071289,1202482
2010-06-28,43.180390571131646,44.382881782884,42.88887744997348,44.164249420166016,1443786
2010-06-29,44.16425023204438,44.96591215601665,42.6338038396789,42.87065887451172,1197405
2010-06-30,42.797778073025896,43.12572990169343,41.72282247047073,42.6338005065918,727277
2010-07-01,42.96175535732407,43.65409773505318,41.54062857296372,43.28970718383789,746402
2010-07-02,43.3079328198241,44.01849466283674,42.99820031079281,43.14395523071289,768081
2010-07-05,43.14395708888327,43.36259278238095,42.67024697033851,43.052860260009766,186434
2010-07-06,43.49011970854485,43.72697472079351,42.85243542462968,43.52656173706055,274929
2010-07-07,43.36258820182845,44.36466312618788,42.72490385867236,43.4901237487793,766439
2010-07-08,44.25583045222123,45.30690765026127,44.25583045222123,44.80902862548828,819642
2010-07-09,45.21470663613327,45.32534827951353,43.99767196809367,44.45867156982422,633939
2010-07-12,44.255827262182336,44.95654311425802,43.887029621308976,44.20050811767578,241301
2010-07-13,44.53242954234143,45.65726560512829,43.702632282375895,45.306907653808594,917039
2010-07-14,45.71258258202688,47.20621624134372,44.403349419774536,44.73526763916016,1021600
2010-07-15,44.90123390158361,45.731031285216176,44.7905955880981,45.15939331054688,2248412
2010-07-16,45.528185844871416,46.02606488714834,44.809030200838855,45.36222839355469,626979
2010-07-19,44.88279377719052,45.45443174669555,44.62463771472323,45.01187515258789,244403
2010-07-20,45.01186885098728,46.13670491377414,45.01186885098728,45.306907653808594,647909
2010-07-21,45.54662890584776,45.87854715264458,44.99343071313192,45.36222839355469,250058
2010-07-22,45.343792546310205,45.36223226469679,44.550874623196016,44.86435317993164,283272
2010-07-23,45.3622348320036,45.65727368705056,44.2927177283969,44.56931686401367,303064
2010-07-26,44.67994907971028,45.14094531217742,43.33383312504691,43.62887191772461,203812
2010-07-27,43.64732150087407,44.495558639609015,42.90972602450866,43.57356262207031,808579
2010-07-28,44.05299845915923,44.05299845915923,43.149438890246834,43.33383941650391,262580
2010-07-29,43.35227729716968,43.66575583760496,42.67000106401585,43.02035903930664,302750
2010-07-30,43.02035927902451,44.97499274640231,42.74376017190347,44.2927131652832,419746
2010-08-02,45.17782866991991,45.54662970094412,43.88703509382548,44.12675476074219,496651
2010-08-03,44.62463423592112,44.99343192628776,43.92391494564469,44.27427291870117,251646
2010-08-04,44.58774671314901,44.58774671314901,43.241634116075474,43.481353759765625,257203
2010-08-05,44.2927100856433,45.95230461297915,43.62887361237426,44.05299377441406,1580499
2010-08-06,43.88703123687328,44.606186830257954,42.430276990426485,42.633113861083984,883206
2010-08-09,43.07567540326455,47.15089950929397,42.92815767339147,46.689903259277344,3494328
2010-08-10,47.64878155189058,47.64878155189058,45.63882894600633,46.04450607299805,2160007
2010-08-11,46.09982648173448,49.95377434193762,45.47286938467505,48.718299865722656,9924552
2010-08-12,48.6814185511744,50.08285387487439,47.77786231419392,48.9026985168457,6915945
2010-08-13,48.976453832674345,51.92684181195276,48.10977381058792,50.802005767822266,4126614
2010-08-16,51.35521301600629,53.254524150558055,49.12398024893042,50.59917449951172,4797167
2010-08-17,50.525416288586825,52.00061055860062,49.78781748149801,51.373653411865234,1715644
2010-08-18,52.00060747250593,52.2218874359166,50.63605159966442,51.65024948120117,1903871
2010-08-19,52.00060735549085,52.332525627778125,50.30413321343267,51.779327392578125,2499248
2010-08-20,51.63181197660312,52.9226056875404,50.70981264688932,52.11124801635742,1232540
2010-08-23,52.55380518102916,53.29140059277046,51.70556811661216,52.14812469482422,840372
2010-08-24,52.36940596067657,52.62756536446656,50.156616326162485,50.543853759765625,735401
2010-08-25,50.4516535458802,50.54385213564127,48.73673971134295,49.10553741455078,647189
2010-08-26,48.386378255125486,50.15661458304398,48.386378255125486,48.718299865722656,544760
2010-08-27,48.97646523514928,50.709815650383206,47.27999091605807,47.90694808959961,1253736
2010-08-30,48.44169991593231,48.84737704697141,46.523945877921314,47.0587043762207,1146586
2010-08-31,45.3622262592753,47.57501892602739,45.3622262592753,46.92961883544922,760272
2010-09-01,47.98070267732641,49.01334029017817,46.02606910680768,48.77362060546875,702655
2010-09-02,49.197737186274125,51.5949306751259,47.98070239553484,50.91265106201172,1329462
2010-09-03,51.2630008389905,51.52116019930817,49.8800088043672,50.89420318603516,738052
2010-09-06,51.55804522841924,52.36939943156,50.96796427606456,51.33676528930664,1476292
2010-09-07,51.631807574360856,51.70556644431671,49.99065265286222,50.1934928894043,471986
2010-09-08,49.06865833293438,52.55380518102916,48.12822267809062,52.14812469482422,1994168
2010-09-09,52.6275682513281,53.03324876989308,51.705572241024576,52.2772102355957,1282135
2010-09-13,53.27296140983089,53.27296140983089,51.4474092360611,51.65024948120117,1084982
2010-09-14,52.074358350822735,52.074358350822735,50.54384524851943,50.89420318603516,424664
2010-09-15,51.189253054653086,53.18076616223893,50.56229590570573,51.26301193237305,908441
2010-09-16,51.521162183614045,53.40203664003692,50.894205146194174,51.07860565185547,1718846
2010-09-17,51.59493355813287,51.85309297425498,50.1750584415431,50.37789535522461,636060
2010-09-20,50.52541668383676,51.85309320931723,49.990658129742734,51.52117156982422,980620
2010-09-21,52.03748135968665,52.664438402354136,50.83888642326413,51.22612380981445,1345050
2010-09-22,51.28144930590005,51.77932839606168,50.54385387411454,50.93109130859375,756186
2010-09-23,51.26300244222168,51.63180345087424,50.47008796519406,50.94952392578125,432534
2010-09-24,50.21192859680255,51.41052351451535,50.21192859680255,50.94952392578125,341289
2010-09-27,50.949530379443786,51.63180999095961,50.34101298549971,50.5254135131836,924092
2010-09-28,50.52541205732954,51.02329112681544,49.88001524527806,50.857330322265625,537667
2010-09-29,50.85733243424794,53.77084141254448,50.61761274846035,50.93109130859375,6316929
2010-09-30,51.07860800647219,53.107000285598126,51.00484579430943,51.90840530395508,2733582
2010-10-01,51.63181062942062,55.46731556819751,51.63181062942062,53.69708251953125,6244106
2010-10-04,54.36091931166019,56.57371230413741,53.40204390886312,53.95524215698242,4585855
2010-10-05,53.54956332826285,55.26447728208527,53.10700672246302,54.39780044555664,1306399
2010-10-06,54.766597747802734,55.6885936785548,53.660201293234834,54.766597747802734,2049871
2010-10-07,54.58219553176063,55.37511341217306,54.02899732162763,54.8403549194336,1029076
2010-10-08,54.582199853744434,55.22759670194959,53.66020387857082,54.85879898071289,1068913
2010-10-11,57.3113069370971,61.03617687254531,55.70703471532505,56.44463348388672,3186788
2010-10-12,56.7765487133865,56.94251286820159,54.58219880290286,54.82191848754883,1654911
2010-10-13,55.30135226499207,55.577951375393134,54.58219658444742,54.877235412597656,819406
2010-10-14,54.67440182453547,55.31980205676229,54.04744465646502,54.34248352050781,1477816
2010-10-15,54.30560324750244,54.526883228181205,52.48005093127142,52.79352951049805,680164
2010-10-18,52.99636447766352,52.99636447766352,50.45165331445855,51.24456787109375,787095
2010-10-19,51.57648088105375,51.70556223713688,49.52964899718111,49.93532943725586,547089
2010-10-20,49.9353418434554,49.9353418434554,48.57078580046841,49.21618270874024,730802
2010-10-21,49.47433548532832,51.26300820496337,49.27149858634699,49.75093460083008,1440688
2010-10-22,49.97220930621416,51.41052388671521,49.56652886259195,51.07860565185547,828912
2010-10-25,51.26300376235198,52.70131836947961,50.91264580485648,52.24032211303711,818280
2010-10-26,52.36940643192281,52.36940643192281,51.31832908876002,51.57648849487305,308460
2010-10-27,50.967974606749465,51.46585373462698,50.15662023915552,50.41477966308594,245936
2010-10-28,51.263012258282345,51.263012258282345,48.4970242287242,48.73674392700195,816739
2010-10-29,48.92113847555344,49.0502198495638,46.8558665888608,47.777862548828125,1475821
2010-11-01,48.036023317573445,49.67717838009484,47.8885055649857,49.32682037353516,811032
2010-11-02,49.49277799878324,49.49277799878324,47.42750604699929,48.33106231689453,602265
2010-11-03,48.82893728317918,49.787812629195535,48.42325680836046,48.570777893066406,442537
2010-11-04,49.05021302067227,49.30837238858773,48.53389428484136,48.939571380615234,358076
2010-11-08,51.631804576602434,51.631804576602434,49.45589128593108,49.84313201904297,659818
2010-11-09,50.10129533989337,51.13393298624865,48.68142024823676,48.82894134521485,1623916
2010-11-10,48.97645871145262,50.63605002501453,48.86581706110614,49.714054107666016,799620
2010-11-11,50.06441048178026,53.10700058999001,49.787811381033926,51.170806884765625,3713589
2010-11-12,51.5211694131788,52.73820757065968,50.39633319354817,50.562294006347656,1302862
2010-11-15,51.63181066181023,51.98216865921452,48.33106090394765,49.03178024291992,1500949
2010-11-16,49.05022359010237,50.43321596343762,46.70835240241358,47.00339126586914,974224
2010-11-18,47.39062238670923,48.681415987516026,45.915428266859976,46.80054473876953,493327
2010-11-19,47.15091065233179,48.31262642628023,45.36223768992927,46.1735954284668,487537
2010-11-22,46.72678615045525,47.2062221521938,46.099825719597376,46.56082534790039,442870
2010-11-23,46.099823907153535,46.41330578233949,44.25583215476621,45.74946594238281,550222
2010-11-24,45.399112477563285,45.989190164348685,44.32959541620336,44.624637603759766,222743
2010-11-25,44.80903539410654,44.91967370780709,41.71112582468971,41.8770866394043,622156
2010-11-26,42.13523655364119,42.2089954128199,36.87985764222346,38.68696975708008,1224627
2010-11-29,38.68697621532285,40.18061008384793,37.63589891991164,38.7791748046875,1106956
2010-11-30,38.77917753576716,41.30544915974686,37.8018623871824,41.01041030883789,1956663
2010-12-01,41.02885292242221,43.333844734786695,41.02885292242221,43.00192642211914,725014
2010-12-02,43.99767880382359,46.09983022469087,43.14944167888349,45.95231246948242,1375479
2010-12-03,46.26578900281055,46.37643065850063,41.8586460978872,42.098365783691406,1571452
2010-12-06,42.46715766664097,43.70263201897834,40.9366445132605,41.41608047485352,1291809
2010-12-07,41.821756288752326,41.96927400086921,40.43876101684221,41.63735580444336,245092
2010-12-08,41.268570970720816,41.63736870948063,38.65010067161471,39.16641616821289,970618
2010-12-09,39.46146068101641,41.6004917039698,37.61746519100161,38.225982666015625,3050880
2010-12-10,38.35506276369868,39.60897711310098,37.63590364389631,38.81605911254883,1254827
2010-12-13,39.14797123058256,41.48983853322344,38.06001462781632,41.13948059082031,719618
2010-12-14,41.545167537732056,42.33808546949562,41.121047321886834,42.098365783691406,488970
2010-12-15,42.41183955472714,43.29695597948254,39.88556829599965,40.43876647949219,2886450
2010-12-16,40.56784428132168,42.41183933130385,39.27705075608112,41.69268035888672,750213
2010-12-20,40.56784279832598,42.37495834943056,40.19904513947661,40.51252365112305,419126
2010-12-21,40.89976779729575,41.30544492160974,40.0515307699452,40.36500930786133,434493
2010-12-22,40.6047220534682,41.452959006052495,39.830247307664,40.12528610229492,1866444
2010-12-23,39.92244757519676,40.19904666587735,39.09265030315501,39.55364990234375,250460
2010-12-24,39.27705848804246,39.424576248349474,38.83449851879348,39.05577850341797,317031
2010-12-27,39.44300974050725,39.53520831832436,39.12952788760282,39.24016952514648,235800
2010-12-28,39.24017811544402,39.590536132011074,38.39194098134468,38.88982009887695,275426
2010-12-29,38.797615931421845,40.10685266876006,38.74229677579424,38.94513702392578,450236
2010-12-30,39.0926547121494,40.752249443407294,38.98201640106434,39.443016052246094,786458
2010-12-31,39.64585177825763,40.08841169777936,39.18485548493304,39.53521347045898,862761
2011-01-03,40.457218170166016,40.86289539751974,39.904019822942736,40.457218170166016,1752809
2011-01-04,40.586299568072405,41.58205458657572,40.30969705029647,40.457218170166016,1981094
2011-01-05,40.82600969497384,40.89977191568302,38.00470256963813,38.35506057739258,3628275
2011-01-06,38.55789329801664,38.83449239916917,36.547940721418506,36.71390151977539,3015210
2011-01-07,36.87987227395507,37.801868411971085,36.65859226446522,37.04582977294922,958944
2011-01-10,37.06425324990301,38.06001118408732,36.695455625172414,36.87985610961914,936379
2011-01-11,38.07846245396341,38.07846245396341,36.21602736275453,37.13802337646485,978697
2011-01-12,37.24866546342454,38.87138087386971,36.3266694391932,38.539459228515625,1301752
2011-01-13,38.2628629362089,38.65010039189599,36.84298446230717,37.11958694458008,921508
2011-01-14,37.24866721192736,37.875624404068326,36.51106835142004,36.69546890258789,1884655
2011-01-17,36.695461547545065,37.04581951479242,34.88834921613163,36.45574188232422,1302763
2011-01-18,36.40042571937326,37.04582255583448,36.17914575299226,36.677024841308594,373446
2011-01-19,36.84298301678231,37.00894383080185,36.16070673015877,36.58482360839844,358273
2011-01-20,36.40043101051932,36.84298766344744,36.086952405980696,36.34511184692383,297530
2011-01-21,36.234468049917886,36.51106719583317,35.7181525424848,35.902549743652344,234531
2011-01-24,35.95786163062131,36.64014116942493,35.902542481460735,36.03162384033203,195421
2011-01-25,36.142265036651615,38.650096763819626,35.994747293728324,38.26285934448242,3057072
2011-01-27,38.68696814937818,38.68696814937818,36.695455625172414,36.87985610961914,468830
2011-01-28,36.84297846787407,37.78341739093164,34.72238765017216,37.17490005493164,817528
2011-01-31,36.60327445171087,37.43307200986021,36.32667526566108,37.2117919921875,651931
2011-02-01,37.10113784438367,37.59901688080669,35.423106913316296,37.17490005493164,460389
2011-02-02,37.58057851510063,37.61745794961863,36.62170318514202,36.97206115722656,639010
2011-02-03,37.06426198573529,38.53945617651526,36.87986480199008,38.29973983764648,1589573
2011-02-04,38.17065905460082,38.42881845999635,37.138021433018686,37.8203010559082,931876
2011-02-07,38.3181762970807,38.3181762970807,36.99049996621506,37.32241821289063,535370
2011-02-08,37.24866516518473,37.98626064099851,36.69546688624245,37.00894546508789,2387215
2011-02-09,36.28979121946162,37.65434390976344,33.43160110734721,35.79191207885742,3404214
2011-02-10,35.79190441248681,35.79190441248681,32.454275595119164,33.781951904296875,690449
2011-02-11,33.56067817355586,35.33091135065583,33.56067817355586,34.86991500854492,346150
2011-02-14,34.74083538538971,35.77347312977385,34.66707650198058,34.81459426879883,492091
2011-02-15,35.10963534915404,35.57063169963561,34.1323167991048,34.39047622680664,319316
2011-02-16,34.48268002445175,35.03587840372529,34.09544249662607,34.55644226074219,214314
2011-02-17,34.6670700689,35.51530710319203,32.67555717726495,34.722389221191406,1974433
2011-02-18,34.48267346299125,34.75927259999596,27.788978360474044,27.973377227783203,17913293
2011-02-21,28.02869517484559,29.50388930571499,24.377589282923392,28.563453674316406,14808993
2011-02-22,26.92230132318348,29.4670126970968,26.92230132318348,28.34217643737793,3237555
2011-02-23,27.64145584771491,29.135091355282704,27.40173617650584,28.305294036865234,2898775
2011-02-24,28.305293534795183,28.39749212048502,26.18470098270328,27.03293800354004,2043346
2011-02-25,27.659892217636003,28.69252797527576,25.447101308407955,26.00029945373535,1492163
2011-02-28,26.00030304426816,28.15777343365215,26.00030304426816,27.881175994873047,1980340
2011-03-01,28.02869695438872,29.116653740030426,28.01025723559233,28.876934051513672,1448022
2011-03-03,28.692533083211583,28.950692486600264,27.899616826611307,28.545015335083008,932682
2011-03-04,28.950692942444853,30.020210009871857,28.43437412753777,29.57765007019043,1840915
2011-03-07,29.319496012056906,29.50389321273196,28.54501773672981,29.26417350769043,380624
2011-03-08,29.153534102143627,29.8726898463361,27.95493729363169,28.15777587890625,772279
2011-03-09,28.065576105078616,29.31949369123324,28.065576105078616,29.11665344238281,603378
2011-03-10,29.13509376164924,29.430132609621705,28.3974949696362,28.63721466064453,551275
2011-03-11,28.60033282013556,28.89537164332368,27.65989552617233,28.120893478393555,418607
2011-03-14,27.752096546045145,28.65565275781212,27.65989628424129,28.39749336242676,1220495
2011-03-15,28.02869838731196,28.04713810705105,27.29110123733869,27.475500106811523,274416
2011-03-16,27.4754984812253,28.84005438200344,27.4754984812253,28.6187744140625,663122
2011-03-17,28.7662954623652,28.7662954623652,28.065579385046902,28.41593742370605,204454
2011-03-18,28.76628881213858,28.84005102230181,28.08401261331265,28.452810287475582,185730
2011-03-21,28.489694320792506,30.462764138266,28.489694320792506,29.743608474731445,1236455
2011-03-22,30.241490996218136,32.97059956877453,29.928012421808408,31.88264274597168,2390705
2011-03-23,32.45427796626633,32.60179905324784,31.86420030666744,32.10391998291016,2038704
2011-03-24,32.06704480493601,32.34364395360891,26.77478321163169,31.735126495361328,961349
2011-03-25,32.06704211110788,32.23299957987178,31.200365297294155,31.45852470397949,495103
2011-03-28,31.20036199339804,31.716680752094224,31.01596148124557,31.29256057739257,314286
2011-03-29,30.979087519857,31.69824663453829,29.872690939832825,30.149290084838867,627628
2011-03-30,30.407442190842985,30.96064034770256,30.149282828030973,30.278364181518555,306206
2011-03-31,30.57340803513701,31.53228343843439,30.241489754924988,30.886886596679688,463778
2011-04-01,29.909567983565665,31.901080999214702,29.872688546408195,31.69824409484864,318564
2011-04-04,31.274115139372004,32.08547256258607,31.274115139372004,31.606033325195312,449107
2011-04-05,31.642929268326288,33.59755977007611,31.642929268326288,33.17344284057617,1478210
2011-04-06,33.523785509151374,34.648621357068926,33.19186733740175,34.42734146118164,818555
2011-04-07,34.667077825433935,34.998996157610435,33.80040087979808,34.593318939208984,572526
2011-04-08,34.85147378332766,34.96211209805627,33.7450772593865,34.31671524047852,290579
2011-04-11,35.77346761609866,35.92098536018036,33.59755413758479,33.74507522583008,389198
2011-04-13,33.28407685670054,34.26139198100736,33.228757700560024,34.04011535644531,217195
2011-04-15,34.18763851905392,34.66707796984168,33.80040102059564,34.09543991088867,432432
2011-04-18,34.29827826593336,34.29827826593336,33.652878012546374,33.91103744506836,817203
2011-04-19,33.57911713666081,34.51955286376871,33.57911713666081,34.22451400756836,234044
2011-04-20,34.298274697779405,34.851472946466465,34.18763304154377,34.537994384765625,248672
2011-04-21,34.611760033635115,34.85147976753888,33.35784219725337,33.63444137573242,667235
2011-04-25,34.00323585475722,34.851472946466465,33.91103391720024,34.537994384765625,277420
2011-04-26,34.66707484391401,35.47843255510083,34.09543683650556,34.37203598022461,396123
2011-04-27,34.44579937310024,34.667079385899775,33.19188487417684,33.892601013183594,293258
2011-04-28,34.16919451052674,34.16919451052674,32.509599706780925,32.694000244140625,201500
2011-04-29,32.546477862266165,33.17343832690552,31.0159644982622,32.39896011352539,693004
2011-05-02,32.528040261447096,33.468475906703766,30.72092449835969,31.790441513061523,141876
2011-05-03,31.882638998994235,32.30675918428084,30.647164565979537,31.56916046142578,214649
2011-05-04,31.089728546855632,31.513845443614173,30.444328325632977,30.62872886657715,167522
2011-05-05,30.610289569351654,30.610289569351654,28.120897280986743,29.00601387023925,558373
2011-05-06,29.393254911574743,29.485453511972644,28.06557834502517,28.379056930541992,370177
2011-05-09,28.1208980023214,29.79893262420744,28.1208980023214,29.46701431274414,567860
2011-05-10,29.15353426159542,29.503892275917327,28.674094866735643,29.09821510314941,325463
2011-05-11,28.5818976259428,29.485453955939075,28.5818976259428,29.079776763916016,242836
2011-05-12,29.07977380091055,29.393252359206407,27.364858245358853,27.91805648803711,165423
2011-05-13,28.04713855578284,28.471255460731285,27.346420834076817,28.176219940185547,529233
2011-05-16,27.807416077646334,27.807416077646334,26.38754272790123,26.64570045471192,470529
2011-05-17,26.313782501875576,26.9960604437636,25.981864226181653,26.590381622314453,871963
2011-05-18,26.737900970615343,26.737900970615343,23.76907119944053,24.064111709594727,2550899
2011-05-19,24.06411394083428,24.875469984721818,23.10523679215048,23.3818359375,1029281
2011-05-20,23.58467336543002,24.248509943811484,23.0499148212257,23.65843391418457,1236265
2011-05-23,23.769072756170747,23.769072756170747,22.38607873915948,23.234315872192383,2391976
2011-05-24,22.957717578893977,23.769073630537445,22.957717578893977,23.19743728637696,359445
2011-05-25,22.95771534260629,23.2158730731157,22.5151570833421,22.81019592285156,1778622
2011-05-26,22.588914089072603,23.45559081746761,22.20167668929216,23.06835174560547,1158169
2011-05-27,23.14211448924618,27.696778512334777,23.0867953331757,25.77902603149414,3992320
2011-05-30,25.52086657374668,26.332222554872256,24.39603035928059,25.15206718444824,1448844
2011-05-31,25.613063563947804,26.074061517656663,25.09674645774331,25.354904174804688,704780
2011-06-01,25.354905179318155,27.91805611063452,25.11518717025816,25.889663696289062,3846212
2011-06-02,25.815905672802,26.44286280154733,25.26270741939993,25.85278511047364,991398
2011-06-03,26.184699481705938,26.627257683893323,25.6683824151948,26.166259765625,916131
2011-06-06,26.369099703096182,26.369099703096182,25.815903175293883,26.1478214263916,795992
2011-06-07,26.147820522810296,27.21733577943392,25.705262312612767,26.996057510375977,1114015
2011-06-08,26.99606130896855,27.125141014115727,26.276903907195333,26.553503036499023,269017
2011-06-09,26.737898735115888,26.848538708163108,25.87122201172909,26.203140258789062,349088
2011-06-10,26.55350177729706,27.2357780366153,26.4613015145408,26.701021194458008,853087
2011-06-13,26.571942020961515,27.03293999969668,26.184702916224698,26.71946144104004,344424
2011-06-14,26.885419638016668,27.06981848863621,26.64569996175402,26.81166076660156,309351
2011-06-15,26.922297773878416,27.069817181667965,26.240021557902818,26.774778366088867,1718188
2011-06-16,26.369097540350097,26.369097540350097,25.447101730885,25.576181411743164,828727
2011-06-17,25.63150328144635,25.90810238808801,25.115186175241856,25.354904174804688,329100
2011-06-20,25.35490524926373,25.81590489459001,24.008790766090257,24.19318962097168,316299
2011-06-21,24.50666659108015,24.50666659108015,22.64423342818166,22.883953094482425,462504
2011-06-22,22.865514080456208,23.19743401448188,20.13640409804177,21.519399642944336,1773259
2011-06-23,21.39031831559696,22.33075387672752,20.76336127484325,21.777557373046875,720214
2011-06-24,22.22011665480219,22.82863400876324,21.888196730029307,22.57047462463379,567836
2011-06-27,22.4782788168466,22.64423797604692,21.09528470878931,22.275440216064453,398536
2011-06-28,22.93927438119506,22.93927438119506,22.12791678046609,22.20167732238769,350754
2011-06-29,22.60735294612889,23.049911151960625,22.404514395486625,22.84707260131836,2289561
2011-06-30,23.142113186463,23.89814997060776,22.88395379517012,23.47403144836425,1427194
2011-07-01,23.89814840631692,23.89814840631692,22.88395229726508,23.10523223876953,591521
2011-07-04,23.49247207344641,27.19889700292219,23.344952664949464,26.1478214263916,4870920
2011-07-05,26.00030236243672,26.44286059379213,25.244265592881447,25.594623565673828,1428601
2011-07-06,25.797463227145865,26.424422002339647,25.5393038298356,25.81590461730957,633783
2011-07-07,25.81590525507411,27.862737421876403,25.81590525507411,27.60457801818848,1723063
2011-07-08,27.65989591557251,28.600333222775348,27.06981826088907,27.75209617614746,3929606
2011-07-11,27.84429996332566,28.581897125099893,26.95918336919658,28.176219940185547,1420888
2011-07-12,28.028695440491312,31.97484186806928,27.844296590405413,31.21880340576172,7778068
2011-07-13,30.97908365207248,32.45427779320321,30.647165388338507,32.214561462402344,3659697
2011-07-14,31.62448172703809,33.37627504872788,31.34788260549952,33.025917053222656,2727784
2011-07-15,32.306761102527496,32.9890373699526,30.389006984566496,30.868446350097656,1983973
2011-07-18,29.85424048478808,31.8273132304651,28.48968831464367,31.606033325195312,1392049
2011-07-19,31.95640496784044,32.74931959149595,31.532284732709496,31.88264274597168,1049405
2011-07-20,32.288327073262906,32.288327073262906,31.36632761645552,31.49540901184082,396227
2011-07-21,31.679806928838502,31.864204129483458,30.05709149817916,30.333690643310547,389712
2011-07-22,30.425886874111523,32.196119927423794,30.425886874111523,31.90108108520508,702127
2011-07-25,32.17768000207883,32.491158560912126,31.366322355148792,31.827322006225582,1883542
2011-07-26,31.77200175091573,31.77200175091573,30.24148844674755,30.407445907592773,292600
2011-07-27,30.31524571779249,31.32944017968352,29.65140587696721,30.850004196166992,912449
2011-07-28,30.610280147902,30.88687920592003,30.241482518598925,30.647159576416016,243994
2011-07-29,30.61028536426994,31.10816442237968,29.87268663580502,30.13084602355957,984183
2011-08-01,30.610283208581013,31.2741196765352,29.68828737105281,30.057085037231445,204975
2011-08-02,29.70672853006282,30.13084536514388,28.8584915157373,29.2272891998291,503901
2011-08-03,27.733656907018943,30.038648409938222,27.733656907018943,29.282609939575195,328505
2011-08-04,29.5038883169199,30.03864679846879,26.203140514669983,27.21733665466309,877318
2011-08-05,25.871226313299697,27.08826120292865,25.115189437254983,26.40598487854004,477943
2011-08-08,24.74638653755553,26.03718179702924,24.064110309267026,25.594623565673828,376025
2011-08-09,24.474893747858395,26.13165538170801,23.83478172520792,25.07735252380371,694858
2011-08-10,25.792775256137304,25.83042850650535,24.719643963321094,25.133834838867188,1298168
2011-08-11,24.88908230256236,25.1338300908857,24.380756689957057,24.81377410888672,479702
2011-08-12,24.8702536100556,24.96438842398209,23.721817757413127,23.910085678100582,347752
2011-08-16,24.66315848165275,24.66315848165275,21.87678615162878,22.2344970703125,847063
2011-08-17,21.952092935885563,21.952092935885563,20.05058215320506,20.502426147460938,2698651
2011-08-18,20.370638980404426,21.83913245182107,20.370638980404426,20.991924285888672,671701
2011-08-19,20.031759777327416,21.632039862365342,20.031759777327416,21.368465423583984,440281
2011-08-22,21.27432979452251,22.535727191227185,21.08606185759873,22.290979385375977,315895
2011-08-23,22.178017948337903,23.345282230583653,21.914441812250345,23.23232078552246,342304
2011-08-24,23.68416263717747,25.75511301489866,22.78047464091773,24.41840934753418,1423355
2011-08-25,24.8326021880648,25.566849010462565,23.91008743117587,24.587854385375977,592672
2011-08-26,24.625506272240045,24.794947574650504,22.2909778675503,22.554553985595703,385238
2011-08-29,22.629857175090937,24.39957984244493,22.629857175090937,24.098350524902344,514795
2011-08-30,24.92673700889321,25.002045206989063,24.09835536566704,24.587854385375977,486004
2011-09-02,24.58785222739879,24.81377338752687,23.420588063101484,23.98539352416992,547686
2011-09-05,23.79712470926003,24.30545032439484,23.326454044733183,24.00422096252441,342782
2011-09-06,23.9853914619564,25.284441862125583,23.326451244975683,25.00204086303711,403863
2011-09-07,25.00204638013159,26.357578644970253,24.343106017745328,25.811599731445312,2037114
2011-09-08,25.92455224244392,26.018687041433875,24.53136711895096,24.719635009765625,1305898
2011-09-09,24.719638853856395,24.719638853856395,23.797124167524725,24.07952690124512,403235
2011-09-12,24.47488968723057,24.47488968723057,23.345278816163937,24.136005401611328,717621
2011-09-13,24.173661167627145,24.47489051582089,23.64650895470536,24.02304649353028,421541
2011-09-14,24.00422096252441,24.11718069285165,23.740644844096405,24.00422096252441,270099
2011-09-15,24.02304769796706,24.64433304637018,23.75947157829132,24.305450439453125,945475
2011-09-16,24.28661985046344,24.28661985046344,23.08170250940256,23.36410522460937,1120334
2011-09-19,23.38293313473674,24.079526651156627,22.818129380327488,23.47706794738769,109092
2011-09-20,23.044048995189787,23.53354623238213,23.044048995189787,23.26997184753418,546200
2011-09-21,23.439413133209783,23.458239753044253,23.21349028086539,23.26997184753418,311816
2011-09-22,22.818130987072628,22.818130987072628,21.85796129335184,22.06505584716797,479949
2011-09-23,21.857957391463984,22.57337745164706,21.53790145307913,22.27214813232422,258118
2011-09-26,21.83913271192148,22.667514267209988,21.59438322804863,22.10270881652832,200967
2011-09-27,21.914438247680664,22.21566758073588,21.83913176799956,21.914438247680664,323014
2011-09-28,22.21566813102317,22.21566813102317,21.650864397928355,21.83913230895996,225420
2011-09-29,21.83913230895996,22.196843217801984,21.27432686869972,21.83913230895996,1627513
2011-09-30,21.839133200577376,21.839133200577376,21.123713060850594,21.68851852416992,545865
2011-10-03,21.839136959279028,21.839136959279028,19.99410557536796,20.14472198486328,270108
2011-10-04,20.16354626320725,20.8601398795968,19.69287554673649,19.91879844665528,450186
2011-10-05,19.95645175734837,21.04840959846529,19.805837059314907,20.690698623657227,1063731
2011-10-07,21.06723013789258,21.46259598543578,19.25985413702042,20.464773178100582,2064716
2011-10-10,20.33298510401803,20.33298510401803,19.241029198414683,19.316335678100582,999824
2011-10-11,19.881145125934232,19.881145125934232,18.71388079736714,18.808013916015625,1370575
2011-10-12,18.826837431178944,19.46694930291684,18.46912655031665,19.16571998596192,1947594
2011-10-13,19.2033766019118,20.23885277449365,19.12807011300833,19.5422592163086,3811747
2011-10-14,19.57991246076033,19.899970160096856,19.391644531336063,19.5422592163086,259333
2011-10-17,20.1070634049629,20.1070634049629,18.7138780863033,18.7891845703125,2095955
2011-10-18,18.71387492743988,18.732701545264288,18.1302429462225,18.506778717041016,658530
2011-10-19,18.86449368036964,20.332987261733702,18.657397424925783,20.08823776245117,1769021
2011-10-20,19.91879228299687,19.91879228299687,19.39164015108516,19.655216217041016,336685
2011-10-21,19.391643956201403,19.598740208874887,18.95862653635249,19.015108108520508,522175
2011-10-24,19.278680372720068,19.5799097001949,18.82683808867317,18.88331794738769,858174
2011-10-25,18.84566744268979,18.84566744268979,18.657399495437733,18.77036094665528,433502
2011-10-28,19.57990775648491,20.63421200515073,19.41046648999653,20.540077209472656,1167252
2011-10-31,20.67186501497872,20.67186501497872,19.975271631758847,20.40828895568848,875854
2011-11-01,20.33298361998769,20.67186616817124,19.73052499781016,20.22002220153809,236628
2011-11-02,19.843488174957645,21.575557869823943,19.6928734931069,21.23667526245117,1058654
2011-11-03,21.010753378593414,21.80148006887058,20.784832198728072,21.387290954589844,863173
2011-11-04,21.274329970522302,22.140364877568206,21.16136852456725,21.95209693908692,490399
2011-11-08,21.801477432250977,22.215668203606093,21.12371226745664,21.801477432250977,1020607
2011-11-09,22.21566922125724,22.21566922125724,20.72834906606992,20.84131050109864,301856
2011-11-11,20.7095283159837,20.84131640968534,18.93980492508451,19.25986099243164,816131
2011-11-14,19.25985893697124,20.46477827834196,18.713881700950783,18.99628448486328,1825193
2011-11-15,18.845664937089737,19.14689600267532,18.2620328417552,18.3749942779541,410038
2011-11-16,18.45030512457933,18.82684273033905,17.92315452511465,18.43147850036621,827353
2011-11-17,18.487955836391603,19.09041455721504,18.318514534555707,18.544437408447266,701184
2011-11-18,18.544437324140898,18.544437324140898,17.60309429675964,17.734882354736328,420062
2011-11-21,18.262030387430222,18.450299991514417,15.81454260598874,16.322866439819336,815622
2011-11-22,16.699405670166016,17.226557884727676,16.002812160113958,16.699405670166016,424239
2011-11-23,16.944153244663898,17.057114676014702,16.191081588099774,16.567617416381836,883746
2011-11-24,16.605273941287244,17.3206924243712,16.191083125125317,17.113597869873047,225855
2011-11-25,17.28303990809352,17.866672058391295,17.00063714458391,17.30186653137207,567128
2011-11-28,17.697229541877114,17.88549746906405,17.35834522434193,17.49013328552246,230105
2011-11-29,17.603095175974076,17.659576750594024,17.00063642779877,17.113597869873047,155827
2011-11-30,17.170076096592787,17.32069076924421,15.889850525472989,17.075942993164062,269614
2011-12-01,17.35834649009497,17.829018903131637,17.170078549179728,17.60309600830078,1529997
2011-12-02,17.45247949922476,17.697228991978687,17.188905092219215,17.433652877807617,220483
2011-12-05,17.678404118440117,17.697230741718666,17.132425214699442,17.30186653137207,1758735
2011-12-07,17.377175760080224,18.97745761228847,17.283040930950634,18.56326675415039,3268668
2011-12-08,19.222201642151347,19.50460436662881,17.245384277974548,17.716054916381836,2327765
2011-12-09,17.697230392976103,18.770359848866068,16.831195496234848,18.31851577758789,3449197
2011-12-12,18.60091583458212,18.73270388296432,17.734881063593647,18.130245208740234,2296944
2011-12-13,17.90431844395508,18.092588018926435,17.659570727956382,17.791357040405273,240158
2011-12-14,17.885497696811267,18.16790044477048,17.584268326610196,17.960805892944336,1074041
2011-12-15,17.584269108424383,17.941978361255167,17.17007827919117,17.640748977661133,293594
2011-12-16,17.77253493682731,17.885496369058274,16.755887168245057,16.868846893310547,223654
2011-12-19,15.965160196589649,16.868848316340124,14.797895948453878,15.042645454406738,2727663
2011-12-20,14.967337954078586,15.136777544529878,14.76024170697378,14.892029762268066,258439
2011-12-21,15.438010198560796,15.438010198560796,14.459013846936951,14.62845516204834,540674
2011-12-22,14.647280949404957,14.66610757143582,13.31057542072336,13.649458885192873,1198569
2011-12-23,13.762418301185887,16.19108035433634,13.40470741369356,15.965157508850098,2478294
2011-12-26,16.153427471775405,17.546614546827236,15.90867968293212,17.05711555480957,1110234
2011-12-27,17.09476755382297,17.508958280493154,16.605270353484705,16.906497955322266,711049
2011-12-28,16.906501453211387,17.358345510200383,15.64510410097088,16.0028133392334,2552313
2011-12-29,15.77688803998598,15.927502686275853,15.249735924388837,15.400350570678713,571385
2011-12-30,15.43800832235049,15.645102858503444,14.684933246675904,14.929682731628418,468563
2012-01-02,14.92968127635637,15.776889373534488,14.722585053224668,15.513313293457031,369555
2012-01-03,15.626278692876122,16.266390729891445,15.02381990341094,15.155606269836426,1173387
2012-01-04,14.986163506309502,15.62627718888102,14.816722201476493,15.43800926208496,584433
2012-01-05,15.475664195227756,16.39817901510592,15.475664195227756,16.2475643157959,800311
2012-01-06,16.529962662878887,16.529962662878887,16.002810502907632,16.322866439819336,644177
2012-01-09,16.266387668350156,16.529963765924233,16.15342623979478,16.304040908813477,2065068
2012-01-10,16.529964825863793,19.561086727997363,16.529964825863793,19.5234317779541,2544481
2012-01-11,19.956449318642896,22.065054833436907,18.619743823547427,20.80365753173828,3404224
2012-01-12,20.690693439455902,21.83913086439901,20.107061417413696,20.615386962890625,1350582
2012-01-13,20.40829369949192,21.613212863872427,20.40829369949192,20.728349685668945,1147209
2012-01-16,20.841308955375744,22.29097576042557,20.52125300250301,21.78265190124512,1414829
2012-01-17,21.876787218673844,22.59220738377057,21.5002513678854,22.347457885742188,1719816
2012-01-18,22.44159098999344,22.780475278448847,21.650864397928355,21.83913230895996,1832676
2012-01-19,22.21566826789912,22.61103241995032,21.876785684521213,22.140361785888672,2028835
2012-01-20,22.309800718234936,22.47924199200486,21.65086224166687,21.87678337097168,743039
2012-01-23,21.91443879050643,22.25332307896184,21.1801920596012,21.83913230895996,1274823
2012-01-24,21.782651442713075,23.533545836699112,21.500248735613475,22.19684219360352,880356
2012-01-25,22.21566840110055,23.138184761417914,22.21566840110055,22.441591262817383,597549
2012-01-27,22.51689988911997,23.872431964212723,22.51689988911997,23.68416404724121,1236654
2012-01-30,24.06069702559188,24.06069702559188,21.839130406060377,22.64868354797364,1237679
2012-01-31,22.62985923854848,23.251146256400474,22.46041794537628,22.912261962890625,967140
2012-02-01,23.28879901469517,23.53354678546064,22.61103214889869,23.326452255249023,804749
2012-02-02,24.09835216115322,24.26779345038013,23.194664147166083,24.136005401611328,3202075
2012-02-03,24.3431020374481,25.773942269962085,23.627681921191108,25.548019409179688,2678710
2012-02-06,25.7551134651299,26.884724333784256,25.623327123807943,25.96220970153809,2140551
2012-02-07,25.642151363743235,26.206956745641897,24.47488736306341,25.05851936340332,697202
2012-02-08,25.209140861339364,26.65880623932756,24.11718303800309,26.31992530822754,2073559
2012-02-09,26.22578799118502,27.33657062535485,25.3785797688613,27.035341262817383,2111739
2012-02-10,26.82825046089633,27.07299828514099,25.830427418029625,26.26344490051269,790903
2012-02-13,26.545840796924104,26.828243503884178,25.79276748075236,26.282264709472656,400221
2012-02-14,26.828243084761173,28.2402548903371,25.472711136828767,27.336566925048828,2812027
2012-02-15,27.86372282344124,28.767412616923952,27.1859559051206,27.54366683959961,2111126
2012-02-16,27.39305130379213,28.61679711919673,27.03534206534756,28.503835678100582,1255566
2012-02-17,28.805065155029297,30.122942301596023,28.2779129306702,28.805065155029297,2714730
2012-02-21,28.88037425626581,28.99333399414767,27.90137791113004,28.183780670166016,1146246
2012-02-22,28.31555989583333,28.74857550349002,25.792764182472133,26.54583740234375,1201660
2012-02-23,26.47053410626023,28.16494862724463,25.604497665662628,26.15047645568848,1877749
2012-02-24,26.451709089551063,26.922379753875425,25.41623294517124,26.0939998626709,767511
2012-02-27,25.45388615527736,25.905731904462684,23.439415441459605,23.66533660888672,601048
2012-02-28,23.721819496684702,24.794948942599696,23.721819496684702,24.587854385375977,985170
2012-02-29,24.70081104346706,25.73628882203761,24.23014041231299,24.77611923217773,893637
2012-03-01,24.47488746462905,24.96438466762875,23.87242884334781,24.0418701171875,464957
2012-03-02,24.09835371918625,24.851427112864048,23.6841646330376,24.211315155029297,537605
2012-03-05,24.305446530702124,24.663155701903467,23.759467757343483,23.966562271118164,327369
2012-03-06,23.72182000003696,24.587854907104592,22.7804786004412,22.8934383392334,690043
2012-03-07,22.78047781433693,22.94991741667824,21.10488792741869,21.424943923950195,1217916
2012-03-09,21.80147612753664,23.34527769071375,21.48142018474142,22.87460708618164,1838564
2012-03-12,23.83478070270817,24.550199188077872,22.9122642478474,23.175840377807617,1792715
2012-03-13,23.872432708740234,24.19248868972328,23.3076272330452,23.872432708740234,1302306
2012-03-14,24.28661863603752,24.418408384187124,23.439412239946083,24.230138778686523,540426
2012-03-15,24.361927832971062,24.456062639636773,23.439413214875632,23.740642547607425,328087
2012-03-16,24.098351921979862,24.305448156774894,21.462596094259663,22.21566772460937,881043
2012-03-19,22.46042134586502,22.91226543178817,22.21567182580283,22.516902923583984,309529
2012-03-20,22.573380290695383,22.818129783614268,21.89561338339376,22.12153625488281,315538
2012-03-21,22.046228774235367,23.533548986897618,21.594384723825275,23.288801193237305,901935
2012-03-22,23.10053011181468,23.51471915443454,22.21566704667584,22.366283416748047,284663
2012-03-23,22.59220523321008,22.780474847848406,21.36846127388792,21.5755558013916,1184680
2012-03-26,21.613208503961307,22.06505075210374,21.161362841488423,21.650861740112305,448713
2012-03-27,21.839132449018244,22.36628465188598,21.50024986555496,21.632036209106445,255972
2012-03-28,21.97092204986923,21.97092204986923,21.123713824271725,21.23667526245117,549699
2012-03-29,21.61320774963242,21.763820688979827,20.973094221580105,21.594379425048828,160091
2012-03-30,21.89560912422299,22.554549281916632,21.500246736772,22.02739715576172,244108
2012-04-02,21.481420476296908,22.836954157492155,21.481420476296908,22.15918731689453,760810
2012-04-03,22.2721534035218,22.931092055305925,22.25332678000405,22.516902923583984,389056
2012-04-04,22.14036469440382,22.6675169663892,22.14036469440382,22.290979385375977,123528
2012-04-09,22.290976731033723,22.85578218171539,22.02740062642688,22.10270881652832,359050
2012-04-10,22.629857856846527,23.04404860773697,22.140360627884384,22.19684219360352,536994
2012-04-11,21.91443777933856,22.59220461781068,21.839131301266853,22.19684219360352,385079
2012-04-12,21.989747584221824,22.66751447261459,21.8391329098196,22.2344970703125,237381
2012-04-13,22.27214660107153,22.554549281916632,21.93326406692348,22.02739715576172,312762
2012-04-16,22.178014340895327,22.44159043410999,21.76382358115305,21.914438247680664,308719
2012-04-17,21.914436100334523,21.970917661726244,21.46259385219209,21.650861740112305,745827
2012-04-18,21.744998936864548,22.21566959913022,21.537904391760627,21.61321258544922,768965
2012-04-19,21.839131896152946,21.839131896152946,21.51907594129934,21.5755558013916,261318
2012-04-20,21.46259608120708,22.535723665952418,21.311979706630257,21.5755558013916,1283264
2012-04-23,21.83913632091248,22.0274042665298,21.46260042967785,21.500253677368164,748057
2012-04-24,21.575557747295942,21.575557747295942,20.99192564504309,21.067232131958008,312249
2012-04-25,21.0107464966638,21.3872839493279,20.916613413871588,21.104881286621094,230314
2012-04-26,21.08606185759873,22.535727191227185,20.747177522537136,22.290979385375977,2283721
2012-04-27,22.55455248973535,22.55455248973535,21.5190764150879,21.66969108581543,1039433
2012-04-30,22.19684100716516,22.21566591851153,21.688515478690128,21.87678337097168,388086
2012-05-02,21.50024786071324,21.87678365008026,20.973095707001058,21.16136360168457,526525
2012-05-03,21.010751108362943,21.48142174712786,20.95427124629072,21.12371253967285,233316
2012-05-04,20.973099350744352,21.40611677876204,20.276505800078404,20.389467239379883,600504
2012-05-07,20.33298614290903,21.04840627230565,19.655219255279203,20.747175216674805,212256
2012-05-08,21.44377204602696,21.44377204602696,19.80583699669588,19.91879844665528,462666
2012-05-09,19.824660227079143,20.295332570149988,19.692872175879163,20.182371139526367,362792
2012-05-10,20.33298567489541,20.558906827461573,19.76818023273185,19.881141662597656,155915
2012-05-11,20.27650521454316,20.332986786145643,19.598740012637624,19.994102478027344,103033
2012-05-14,19.8811392689071,20.12588701245567,19.61756320000996,19.787004470825195,67667
2012-05-15,19.222201937777864,20.14471831526924,19.222201937777864,19.9376220703125,298616
2012-05-16,20.12589350913247,20.12589350913247,19.10924384889936,19.203378677368164,255169
2012-05-17,19.31634013009757,19.918798935100043,19.07159060037815,19.203378677368164,223309
2012-05-18,18.84566164948229,19.542255059495684,18.84566164948229,18.939796447753903,325921
2012-05-21,18.883320272840937,19.80583498844328,18.883320272840937,19.61756706237793,193845
2012-05-22,20.29533694942761,20.29533694942761,18.638573495230062,18.99628448486328,408640
2012-05-23,19.3163389176729,19.3163389176729,17.245386478672515,17.640748977661133,805367
2012-05-24,17.772535757040536,18.770358657994144,17.188905362437524,17.395999908447266,457505
2012-05-25,17.3959994134073,18.26203252339324,17.339519549875227,17.810190200805664,340089
2012-05-28,18.600920833176627,20.408297341542163,17.32069495283477,17.471309661865234,576557
2012-05-29,17.885498225283893,18.036112914834725,17.45248077942955,17.546615600585938,486860
2012-05-30,17.54661349035642,17.753708023395635,17.188904285879932,17.414825439453125,451995
2012-05-31,17.65957416147867,17.88549530533872,17.320689884940535,17.35834312438965,894747
2012-06-01,17.396000257908753,17.659576381518253,17.245385574012694,17.32069206237793,310038
2012-06-04,17.28303785701457,17.697228641485278,17.038288369107903,17.508960723876953,323720
2012-06-05,17.62191949719268,17.92315053910785,17.565439637114117,17.829015731811523,304312
2012-06-06,18.07376643157321,18.33734256903274,17.71605717871076,18.11141967773437,604326
2012-06-07,18.149072796329097,18.26203252339324,17.697228766576018,17.810190200805664,376648
2012-06-08,17.414826034584657,18.29968747291345,17.414826034584657,17.810190200805664,362231
2012-06-11,18.18672700671741,19.7681820486128,17.923152589039507,18.60091781616211,2272351
2012-06-12,18.1867289712641,18.65739969808942,17.92315452511465,18.43147850036621,795213
2012-06-13,18.46912909264744,18.92097313027752,18.318514413437416,18.3749942779541,794138
2012-06-14,18.31851567113824,18.39382386949648,17.396000911035106,17.546615600585938,788635
2012-06-15,17.979631020182865,17.979631020182865,17.621920105834196,17.716054916381836,1198049
2012-06-18,18.22438211708175,18.45030502069873,16.37935246859476,16.54879379272461,2044749
2012-06-19,16.379349803896023,17.60309382909837,16.26638837046483,17.508960723876953,1665091
2012-06-20,17.527783783914483,17.79135986498808,17.18890293379392,17.33951759338379,1060033
2012-06-21,17.47130530105506,17.54661349035642,16.962981425141294,17.414825439453125,616359
2012-06-22,17.339520037811408,17.603094448876924,17.038288969000504,17.527786254882812,496660
2012-06-25,17.546614941804812,17.810191065414312,17.20773062266449,17.32069206237793,402683
2012-06-26,17.358344341191703,17.584267208054086,17.245384614926003,17.508960723876953,237326
2012-06-27,17.508960651161143,17.90432310578011,17.414825839165182,17.678401947021484,552088
2012-06-28,17.847843791168565,17.9608052276008,17.58426767521519,17.734882354736328,457593
2012-06-29,17.885496880038705,18.412649107400053,17.69722895905202,18.07376480102539,917177
2012-07-02,18.111416528102783,18.22437795410762,17.65957423841419,17.697227478027344,877242
2012-07-03,18.054937502888613,18.224378796142,17.64074672651063,17.716054916381836,2142270
2012-07-04,17.904323737198208,19.27868248068097,17.75370905699235,18.544437408447266,6530628
2012-07-05,18.7891821202838,20.63421293107646,18.7891821202838,20.22002220153809,8846815
2012-07-06,20.63421394373798,21.29315245389629,20.257676432815124,21.04840469360352,5012338
2012-07-09,21.06722676535125,22.10270435398117,20.332981876308047,21.537899017333984,3417823
2012-07-10,21.5567300093133,21.95209416664049,20.87896483351293,20.95427131652832,3194254
2012-07-11,20.747175687380448,21.38728934776617,20.70952244475938,20.84131050109864,947456
2012-07-12,20.7095222964974,21.46259738652048,20.40829294335436,21.18019294738769,1403573
2012-07-13,21.16136432699242,21.42494041288261,20.59655891641784,20.70952033996582,1756743
2012-07-16,21.01075464358262,21.38729224224916,20.521257301765296,20.690698623657227,1597937
2012-07-17,20.82248662800081,20.99192794932449,19.44812772645029,19.57991409301757,1688258
2012-07-18,19.63638981819329,19.95644574164044,19.015104589482338,19.787004470825195,927560
2012-07-19,19.93762159279947,20.06940964357044,19.57991068151671,19.711700439453125,724978
2012-07-20,19.655219435002,19.71170100533413,19.052760732562515,19.128068923950195,889339
2012-07-23,18.90214667135002,19.335164091198934,18.676223797009044,19.015108108520508,786712
2012-07-24,19.015105344768084,19.05275858263035,18.280858670627392,18.48795318603516,811992
2012-07-25,18.487954340113696,18.63856900812992,18.11141681649044,18.29968643188477,617607
2012-07-26,18.450302910699435,18.525609398515773,17.734882740616357,17.998458862304688,573624
2012-07-27,18.374988967053387,18.544431925960613,17.697223960084635,17.791357040405273,551396
2012-07-30,17.716056118662273,18.1114185940292,17.716056118662273,17.998458862304688,397024
2012-07-31,18.111419225364845,18.130247555140823,17.734883358826558,17.885498046875,274532
2012-08-01,17.772534240245278,19.0904130121786,17.772534240245278,18.29968643188477,1141023
2012-08-02,18.412647930940256,18.56326259953932,18.16789845427975,18.26203155517578,534973
2012-08-03,18.149072721008714,18.20555258430639,17.77253517752773,17.979631423950195,583753
2012-08-06,18.14907197019545,19.16572141765405,18.14907197019545,19.07158660888672,1383977
2012-08-07,19.429297119499747,19.561086884960385,18.958626458254724,19.18454933166504,1347161
2012-08-08,19.372818710532705,19.561088354910986,18.45030394030869,18.6197452545166,1284861
2012-08-09,18.90214875694797,19.090416701561253,18.22438176630812,18.337343215942383,545230
2012-08-10,18.61974450007208,18.789185807414484,17.79136287843633,17.960805892944336,617012
2012-08-13,17.527786217980257,18.149073268835608,17.527786217980257,18.03611183166504,320970
2012-08-14,18.036111911443065,18.07376515494462,17.79136241435184,17.866670608520508,667946
2012-08-16,17.885491827890952,18.24320265460449,17.734877192212892,17.791357040405273,708591
2012-08-17,18.036113953139235,18.036113953139235,16.11577612402456,16.887676239013672,1260175
2012-08-21,16.755887276689915,17.791361672818056,16.755887276689915,17.678401947021484,534265
2012-08-22,17.678400781203226,17.678400781203226,16.793539411156836,17.35834312438965,280593
2012-08-23,17.41482510630778,18.26203154995701,17.41482510630778,18.130245208740234,1289221
2012-08-24,18.224379513155306,18.224379513155306,17.320691442139225,17.433652877807617,630212
2012-08-27,17.28303692239053,17.92315053910785,17.28303692239053,17.829015731811523,467285
2012-08-28,17.6972281617937,17.885496074298935,17.320690629617783,17.414825439453125,333100
2012-08-29,17.621917990995268,17.621917990995268,16.81236486323717,16.906497955322266,429544
2012-08-30,16.45465611324066,17.00063494638576,16.417002871552164,16.868846893310547,356212
2012-08-31,16.605272494325597,17.13242299946097,16.605272494325597,16.868846893310547,413195
2012-09-03,16.981807077558248,17.207728218251887,16.341695187233366,16.586442947387695,501906
2012-09-04,16.661757287493515,16.8311986323992,16.1910865056075,16.37935447692871,1168421
2012-09-05,16.511140466379878,16.718235037743998,16.1910844437418,16.2475643157959,379648
2012-09-06,16.49230942492817,16.49230942492817,16.191080106991826,16.322866439819336,237343
2012-09-07,16.718233467933963,16.793541664100562,16.473483964349526,16.511138916015625,363804
2012-09-10,16.624099827727544,16.71823465281607,16.3981786375471,16.45465850830078,191276
2012-09-11,16.454656307503818,17.414825932054534,16.37934982323776,17.000635147094727,1459008
2012-09-12,17.2894287109375,17.67406463839671,17.116342369191827,17.2894287109375,342459
2012-09-13,17.347121999954368,17.347121999954368,16.962486107460368,17.13557243347168,249747
2012-09-14,17.539443644335826,19.34723725433932,17.23173416790504,18.654890060424805,4998686
2012-09-17,18.96259979518624,19.96265464329519,18.712585211213828,19.828031539916992,2715398
2012-09-18,19.92419288916962,20.73193156990276,19.7895697757141,20.34729385375977,3602981
2012-09-20,20.001120363813584,20.13574522774069,19.481861252721707,19.69341087341309,1000968
2012-09-21,19.80880072894454,22.366636310175696,19.80880072894454,21.98200035095215,3641536
2012-09-24,22.21277708098538,23.078210429876908,20.539606986129133,20.808853149414062,6339378
2012-09-25,20.808855954417684,24.962933450058514,20.05881396638513,24.847543716430664,13249476
2012-09-26,24.84754218711678,27.116899633811563,24.039803638094607,25.82836532592773,11775805
2012-09-27,26.69380142741932,27.289988716758565,25.46296360269065,25.69374656677246,8063382
2012-09-28,26.097615007719487,27.751553825784708,25.943760274501567,27.50153923034668,6114611
2012-10-01,27.693862158918822,30.194001426999165,26.770733652806943,29.54011917114257,6497368
2012-10-03,29.982454259679955,32.482593587588774,27.79002095339059,32.309505462646484,11409668
2012-10-04,33.07877859481387,33.42495133195548,30.424782959686752,30.73249244689941,6839171
2012-10-05,31.097893999522164,31.82870614549152,29.328563735951047,30.84787940979004,4555445
2012-10-08,31.078663854912204,31.71331442716016,29.42472673979533,30.23246192932129,2085917
2012-10-09,30.63633648288296,32.80953467161351,30.290160233544164,32.48259353637695,5702676
2012-10-10,32.34795869137933,33.328785282478655,30.11706631147672,30.38631248474121,5296966
2012-10-11,30.655561108813657,31.347906473827152,30.232458450809432,30.82864570617676,2043401
2012-10-12,31.21328457842596,32.57874366281786,31.15558622585942,31.50176239013672,3234868
2012-10-15,31.540231875575007,32.19411411479026,31.27098563217205,31.55946350097656,1197302
2012-10-16,31.886404694550507,31.92486794544284,29.1170174963812,29.463191986083984,2714311
2012-10-17,29.886288198975,30.29015578011628,27.693858706266784,28.23234939575196,3298376
2012-10-18,28.501597508897653,30.770955390469723,28.46313425935165,30.52094078063965,3237557
2012-10-19,30.73249050735299,30.73249050735299,28.79007383795122,29.38626289367676,2593645
2012-10-22,29.482424979857008,31.424840166757605,29.23241034967207,30.94404602050781,2201427
2012-10-23,31.424836147134407,32.77106725755326,30.232461515526666,30.75172233581543,9229453
2012-10-25,31.27097748610161,31.92485955498099,30.17476117265191,30.38631248474121,2942548
2012-10-29,32.17487709730583,32.655671139551195,28.75160824003985,28.98238945007324,9052346
2012-10-30,29.328563619862805,30.65556305617901,28.48236348177112,30.059375762939453,7891572
2012-10-31,30.05937100251265,31.501759949306777,29.617036764531687,31.270977020263672,4156343
2012-11-01,31.347909299723284,31.674850389773308,30.29015604714079,30.713258743286133,3899482
2012-11-02,31.194050354885665,31.80947272675488,30.52093660437259,30.655561447143555,5623643
2012-11-05,30.694028199777783,31.42483690024731,30.23246224006368,30.44401359558105,2359834
2012-11-06,30.636328642676645,33.386481892799324,30.463240562302573,32.61720657348633,10971493
2012-11-07,32.963381588658905,34.61732207320097,32.90568672036154,34.34807586669922,13949115
2012-11-08,34.05960022532244,36.57897087172354,33.94420699353447,36.07894515991211,16258042
2012-11-09,36.15586460709784,36.15586460709784,34.05959358518503,34.48269271850586,5524028
2012-11-12,34.65578874076078,37.40594245785428,33.84805004149672,36.9636116027832,10204288
2012-11-15,36.96360917100659,37.98289567452605,36.38665349345798,37.117462158203125,6450531
2012-11-16,37.27131515414966,38.17521183289894,34.92502941616631,35.65583801269531,5552425
2012-11-19,36.13664417620995,36.15587580241669,34.27115550746892,34.79041290283203,3771240
2012-11-20,35.27120683930015,35.67507443512227,33.078777266895706,33.46341323852539,4083047
2012-11-21,33.84805213259975,36.328959769873535,32.6172141268893,36.04048538208008,8247922
2012-11-22,36.23280334472656,37.23285839945603,35.482762925624826,36.23280334472656,6751570
2012-11-23,36.48281458559392,36.5020462105618,35.25197663652478,35.71353912353516,3927037
2012-11-26,35.92508420525261,37.04053220950289,35.52121666375324,36.59819793701172,4447030
2012-11-27,36.90591760174501,37.46364175848552,36.07895066788427,36.27126693725586,4593081
2012-11-29,36.44434968565447,38.4252278943499,36.30972482919326,37.44440460205078,8322405
2012-11-30,37.96366742935477,38.98295402357629,37.15592871135325,38.0213623046875,8117432
2012-12-03,38.32906514044753,39.13680371822838,37.55978980621141,38.867557525634766,5673172
2012-12-04,39.13680371822838,40.117626891960505,37.9636608389921,38.867557525634766,5873614
2012-12-05,39.00218619090444,39.54067867705837,38.48292881790995,38.8291015625,4265191
2012-12-06,39.156033242404746,39.156033242404746,37.88673232230333,38.675235748291016,3199213
2012-12-07,38.79063426389256,39.42528481071127,37.32901344876007,37.67518615722656,3175989
2012-12-10,37.694414662246544,38.80986267663471,37.15592227683291,37.75210952758789,4345640
2012-12-11,38.00212910836364,39.02141566044236,35.482758420750024,36.92514419555664,6269951
2012-12-12,37.34824831571444,37.617494554078455,36.63666772583058,36.86745071411133,2296022
2012-12-13,36.86744375369213,37.790572044751215,34.80963584827485,35.23273849487305,3919794
2012-12-14,35.617377860920584,36.46357974830326,35.07888543369699,35.96355056762695,2450307
2012-12-17,36.17510549302478,37.84827781017311,36.17510549302478,37.25209045410156,5481603
2012-12-18,37.50209323614951,38.1175120804509,36.34818551891966,37.77133941650391,4939762
2012-12-19,37.57902702219251,38.7137067214866,37.02130298397065,37.3867073059082,5596942
2012-12-20,37.27132143089781,37.463637679329416,36.252031363086026,37.0020751953125,2788211
2012-12-21,36.92514701947552,36.92514701947552,34.65579076219466,35.098121643066406,3920894
2012-12-24,35.155812009229905,35.92508384122225,35.02118717157395,35.23273849487305,1672299
2012-12-26,35.501986410095206,36.30972152421725,35.29043507650104,35.98278045654297,2288694
2012-12-27,36.19433497786681,36.19433497786681,35.34813305674356,35.52122116088867,1379589
2012-12-28,35.771235961727704,35.96355220321048,33.80958588413684,34.02113723754883,4064834
2012-12-31,34.09805989671557,34.90579848338241,33.94420343306355,34.578857421875,1765633
2013-01-01,34.963497088153325,35.69430577725286,34.867338967951,35.52122116088867,2564486
2013-01-02,35.905853639168726,36.136636593001455,35.271203131964164,35.386592864990234,3187988
2013-01-03,35.521221236445115,38.19444837378429,35.405828004175945,37.61749267578125,9483187
2013-01-04,37.848279242813774,38.213683622802925,37.00207723962014,37.23285675048828,5462865
2013-01-07,37.61748887970081,38.0790512988572,36.86744515287338,37.05976486206055,3458777
2013-01-08,36.92514951427286,37.15593252708516,35.48276353170427,36.482818603515625,3762778
2013-01-09,36.50204157095851,37.59825800591752,35.63660809406151,36.194332122802734,3397359
2013-01-10,36.502040540312976,36.57896702823472,35.46352249002781,35.732765197753906,1937116
2013-01-11,35.90586073786603,36.405889988730806,34.92503734989092,35.1365852355957,3006543
2013-01-14,35.25197553634644,36.34819207642856,34.23268898151604,36.1558723449707,3858002
2013-01-15,36.232796730171536,37.29054995985426,36.07894374419924,36.52127456665039,3969253
2013-01-16,36.73282928679463,36.80975578685222,34.84810910869702,35.11735534667969,2645517
2013-01-17,35.34813482324374,35.9443221738541,34.694252597628726,35.32890319824219,2527230
2013-01-18,35.67507558979181,36.00201669942605,34.925035246448864,35.29043960571289,2576057
2013-01-21,35.38659630482449,36.50204445029518,35.09811845643658,35.52122116088867,3882484
2013-01-22,35.694308561944446,35.713540187485265,33.69419857901191,33.90574645996094,3186888
2013-01-23,34.07883947475152,34.25192761727293,31.54023663631544,32.82876968383789,3194827
2013-01-24,32.98261386852883,33.078775472054275,30.001677402636084,30.27092361450196,3907559
2013-01-25,30.32861639378181,31.8671634016356,29.23240012478218,31.7710018157959,2465503
2013-01-28,32.02102541744963,33.059547121416834,31.963330542291693,32.84799575805664,1941920
2013-01-29,32.828763889363536,33.386487987313245,32.02102517980384,32.251808166503906,4586939
2013-01-30,32.4825869771696,32.71336644641906,31.463297036861963,32.040252685546875,1457620
2013-01-31,31.963323395998568,32.02101825825721,31.155584861036694,31.38636779785156,1189922
2013-02-01,31.48252833847709,31.96332587007517,30.963271050176665,31.44406509399414,1670842
2013-02-04,31.597923316016622,31.732544679189623,28.886233039219128,29.347795486450195,2507225
2013-02-05,29.13624547655857,30.290155066195805,28.36697183550364,30.040143966674805,2864446
2013-02-06,30.34785432202393,30.67479541117024,29.790130261779986,29.96321487426757,1853313
2013-02-07,30.09784091352944,30.09784091352944,28.67468327141564,28.92469787597656,1545046
2013-02-08,30.00167792286012,30.23246089242986,28.07849464793425,28.42466735839844,3023527
2013-02-11,28.866998675586245,28.9246935400406,27.7323190568621,27.94386863708496,1293487
2013-02-12,27.924637187731207,28.04002866124144,26.40532164216565,27.020740509033203,2819011
2013-02-13,27.15536446470712,29.6939664990396,26.36685923453141,27.28998756408692,9098635
2013-02-14,28.07849432802608,28.07849432802608,25.69374688502141,26.116846084594727,3874558
2013-02-15,25.866833894187685,26.655339187428964,25.40526794860305,26.36686134338379,3209852
2013-02-18,26.539945250843044,27.42461032505652,26.17454094552848,27.07843589782715,1819105
2013-02-19,27.3092162374982,27.539999166912686,26.55917433273628,27.366912841796875,3061339
2013-02-20,27.55923447232769,27.84771230072661,27.03997542754385,27.174596786499023,1980058
2013-02-21,26.94381748212234,27.039977346375863,24.52060494672581,25.655282974243164,2620896
2013-02-22,25.73221086848872,26.28993493465846,25.424501399682743,25.616819381713867,2031882
2013-02-25,25.84760092548384,26.059152277790336,24.25135869061357,24.501373291015625,2072430
2013-02-26,24.00134505311409,24.693692266062502,23.52054920095933,23.847490310668945,3774192
2013-02-27,24.116733025539222,24.80907839353368,23.50131414559292,24.44367408752441,1806557
2013-02-28,24.67445972751641,26.03992073413862,23.712866314925392,23.943649291992188,4317056
2013-03-01,24.03980902724484,24.135968898129992,23.155145539441897,23.73209953308105,1657257
2013-03-04,23.616704851706235,23.69363308681747,21.6358250321939,22.07815933227539,1614855
2013-03-05,22.13585077827927,22.88589267117108,21.155025959625327,22.67434310913086,2506072
2013-03-06,22.88589768820712,24.789849395622767,22.828201072173314,24.501373291015625,5106248
2013-03-07,24.50137198809397,26.347628725186976,24.50137198809397,25.69374656677246,7507360
2013-03-08,25.94375521561845,28.61698177394748,25.88605861198072,27.713085174560547,12713974
2013-03-11,28.07849279426262,28.07849279426262,26.92458325426339,27.28998756408692,2599326
2013-03-12,27.405378706178816,27.540001803912627,25.809134899240984,26.50148200988769,2175686
2013-03-13,26.28993422459839,26.28993422459839,25.386035722517324,25.53989219665528,1371236
2013-03-14,25.655280348129125,26.924583102007905,25.001398221030847,26.520713806152344,2170723
2013-03-15,26.6553384877831,27.520771997202846,25.78990497836336,26.289934158325195,2530164
2013-03-18,25.77067411611685,25.943760474333907,25.19371842613304,25.616819381713867,1144247
2013-03-19,25.847601107020672,26.34763031133665,24.232127236756583,24.52060508728028,2380288
2013-03-20,24.501369989926257,24.98216575801412,22.347402228423903,23.05898094177246,2182737
2013-03-21,23.42438854130748,24.155198979195635,22.385868628928563,23.38592529296875,3070702
2013-03-22,23.424389332972165,24.53983752361736,23.078216598443223,23.847490310668945,1984415
2013-03-25,24.385980259210644,25.3475718640738,23.5205467684996,24.347517013549805,2322952
2013-03-26,24.232126049289526,24.92447146150642,24.02057470586406,24.40521240234375,1380915
2013-03-28,24.289820246400204,24.40521172653784,23.155142299402765,24.155197143554688,1255764
2013-04-01,24.232123480261315,25.174483382477923,24.232123480261315,24.905237197875977,1506141
2013-04-02,24.61675801657689,26.07837858512577,24.578294776323,24.94370079040528,3723064
2013-04-03,25.097559558451035,25.866833207520024,24.155197812437432,24.40521240234375,3183864
2013-04-04,24.21289351577562,24.21289351577562,22.885897515376445,23.15514373779297,1447922
2013-04-05,23.15514396296418,23.63593979687462,22.53972327264587,22.808969497680664,1449165
2013-04-08,22.92435572331994,23.462846305876745,21.770444591728108,22.482023239135746,947679
2013-04-09,22.828195509930232,23.42438268570822,22.00122715791982,22.270471572875977,1437325
2013-04-10,22.48202617720498,22.92435871919552,21.7704474368045,22.77050399780273,1461202
2013-04-11,23.05898182158889,23.23206816519341,22.328171458899547,22.57818603515625,1379891
2013-04-12,22.308938634316483,22.46279334743818,21.731983024137573,22.097387313842773,944786
2013-04-15,21.92430486017093,24.32828389705465,21.866608247195884,23.443618774414062,4847128
2013-04-16,23.462849674364545,24.385979758502945,23.462849674364545,23.924415588378903,2361258
2013-04-17,24.13596910927629,24.578301728992667,23.3090004904356,23.55901336669922,2823938
2013-04-18,23.6359397455228,24.943705875785927,23.559011505441223,24.501373291015625,2998716
2013-04-22,24.69368542633836,25.42449568650362,24.34751278769326,25.251407623291016,2409607
2013-04-23,25.40526579255363,25.943758187442253,25.193716205356125,25.770671844482425,2889155
2013-04-25,26.03991802413976,26.693800151294766,25.88606155951357,26.32839584350586,3230385
2013-04-26,26.50148167448889,26.78995948828324,25.17448407981297,25.347570419311523,2915243
2013-04-29,25.616819173464528,26.19377485875804,25.42450119299684,25.982223510742188,1777571
2013-04-30,26.23223690837101,26.32839676615964,24.770616138213693,25.48219490051269,2288822
2013-05-02,25.482194546638883,26.25146816659388,25.078325242203643,25.636049270629883,2277310
2013-05-03,25.751443259158364,25.751443259158364,24.77061820819968,25.116792678833008,1682311
2013-05-06,25.30910422565857,25.42449568650362,24.82830850667592,25.251407623291016,1319509
2013-05-07,25.32833796484801,26.713030379201644,25.2706431015421,26.578407287597656,4021591
2013-05-08,26.88612003423212,26.88612003423212,26.23223615895263,26.539945602416992,2403063
2013-05-09,26.655334060021843,26.69379730012498,25.674509230161146,25.86682891845703,2913128
2013-05-10,25.886063666450784,26.059151767270787,25.655282438508163,25.789905548095703,1062258
2013-05-13,26.2899345461566,27.482307412241514,25.712977120808382,25.96299171447754,3938698
2013-05-14,26.11684224104532,26.251465327966653,25.40526356557261,25.73220634460449,1948666
2013-05-15,25.962988138824954,28.078490850227134,25.962988138824954,27.84770965576172,5862031
2013-05-16,28.078497189047543,29.75166951012475,27.366920080238785,29.424728393554688,6470752
2013-05-17,29.69397032575089,29.84782681106151,28.1938879048228,29.174711227416992,3994129
2013-05-20,29.443958883114178,30.694028425510187,28.943929671043367,30.07860946655273,5290086
2013-05-21,30.117076862065343,30.34785987539409,28.57852750895214,28.963165283203125,3418011
2013-05-22,29.1939427944958,29.67473686988788,27.770785216262336,28.04003143310547,3488780
2013-05-23,27.770783376274427,27.886174853546137,25.57835402756345,26.539945602416992,2886086
2013-05-24,26.270699044002253,27.94386933793525,26.270699044002253,27.251523971557617,2641707
2013-05-27,27.42460892284613,27.88617305832873,27.23228922514407,27.30921745300293,1494308
2013-05-28,27.30921814819568,27.886173768208657,27.020740338189192,27.19382667541504,1455595
2013-05-29,27.213061257968068,27.578465570245235,26.57840900123304,26.9245834350586,1758070
2013-05-30,26.213003158569336,26.46301772219843,25.386032982805528,26.213003158569336,2308076
2013-05-31,25.77067115746959,26.039917347736143,24.84754285703304,24.96293258666992,2128212
2013-06-03,24.75138483534672,25.347572124783184,23.32822903624471,23.443618774414062,1701213
2013-06-04,23.48208513486197,24.174430579847392,23.46285176682084,23.578243255615234,1144850
2013-06-05,23.424387798745244,24.135966589906715,22.71281075147419,23.88595199584961,2645106
2013-06-06,23.482080996347708,24.42444087698977,23.482080996347708,23.905181884765625,1507650
2013-06-07,23.828258257085047,24.193664353748748,23.0589845587016,23.23207092285156,1382213
2013-06-10,23.46284935202552,23.751328916266445,23.039750176475543,23.32822799682617,912363
2013-06-11,23.078213464804385,23.30899641908087,21.693520970816376,22.02046203613281,1056044
2013-06-12,22.0589240715349,22.53971983205393,21.78967788759938,22.097387313842773,977340
2013-06-13,21.924301041911605,21.924301041911605,20.63576682841377,20.808853149414062,1578669
2013-06-14,21.020405152343013,21.808912114143386,21.020405152343013,21.61659240722656,805629
2013-06-17,21.770445336049164,21.847373561267457,20.731927374778166,21.058868408203125,785243
2013-06-18,21.00117301940918,21.57812863834008,20.828086682507955,21.00117301940918,751841
2013-06-19,20.866552138607943,21.48197280959493,20.61653928940647,21.21272659301757,1036115
2013-06-20,21.03963768796152,21.03963768796152,19.616481909536105,20.38575553894043,1008993
2013-06-21,20.00111599614418,21.289650295748984,20.00111599614418,20.943477630615234,2301765
2013-06-24,21.155031632375053,21.347349626153765,19.347237956739708,19.654949188232425,1941811
2013-06-25,20.078046988725845,20.289596592352183,19.328004948391847,19.90496063232422,1117464
2013-06-26,20.001116485027968,20.17420456571579,19.28953951640344,19.501089096069336,746081
2013-06-27,19.808802188142952,20.03958517578985,19.13568833797218,19.654949188232425,724954
2013-06-28,19.847260252085764,20.67423037386314,19.789565392194824,20.28959274291992,1638735
2013-07-01,20.078044394931105,21.59735990293773,20.078044394931105,21.32811546325684,1911558
2013-07-02,21.42427427662492,21.42427427662492,20.48191434688642,20.655000686645508,1104044
2013-07-03,20.38575432796329,20.38575432796329,19.135684972425565,19.520320892333984,2001625
2013-07-04,19.693409667462813,20.001119139020343,19.23184720401698,19.558788299560547,1559344
2013-07-05,19.712644577026367,20.13574556948048,19.50109320885401,19.712644577026367,762212
2013-07-08,19.539557361314287,19.96265659163669,19.1549196364233,19.63571548461914,768989
2013-07-09,19.7703349691042,22.616648029948177,19.443393922149387,21.32811546325684,9726523
2013-07-10,21.635826324720725,22.46279661809064,20.981944134718805,21.270421981811523,10278866
2013-07-11,21.962765948053537,22.155083903328013,21.231955625342287,21.34734535217285,2317342
2013-07-12,21.539667489814725,21.90507182059219,20.8088570843694,21.38581275939941,2773559
2013-07-15,21.15502448324731,21.693516776518315,20.84731509963244,21.42427062988281,1731974
2013-07-16,20.86655116155594,20.924246029310844,20.039582670950665,20.36652374267578,1292993
2013-07-17,20.501149057705963,20.86655341404545,19.039528144566955,19.63571548461914,2360162
2013-07-18,19.77033580123366,20.30882819104088,19.270308399191435,20.11650848388672,1557264
2013-07-19,20.36652913822281,20.520383903552435,19.48186380160475,19.751110076904297,1611092
2013-07-22,19.78957036912949,20.347294463899217,19.539557502835542,19.84726524353028,985930
2013-07-23,19.92419277289548,20.25113387056928,19.6934097957784,19.962656021118164,908605
2013-07-24,19.73187416224004,19.789569032744705,18.847209017826007,19.328004837036133,1651131
2013-07-25,19.23184259664269,19.885724631079245,19.19337761399521,19.48185539245605,937957
2013-07-26,19.61647847199712,19.808796409674333,19.404928914941184,19.48185539245605,909556
2013-07-29,19.32800396890164,19.578018550973063,19.212612489184806,19.23184585571289,473132
2013-07-30,19.424163836240755,19.424163836240755,19.03952615161158,19.251075744628903,1249505
2013-07-31,18.98183373476285,19.23184834925034,17.731762406216,18.92413711547852,1067993
2013-08-01,19.19338001421973,19.385699719837493,17.885615781804407,18.404874801635746,900140
2013-08-02,18.251019916555546,18.61642421488491,16.616312897096833,17.27019500732422,1435770
2013-08-05,17.654832671151663,17.77022414468892,16.92402233060269,17.27019500732422,656607
2013-08-06,17.13557806248527,17.13557806248527,16.058593024377693,16.17398452758789,593708
2013-08-07,16.17398287403006,17.270197682727947,15.808578519094269,16.770170211791992,1115168
2013-08-08,16.924024720882997,17.539443674813977,16.55862037094541,17.116344451904297,1050215
2013-08-12,17.174037752768953,17.827919895491778,17.15480613020538,17.347124099731445,754915
2013-08-13,17.212500625596235,19.42416333092474,17.097109148820337,18.44333839416504,2480521
2013-08-14,18.55872968306188,19.03952546355545,18.38564334159541,18.789512634277344,1563679
2013-08-16,18.462572959941657,18.48180632904608,16.46246126712427,16.635547637939453,1553282
2013-08-19,16.539389511870223,16.904793878714436,15.94320215467872,16.635547637939453,721125
2013-08-20,16.36630155209032,17.424051299500896,16.116286960802494,17.231733322143555,808859
2013-08-21,17.789457790336282,18.116398882648507,16.23167708006856,16.6932430267334,1250931
2013-08-22,16.539387406517168,17.42405077319522,16.308604445546997,17.17403793334961,785279
2013-08-23,17.30865701559287,17.462513465258617,16.654774952019,17.13557243347168,650593
2013-08-26,17.34712480611412,17.635602644095332,16.924023860815648,17.231733322143555,674399
2013-08-27,16.92402547035498,17.116345209893062,16.597084354587032,16.827865600585938,511003
2013-08-28,16.539390490019574,16.539390490019574,15.92397147121798,16.154752731323242,925444
2013-08-29,16.15474734253881,16.52015335299442,15.885501175653642,16.000892639160156,970946
2013-08-30,16.539385384085268,17.57790334979027,16.443225538124377,16.789398193359375,1042939
2013-09-02,16.577852823273993,17.308661559650453,16.577852823273993,17.21250343322754,616466
2013-09-03,17.385589740732296,17.50098123590594,16.385533022378315,16.635547637939453,818211
2013-09-04,16.404765520210322,17.097110966699944,16.270142406972788,16.731706619262695,533214
2013-09-05,17.231732627370103,17.443283963434915,16.96248816748177,17.15480613708496,940885
2013-09-06,17.308659989026598,17.38558822707488,16.808632545329242,17.250965118408203,579524
2013-09-10,17.327892484116866,17.847151525212585,16.96248816748177,17.15480613708496,1257694
2013-09-11,17.039415161096564,17.885617042571212,17.039415161096564,17.40481948852539,1751297
2013-09-12,17.424050415320743,18.40487536346317,17.05864610249513,17.327892303466797,2274612
2013-09-13,17.443283942904323,18.03947121747381,17.308659097283112,17.731760025024414,992541
2013-09-16,17.904846574011,18.05870304391801,17.11634306505224,17.17403793334961,821726
2013-09-17,17.308661941211927,17.308661941211927,16.808634441118162,17.05864906311035,432130
2013-09-18,17.077880174835332,17.21250329463402,16.86633055451772,17.000953674316406,369814
2013-09-19,17.693295737697945,17.962541925299682,17.481746158233854,17.808687210083008,1230976
2013-09-20,17.7702271748886,17.962545167651488,16.039360008350993,16.212448120117188,2646297
2013-09-23,16.212444840018307,16.616312368720912,16.03935676327126,16.46245765686035,636830
2013-09-24,16.193215984025674,16.693245244719975,16.11628947862081,16.154752731323242,564009
2013-09-25,16.19321632385254,16.404767705936823,16.077824819432994,16.19321632385254,552307
2013-09-26,16.46245957785715,16.731705791003893,16.07782188137746,16.2701416015625,1223105
2013-09-27,16.847097469707226,16.847097469707226,16.039358820899906,16.097055435180664,750042
2013-09-30,15.808577710198223,16.116287175627804,15.770114462992131,15.82780933380127,359844
2013-10-01,15.77011671651758,16.289375859672425,15.577796965224076,16.154752731323242,739240
2013-10-03,16.34707073872607,16.731708497422407,16.00089797662284,16.154752731323242,1767837
2013-10-04,16.15474959362758,16.770168492897938,16.039358114041804,16.40476417541504,2027686
2013-10-07,16.270138317583086,16.731702413861964,16.21244345950699,16.32783317565918,807012
2013-10-08,16.481694212956047,16.78940372881436,16.077824819432994,16.19321632385254,1421701
2013-10-09,16.154748581314518,18.001005163432698,16.058588730370364,17.616369247436523,7232903
2013-10-10,17.789457438427732,18.57796271791625,17.789457438427732,18.36641311645508,5863730
2013-10-11,18.71258320234206,19.404930267690744,18.27025069412571,18.866437911987305,4237486
2013-10-14,18.674124106568936,19.808802188142952,18.53950098775667,19.654949188232425,2494943
2013-10-15,19.8472642985306,20.097278896810973,18.65488966656333,18.98183250427246,2320518
2013-10-17,18.866437911987305,19.193378951997182,18.308715679454643,18.866437911987305,1018905
2013-10-18,18.962603118012066,19.94342651520717,18.07793785158667,19.78957176208496,2367402
2013-10-21,19.92419136129784,20.63577012245572,19.462627183655243,20.38575553894043,2871746
2013-10-22,20.404985065852795,20.55883977593093,19.92418931484487,20.174203872680664,1240170
2013-10-23,20.00111666416463,20.193436368009085,19.03952512050334,19.520320892333984,1673418
2013-10-24,19.61648395425348,19.80880194567817,18.904905118924425,19.077991485595703,977853
2013-10-25,19.07799189357747,19.17415176329145,18.577964407623995,18.73181915283203,896007
2013-10-28,18.92413542717649,19.11645514911255,18.1548617711035,18.36641311645508,801369
2013-10-29,18.404874124855887,19.077987838095687,17.789455274845714,18.9049015045166,1326638
2013-10-30,19.03952702941601,19.36646811728452,18.693354318012933,18.943368911743164,1069612
2013-10-31,19.00106343237852,21.42427585534932,18.78951383350424,21.193492889404297,5093873
2013-11-01,21.25118881990652,22.92435916562249,20.46268357539952,20.73192977905273,11227441
2013-11-05,21.53966659544464,22.40510007205513,21.270420392424885,21.866607666015625,2281230
2013-11-06,21.924305381431896,22.09738999280109,21.05887186124344,21.21272659301757,1634275
2013-11-07,21.19349187113348,21.828144125044343,20.17420542820543,20.328060150146484,1690293
2013-11-08,20.308826651865928,21.11656343146935,20.097275338807552,20.88578224182129,1777521
2013-11-11,20.50114959363232,20.88578732857823,19.5395578721034,19.69341087341309,1387920
2013-11-12,19.866499324837807,20.48191831608357,19.61648470568524,19.712644577026367,1321736
2013-11-13,19.616484473982013,19.90496234070739,18.847210744011207,19.11645698547364,1408121
2013-11-14,19.34723675831989,20.21267029255266,19.34723675831989,19.731874465942383,1619837
2013-11-18,20.02035549966548,20.15497863158252,19.46263134513642,19.67418098449707,1245202
2013-11-19,19.78956509920116,21.02040270977218,19.69340525691652,20.808853149414062,3754556
2013-11-20,20.981941572876675,21.09733304640285,20.11650813726576,20.270362854003903,2455375
2013-11-21,20.135744195568577,20.135744195568577,19.23184739586516,19.38570213317871,1733277
2013-11-22,19.50109452832632,19.78957241797792,19.03953025366188,19.270313262939453,879695
2013-11-25,19.50109173555923,19.86649782393683,19.03952752699578,19.1933822631836,2175779
2013-11-26,19.1549199629823,19.53955769443071,18.597195862743806,18.712587356567383,1436607
2013-11-27,18.577966293128448,18.80874930630828,17.866387370363157,18.15486526489257,2236061
2013-11-28,18.34718132019043,18.885672002423192,18.270253083362668,18.34718132019043,2204216
2013-11-29,18.30871910325217,19.03952780281336,18.27025411073014,18.46257209777832,2168707
2013-12-02,18.61642641879418,19.328005221975715,18.558731547140454,18.98183250427246,3177926
2013-12-03,19.0395245959426,19.11645282413897,18.674120307707884,18.9049015045166,1622412
2013-12-04,18.80874586351018,18.885672357895483,18.23179018005869,18.385644912719727,1885225
2013-12-05,18.75104888215003,19.02029509501428,18.501034292506027,18.53949928283692,1599525
2013-12-06,18.67412499685181,18.73181987456884,18.40487874639105,18.61642837524414,842880
2013-12-09,18.866440002497697,19.13568621018345,18.40487582241799,18.6933536529541,1781916
2013-12-10,18.654889779664988,18.789514635454125,17.866384476164573,18.03947257995605,1076596
2013-12-11,17.84715149387099,18.02023784059893,17.616370279530503,17.7125301361084,1061694
2013-12-12,17.712531484155182,18.462571795762795,17.6548348682612,18.03947257995605,2041970
2013-12-13,17.88561993564746,19.001066465391983,17.88561993564746,18.635662078857425,4989451
2013-12-16,18.827977339330666,20.424219524201508,18.69335423132258,19.88572883605957,12428022
2013-12-17,20.135740961093457,20.53960849173531,19.27030754876344,19.46262550354004,4349486
2013-12-18,19.4818581406028,20.731929271567136,18.674121293305618,20.30882835388184,8576663
2013-12-19,20.57807301136282,21.23195508911596,19.71263961864944,20.92424392700196,5102069
2013-12-20,21.097332313619017,25.09755655375936,21.020404085976807,25.059091567993164,24853043
2013-12-23,25.48219154500613,26.655334331207943,24.32828037905155,24.59752655029297,12165066
2013-12-24,24.65522616070347,25.38603659033457,23.11667880563297,24.116735458374023,6941021
2013-12-26,24.30905260818336,24.48213896170704,23.482084087150152,23.655170440673828,2197336
2013-12-27,23.8282596124206,24.73215647742051,23.11668074698284,23.55901336669922,5557336
2013-12-30,23.65516835866046,24.155195751928915,23.17437258699192,23.635936737060547,3364273
2013-12-31,23.7897959074086,24.712924380363603,23.21284017583908,24.07827377319336,7013575
2014-01-01,24.23212245108257,24.94370112476858,24.078267744114527,24.616758346557617,4738416
2014-01-02,24.385977564654144,24.924468176075845,22.001228694941883,22.40509796142578,5897819
2014-01-03,22.251245318722987,22.63588125633864,21.40504346574404,22.424331665039062,3327483
2014-01-06,22.4627962061061,23.63593919691477,22.4627962061061,23.30899810791016,5210657
2014-01-07,23.539776176472955,23.693630888530485,22.712807753122544,22.828197479248047,2480569
2014-01-08,23.42438631143296,23.559009411693584,22.443563108821657,22.5974178314209,3242625
2014-01-09,22.828199268844745,22.885895880320763,20.443450173057588,21.481971740722656,2789704
2014-01-10,21.69351976433515,22.40509846590797,21.155027396898376,21.34734535217285,2500279
2014-01-13,21.712751909807427,22.366634019865145,21.19349115096963,21.578128814697266,3110485
2014-01-14,21.539665395448747,21.712751732349968,20.80885506106229,21.00117301940918,1698394
2014-01-15,20.9819393157959,21.3088803357083,20.78962137653391,20.9819393157959,1912908
2014-01-16,20.962712804476165,21.13579916637884,20.212670740304244,20.34729385375977,1782163
2014-01-17,20.25113676588704,20.75116429594266,19.38570483769281,19.67418098449707,2645213
2014-01-20,19.63571626054527,20.270366874998288,19.46262988786632,20.097280502319336,2002250
2014-01-21,20.32805962889054,21.00117336616368,20.116508301714788,20.655000686645508,3329786
2014-01-22,20.424215305523223,22.21277684319637,20.19343412795672,21.905067443847656,9441427
2014-01-23,21.905067516921523,22.058922217109128,20.67422991542069,20.9819393157959,6720226
2014-01-24,20.78962361013464,21.11656466517301,19.808798701129263,20.078044891357425,2632068
2014-01-27,19.847264717566727,19.847264717566727,18.50103532220941,18.654890060424805,2146144
2014-01-28,18.693354827811422,19.404933637448494,18.501035099440024,19.00106430053711,1981581
2014-01-29,19.135684089839025,19.57801659805537,18.75104644378083,18.866437911987305,1570242
2014-01-30,18.50103459488641,19.231846752542538,18.174093507017894,18.943368911743164,1896780
2014-01-31,18.90490202536832,19.6934072306818,18.90490202536832,19.520320892333984,2046365
2014-02-03,19.27031139397665,19.712643998949385,19.00106515722968,19.09722328186035,1415829
2014-02-04,18.69335439362241,20.078046988725845,18.501034669718003,19.90496063232422,2598616
2014-02-05,19.77033721809345,21.69352222023004,19.6934089809406,21.38581275939941,7828378
2014-02-06,21.71275064190453,21.905068590592943,20.501144600554333,20.88578224182129,4185757
2014-02-07,20.96271065246062,21.23195685173106,20.48191486455786,20.712696075439453,1624244
2014-02-10,20.616535520296857,20.84731670382151,20.27036112917473,20.46268081665039,925627
2014-02-11,20.38575897196441,21.001177979126304,20.21267259418645,20.539613723754883,1226108
2014-02-12,20.597306423965023,21.50120495704188,20.597306423965023,21.270421981811523,4344798
2014-02-13,21.00117658412648,21.69352379313988,20.21267125156297,20.40498924255371,3474903
2014-02-14,20.40498807791674,20.5780761782088,19.53955629590861,19.90496063232422,1575334
2014-02-17,19.789569705423624,20.17420742020042,19.116455884427324,19.578020095825195,1272966
2014-02-18,19.44339632193588,19.885728894142893,19.19338172863483,19.328004837036133,2306481
2014-02-19,19.52032340478232,20.30883045547428,19.328005420074984,20.13574409484864,3102172
2014-02-20,19.904959615785483,20.07804596334765,19.308772338687813,19.42416381835937,2001534
2014-02-21,19.616486377313244,19.770341138235487,19.11645884028863,19.30877685546875,1569971
2014-02-24,19.15492057800293,19.385703573059995,18.92413758294586,19.15492057800293,1015137
2014-02-25,19.25107677104392,19.578019605161074,18.9626006720542,19.34723663330078,1743964
2014-02-26,19.270309247510585,20.078046123889404,19.097221154674084,19.828031539916992,2563312
2014-02-28,19.90496257581802,20.09728057460967,19.53955820372482,19.712644577026367,1769299
2014-03-03,19.73187326822331,19.962654483676094,19.231845848167,19.42416381835937,1496865
2014-03-04,19.32800578359404,21.38581401350409,19.32800578359404,21.135799407958984,5205813
2014-03-05,21.347347202334884,22.28970892702317,20.96271125844976,22.07815933227539,8681063
2014-03-06,22.193548204316897,22.57818587710465,21.55889770091288,22.001230239868164,4764514
2014-03-07,22.001229540587943,22.78973473926741,21.75121497402777,21.92430305480957,6868392
2014-03-10,21.77044476980424,22.88589267117108,21.69351829047692,22.67434310913086,4673126
2014-03-11,22.67434588378098,23.9244152769411,22.02046201003283,22.96282196044922,8460708
2014-03-12,22.80896849652261,23.05898308649391,22.17431795386204,22.32817268371582,2230865
2014-03-13,22.424333551676604,22.59741991255504,21.078104168978182,21.28965377807617,1908646
2014-03-14,21.078100904999467,21.481970180436303,20.69346325069435,21.155027389526367,1932685
2014-03-18,21.25118965229972,21.847376950645348,21.05887167525318,21.38581275939941,1834691
2014-03-19,21.44350519428265,21.73198299903894,21.00117267658236,21.155027389526367,1775460
2014-03-20,21.11656484063316,21.308882802155445,20.57807419959269,20.655000686645508,1345010
2014-03-21,20.71269538220361,21.116564667592115,20.71269538220361,21.020404815673828,1734216
2014-03-24,20.924248051300665,21.520435384607847,20.924248051300665,21.135799407958984,1480842
2014-03-25,21.02040464085485,21.32811581565619,20.80885506106229,21.00117301940918,1378068
2014-03-26,21.135796464655023,21.828143567655616,20.69346393238331,21.03963661193848,3155275
2014-03-27,20.981944326758377,21.52043503407372,20.962712702628234,21.097335815429688,1063090
2014-03-28,21.17425919166591,22.11662084240764,21.17425919166591,21.731983184814453,3745154
2014-03-31,22.0781555068851,22.30893668445161,21.36657686693244,21.905067443847656,2364964
2014-04-01,22.00123025446556,22.2897080732752,21.251188274338546,21.63582420349121,2159919
2014-04-02,21.82814254543601,22.84743065849289,21.65505621376412,22.61664772033692,4945236
2014-04-03,22.75127132673724,23.34745856263517,21.71275156924116,22.28970718383789,6946692
2014-04-04,22.482023616429103,23.27053049965761,22.15508258869537,22.885892868041992,5147604
2014-04-07,22.73204304347555,24.020575810989303,22.46279681794148,23.751331329345703,7163123
2014-04-09,24.001342609894778,24.15519733667826,23.53977842954432,23.789793014526367,4780561
2014-04-10,23.8859493892866,24.42444176575706,23.61670320105137,23.809022903442383,4424156
2014-04-11,23.712861725134086,25.07832246746176,23.15513950230625,24.616758346557617,9773084
2014-04-15,24.886010683583496,25.001402178362657,23.36669485797801,23.50131797790528,5321181
2014-04-16,23.46284921112494,23.770560395689312,21.597360945024565,22.001230239868164,3696334
2014-04-17,22.097388501777875,22.905127097007707,22.097388501777875,22.77050399780273,2622103
2014-04-21,22.962818993715835,23.232065157303307,22.751269433120004,22.84742927551269,1684773
2014-04-22,22.78973282812184,23.212833696092368,22.46279180320056,22.67434310913086,1854583
2014-04-23,22.52048524707273,22.866657870065666,22.23200747994864,22.36663055419922,1678455
2014-04-24,22.36663055419922,22.36663055419922,22.36663055419922,22.36663055419922,0
2014-04-25,22.40509676043765,23.34745658782962,22.347400157524024,22.482023239135746,3362523
2014-04-28,22.50125625125893,22.80896567287344,22.0012288771079,22.61664772033692,1744620
2014-04-29,22.52049446105957,23.385928116513533,22.193553322925588,22.52049446105957,2981703
2014-04-30,22.61664692303592,22.92435633380279,20.462681047667765,21.23195457458496,2619056
2014-05-02,21.28965414739663,21.6550602434926,21.03963954185152,21.135799407958984,1364742
2014-05-05,21.00117231885428,21.38580996660757,20.67423127740356,20.75115776062012,949490
2014-05-06,20.61653573214477,21.19348956883001,20.61653573214477,20.866548538208008,921130
2014-05-07,20.71269451901184,21.15502702917756,20.6934628982077,20.75115776062012,1257905
2014-05-08,20.789626049714688,21.03963890378721,20.57807644336248,20.69346618652344,965245
2014-05-09,20.597301693381866,21.11656239644631,20.097274353744663,20.9819393157959,3298124
2014-05-12,21.15503068782011,21.635826522745024,21.00117595088852,21.097335815429688,2075986
2014-05-13,21.44350773180432,22.501259226449864,21.42427610839681,22.155086517333984,3492372
2014-05-14,22.308940009732407,23.23206834537633,22.03969380919702,23.001283645629883,5057611
2014-05-15,23.2705319095148,23.84748577605814,22.424330115026915,22.65511131286621,4631943
2014-05-16,23.462849890818973,23.924415809091467,22.751272878577936,23.00128746032715,5340832
2014-05-19,23.347462396225453,26.039921210511217,23.270535898389547,25.71297836303711,9028780
2014-05-20,26.1553090758277,27.886176079314662,25.059094353286845,27.23229217529297,10645744
2014-05-21,27.386147264175563,27.44384213048766,26.001453033782298,26.520713806152344,5606793
2014-05-22,26.789961789021334,28.616986937364683,26.77073016563545,28.02079963684082,10189289
2014-05-23,28.270816600475605,29.21317668878731,27.520774506048,28.44390296936035,8183649
2014-05-26,28.71314471229589,28.84776606621737,22.77050376215087,25.751440048217773,6529668
2014-05-27,25.674509753702218,26.193770481243465,24.443672094182432,25.924524307250977,3046162
2014-05-28,25.7706734296719,26.482250467400146,25.11679126184906,25.55912208557129,2713158
2014-05-29,25.53989047685855,25.94375802663137,25.001398085307738,25.193716049194336,1574455
2014-05-30,25.77067291584237,26.463020060354825,25.19371725273039,25.30910873413086,2962818
2014-06-02,25.48219652046256,26.770731023627125,25.386036656560872,26.40532493591309,3479481
2014-06-03,26.63610301587942,27.25152363057851,25.61681660103369,26.847654342651367,6243043
2014-06-04,27.1938266797272,28.270811433997,26.55917619516838,27.94386863708496,13868331
2014-06-05,28.07849173136869,28.193883204167623,27.174595058242417,27.94386863708496,6575763
2014-06-06,28.19388548425257,30.463243161337243,28.19388548425257,30.040143966674805,15333891
2014-06-09,30.328618193102272,32.1171763620216,29.655501003410546,31.38636779785156,15214033
2014-06-10,31.5209975703669,31.540232684042685,29.270872926239417,31.07866668701172,7301781
2014-06-11,31.2709831561042,32.6556740264997,30.34785474658022,30.75172233581543,9657379
2014-06-12,30.790183342212305,31.655616817101013,30.40554740485531,30.54016876220703,6740110
2014-06-13,30.732490814202137,31.30944650804712,27.96310557641481,28.482364654541016,5358733
2014-06-16,28.270816707089867,29.17471180492106,27.501541240871283,28.84777069091797,4385063
2014-06-17,28.73238149967668,30.040147725031364,28.73238149967668,29.463191986083984,3871794
2014-06-18,29.655506079015577,30.270925023998643,28.07849546846908,28.69391441345215,4163753
2014-06-19,28.94392868560619,29.424726256826453,28.174655013100388,28.463132858276367,2806130
2014-06-20,28.52082442699984,28.713144130773205,27.11690035523964,27.38614654541016,2667750
2014-06-23,27.309219182949267,27.86694320261282,27.13613283916513,27.4823055267334,2159411
2014-06-24,27.540002941512338,28.6939125150679,27.540002941512338,28.50159454345703,2952054
2014-06-25,28.578522347255827,29.751667085250745,28.270814624878565,29.19394302368164,4410714
2014-06-26,29.0593173472632,29.40549177415303,28.00156593241764,28.193883895874023,1940475
2014-06-27,28.213118260753067,28.77084232727869,27.693859185770567,28.463132858276367,2510389
2014-06-30,28.578520152651944,29.328562137068467,28.55929027436365,28.98238945007324,2766148
2014-07-01,29.867057071740074,30.6171008637858,29.828593824114275,30.174766540527344,5647143
2014-07-02,30.482474960040104,30.69402630248081,29.92475091310236,30.059375762939453,3336803
2014-07-03,30.155536264989703,30.174767889662466,29.09778470075433,29.36702919006348,2069867
2014-07-04,29.34779444462864,29.48241929080336,28.54005757481264,29.232404708862305,2434652
2014-07-07,29.40549463300012,29.46318950447913,28.347741371427887,28.463132858276367,2244982
2014-07-08,28.540057371909725,28.69391209572802,25.962990311980715,26.19377326965332,2845451
2014-07-09,26.001455057133107,26.193774780919725,24.828313810264937,25.020631790161133,3473959
2014-07-10,25.097558285866697,27.30921926083776,24.482137653926326,25.23217964172364,8221953
2014-07-11,25.5014289574717,26.11684792072545,23.001289855225945,23.25130271911621,5492357
2014-07-14,23.27053673223752,24.02057708857565,22.88589899760384,23.50131797790528,2805485
2014-07-15,23.73209300586968,24.88600416356053,23.57823830110357,24.57829475402832,3193577
2014-07-16,24.80907586449996,26.155304963120656,24.80907586449996,25.86682891845703,4631439
2014-07-17,25.905295473586712,25.962990341124463,25.482194546638883,25.636049270629883,2368470
2014-07-18,25.3860369902848,25.482196855450592,24.712923165795644,25.09756088256836,1689808
2014-07-21,25.386034877528616,25.96299053272524,25.193716907093187,25.27064514160156,2066996
2014-07-22,25.28987626445964,25.53989260293841,24.61676246287774,25.020631790161133,1821216
2014-07-23,25.17448512817243,25.847598892463363,24.84754405729453,25.078325271606445,3447657
2014-07-24,25.174488340117986,25.27064820895275,24.462909496078023,24.635995864868164,1694398
2014-07-25,24.578301728992667,24.78985135412198,23.23207224427637,23.55901336669922,1847285
2014-07-28,23.52054721046824,23.75133017655057,22.924359915960977,23.078214645385746,2097253
2014-07-30,23.078213417916658,23.84748702412485,22.693575742867413,23.520545959472656,2649974
2014-07-31,23.462849837902688,24.385979928475383,23.462849837902688,24.13596534729004,3233882
2014-08-01,23.84748788311129,24.385980298798668,23.50131518382104,23.789793014526367,1944333
2014-08-04,24.03980775767128,24.405213852624826,23.674403406608235,23.982112884521484,1917779
2014-08-05,23.90518393419703,24.924470385269213,23.65516935508633,24.674457550048828,3630811
2014-08-06,24.61676146748804,25.001399155617857,24.232125523248577,24.53983497619629,2638631
2014-08-07,24.88600768447264,25.17448551470966,24.13596567463447,24.347517013549805,3845142
2014-08-08,23.924418300106577,24.020576423183407,22.962824862104696,23.25130271911621,3268278
2014-08-11,23.789794896798327,24.270590738051464,23.635940157841706,23.982112884521484,2001066
2014-08-12,24.00134103523937,24.48213680690791,23.50131364197092,23.635936737060547,2243271
2014-08-13,23.82825470356945,23.82825470356945,21.020404815287588,21.77044677734375,5503980
2014-08-14,22.03969432453264,22.6743465960314,21.80891310717065,22.46279525756836,2143418
2014-08-18,22.366634357458366,23.11667633074139,22.135853150850657,22.92435836791992,1746251
2014-08-19,23.03975654997092,23.38592933259745,22.808973532292715,23.21284294128418,2091810
2014-08-20,23.11667789176933,23.38592410423527,22.80896843291981,23.078214645385746,1629574
2014-08-21,23.020515433347416,23.52054455545204,22.712807753122544,22.828197479248047,1387856
2014-08-22,22.808963527581,23.03974644403072,22.05892166495439,22.23200798034668,1227277
2014-08-25,22.07815777741386,22.65511165260937,21.5588970226806,21.7512149810791,1337677
2014-08-26,21.59736129610876,22.00123059751761,20.808856059549846,21.65505790710449,1539253
2014-08-27,21.77044624888886,22.09738729602253,21.11656415462152,21.34734535217285,855324
2014-08-28,21.2704211260161,21.847376796988268,21.11656639668288,21.193492889404297,1189591
2014-09-01,21.27041921313772,21.84737483222347,21.27041921313772,21.7512149810791,1173919
2014-09-02,21.616592060611467,22.11662119790908,21.616592060611467,21.77044677734375,1226975
2014-09-03,21.847376713527524,22.424332382295624,21.578130502250364,22.116622924804688,2186038
2014-09-04,22.28970589208237,22.40509735709248,21.001171644564742,21.23195457458496,2087341
2014-09-05,21.15502791080333,21.53966557458623,20.924244963755545,21.020404815673828,2252489
2014-09-08,21.27041904203676,22.11662084240764,20.789623277962946,21.731983184814453,2513508
2014-09-09,21.63582349988089,21.712751729543843,21.270419204680003,21.366579055786133,965245
2014-09-10,21.385807541089264,22.63587670270037,21.11656139258811,22.36663055419922,3501409
2014-09-11,22.712807753122544,23.03974879825852,22.34740172205453,22.828197479248047,3542547
2014-09-12,22.61664912121634,22.905126939834584,21.866607141586965,22.001230239868164,1754321
2014-09-15,21.770449365270363,22.116623826986608,21.597363006357465,21.82814598083496,1455681
2014-09-16,21.78967767248553,22.67434444406436,20.77039129804836,20.943477630615234,4094409
2014-09-17,20.885784489857564,21.50120338701304,20.885784489857564,21.116565704345703,946286
2014-09-18,21.31886827606719,22.154522174178872,21.143962660404977,21.82414627075196,1699998
2014-09-19,21.843582685524265,22.83470700067384,21.47434136474844,22.38772964477539,3619841
2014-09-22,22.54319231531651,24.09789486902072,22.271118927867818,23.84525680541992,7368880
2014-09-23,23.90356310322352,24.000732696472387,22.037919600701272,22.193389892578125,3513454
2014-09-24,22.193389288994226,22.29055711739824,21.31886826014505,21.649242401123047,1857445
2014-09-25,21.843582879170587,21.999053188591688,20.405482957576023,20.65812110900879,1446420
2014-09-26,20.61925146186489,22.1545225629608,20.23057661673349,21.493772506713867,2260034
2014-09-29,23.12621406247361,23.32055150709373,21.90188516562277,22.03792190551757,3584977
2014-09-30,21.843581328482333,22.076787657159745,21.2605672689911,21.454906463623047,1118658
2014-10-01,21.37716857778054,21.629808451551416,20.52208289199061,20.677553176879883,1695884
2014-10-07,20.4832143888572,20.89132455528259,20.424913691740223,20.522083282470703,1020583
2014-10-08,20.36661542404126,21.10509981995684,20.230578685672413,20.46378326416016,1687864
2014-10-09,20.560950460996114,21.35773546776484,20.560950460996114,21.046794891357425,1960449
2014-10-10,20.81358976697344,20.81358976697344,20.308311741996807,20.405481338500977,3186610
2014-10-13,20.230572918843112,20.63868125541387,20.21113759415708,20.541513442993164,739559
2014-10-14,20.61925176568713,20.91075878493212,20.09454018836751,20.21114158630371,1207296
2014-10-15,20.21114158630371,20.21114158630371,20.21114158630371,20.21114158630371,0
2014-10-16,20.211144533628406,20.386050180443103,18.94794844082725,19.122852325439453,1651276
2014-10-17,18.986816120673986,19.628130910422524,18.94794722265712,19.41435813903809,1170256
2014-10-20,19.80302970439769,20.01680065874841,16.207778270867216,19.103412628173828,996330
2014-10-21,18.92851097503248,19.530958543677777,18.92851097503248,19.200584411621094,809853
2014-10-22,19.43379278266978,19.51152705155287,19.142285749953547,19.297754287719727,726478
2014-10-27,19.5892604862716,19.64756118020673,19.02568006275704,19.43379020690918,4109199
2014-10-28,19.35605507238957,20.28887679127555,19.35605507238957,20.17227363586425,1786559
2014-10-29,20.21114186723596,20.560951352513587,19.7835998777893,20.308311462402344,1615152
2014-10-30,20.58038683539945,20.89132745424165,20.444350094380688,20.65812110900879,1884968
2014-10-31,20.67755400746445,21.22169914533329,20.67755400746445,20.89132499694824,1640969
2014-11-03,21.1439641046524,21.629810329029954,20.755289239793107,21.454906463623047,2512267
2014-11-05,21.53264072309893,21.843581319742874,20.98849556007318,21.105098724365234,2268382
2014-11-07,21.10509730244921,21.10509730244921,20.308310535304084,20.522083282470703,1526481
2014-11-10,20.366614199058773,20.735855493706755,20.113974305540285,20.23057746887207,858984
2014-11-11,20.230576904204227,20.4637814621564,19.744732459785155,20.036237716674805,1517629
2014-11-12,19.88076837979531,20.560952044445507,19.88076837979531,20.2500114440918,1187778
2014-11-13,20.40548229330567,20.46378299661478,19.725298610354216,19.841901779174805,906941
2014-11-14,20.05567185394569,20.75528907212385,19.8224672893545,20.580385208129883,1847133
2014-11-17,23.2428144050522,23.2428144050522,22.096219920729894,22.52376365661621,9334089
2014-11-18,22.89300687101394,23.28168350805667,22.50433023397121,22.69866943359375,4371281
2014-11-19,22.89300629199153,22.89300629199153,21.5909432033457,21.80471420288086,2620145
2014-11-20,21.843581328482333,21.92131735877557,21.182833000900164,21.454906463623047,1653960
2014-11-21,21.318869333735915,22.329425373241005,21.318869333735915,21.610376358032227,2144081
2014-11-24,21.863017460369683,21.882452791874783,20.6386884966866,20.696990966796875,2665168
2014-11-25,20.71642130313683,20.91075872803731,19.103415918516816,19.33662223815918,4264791
2014-11-26,19.23945387356408,21.882450774726824,19.23945387356408,21.22170066833496,13531895
2014-11-27,21.357735548517315,21.41603624598832,20.05567077851187,20.4443473815918,7358119
2014-11-28,20.3083103568104,21.085661789215383,20.055670480452967,20.17227363586425,5800294
2014-12-01,20.28887703109038,20.48321445093816,19.62812874628663,19.74473190307617,2268056
2014-12-02,19.58926310673888,20.366614607537763,19.45322461162145,20.07510757446289,2758974
2014-12-03,20.21114377382632,20.288879809733004,19.977939190511137,20.13340950012207,2897926
2014-12-04,20.36661502103665,20.580386027270624,20.01680551692331,20.094541549682617,2068465
2014-12-05,20.0168059225348,20.794159217070373,20.0168059225348,20.113975524902344,2872437
2014-12-08,20.17227387430084,20.48321445093816,19.569826286790764,19.74473190307617,1986903
2014-12-09,19.60869456650401,19.95850226371672,19.045114128170763,19.200584411621094,1833429
2014-12-10,19.06454497968185,19.686426024964707,18.967375405530703,19.161714553833008,1853767
2014-12-11,19.083981772612624,19.37548878221057,18.79247476301468,18.967378616333008,1825987
2014-12-12,19.08398089774776,19.20058404868195,18.46209977570156,18.578702926635746,2498345
2014-12-15,18.46210165817131,18.63700552130544,18.170594632213664,18.22889709472656,1334121
2014-12-16,18.01512386958963,18.17059416192974,17.296074868893037,17.432109832763672,1698149
2014-12-17,17.257204853838203,17.587578983338137,16.5187205726137,17.12116813659668,1871350
2014-12-18,17.315508889423928,19.006248583253573,17.315508889423928,18.40380096435547,1802953
2014-12-19,18.4426686306892,18.947946668096385,17.315509389641676,17.470979690551758,1933082
2014-12-22,17.509846426742218,17.917954855967057,17.509846426742218,17.801353454589844,1054444
2014-12-23,17.82078575137012,18.034556734194844,17.33494132698509,17.49040985107422,975405
2014-12-24,17.393242689120758,17.568146547616394,17.10173567089395,17.257205963134766,1516897
2014-12-26,17.21833992011023,17.762485096282575,17.21833992011023,17.39324378967285,1069726
2014-12-29,17.43211039165343,18.03455801406166,17.43211039165343,17.626449584960938,1169360
2014-12-30,17.66531672411413,18.345498614290392,17.529279993638422,17.801353454589844,4094017
2014-12-31,17.665316072528462,18.423233964536003,17.665316072528462,18.209461212158203,2137031
2015-01-01,18.19002684654305,18.520400981477568,18.053990127063752,18.345497131347656,1261999
2015-01-02,18.384368211881405,18.792476656680748,18.30663217912769,18.44266891479492,2625707
2015-01-05,18.4426682271584,18.79247595600161,18.209461899794725,18.32606506347656,1953171
2015-01-06,18.17059529992226,18.17059529992226,16.926832883306748,17.04343605041504,3439884
2015-01-07,17.10173494382071,17.27663879488038,16.47985380129648,16.790794372558594,3498856
2015-01-08,17.19890871013237,17.49041402455936,16.829665590707023,16.887968063354492,2560676
2015-01-09,17.140602394738437,17.237770213706185,16.460418850954127,16.557586669921875,3201076
2015-01-12,16.86853160926308,16.86853160926308,16.2466486598255,16.324384689331055,2477728
2015-01-13,16.440987057090794,16.810228333322392,16.266083201917816,16.635324478149414,2736252
2015-01-14,16.55759063840089,16.75192984731911,16.24665001877465,16.382688522338867,1478897
2015-01-15,16.73249635044069,17.995692402800277,16.635326745565937,17.78192138671875,10164988
2015-01-16,17.87908501237623,18.55926856166448,17.684747610666168,17.937387466430664,7470204
2015-01-19,18.17059016418825,18.617567376601144,18.07342235423013,18.287193298339844,3167926
2015-01-20,18.442668091401107,18.578704820994822,17.976257202309327,18.22889709472656,2230577
2015-01-21,18.267764762440645,18.40380149601226,16.82966315737062,17.470979690551758,1929531
2015-01-22,17.509842007665647,18.5787002526179,17.490406683472173,18.287193298339844,4337327
2015-01-23,18.44266668020972,18.520400941342487,17.70418238843766,17.995689392089844,2986277
2015-01-27,18.15115992997992,18.32606378217277,17.45154275900635,17.743051528930664,5953423
2015-01-28,17.743053698422063,17.995691843723744,17.3543770532006,17.76248550415039,2632196
2015-01-29,17.85965444659886,19.181152876917093,17.684750579477775,18.773042678833008,4909507
2015-01-30,18.92850982123969,20.17227201302844,18.85077380315188,19.492090225219727,9750445
2015-02-02,19.39492255536837,20.172274001877927,19.356055423593443,19.666996002197266,4599402
2015-02-03,19.78359593634089,19.82246306178312,18.656435200901083,18.83134078979492,2949951
2015-02-04,18.850775921550824,20.30831100522337,18.52040177250564,19.589262008666992,7141011
2015-02-05,19.68642921106511,20.133406504977305,18.61757077122328,18.870210647583008,3653676
2015-02-06,18.792475044438863,19.394922638336205,18.617571188501287,19.06454849243164,2703567
2015-02-09,18.85077188270248,18.9090743308792,18.17059016418825,18.287193298339844,1682456
2015-02-10,18.09285805287961,18.94794553798636,17.45154332015066,18.209461212158203,2103053
2015-02-11,18.3260639000984,19.161717797533093,18.20946074381878,18.967378616333008,1444939
2015-02-12,19.10341779072436,19.9002028968863,18.85077788005249,19.686431884765625,2635733
2015-02-13,19.64755939612922,20.191706205588027,18.50096685077236,18.92850875854492,2848408
2015-02-16,18.3454990412762,19.14228587577924,18.3454990412762,18.6953067779541,2924112
2015-02-18,18.85077493137696,19.41435536908748,18.85077493137696,19.025680541992188,2149667
2015-02-19,19.10341448731891,19.297751897659936,18.46209979965206,18.75360679626465,1530981
2015-02-20,18.792473424197794,19.33662027326833,18.65643671193016,18.98681259155273,2589269
2015-02-23,19.083981318900616,19.2200180376256,18.462100183130488,18.59813690185547,1628335
2015-02-24,18.520403867204223,18.8702133841712,18.384368888731004,18.55927276611328,1535751
2015-02-25,18.65643638141849,18.71473883547293,17.820784320523817,17.937387466430664,1888710
2015-02-26,18.03455803019927,18.26776435749604,17.820787032012483,18.151161193847656,1140370
2015-02-27,18.30663030234249,18.850775427023628,18.15116001497615,18.617570877075195,1979337
2015-03-02,18.151161183126074,18.22889721291318,17.684750291010335,17.801353454589844,1733465
2015-03-03,17.879085540771484,18.22889498883023,17.72361526236829,17.879085540771484,2029072
2015-03-04,18.364930338394736,18.61757020709932,17.607012494483104,17.723615646362305,2291515
2015-03-05,17.820786444715058,17.820786444715058,17.296074868893037,17.432109832763672,1360328
2015-03-09,17.257206773397357,17.296075669934215,16.90739903998187,16.946266174316406,1363884
2015-03-10,16.92683520365108,17.21834228028066,16.732497739965556,16.887968063354492,3064546
2015-03-11,17.101736185671104,17.19890578207234,16.63532529490929,16.674192428588867,1586309
2015-03-12,16.71305943834264,16.90739684701116,16.693625873696,16.84909439086914,1118912
2015-03-13,17.024003040171408,17.024003040171408,16.402120049305427,16.46042251586914,1146712
2015-03-16,16.538157013076056,16.538157013076056,15.896840513709916,15.955142974853516,1514387
2015-03-17,16.09118093034994,16.16891520154268,15.74137142337546,15.79967212677002,1242348
2015-03-18,15.857970237731934,16.266080336033,15.74136710075993,15.857970237731934,1483304
2015-03-19,15.994010502256645,16.20778149918698,15.663636342363272,15.760804176330566,1554290
2015-03-20,15.799670877757462,15.916274037531116,15.35269532932922,15.391562461853027,1393471
2015-03-23,15.508166574497269,15.508166574497269,14.750247751601831,14.827982902526855,1626407
2015-03-24,14.808548663302584,15.15835638604608,14.633644801930837,14.925151824951172,1158250
2015-03-25,14.886285785129768,14.98345362513822,14.36157240027454,14.49760913848877,1745331
2015-03-26,14.41987358044578,15.061189236403097,14.031197825820668,14.827982902526855,1951680
2015-03-27,14.827982631845614,15.06118896146473,14.244969451101296,14.769681930541992,1716597
2015-03-30,15.46929452700728,15.527596979704017,14.964016589446832,15.333259582519531,941713
2015-03-31,15.372127690452158,15.81910496604066,15.25552453981992,15.508164405822754,1161823
2015-04-01,15.508165632654768,15.663635925062785,15.294392879217344,15.566466331481934,895111
2015-04-06,15.683067488202068,16.88796254101826,15.488730088064557,16.557586669921875,2395209
2015-04-07,16.693627036838876,16.732494168840265,15.89684025759718,16.207780838012695,1562674
2015-04-08,16.324381698283144,17.41267357654176,16.13004430343031,16.965696334838867,3590625
2015-04-09,17.140606068066113,17.2183403398992,16.557590218305997,16.713062286376953,1244000
2015-04-10,16.63532427989181,17.898521907223724,16.59645714858374,17.315507888793945,3721099
2015-04-13,17.354379033521305,17.393246173817893,16.81023202055873,16.887968063354492,1771034
2015-04-15,17.257204319873154,18.01512214265212,16.96569732940416,17.17947006225586,5533950
2015-04-16,17.276639494903606,17.373809088185993,16.518721601467245,16.732494354248047,1686544
2015-04-17,16.810227088044677,17.062866950247223,16.49928653250404,16.577022552490234,1382693
2015-04-20,16.402120785459715,16.6158935687838,15.469298900597764,15.6636381149292,2135315
2015-04-21,15.74137142965174,16.052312038951445,15.488733285972216,15.838541030883787,1432868
2015-04-22,15.935710901339563,16.07174587827933,15.430431081039377,15.896842002868652,1488836
2015-04-23,16.01344308275721,16.071743779546757,15.50816509064128,15.585899353027344,1232647
2015-04-24,15.644200987252333,15.644200987252333,14.983452668568589,15.06118869781494,1263121
2015-04-27,15.158357499355834,15.158357499355834,14.34213883227285,14.49760913848877,1221422
2015-04-28,14.419873317214476,14.847417961149135,14.381006183012062,14.769681930541992,750132
2015-04-29,14.808548805517145,15.255526127627403,14.789115238756125,15.06118869781494,780779
2015-04-30,15.06118869781494,15.255526127627403,14.789115238756125,15.06118869781494,989727
2015-05-04,15.197222994037997,15.488731769187188,15.13892229632948,15.294392585754396,1088871
2015-05-05,15.33326160252436,15.469296564933364,15.002885692924416,15.080621719360352,942775
2015-05-06,15.061188309379476,15.158356140678562,14.264402400614683,14.439306259155272,1222528
2015-05-07,14.381005807324287,14.43930650710487,13.895160474778177,13.972895622253418,975505
2015-05-08,14.322702889654618,14.672511482714368,14.128366348801164,14.342137336730955,1053843
2015-05-11,14.400438725125928,14.633645052414892,14.108932578217017,14.458741188049316,896237
2015-05-12,14.478174559737155,14.478174559737155,13.953462941782997,14.011764526367188,845029
2015-05-13,14.167234141286563,14.244969289912945,13.895160680543672,14.070064544677734,691683
2015-05-14,14.050633332217458,14.536477841801664,13.856294999723032,14.400440216064451,899846
2015-05-15,14.381005349782532,14.53647563978662,14.20610149380321,14.342137336730955,526288
2015-05-18,14.38100570526074,14.691946292954928,14.303270558337193,14.575343132019045,635218
2015-05-19,14.653078967498637,14.827982836020164,14.458741531608313,14.691946983337402,681709
2015-05-20,14.730813515903904,15.25552598112028,14.653078368505223,14.925151824951172,890794
2015-05-21,14.866848670640769,14.944584695520229,14.419872254740977,14.808547973632812,611714
2015-05-22,14.65307828820736,14.925151743162363,14.65307828820736,14.75024700164795,514973
2015-05-25,14.808547821256676,14.925150976274956,14.633643969830338,14.672511100769045,436587
2015-05-26,14.75024851981768,14.80855010632318,14.186668866534458,14.381007194519045,737018
2015-05-27,14.361571586019892,14.769681777524053,14.089499006118263,14.28383731842041,610583
2015-05-28,14.361571038442548,14.517041329916038,14.147799167391216,14.30327033996582,597395
2015-05-29,14.24496862575368,14.51704119271028,14.22553417867734,14.342137336730955,773629
2015-06-01,14.283837037109732,14.439306450347976,14.10893229515209,14.186667442321776,666983
2015-06-02,14.22553441766447,14.303270445073574,13.817425119822833,13.875726699829102,587009
2015-06-03,13.914592884189943,13.972894460223117,12.301588487945963,12.923470497131348,1839334
2015-06-04,13.214979220617316,13.953463646370754,12.845737888841832,13.56478786468506,2442030
2015-06-05,13.29271254552918,13.564785995774418,12.942904830758003,13.17611026763916,1383573
2015-06-08,13.2344092627686,13.253843707499987,12.593094614157728,12.884601593017578,832133
2015-06-09,12.826303075093652,13.098376555106467,12.593097612697468,12.806869506835938,705486
2015-06-10,12.865167989261549,13.720254537005342,12.787432848557566,13.525918006896973,1558799
2015-06-11,13.700823456944402,14.45874138780095,13.525919590162475,14.20610237121582,1929835
2015-06-12,14.10893297674569,15.527600141953233,13.797991491944428,14.827982902526855,2609132
2015-06-15,14.769680628473512,15.119488329861454,14.225533748801464,14.711379051208496,776096
2015-06-16,14.711381939535917,14.711381939535917,14.0311990875047,14.322705268859863,659871
2015-06-17,14.419873380709433,15.119489729343924,14.108932781316325,14.73081398010254,2113275
2015-06-18,15.508166438049372,15.508166438049372,14.808549204778547,14.905718803405762,2653647
2015-06-19,14.92515208579313,15.080622383307594,14.5170418939918,14.633645057678224,937779
2015-06-22,14.82798290284599,15.33326270552127,14.614211898623456,15.002886772155762,1760299
2015-06-23,15.10005568632292,15.31382668084344,14.769681530153813,14.925151824951172,1334092
2015-06-24,14.964019636591187,15.002886771502256,14.57534388197464,14.65307903289795,694725
2015-06-25,14.653077686076076,15.236091704964378,14.419872254740977,14.808547973632812,993454
2015-06-26,14.84741823185798,15.041753906413325,14.41987358012802,14.65307903289795,1959603
2015-06-29,14.342138024404832,14.750247334958228,13.875727132029196,14.458741188049316,1410369
2015-06-30,14.57534242238672,16.402117845598973,14.49760727924788,16.18834686279297,9896898
2015-07-01,16.479853375945694,17.02400024271086,16.440986246091644,16.59645652770996,5389492
2015-07-02,16.51872364872683,16.654760391301085,15.95514487200771,16.130048751831055,1861257
2015-07-03,16.130048633416127,16.16891577037988,15.48873382470444,15.605335235595703,1785365
2015-07-06,15.527600683913043,16.266085084026663,15.197224739023538,15.896842002868652,2511009
2015-07-07,15.99400752264236,16.596455029815367,15.819103691882768,16.01344108581543,3052523
2015-07-08,15.877406361379428,16.266082959916265,15.35269480366698,15.585899353027344,3015070
2015-07-09,15.87740566025573,15.9357081166729,15.410994819928872,15.508164405822754,1859437
2015-07-10,15.58589958395906,15.760803439121371,15.061188018472116,15.119488716125488,1548730
2015-07-13,15.27496011175406,15.702503878785302,15.04175377984526,15.43043041229248,2040406
2015-07-14,15.274956315073808,16.09117651167594,15.23608919015044,15.857970237731934,3789541
2015-07-15,16.69362514088075,17.023999249775123,16.402116397371465,16.557586669921875,8402209
2015-07-16,16.149480400193614,16.343817825533716,15.87740694739613,15.955142974853516,2259879
2015-07-17,16.032875441901346,16.421552011190794,15.741368455484771,15.877405166625977,1878101
2015-07-20,15.896837362655305,16.110610074137625,15.70249997583656,15.857970237731934,1268291
2015-07-21,15.81910535162135,15.916273177681536,15.216657781239617,15.313825607299805,1275146
2015-07-22,15.041750041129802,16.149477199060996,15.041750041129802,15.857970237731934,1859125
2015-07-23,15.955141610611594,16.168912583987026,15.585898595615006,15.935708045959473,1800086
2015-07-24,16.110614230381863,16.2466492027082,15.605334427217516,15.780240058898926,1454468
2015-07-27,15.760803745233655,15.760803745233655,15.31382643460318,15.391562461853027,1158186
2015-07-28,15.469297261913896,15.566466858786304,15.06118883189483,15.15835666656494,1038000
2015-07-29,15.23609391003517,15.702504840207524,15.158357873905224,15.605335235595703,1258526
2015-07-30,15.78024087633747,15.89684228722873,15.547034530150071,15.605335235595703,1759757
2015-07-31,15.877406150910687,16.266082744295282,15.644199842439503,16.09117889404297,2241191
2015-08-03,16.032879671725443,16.67419450615396,15.974578963941946,16.24665069580078,3090303
2015-08-04,16.343817775944707,17.820786433333552,16.24664818246836,17.257205963134766,7680561
2015-08-05,17.393240680031578,18.151158487433914,16.9462634211942,17.509843826293945,7368338
2015-08-06,17.587579366142496,17.684748955487716,16.557588063010925,16.790794372558594,2525486
2015-08-07,16.79080049730686,17.02400689192078,16.402123760351262,16.81023406982422,2422907
2015-08-10,16.654757979911036,18.01512344648811,16.615890848289396,17.412675857543945,5015827
2015-08-11,17.62644691881376,18.61756925351689,17.16003433518637,17.937387466430664,8390058
2015-08-12,17.490409757250713,17.820785655774387,16.382685955844803,16.615890502929688,3935064
2015-08-13,17.509848557599156,17.52928212686032,15.935711825419611,16.24665069580078,3828593
2015-08-14,16.130045335869674,17.1017341345309,15.87740547284884,16.926830291748047,6508595
2015-08-17,16.965697488289276,16.965697488289276,16.421552393266044,16.499286651611328,1636683
2015-08-18,16.596457754279324,16.96569903958599,16.32438430078902,16.65475845336914,2778052
2015-08-19,16.635325698626694,16.77136243200894,16.13004766192287,16.34381866455078,3268314
2015-08-20,16.34381648744465,16.479853202705893,15.352694113372571,15.469295501708984,2640252
2015-08-21,15.138923506552771,15.274960240949785,14.711380617006531,15.002886772155762,1888957
2015-08-24,14.381007251205766,14.478175093929243,12.631964935753826,13.07894229888916,2625472
2015-08-25,13.584219561905904,13.584219561905904,12.029515768263757,13.17611026763916,2574855
2015-08-26,13.117806643208125,13.409314514822878,12.593095117604664,12.690264701843262,2357856
2015-08-27,13.11780770777674,13.195543733916656,12.74856642966822,12.826301574707031,2539227
2015-08-28,13.059508730344463,13.564787680215106,12.904038419784454,13.07894229888916,2775482
2015-08-31,12.94290481856959,13.253845400784982,12.90403680524211,13.001206398010254,1162873
2015-09-01,12.904038174703828,12.923472623980636,12.22385535864689,12.282156944274902,1741454
2015-09-02,12.35988891905096,12.573660757302978,12.087816391267372,12.18498420715332,2329286
2015-09-03,12.321023753070246,12.748566616498804,12.282155739430676,12.573662757873535,1885209
2015-09-04,12.515359623772609,12.573661196441352,12.010081676912847,12.243287086486816,1521494
2015-09-07,12.126684303375692,12.72913184971225,12.126684303375692,12.437623977661133,1225699
2015-09-08,12.55422712648158,12.65139671086563,12.146117867812087,12.437623977661133,2068855
2015-09-09,12.670832085796564,12.806868818491257,12.47649377036112,12.515361785888672,1841951
2015-09-10,12.301590440421522,12.573663917691718,12.126686565662794,12.495928764343262,1430954
2015-09-11,12.631964011463138,13.117808476138242,12.57366331009496,12.904037475585938,2544602
2015-09-14,12.904036671194037,13.137242105433026,12.748566381701378,13.04007339477539,977932
2015-09-15,13.098375790116672,13.273279656423526,12.709699161055202,12.904037475585938,1111819
2015-09-16,13.00120650240321,13.078940767480113,12.47649316432517,12.573662757873535,1397386
2015-09-18,12.729131403487498,13.137240647850556,12.437623541655306,12.631961822509766,2846285
2015-09-21,12.534794643586054,13.137242241903657,12.359890786365174,13.001206398010254,2253599
2015-09-22,13.4838141020335,14.076943168413898,13.365187750923914,13.503584861755373,4843650
2015-09-23,13.246562296203503,13.64198197258683,13.207019880370584,13.503584861755373,1279769
2015-09-24,13.384958510645784,13.740836667585366,13.384958510645784,13.503584861755373,975883
2015-09-28,13.503583395424249,14.136254808936856,13.365186299621096,13.899003028869627,1586535
2015-09-29,13.562895889801684,14.35373511734921,12.910453751172234,14.01762866973877,4931815
2015-09-30,14.175798006882586,14.432820558783217,14.096714075806306,14.23511028289795,1518915
2015-10-01,14.43281929833776,14.709613481126349,14.175796768883394,14.29442310333252,1831851
2015-10-05,14.551445837543367,14.590987351990108,14.333964818919124,14.41304874420166,1051673
2015-10-06,14.511904012876329,14.551446425309337,14.096713612469784,14.156025886535645,1490687
2015-10-07,14.25487935567786,14.867779934588969,14.21533694910829,14.670069694519045,2617713
2015-10-08,14.768925117151277,14.788696769635656,14.432818677973993,14.55144500732422,1098555
2015-10-09,14.689842224121094,14.907323245552714,14.551446025381953,14.689842224121094,1002558
2015-10-12,14.630528526025495,14.927092548473002,14.531673851876327,14.610756874084473,637548
2015-10-13,14.590989052947322,15.085263419486385,14.314194833996376,14.90732479095459,1349543
2015-10-14,14.749155921338328,15.93541575477648,14.749155921338328,15.381827354431152,3196289
2015-10-15,15.362055517529546,15.69816196866163,15.14457539996705,15.24342918395996,1046574
2015-10-16,15.28297319027967,15.421368494208108,15.025949754570508,15.12480354309082,945012
2015-10-19,15.22365747648242,15.539993151061555,15.065489639192853,15.401596069335938,957263
2015-10-20,15.50045163993366,15.658619477223228,15.282971535952246,15.401596069335938,1020607
2015-10-21,15.559765291914708,15.559765291914708,15.065490980476708,15.184117317199709,770981
2015-10-23,15.421369343848466,16.113354865506473,14.966637409656132,15.915643692016602,3780658
2015-10-26,16.212210337845143,16.37037819985392,15.520224821070338,15.638851165771484,4055697
2015-10-27,15.59930680701979,15.77724539527052,15.32251265072846,15.460907936096191,875093
2015-10-28,15.342282716869656,15.994724775418508,15.223656399103175,15.599306106567385,1194044
2015-10-29,15.539993151061555,15.737702499479022,15.282971535952246,15.401596069335938,649426
2015-10-30,15.421366603761234,15.599306986841109,14.848008425905611,14.966634750366213,991707
2015-11-02,15.045718874563196,15.144574445101355,14.472359792442242,14.610756874084473,1060002
2015-11-03,14.74915505448254,14.927093660484587,14.452591009942145,14.590987205505373,891084
2015-11-04,14.808468076860484,15.00617743795036,14.689841743095322,14.768925666809082,742247
2015-11-05,14.590985901688736,14.709612226015969,14.294421883648612,14.33396339416504,500494
2015-11-06,14.551446903592202,14.551446903592202,14.076942420745388,14.23511028289795,650179
2015-11-09,13.879232894166426,14.037399858253709,13.167477522022605,13.800148963928224,1221142
2015-11-10,13.780376367371083,14.076941309595346,13.582667003480948,13.641980171203612,617573
2015-11-13,13.78037682499922,14.017629503768728,13.464041115158665,13.879232406616213,1461131
2015-11-16,13.721063960594204,13.899002565616671,13.483812188434564,13.661750793457031,917764
2015-11-17,13.780375535791626,14.215337544324552,13.72106326803723,14.096712112426758,1983022
2015-11-18,14.235108938237335,14.314192861843283,13.523353625783828,13.681522369384766,4191191
2015-11-19,13.839689945168509,13.938544623639912,13.661750448253148,13.721063613891602,1251979
2015-11-20,13.721063874901574,13.978086402372064,13.701292221719962,13.83969020843506,2227351
2015-11-23,13.879231458001458,13.958314483667356,13.681522101058652,13.721063613891602,582293
2015-11-24,13.800147188098762,14.393276140365746,13.701291615730094,14.096712112426758,1535901
2015-11-26,14.175798006882586,14.47236207612679,13.938546213653744,14.23511028289795,1804189
2015-11-27,14.413049720100208,14.590988339936764,14.0769423426,14.254881858825684,1538941
2015-11-30,14.23510790371185,14.590985982269965,14.23510790371185,14.472359657287598,1051390
2015-12-01,14.57121724031028,14.927095389935417,14.472362547343526,14.630531311035156,1333564
2015-12-02,14.709613800048828,14.788697725933195,14.393277200122284,14.709613800048828,1351345
2015-12-03,14.709613643078224,15.18411719332087,14.709613643078224,15.045720100402832,2504924
2015-12-04,14.927094003031296,14.986407171856117,14.650299812774856,14.689842224121094,1037781
2015-12-07,14.867782592773438,15.02595045455234,14.768927006869776,14.867782592773438,857004
2015-12-08,14.887552076842248,15.025949168147587,14.31419295468842,14.452590942382812,1735302
2015-12-09,14.274652545357435,14.41304964737157,13.70129337883863,13.800148963928224,1251333
2015-12-10,13.997856616008397,14.156024456989654,13.800147262976328,14.076940536499023,858478
2015-12-11,14.156026318379244,14.373508248811646,13.800149077571277,13.938546180725098,803642
2015-12-14,13.839691491210566,14.195568732018534,13.740835905306904,13.938546180725098,473325
2015-12-15,14.017629230815103,14.076941502963454,13.859461378974698,13.918773651123049,431738
2015-12-16,13.958314207568575,14.333963950385328,13.958314207568575,14.076940536499023,600811
2015-12-17,14.274651996569265,14.432819850964917,14.037399318586704,14.35373592376709,645347
2015-12-18,14.353736076454023,14.610758618483745,14.096713534424303,14.17579746246338,775058
2015-12-21,14.333965147663951,15.421368472946304,14.274651978244457,15.144576072692873,2433306
2015-12-22,15.2236592277765,15.698162794230983,15.164346954261507,15.421368598937988,2296780
2015-12-23,15.421370716138878,16.92396644592529,15.322516913375582,16.765798568725586,6937236
2015-12-24,16.9437315714314,17.39846429124552,16.68670818416929,16.904190063476562,6323535
2015-12-28,17.062360662405812,17.10190217679008,16.48900153272141,16.607627868652344,2444599
2015-12-29,16.66694267252983,16.66694267252983,15.994727934280032,16.172666549682617,1550667
2015-12-30,16.330835997427673,16.94373672837973,16.25175295744851,16.39015007019043,1941155
2015-12-31,16.46923500019619,16.60763212882071,16.25175482251685,16.528547286987305,1201614
2016-01-01,16.587857967001664,17.615949943464784,16.44946086674058,17.398468017578125,4056455
2016-01-04,17.378698240274804,18.14976681794913,17.022820986818445,17.24030113220215,4291697
2016-01-05,17.378696245817885,18.46610043349768,17.08213130437993,18.05091094970703,3848815
2016-01-06,18.031139646123005,18.683581845269902,17.75434544261273,17.99159812927246,4773012
2016-01-07,17.754346081619648,17.754346081619648,16.489003154634695,16.647171020507812,2954065
2016-01-08,16.647172503745644,17.358928859980246,16.46923386288161,17.18099021911621,2117613
2016-01-11,16.88442558046996,17.29961515375516,16.548319052466322,16.82511329650879,1640796
2016-01-12,16.825110406533046,17.022819778555775,15.895872234636371,16.034269332885742,1931642
2016-01-13,16.21220695011227,16.48899930620489,14.946863422061472,15.539992332458496,2533653
2016-01-14,15.263201092103213,15.263201092103213,14.472361796614308,14.74915599822998,1840102
2016-01-15,14.92709381034363,15.16434648258031,14.116483800294874,14.41304874420166,1894579
2016-01-18,14.09671240006054,14.393276434050714,13.543124051945222,14.037398338317873,1328710
2016-01-19,14.195566729061657,15.381825525025455,14.037397993210812,14.729382514953612,1389765
2016-01-20,14.630529507282338,14.670071021038424,13.839690268270116,14.13625431060791,1174345
2016-01-21,14.195568298968654,14.511904012876329,13.87923258506098,14.156025886535645,791153
2016-01-22,14.35373779514908,14.709615962131789,14.314195378200246,14.511905670166016,884961
2016-01-25,14.749156567658778,14.98640836546516,14.551447184348032,14.650300979614258,666346
2016-01-27,14.74915436105591,14.848009037921756,14.432818677973993,14.55144500732422,407369
2016-01-28,14.53167691387949,14.670073128294517,14.432821322511243,14.57121753692627,464223
2016-01-29,14.57121691884163,15.10503547608603,14.393278296149305,14.986408233642578,979767
2016-02-01,15.025949586202351,15.421368321409224,14.867781733563971,15.322514533996582,892493
2016-02-02,15.836558046737318,16.093581454245818,14.848008616939914,15.105032920837402,1866530
2016-02-03,14.90732343026663,14.90732343026663,14.11648415743348,14.195568084716797,1201477
2016-02-04,14.353734628529484,14.630528796939346,13.918772619996556,14.096712112426758,705617
2016-02-05,14.235109039718903,14.4723608122281,14.156025115549172,14.29442310333252,499646
2016-02-08,14.314193761797624,14.788698229655134,13.918774118907285,13.997858047485352,994428
2016-02-09,13.839689540946926,14.057169647954176,13.6419792933897,13.780375480651855,577085
2016-02-10,13.760606734944888,13.760606734944888,13.365186207826255,13.444270133972168,731085
2016-02-11,13.345414268241312,13.44426984609878,12.376637314184032,12.55457592010498,997131
2016-02-12,12.574347071029177,12.772056440159506,11.15083638629009,12.020759582519531,1213671
2016-02-15,12.337094639738831,12.811598176299285,12.297553126553312,12.594117164611816,935461
2016-02-16,12.851140351462435,12.969766689907654,12.119614252347215,12.178927421569824,664870
2016-02-17,12.238240086356395,12.25801174098988,11.48694320556828,11.803278923034668,1448982
2016-02-18,11.961447309613884,12.317323636215027,11.862591728659632,12.020759582519531,1122354
2016-02-19,12.0009882755454,12.238239149086132,11.902132699116214,11.96144676208496,823963
2016-02-22,12.0603000069456,12.218468742888348,12.000987739404698,12.040529251098633,749276
2016-02-23,12.099845700429618,12.099845700429618,11.467173274039752,11.526487350463867,1336391
2016-02-24,11.526485817236557,11.526485817236557,11.26946326645968,11.309004783630373,1502107
2016-02-25,11.32877495026587,11.467171149520956,10.99266848632068,11.091523170471191,932155
2016-02-26,11.210147513512457,11.427628514440409,10.874041082507706,11.111292839050291,1215981
2016-02-29,11.269461441359532,11.546253809505837,11.15083511628085,11.289231300354004,1337387
2016-03-01,11.289233945480252,12.000990269942584,11.289233945480252,11.94167709350586,1663278
2016-03-02,12.277781956999592,12.692972343740523,12.258011199628374,12.356865882873535,1492955
2016-03-03,12.495263389120522,12.574347317601235,12.198698433220558,12.29755401611328,840094
2016-03-04,12.43594911100646,12.8511394744524,12.258010511870918,12.633659362792969,1280444
2016-03-08,12.712743356791153,13.0093073915801,12.495262347501368,12.772055625915527,1094298
2016-03-09,12.851139543106534,13.14770537056514,12.673200943020396,12.93022346496582,989976
2016-03-10,13.167476126932703,13.207017639667834,12.870911195863124,12.93022346496582,629081
2016-03-11,13.127932463135462,13.56289443998552,12.949993880055413,12.98953628540039,1593599
2016-03-14,13.108162477447882,13.22678880405128,12.79182680169081,12.851139068603516,464981
2016-03-15,12.851140918604552,12.93022484892844,12.653430644600272,12.71274471282959,443369
2016-03-16,12.7720581662477,12.890684520869003,12.455723312165707,12.673203468322754,369628
2016-03-17,12.87091190258734,12.930224174946792,12.554576197780635,12.653429985046388,573367
2016-03-18,12.692971016900133,12.752284179202649,12.515032426381568,12.574345588684082,535278
2016-03-21,12.653431078863132,13.127935573480466,12.653431078863132,12.949996948242188,882579
2016-03-22,13.029077062734997,13.207015635823266,12.870909243014555,13.108160972595217,1138958
2016-03-23,13.108161708657445,13.167474868480442,12.910452371099376,12.98953628540039,805287
2016-03-28,13.009308943054622,13.127935288228658,12.495263837671487,12.53480625152588,1201883
2016-03-29,12.594117291091411,12.890682228517283,12.416178687191511,12.732514381408691,2218487
2016-03-30,12.87091090957963,13.543123782237233,12.752284581234754,13.147705078125,1433080
2016-03-31,13.246560316345349,13.246560316345349,12.96976613605266,13.048850059509276,573572
2016-04-01,13.04884845120882,13.562894338514033,12.949993783169372,13.483810424804688,1354965
2016-04-04,13.80014780659916,13.819918563403386,13.523353625783828,13.681522369384766,1339930
2016-04-05,13.64198207154174,13.681524487661491,12.930225752499709,13.029081344604492,1121548
2016-04-06,13.068623760724243,13.16747845643984,12.89068423276914,13.029081344604492,560351
2016-04-07,13.048847816102828,13.22678728557999,12.910451646139112,13.108160972595217,1658683
2016-04-08,12.989537106500526,13.503582133756693,12.890681535083653,13.325643539428713,1399803
2016-04-11,13.325645525913789,13.384957801938938,13.167477663735133,13.30587387084961,781578
2016-04-12,13.305873385333948,13.543125169944895,13.266331869426672,13.384957313537598,1049227
2016-04-13,13.48381217959868,14.07694116141458,13.48381217959868,13.819918632507324,2387638
2016-04-18,13.938546136276637,14.373508202976138,13.523354828139166,14.254881858825684,4862667
2016-04-20,14.235108300242684,14.432818548591014,13.997856540058088,14.096712112426758,1603012
2016-04-21,14.215339075172317,14.373507828717552,13.938545773343629,13.997858047485352,1067418
2016-04-22,13.978085593993749,14.156024187614412,13.839689408060448,13.958313941955566,560655
2016-04-25,13.997855997114495,14.215336992945389,13.64197881883574,13.70129108428955,674860
2016-04-26,13.661751974417452,14.0373999738505,13.56289728490292,13.938546180725098,715361
2016-04-27,13.978086462805466,14.215338234509131,13.859461025148155,14.13625431060791,648428
2016-04-28,14.235110557550376,15.500454375573565,14.195569039443887,14.650300979614258,4909606
2016-04-29,14.788697725933195,15.006177849823407,13.839690615320777,14.709613800048828,2035041
2016-05-02,14.70961347167198,14.70961347167198,14.333964608009934,14.452590942382812,914838
2016-05-03,14.511904831220706,16.884423715706642,14.47236241655785,16.647171020507812,13635382
2016-05-04,16.528542512466974,17.082130867052655,16.35060391071531,16.686710357666016,6246865
2016-05-05,17.61594973610204,17.61594973610204,16.33083433245607,16.666942596435547,14797812
2016-05-06,16.29129207647637,16.350604347719482,15.856330042359218,15.99472713470459,2359489
2016-05-09,16.09358309288391,16.469231071849507,15.895871931849024,16.251750946044922,1866710
2016-05-10,16.21220943094921,16.50877258694522,15.994727512366469,16.251750946044922,1805378
2016-05-11,15.539992051295217,16.19243410984407,15.42136573352874,15.599306106567385,1531482
2016-05-12,15.737705749384372,16.133126320653368,15.658622710797584,15.816790580749512,1363377
2016-05-13,15.658620721076446,15.895871599467991,15.144575657246325,15.362055778503418,2115371
2016-05-16,15.658620303521008,15.816788149157016,15.243429036434708,15.579535484313965,1177972
2016-05-17,15.678390103487246,16.113352100640913,15.579534533704786,15.73770236968994,1440853
2016-05-18,15.698163530869207,16.03427001544903,15.559766426728409,15.935416221618652,1379551
2016-05-19,15.935415543263474,16.686711515505483,15.81678920293856,16.034269332885742,2717653
2016-05-20,16.014498748303424,16.271522189659745,15.59930924183947,15.698163032531738,2106381
2016-05-23,15.717935323456334,15.915642901570568,15.282973273270468,15.44114112854004,1041551
2016-05-24,15.421369917021815,15.539996266969125,14.630531468392814,14.90732479095459,1795575
2016-05-25,15.085261750170478,15.302741873692524,14.927093898669495,15.025949478149414,1420892
2016-05-26,15.164346681358202,15.421368321409224,14.927094006011556,15.322514533996582,1326878
2016-05-27,15.42136694076382,15.974955271825523,15.42136694076382,15.717933654785156,1920788
2016-05-30,15.797016428670602,15.994725775457557,15.59930708188365,15.73770236968994,1295979
2016-05-31,15.638848839157202,15.91564121191006,15.223657590860924,15.717933654785156,1792128
2016-06-01,15.816788092480737,16.706482893287017,15.539993915415035,16.548315048217773,3128386
2016-06-02,16.330834454326887,18.52541370528024,16.27152217994693,18.031139373779297,7659541
2016-06-03,18.16953574577743,21.471291661817897,18.05091120176828,20.186176300048828,29363363
2016-06-06,20.087321172406234,20.166404196466328,19.079000066193903,19.6128158569336,5626491
2016-06-07,19.751214139487512,20.700223035200608,19.61281704621223,20.04777908325196,6818902
2016-06-08,19.96869553543031,20.403655768387733,19.11854224065936,19.35579490661621,5252529
2016-06-09,19.533732144389216,19.770984793763347,19.19762571842416,19.41510581970215,3410404
2016-06-10,19.45464957088017,19.45464957088017,18.62426878799382,18.742895126342773,2332474
2016-06-13,18.58472579472193,19.691900681440547,18.01136669895088,18.980144500732425,6206470
2016-06-14,19.09877641687149,19.948929931223667,18.64404351698561,19.47442626953125,5260711
2016-06-15,19.65235860655948,20.126862115849296,19.41510595552558,19.553503036499023,4305867
2016-06-16,19.61281529200377,19.61281529200377,18.50564043760752,18.92083168029785,2683419
2016-06-17,19.13831298310064,20.265260456388933,19.13831298310064,19.6721305847168,6369542
2016-06-20,19.573273521871148,20.68044836160324,19.474419745952712,20.08732032775879,6727452
2016-06-21,20.16640671796728,20.285033061667843,19.336025897619766,19.533735275268555,3020803
2016-06-22,19.810526442989417,20.1070913603928,19.41510595552558,19.553503036499023,3775481
2016-06-23,19.711674776349486,19.731445535721104,19.118544824087675,19.237171173095703,1242352
2016-06-24,18.584726632063703,18.584726632063703,17.438010181633903,18.367244720458984,4672168
2016-06-27,18.38701751793547,18.86152106858826,18.34747421079748,18.64403915405273,2422571
2016-06-28,18.742893088509987,19.11854102753126,18.545183741276578,18.92083168029785,2397389
2016-06-29,19.17785574556521,19.73144413992307,19.15808678037037,19.29648208618164,5844497
2016-06-30,19.4744215106897,19.69190163019585,19.21739808445488,19.31625366210937,3239653
2016-07-01,19.41510980021858,19.65236249823464,19.098774064716057,19.237171173095703,2244043
2016-07-04,19.39533639157316,20.32457271178162,19.2767100587687,19.988466262817383,7279610
2016-07-05,20.16640739208984,20.52228464230957,19.612818964833988,19.7314453125,5379456
2016-07-07,19.85007079729785,20.5222837502208,19.691902938211378,20.02800941467285,4822946
2016-07-08,20.126864449003417,20.24548899549364,19.69190240020475,19.96869659423828,2164307
2016-07-11,20.205948999107385,20.28503202902977,19.889611501083387,20.00823783874512,1849099
2016-07-12,20.14663452710982,20.14663452710982,19.395336794125736,19.77098655700684,2470985
2016-07-13,19.94892505643068,20.107092905011005,19.23716884143016,19.31625366210937,2121066
2016-07-14,19.395336151123047,19.94892450216213,19.079000462751587,19.395336151123047,1697362
2016-07-15,19.51396416584251,19.53373492397401,19.079002108614933,19.11854362487793,1240634
2016-07-18,19.17785550174299,19.751214646784344,18.584727391758133,18.88129234313965,1922514
2016-07-19,18.940605204398857,19.01968823774105,18.36724604155505,18.62426948547364,1563425
2016-07-20,20.50251134027028,22.34121322631836,20.42342831348701,22.34121322631836,35776593
2016-07-21,22.736635445574866,25.860451093603515,21.51083230340137,24.239229202270508,58903397
2016-07-22,24.23922526286324,25.603423490585584,23.98220365551468,24.911439895629883,19660584
2016-07-25,24.911442389770663,25.16846402285229,24.06128908440576,24.33808326721192,7080774
2016-07-26,24.3380856430332,24.516024265699045,22.97388714555737,23.17159652709961,5421174
2016-07-27,23.349536668738512,24.239229771634857,22.45984177306391,23.072742462158203,6656785
2016-07-28,24.12060156286065,24.318312719582888,23.112282193245324,23.211137771606445,7522841
2016-07-29,23.3297626376352,23.38907670258516,22.45984034855788,22.53892517089844,3291970
2016-08-01,22.7959487443518,24.10083318509697,22.61801011995729,23.30999565124512,8198361
2016-08-02,23.42861918851059,23.665870079810325,22.47961203775522,22.697093963623047,4026269
2016-08-03,22.65754767715306,22.7366324923798,21.7678529179367,21.90625,2789699
2016-08-04,22.10396536948539,23.05297257705416,21.807400393022863,22.77617835998535,4600773
2016-08-05,22.993657907115683,23.40884922190326,22.81571928442909,23.033201217651367,3546880
2016-08-08,23.19136552718544,23.62632574141209,22.657547948159447,23.448387145996094,4276710
2016-08-09,23.527472620298138,24.39739486586361,23.033198331921245,23.824037551879883,6810542
2016-08-10,23.86357826011229,23.86357826011229,22.85525716817473,22.99365425109864,3904307
2016-08-11,22.875030941167672,23.211137392212336,22.55869345413836,22.79594612121582,2759323
2016-08-12,22.8947994812274,23.230907718826256,22.736633429808727,22.875030517578125,2518659
2016-08-16,22.91457304666565,22.91457304666565,21.90625187470742,22.084192276000977,2481082
2016-08-17,22.183047039678726,22.5982383396892,21.39220774878608,21.926025390625,3427326
2016-08-18,22.26213410324484,22.61801137172952,22.06442291606144,22.4796142578125,2712191
2016-08-19,23.01342622264019,23.48793155646354,22.5982367447119,23.112281799316406,5208076
2016-08-22,23.09251583123888,23.2111421892943,22.36098871480532,22.499385833740234,1875427
2016-08-23,22.459840654134595,22.894800908202026,22.084192673045948,22.32144355773925,2104674
2016-08-24,22.420299411309824,22.637779540986774,22.103963699355248,22.281902313232425,1349545
2016-08-25,22.4598388671875,22.736633037955905,22.26212951354351,22.4598388671875,1444753
2016-08-26,22.57846520142121,22.6773189818758,22.04464761585429,22.14350318908692,1060765
2016-08-29,21.945793544149204,22.301672556469008,21.906252029261942,22.044649124145508,1263910
2016-08-30,22.222585678100582,22.677318435571124,22.084190388798145,22.222585678100582,2005271
2016-08-31,22.38075779377587,23.76472708634157,22.14350688827284,22.77617835998535,3950812
2016-09-01,22.75640727006083,23.03320148310928,22.242360362177067,22.360986709594727,1758317
2016-09-02,22.44006934464346,22.657549466329048,22.10396288713932,22.262130737304688,1726961
2016-09-06,22.93434485690869,23.290222090278224,22.61800913996285,22.83548927307129,2970619
2016-09-07,23.05296871123205,23.369304394041027,22.55869263816228,23.092510223388672,2824654
2016-09-08,23.52747301123126,24.29854148760028,23.38907592134163,23.92289352416992,8497626
2016-09-09,24.04151790978402,24.69396004879354,23.567014372979088,24.41716766357422,8108851
2016-09-12,23.606553994638105,23.84380664041901,22.538922466957786,22.657546997070312,4327130
2016-09-14,22.89480204880068,23.38907818602763,22.73663597964422,23.072742462158203,2514418
2016-09-15,22.97388713229928,22.993657891164265,22.30167415977663,22.40052795410156,2699008
2016-09-16,22.69709029988575,22.894797850073296,22.183043498286416,22.657546997070312,2712926
2016-09-19,22.815718945892456,23.013428324524167,22.40052763726543,22.618009567260746,2541074
2016-09-20,22.71686105900324,22.756404364946505,22.14350373977369,22.202816009521484,1395242
2016-09-21,22.32144343658655,22.5784668703226,22.14350482583781,22.183046340942383,1177169
2016-09-22,22.77048407038233,23.389679687047547,22.69058675169209,22.910301208496094,3314552
2016-09-23,23.14999111103577,23.72924077908727,22.990198286524667,23.309783935546875,4259835
2016-09-26,23.269836549820305,23.289810426800145,22.69058687261819,22.89032745361328,1867000
2016-09-27,22.97022528114162,23.30978481970793,22.570742299112784,23.149991989135746,2472468
2016-09-28,23.58941957565432,24.16866918831881,23.46957451593124,23.72923851013184,5107336
2016-09-29,24.008876892775923,24.568152684843124,19.774366132484715,21.552061080932617,7744275
2016-09-30,21.971516669192887,22.49084467820052,21.232474217971948,22.15128517150879,2139042
2016-10-03,22.410948199620627,22.910300540485533,22.37100044703862,22.69058609008789,2296623
2016-10-04,22.870351287046905,23.14998915916306,22.410946728912226,22.97022247314453,2313731
2016-10-05,23.56944742378672,23.8490853346716,23.249861757403053,23.429630279541016,5284013
2016-10-06,23.52949421016807,23.629365386944706,22.77047978697248,23.010168075561523,2144744
2016-10-07,23.030140882722087,23.16995979925928,22.7704787330355,22.85037422180176,1298277
2016-10-10,22.77047995702525,23.030142120669545,22.59071147524552,22.610685348510746,1011584
2016-10-13,22.23118182420385,22.53079359530712,21.69188172293596,21.931570053100582,1230988
2016-10-14,21.97151256318823,22.09135760527018,21.671900863581463,21.831693649291992,1922348
2016-10-17,21.771776151746487,21.99149059445651,21.09265713682773,21.43221664428711,1697850
2016-10-18,21.47216195528211,22.07138539973399,21.47216195528211,21.89161872863769,1374811
2016-10-19,21.97151395665025,22.93027254291535,21.77177341464333,22.291099548339844,3398742
2016-10-20,22.37099776464128,22.69058336937059,22.191231088380583,22.490842819213867,2604558
2016-10-21,22.930273478515776,22.930273478515776,22.390971638537305,22.490842819213867,3849414
2016-10-24,22.73053411192548,22.91030081187055,22.57074128850801,22.63066291809082,1629949
2016-10-25,22.750507584738592,22.750507584738592,22.25115524681974,22.351024627685547,1415758
2016-10-26,22.45089758538041,22.91030220708244,22.211209241255776,22.39097595214844,1754359
2016-10-27,22.430921387637586,22.490844825868503,22.03144025168205,22.11133575439453,775043
2016-10-28,22.25115533138013,22.29110308387826,21.89162193650369,21.991491317749023,1201424
2016-11-01,22.251155731546017,22.45089630882545,21.69188175292428,22.271129608154297,2008575
2016-11-02,22.251152698844344,22.251152698844344,21.65192923748005,21.771774291992188,2389098
2016-11-03,21.771777041680288,22.051414933793623,21.172553504636465,21.272424697875977,1303402
2016-11-04,21.27242525980995,21.352320767554787,19.994080835122524,20.133901596069336,2350071
2016-11-07,20.493430402485743,20.69317093820224,20.05399977495245,20.253740310668945,1117329
2016-11-08,20.353612700330714,20.53337937433692,19.974105478672765,20.03402709960937,827752
2016-11-09,16.039206872652255,18.016644105542166,16.039206872652255,17.557239532470703,3968656
2016-11-10,18.6358436382068,18.775662594891813,17.996672299759137,18.23636245727539,2047292
2016-11-11,17.976693931530892,17.976693931530892,16.87811994209395,16.95801544189453,1359885
2016-11-15,16.97799008000456,17.21768021257335,15.040502388392571,15.240242958068848,2238341
2016-11-16,15.599779292613263,15.759572122226794,14.581098871829052,14.70094394683838,1406026
2016-11-17,14.641019805344053,14.880708117907064,14.341408056242908,14.461252212524414,1217826
2016-11-18,14.4612515210597,14.601071356966106,14.061769509892155,14.241537094116213,1678474
2016-11-21,14.34140817593378,14.361382051214353,13.52246932784938,13.562417984008787,1462724
2016-11-22,13.742185366357054,13.941925927278335,13.043091591936063,13.422598838806152,1427398
2016-11-23,13.80210877283826,14.461253976797911,13.62234206368533,14.321435928344728,1803236
2016-11-24,14.26151340400323,14.84076219272669,13.981876401225769,14.660995483398438,1389021
2016-11-25,14.780840500339876,15.180322578122212,14.601073791737416,15.020529747009276,1399009
2016-11-28,15.180321451172604,15.420009774449774,14.880708783080404,15.220269203186035,1153118
2016-11-29,15.340113399850829,15.819491830396386,15.260217900358146,15.380061149597168,1410911
2016-11-30,15.679672132948204,16.558533451827955,15.479931582728767,16.41871452331543,2510712
2016-12-01,16.518586727025784,16.538562415551844,16.019234360201942,16.238948822021484,1056146
2016-12-02,16.179024908765275,16.918067321728568,15.779543796112357,16.318843841552734,1562674
2016-12-05,16.31884449603054,16.898094124924555,15.899387680845576,16.558534622192383,1726284
2016-12-06,17.177728769627155,17.577209823136894,17.05788372909576,17.15775489807129,2558184
2016-12-07,17.35749884279732,17.39744659377541,15.839466193664386,16.518585205078125,1455761
2016-12-08,16.738300249629045,16.938040801298165,16.29886958699985,16.398740768432617,1270865
2016-12-09,16.638429023213114,17.177730865817033,16.378766850104196,16.75827407836914,1279237
2016-12-12,16.838172912597656,16.9779900432306,16.618456656352738,16.838172912597656,733478
2016-12-13,16.738300706171163,16.918067388696205,16.57850789823819,16.658403396606445,489232
2016-12-14,16.658403877751073,16.898094002171735,16.458663314864864,16.578508377075195,532708
2016-12-15,16.578506966507778,16.798221385868754,16.398740294085826,16.478635787963867,795543
2016-12-16,16.418716917361817,16.57850974307636,15.819493368133111,15.979286193847656,1200659
2016-12-19,15.979282643093708,16.119101560924374,15.699644807432373,15.73959255218506,767672
2016-12-20,15.739595453965212,15.85944052151439,15.499907130063455,15.559828758239746,475048
2016-12-21,15.599778240092071,15.739595371773293,15.320140354336456,15.400035858154297,672780
2016-12-22,15.420010095145775,15.479933535608764,15.120399232019045,15.16034698486328,490687
2016-12-23,15.140371014377797,15.38006021508678,15.120397140718262,15.20029354095459,541059
2016-12-26,15.060477186241664,15.060477186241664,14.58109870295315,14.720916748046877,535416
2016-12-27,14.601070991981226,15.300164720448642,14.581096212723502,15.20029354095459,781930
2016-12-28,15.28019083120618,15.579802593700084,15.180321451172604,15.220269203186035,421902
2016-12-29,15.180321451172604,15.420009774449774,15.180321451172604,15.220269203186035,273301
2016-12-30,15.260215858494831,15.959308630301011,15.260215858494831,15.779541969299316,661539
2017-01-02,16.378766538627357,16.75827375967517,16.019231379996594,16.458662033081055,1410985
2017-01-03,16.638430994661576,18.33623040841826,16.458664296225606,17.79693031311035,2518545
2017-01-04,18.15646135902574,18.456073088023214,17.677082954869057,18.21638298034668,2673768
2017-01-05,18.416123289416625,18.535968341693955,18.096537690807985,18.256330490112305,1442310
2017-01-06,18.336233591471565,18.35620747129883,17.477345891717516,17.57721710205078,1010386
2017-01-09,17.617165532374962,17.85685388598177,17.377475367571332,17.437397003173828,616100
2017-01-10,17.417420328795124,17.816903268943896,17.417420328795124,17.617162704467773,603057
2017-01-11,17.697058594921792,17.776955909187027,17.477342339089823,17.53726577758789,702581
2017-01-12,17.577214932231342,17.6970600075976,17.117810319324626,17.277603149414062,678409
2017-01-13,17.377473185239506,17.457368689342573,17.01793798318591,17.13778305053711,548076
2017-01-16,17.23765299060046,17.856850347238776,17.017936747872792,17.377471923828125,1095201
2017-01-17,17.29757938025418,18.05659587924864,17.29757938025418,17.876829147338867,1187742
2017-01-18,17.95672353021578,18.13649023260643,17.657111755832474,17.71703338623047,973040
2017-01-19,17.617165532374962,18.076568361054417,17.377475367571332,17.437397003173828,756750
2017-01-20,17.477343061855827,17.63713588579787,16.997966401226332,17.05788803100586,744422
2017-01-23,17.0179397280171,17.37747496693346,16.878122581501426,17.177734375,583489
2017-01-24,17.15775552760796,17.377469933980258,16.95801318232814,17.017934799194336,568689
2017-01-25,17.157760892498686,17.57721596410981,17.117811324233536,17.437397003173828,971597
2017-01-27,17.57721323709331,17.657110550031124,17.177732105993847,17.237653732299805,809684
2017-01-30,17.17773094094176,17.43739311518628,17.057885885261605,17.09783363342285,688184
2017-01-31,17.137784684894275,17.377474842454895,16.997967539380138,17.197708129882812,1125772
2017-02-01,17.317548424803363,18.69576206620622,17.17773130328969,18.456073760986328,5391686
2017-02-02,18.49602189480805,18.61586695550965,17.856850652661493,18.376176834106445,3306955
2017-02-03,18.476048051520657,19.69446891314709,18.256331804658824,19.43480491638184,5978965
2017-02-06,19.7543917497009,20.353615279793548,19.654520557619925,19.9141845703125,4549322
2017-02-07,19.91418580542877,20.133902079394822,19.21509103989593,19.35491180419922,1862622
2017-02-08,19.374880671682902,19.5746230352564,18.79563288866975,19.235063552856445,1509970
2017-02-09,19.33493526488722,19.95413268231708,19.29498751181346,19.494728088378903,2726147
2017-02-10,19.614572754057995,19.654520506307453,19.05529878897581,19.21508979797364,1395800
2017-02-13,19.574624685361737,19.934158072187763,18.775660597305805,18.935453414916992,1375997
2017-02-14,18.95542694893684,19.095245888225143,18.13648899984521,18.296281814575195,1284830
2017-02-15,18.33623214493633,18.43610334739081,17.397448999933303,17.477344512939453,2587058
2017-02-16,17.39744676188349,17.956722525767123,17.177732318184383,17.896799087524414,1091015
2017-02-17,17.976698547734873,18.136493210762406,17.776959746942858,17.876829147338867,1259360
2017-02-20,17.936745359768928,18.276306651952176,17.77695436748939,18.17643547058105,1083097
2017-02-21,18.276309379760804,19.0952473934051,18.01664535615789,18.71573829650879,2200990
2017-02-22,18.795631449292987,18.91547649602002,18.35620081875806,18.41612243652344,1421258
2017-02-23,18.5359685831178,18.59589020443874,18.17643523279939,18.21638298034668,769324
2017-02-27,18.076563376032944,18.91547691029944,16.878118316103603,17.97669219970703,2015730
2017-02-28,18.05659168688194,18.595891757396952,17.796929494943544,18.296281814575195,1168395
2017-03-01,18.496024208144128,19.814314607153587,18.336231377621868,19.35491180419922,4518796
2017-03-02,19.69447135925293,20.85296892871622,19.494728962534275,19.69447135925293,8233926
2017-03-03,19.474751570737507,19.934156102372683,19.334932642744505,19.6345443725586,1369964
2017-03-06,19.714442158736325,20.17384670154921,19.31495923886565,19.554649353027344,1512929
2017-03-07,19.6345479260054,19.75439300185979,19.275014509638936,19.334936141967773,1049550
2017-03-08,19.55465240602856,20.07397865286428,18.61586929951973,19.69447135925293,2549263
2017-03-09,19.554652389552864,19.85426417318169,19.27501448333973,19.35491180419922,974509
2017-03-10,19.53467459920133,19.59459621944568,18.89550340514289,18.9953727722168,923704
2017-03-14,19.55465241623361,19.774366879302733,19.294988387081883,19.334936141967773,1108070
2017-03-15,19.31495991259801,20.413537527763147,19.31495991259801,19.774364471435547,3081558
2017-03-16,19.95413283980192,20.39356356067135,19.774366138354573,20.17384910583496,3432266
2017-03-17,20.31366499235251,20.41353617196985,19.494725304122365,19.67449378967285,1979031
2017-03-20,19.554650977075067,19.67449604410925,19.21508965194544,19.25503921508789,1345585
2017-03-21,19.33493292344677,19.5147014129022,18.855554511023943,19.235063552856445,1433888
2017-03-22,19.155169021847552,19.634547503759244,18.93545456350345,19.075273513793945,2128545
2017-03-23,19.175142045724176,19.45477993386357,19.115220417349995,19.21508979797364,882301
2017-03-24,19.3149594885073,19.47475229628157,18.675788257410225,18.79563331604004,1801796
2017-03-27,18.79563792502932,18.95543077198733,18.196414296137537,18.31625938415528,2693762
2017-03-28,19.17514156583143,19.27501275515221,18.5759198634964,18.615867614746094,2467077
2017-03-29,18.695763629731307,18.77566094561738,18.376177988580228,18.5159969329834,1330308
2017-03-30,18.695760794053903,19.275010359981348,18.515994124572085,19.055295944213867,2438167
2017-03-31,19.175142898860955,19.534678118692234,18.975402317530254,19.075273513793945,1819623
2017-04-03,19.1751406279186,20.093949728899155,19.07527125467928,19.834285736083984,2887529
2017-04-05,19.994080148135986,21.05270826775784,19.97410808308268,20.59330368041992,8744920
2017-04-06,20.55335530074548,20.952838247143635,20.253743543746,20.71314811706543,4917396
2017-04-07,20.493433701686804,20.813019334761208,19.85426243553799,20.014055252075195,3180208
2017-04-10,20.093949340336,20.813017869736584,20.014053843289503,20.633251190185547,4430524
2017-04-11,20.773070630099063,21.472165363317828,20.773070630099063,20.912891387939453,5523803
2017-04-12,21.03273379643434,21.312371678414674,20.173848086005105,21.05270767211914,4527933
2017-04-13,21.05271059437229,21.85167478864855,20.932867323628457,21.21250343322754,5771677
2017-04-17,21.33234391549719,23.52949542880723,20.8929132505959,23.13001251220703,15808060
2017-04-18,23.34973045842758,24.528201797896973,22.251154621405203,22.47086906433105,13199208
2017-04-19,22.37099945374759,23.729239281998307,22.05141382488819,23.56944465637207,7390100
2017-04-20,23.869055457273777,24.32846000682506,23.62936715079285,24.10874557495117,7593250
2017-04-21,24.20862121655908,26.48566869776996,24.04882837908469,25.36711883544922,15783063
2017-04-24,25.56685942949301,25.966342428777388,24.96763583616484,25.36711883544922,5705378
2017-04-25,25.56685745047527,25.62678089188775,24.54817886962624,24.687997817993164,3355646
2017-04-26,24.92768504206505,25.107451735918907,23.22988567158396,23.82910919189453,3656386
2017-04-27,23.96893205541462,24.54818179464086,23.46957964385956,24.16867446899414,3296895
2017-04-28,24.0288514506799,24.747920087838008,23.689291914954048,24.568153381347656,4089380
2017-05-02,24.927684830020777,25.347141652909432,24.4083586287276,25.26724433898925,4262548
2017-05-03,25.4669858465915,25.906416530121675,25.167374099238945,25.42703628540039,4697643
2017-05-04,25.447014491382458,25.626781195355367,24.88773869129192,25.32716941833496,2140789
2017-05-05,25.387091000857083,25.46698831980197,24.168671829320058,24.288515090942383,2097943
2017-05-08,24.408360386358154,26.885148317090533,24.088774730057416,26.68540954589844,11647654
2017-05-09,27.104864001998347,28.223413774876565,27.04494237193576,27.484373092651367,12541736
2017-05-10,27.60421307500226,27.68411038346188,26.725353549125074,27.024965286254883,3328655
2017-05-11,27.08488780364516,27.32457611454653,26.026259751573136,26.14610481262207,4287846
2017-05-12,25.966340172817542,26.945070990916296,25.127428301760983,26.4656925201416,6465606
2017-05-15,26.60550910557037,27.22470646842478,26.565561356017565,26.90512084960937,4100699
2017-05-16,27.06491592206271,28.24338731078429,26.3857950668976,27.88385391235352,7662579
2017-05-17,28.08359474215788,28.36323080810189,27.424447799984744,27.823930740356445,10530845
2017-05-18,27.184761131901965,27.48437290253573,26.36582132619813,26.4656925201416,3924179
2017-05-19,26.78527466804761,27.24467920225549,26.00628452840784,26.4057674407959,2969818
2017-05-22,26.585539774749574,26.725358733278497,25.586833186856826,25.726652145385746,2273668
2017-05-23,25.526905172037385,25.786569146003963,24.08877000101489,24.42832946777344,3466098
2017-05-24,24.66802416086346,25.067505321585376,23.62936988283247,23.948955535888672,3310128
2017-05-25,24.028847559361672,25.167372868084843,23.968925937301044,24.947656631469727,2332645
2017-05-26,25.14739815481788,26.32587125712958,24.7678909113731,26.18605232238769,3822014
2017-05-29,25.926389853977287,26.186053863955227,25.06750413136782,25.20732307434082,2427123
2017-05-30,24.927681671796805,25.526905111091267,24.36840597880295,25.147396087646484,2347269
2017-05-31,25.16737454916651,25.50693405258412,24.807839359197988,24.987606048583984,1863314
2017-06-01,24.26854070241248,24.88773811919486,24.26854070241248,24.38838577270508,1849194
2017-06-02,24.66802611966437,25.28722359802863,24.44830983374341,24.96763610839844,1665738
2017-06-05,25.167372766948247,26.765300794107667,24.76788985456019,26.4057674407959,4786739
2017-06-06,26.64545994013493,26.70538157140188,25.387091193955754,25.64675521850586,3885617
2017-06-07,25.72664701998077,26.04623262974961,25.287218164945944,25.62677764892578,1690523
2017-06-08,25.64675427357908,25.786573219247146,25.027556861847632,25.12742805480957,1664290
2017-06-09,25.187348007196302,25.92638862784964,24.947657884522,25.786571502685547,2493650
2017-06-12,25.38709299054105,25.726652547476903,24.80784326918176,24.96763610839844,1737539
2017-06-13,24.8877387922934,25.32716952111977,24.368410744045555,24.60810089111328,1362757
2017-06-14,24.76789129082196,25.32716703835772,24.568150728643403,24.707969665527344,2025711
2017-06-15,24.767892174919,25.886441898720967,24.588125481421827,25.58683013916016,3727902
2017-06-16,25.7666001491484,26.485668826887007,25.4869640406026,25.68670463562012,5972390
2017-06-19,25.84649355600172,25.92638905741926,24.86776279645768,24.987606048583984,2253109
2017-06-20,25.447011483579768,25.447011483579768,24.448305074491955,24.807838439941406,2133444
2017-06-21,24.687998354020085,25.64675532546985,24.60810103413425,24.92768669128418,3329130
2017-06-22,24.84779036616287,25.40706434220064,24.208619072864487,24.38838577270508,2571401
2017-06-23,24.60810018579646,24.76789300886273,23.329757601266248,23.68929100036621,2556606
2017-06-27,23.82910592930163,23.96892485231038,22.870349152552773,23.010168075561523,1592092
2017-06-28,22.87035243780539,23.60939490524233,22.630662303589293,23.110042572021484,2148510
2017-06-29,23.349734212907272,23.769191101789616,23.22988912876991,23.54947662353516,1601928
2017-06-30,23.16996087168633,23.329753667811143,22.890323025668835,23.010168075561523,1439177
2017-07-03,23.01016961515077,23.968926456049164,22.970221866245787,23.78915977478028,2397767
2017-07-04,24.088772204485224,24.648046138776447,23.849082081791487,24.00887489318848,2959825
2017-07-05,24.028846570224577,24.648043884147693,23.72923666105835,24.42832946777344,2605457
2017-07-06,24.727943805976967,25.367115060764384,24.44830592920834,24.64804649353028,4911249
2017-07-07,24.648047768254607,25.327168619985763,24.28851437164181,24.76789283752441,3237543
2017-07-10,25.007583221736606,25.52690944541209,24.64804801039514,24.72794532775879,604678
2017-07-11,24.568151877559306,25.46698716619109,24.20861848658523,24.847789764404297,4290528
2017-07-12,25.2272957518938,27.12483561307637,25.20732187687459,26.48566436767578,18686022
2017-07-13,26.70537799699036,26.72535368260236,25.40706167040784,25.56685447692871,3663890
2017-07-14,25.74662382166856,27.56426831589881,24.967633582883675,26.825225830078125,15044007
2017-07-17,27.00499173724144,28.083595525199588,26.1860537695214,27.66413688659668,12671458
2017-07-18,27.3245778168909,28.602922195727327,26.96504442254136,27.24468231201172,12900137
2017-07-19,27.52431813462015,28.44312723891501,27.324575765028065,27.98372268676757,7914482
2017-07-20,28.04364645432552,28.24338702798746,27.26465622472768,27.58424186706543,3895895
2017-07-21,27.62418822907404,27.724059416476223,26.44571691147157,26.785276412963867,3441474
2017-07-24,26.945071786002856,27.424450270922897,26.48566717822156,26.665433883666992,2726767
2017-07-25,26.925093596823608,27.004989092583376,26.305896259899782,26.4057674407959,2987149
2017-07-26,26.605507991391725,27.124834147419435,26.22599895294361,26.4057674407959,3343326
2017-07-27,26.60551043767557,26.68540775197802,25.167375081000564,25.247270584106445,4279068
2017-07-28,25.16737572179239,25.686701938793004,25.02755677660057,25.486961364746094,2263547
2017-07-31,25.56685570620069,25.88644133460833,25.16737457628941,25.34714126586914,2582357
2017-08-01,25.5069317193038,25.52690559283104,24.98760376280988,25.067501068115234,1619687
2017-08-02,25.20732459408953,25.347143545492216,24.74791998553693,24.92768669128418,1517408
2017-08-03,24.96763317496832,24.96763317496832,23.60939510680336,23.769187927246094,3682201
2017-08-04,23.729241078611285,24.1287222393332,23.42962930247151,23.948955535888672,1685990
2017-08-07,24.04882675650106,24.767893571021705,23.98890331449322,24.288515090942383,2046254
2017-08-08,24.3684091350145,24.4483064491604,22.570740395492265,22.8104305267334,3251524
2017-08-09,22.011464205033235,23.3497301543626,21.392266824345946,22.17125701904297,4997648
2017-08-10,22.291100560715225,22.331050119888022,20.37358692349164,21.03273200988769,3426164
2017-08-11,20.93286513374643,21.172553461356014,19.61457299270551,20.57332992553711,2866393
2017-08-14,20.93286432089411,21.55205989783991,20.83299313173689,21.43221664428711,2021820
2017-08-16,21.572031620156533,21.851667638251914,21.2524460470222,21.81171989440918,1717182
2017-08-17,21.971517836636828,22.9103009044058,21.572036682077965,22.271129608154297,3946158
2017-08-18,22.17125838326521,22.25115570078452,21.651932158577985,21.931570053100582,1544796
2017-08-21,21.971517836636828,23.38967937659441,21.971517836636828,22.271129608154297,3371173
2017-08-22,22.550763793056223,22.730530464152515,21.711852057541403,21.89161872863769,1050139
2017-08-23,22.11133462913181,22.670610364443466,21.991489569965537,22.33105087280273,1337508
2017-08-24,22.371000654697784,22.69058630071361,21.971517691579685,22.311079025268555,1144344
2017-08-28,22.77048212011329,22.8903253710892,22.410946933596023,22.57073974609375,1341411
2017-08-29,22.450895091338708,22.470868966863826,21.73182651645173,21.79174995422364,1319266
2017-08-30,22.011464420286845,22.51081855374749,21.971516669192887,22.15128517150879,1297961
2017-08-31,22.291099173044326,22.8903226001728,22.03143701616594,22.370996475219727,2232885
2017-09-01,22.530794929063006,23.30978521780608,22.450897606814017,23.07009506225586,3349338
2017-09-04,23.0101698560842,23.090065354730733,22.01146344462717,22.33105087280273,1697907
2017-09-05,22.490844090515303,24.208617265832096,22.43092065424361,24.00887489318848,6525020
2017-09-06,24.328462331960456,25.56685716552523,24.008876685311265,24.38838577270508,18103659
2017-09-07,24.668019774485348,25.546879258515947,24.58812246983001,24.747915267944336,6546766
2017-09-08,24.92768348982208,24.987605113643195,23.92897889229136,24.10874557495117,2957949
2017-09-11,24.388383192677743,25.36711390560218,24.12871920304618,24.86776161193848,5279171
2017-09-12,24.92768605674995,25.4869618481243,24.827816673430707,25.047531127929688,5168667
2017-09-13,25.007583189487463,25.28722108310467,24.26854070241248,24.38838577270508,2962235
2017-09-14,24.508229486186192,25.02755568044131,24.46827992416923,24.62807273864746,2198161
2017-09-15,24.468279244806165,24.668021615755503,23.88903144040325,24.40835762023925,3174548
2017-09-18,24.668022740274047,24.82781555759995,24.068799222502765,24.2086181640625,2232626
2017-09-19,24.56815247254567,25.447013906429262,24.22859294938048,24.38838577270508,6337951
2017-09-20,24.548178990259697,24.947660149388312,24.188643773607943,24.308488845825195,3622152
2017-09-21,24.72001620583272,24.740180946882973,23.873164730232155,24.135284423828125,2598708
2017-09-22,23.93365298032461,23.95381772096368,22.84484291770461,22.96582221984864,3015719
2017-09-25,23.04647246858842,23.12712410649312,21.43341959877849,21.83668327331543,2648819
2017-09-26,21.8165228784868,22.502069193046413,21.594727192008307,22.1592960357666,2476918
2017-09-27,22.421415264478515,22.461741083975824,21.030158036780705,21.211626052856445,1848533
2017-09-28,21.372933048019668,21.816522586705908,21.130976281315,21.69554328918457,2071322
2017-09-29,21.77619673147272,22.50206885885234,21.77619673147272,22.179458618164062,1945296
2017-10-03,22.66337300176445,22.66337300176445,21.776195792303103,21.877010345458984,1083128
2017-10-04,22.018152577014,22.018152577014,21.45358559358888,21.514074325561523,1629990
2017-10-05,21.61488758668027,22.300433763417388,21.49390831186264,21.957660675048828,2337530
2017-10-06,22.01815133458226,22.42141500999179,21.877009139605818,22.07864189147949,2238574
2017-10-09,22.03831519707765,23.268267357673523,21.93749881678134,22.865005493164062,4304488
2017-10-10,22.865002884655564,22.96581742511275,22.34075996092741,22.42141342163086,1721437
2017-10-11,22.58272134163836,23.10696250265409,21.45358554880713,21.75603103637696,3009781
2017-10-12,21.95766419557227,22.078643489786792,21.45358593607272,21.614891052246094,1694003
2017-10-13,21.695544606397984,21.8971773906214,21.41326017115571,21.49391365051269,2245512
2017-10-16,21.69554234981738,21.796358731443046,21.372932122620764,21.514074325561523,1379506
2017-10-17,21.43342276080833,22.118970925824883,21.41325984835756,21.635055541992188,1966394
2017-10-18,21.63505459954993,21.715706245839744,21.251953794659286,21.33260726928711,1256087
2017-10-19,21.43342055123769,21.69554204275176,20.969668127663983,21.171300888061523,670636
2017-10-23,21.41325916702406,22.502069203088062,21.211628220593845,22.28027534484864,4872940
2017-10-24,22.441579469610467,24.09495644781564,22.28027435397245,23.550552368164062,9469754
2017-10-25,23.732021369600385,23.953817055425,22.78435354775563,23.248106002807617,3781352
2017-10-26,22.985985389533543,24.498220163798305,22.78435262362788,24.276426315307617,6572992
2017-10-27,24.49822248281551,24.55871122131034,23.44973821720492,23.651371002197266,2747238
2017-10-30,23.46990007435932,24.96197384016616,23.44973716243464,24.800668716430664,5341029
2017-10-31,24.76033949933884,24.88131879157883,24.034467402574755,24.29658889770508,3168694
2017-11-01,24.478054761703984,26.21208503632231,24.316749662398504,25.40555953979492,13907001
2017-11-02,25.808823292695585,26.534697207705587,24.901483184355456,25.284582138061523,8658346
2017-11-03,25.48621366900596,25.62735587325069,24.45789424594313,24.76033973693848,3335434
2017-11-06,24.59903335571289,25.18376505343891,24.377239519508805,24.59903335571289,2739655
2017-11-07,24.51838471171875,24.86115787697088,23.28843243659446,23.691696166992188,3581411
2017-11-08,23.691693979871328,24.03446711348004,22.865005511461284,22.985984802246094,2139657
2017-11-09,23.167450666669097,23.590877264229395,22.824677537931755,23.490062713623047,2550934
2017-11-10,23.18761726758528,23.79251010482272,22.945658670019885,23.248106002807617,3564812
2017-11-13,23.046470870949552,23.30859050430685,22.582718500132565,22.66337013244629,1899918
2017-11-14,22.60288108368799,22.905328357197423,22.58271817589905,22.68353271484375,1641513
2017-11-15,22.582722762278,22.582722762278,20.96966969984968,21.31244468688965,4040964
2017-11-16,21.514072768227084,22.17945608511292,21.05032037165925,21.97782516479492,3436138
2017-11-17,22.48190342831083,22.945655825880188,21.776194291504908,22.582719802856445,11349277
2017-11-20,22.76419187117271,24.074795832139337,22.46174452197455,23.772350311279297,8506469
2017-11-21,23.95381407989732,24.45789229581458,23.207777296470592,23.308591842651367,5898635
2017-11-22,23.409408521830283,23.55055071665805,23.04647249418049,23.167449951171875,2230263
2017-11-23,23.167450666669097,23.91348748284547,22.94565682699725,23.490062713623047,3474767
2017-11-24,23.530388165966656,24.76033846249891,23.429571788598697,24.59903335571289,8308494
2017-11-27,24.720013915250824,25.203929260516496,24.3167520416984,24.76033973693848,5292392
2017-11-28,24.59903401160524,25.12327699389126,24.05462994731348,24.55870819091797,5122252
2017-11-29,24.820830604977527,26.333067220358625,24.59903492627472,25.224092483520508,14995204
2017-11-30,24.92164735512254,25.56686783294622,24.437731996754785,24.840993881225582,6698105
2017-12-01,25.04262351989746,26.71616518984968,24.800666767477345,25.04262351989746,15496338
2017-12-04,25.244259944235694,25.385400337103828,23.893328300311488,24.336917877197266,4512789
2017-12-05,24.09495734089965,24.86115712566405,23.59087906438935,23.97397804260254,5872409
2017-12-06,23.91349069353096,24.33691734794158,23.38924947497836,23.530391693115234,3864960
2017-12-07,23.651371513875738,24.59903757915403,23.651371513875738,24.457897186279297,4576760
2017-12-08,24.59903473374508,25.08295190954992,24.2360986802294,24.39740562438965,3956010
2017-12-11,24.437730770709425,24.72001334434162,24.115120547983,24.31675148010254,2743632
2017-12-12,24.35707601592072,25.304743723728382,24.07479162884232,24.51838111877441,6731477
2017-12-13,24.518386000663465,24.780507530618763,23.530392277506067,23.732023239135746,4006397
2017-12-14,23.792509445824447,24.054630947870454,22.90533221211284,23.40941047668457,2777427
2017-12-15,23.85299841997972,24.094955166400045,23.348918360623152,23.510225296020508,2244055
2017-12-18,23.248102492530816,23.93364870155742,22.19961844195681,23.46989631652832,3587399
2017-12-19,23.651371834099272,24.67969139470976,23.51022961097541,24.43773460388184,3582060
2017-12-20,24.397406181410545,26.111271933440754,24.397406181410545,25.68784713745117,11283530
2017-12-21,25.88947887963251,27.70416107304678,25.54670389029805,27.32106208801269,21594708
2017-12-22,27.56301999231936,28.671991095357097,27.058939891235656,27.84530258178711,18004047
2017-12-26,28.02677023206935,30.12373859721091,27.26057046346047,29.55916976928711,25316893
2017-12-27,29.801125559752485,30.12373761399194,28.067096966785176,28.651826858520508,10579757
2017-12-28,28.95427578983453,29.59949627764849,28.551012070781795,28.913949966430664,8773654
2017-12-29,28.9946016132384,29.397865332291133,28.63166554592755,28.913949966430664,6670729
2018-01-01,29.155905345044072,30.204387607832032,28.81313039893566,29.115577697753903,9503772
2018-01-02,29.35753725939324,29.37770016955021,27.88562653455567,28.57117462158203,6372278
2018-01-03,28.752641351001788,29.23655665806605,28.43003114629228,28.772804260253903,4746869
2018-01-04,28.994598793100018,30.24471382373255,28.671988580571483,29.8212890625,10098098
2018-01-05,30.446345440184945,33.14820632624052,30.143898148698188,31.837602615356445,37495183
2018-01-08,31.85777307395692,32.644134024167926,31.494836969499808,32.20054626464844,11127677
2018-01-09,31.95858251924449,32.805435731662776,31.635972294038844,32.03923416137695,9527747
2018-01-10,32.14004626660028,34.19668469043097,32.05939463978538,33.168365478515625,21202331
2018-01-11,33.188531814513176,33.51114201178246,32.32151576664088,32.58363723754883,6855257
2018-01-12,32.80543506054178,33.18853400950949,31.05123993999253,32.079559326171875,7921280
2018-01-15,32.36184093668064,33.591792974786095,32.05939731092563,32.62396240234375,11316298
2018-01-16,32.765110997937335,32.82559973154405,31.05124160569131,31.25287437438965,6790408
2018-01-17,30.849613420303584,30.930265067535085,29.51884478594152,30.58749008178711,5495007
2018-01-18,30.84961185671993,31.77711672290068,28.26872819437501,28.994600296020508,7747563
2018-01-19,29.15590728659618,29.43818986639821,27.966280921579685,28.75264358520508,5413940
2018-01-22,28.913949966430664,29.19623438693377,28.47036042397406,28.913949966430664,3118367
2018-01-23,29.05509160966025,29.518844054768472,28.22840310432404,28.34938240051269,3663992
2018-01-24,28.22840505512602,28.551013486693893,27.44204231806292,27.623510360717773,2649587
2018-01-25,27.421874095776687,28.75264262019948,27.32105954506594,27.482364654541016,4199625
2018-01-29,27.482363987734534,27.905790575459687,26.93795994209177,27.038774490356445,1973618
2018-01-30,27.13958838443478,27.13958838443478,26.45404215940838,26.716163635253903,2696533
2018-01-31,26.514535586486563,27.482368196407,26.45404684826446,26.89763641357422,3148025
2018-02-01,27.01861153467248,27.522689760150584,26.615347857287293,26.796815872192383,3424443
2018-02-02,26.212086980930533,26.212086980930533,23.449735350596825,23.711856842041016,5064219
2018-02-05,22.98598447557767,23.79250819377997,22.21978292094215,23.490062713623047,3929537
2018-02-06,22.07864498725376,22.865007710475645,21.39309682576668,22.48190689086914,4969330
2018-02-07,22.945657745277508,23.711857502238296,22.824678451370445,23.06663703918457,3407183
2018-02-08,23.32875754821858,24.357076931957906,23.187615349371203,24.094955444335938,3923675
2018-02-09,23.187615964619503,24.195772465035947,22.824678088665728,23.933650970458984,3960705
2018-02-12,24.17561140833196,25.40556367642854,24.155448496177986,25.26442146301269,4475118
2018-02-14,25.566866563962936,25.80882331696856,24.67968753682053,24.921646118164062,3004152
2018-02-15,25.123277036918605,25.405561438888704,23.953815436619784,24.31675148010254,3106869
2018-02-16,24.55870857650477,24.82083007176325,23.4900633414865,23.812673568725582,2097042
2018-02-19,23.87316164215463,24.11512022007837,22.8851680770314,23.369083404541016,2208556
2018-02-20,23.550549735990028,23.732017742258417,22.320597681091467,22.623044967651367,4228451
2018-02-21,22.985986370164028,23.16745257621254,22.582722649486577,22.88516998291016,1780514
2018-02-22,22.82467749673412,23.147289543105767,22.50206727870035,22.76418876647949,1395860
2018-02-23,22.985985410514843,23.328758553194216,22.82467846630789,23.1876163482666,2000467
2018-02-26,23.38924881920439,23.994143500449,23.20778078049862,23.57071685791016,2239600
2018-02-27,23.71186177188681,23.71186177188681,22.744030903034893,22.925498962402344,2082477
2018-02-28,22.703701997793043,22.804516556927663,22.280275364413544,22.52223396301269,2242605
2018-03-01,22.46174270286162,22.70370129395986,22.13913246695596,22.199621200561523,2287051
2018-03-05,22.17945707723967,22.17945707723967,21.47374791039017,21.91733741760254,1948015
2018-03-06,22.098806710054472,22.239948917223803,21.191464733253618,21.35276985168457,1827080
2018-03-07,21.25194991909211,21.25194991909211,20.405098645793263,20.48575210571289,2412357
2018-03-08,20.58656790524528,20.808361734008788,19.84053112576073,20.526079177856445,2239824
2018-03-09,20.566407888890662,20.80836466081629,20.223634728798828,20.344614028930664,1552438
2018-03-12,20.92934229313592,20.92934229313592,20.12281673709061,20.56640625,1471650
2018-03-13,20.405100259673965,21.473747261019977,20.30428388388508,21.110811233520508,3415396
2018-03-14,20.96966527208602,21.756027811206128,20.546240555255107,21.23178672790528,3499161
2018-03-15,21.251954610999864,22.582723280942027,21.251954610999864,22.48190689086914,4056743
2018-03-16,22.461745727344454,22.582725039183487,21.59472945889265,21.776199340820312,2253211
2018-03-19,21.977829106651207,21.977829106651207,20.606736408569763,21.009998321533203,2518946
2018-03-20,20.78820235391928,21.191466089983592,20.445429183850568,20.54624557495117,2349156
2018-03-21,20.66722362175618,21.13097606727554,20.364776295185376,20.505918502807617,1639087
2018-03-22,20.848692683364018,20.848692683364018,19.114662111804307,19.477598190307617,2858819
2018-03-23,18.75172385740632,19.05416933550548,18.328297262726903,18.89286422729492,2821138
2018-03-26,18.95335483005112,19.80020619305886,18.63074461287314,19.61873817443848,3011274
2018-03-27,19.88085833192084,20.06232633840492,19.21547320369556,19.33645248413086,2499112
2018-03-28,19.03400615263704,19.41710692185588,18.67107012145104,18.792049407958984,2003286
2018-04-02,19.31629429798846,19.638904572464075,19.01384693712529,19.51792526245117,1791077
2018-04-03,19.316292703116936,20.16314597494768,19.235641055326223,20.1026554107666,4400949
2018-04-04,20.183304826672675,20.526079776893027,19.618737869553787,19.75988006591797,3542920
2018-04-05,20.10265640548199,20.46559249517501,20.00184001241698,20.16314697265625,2272939
2018-04-06,20.08249154362853,20.647058536324955,19.98167516034725,20.405101776123047,2998706
2018-04-09,20.384937963578125,21.11081186875684,20.384937963578125,20.949506759643555,3667565
2018-04-10,21.05032347083877,21.29228207351348,20.667224482998225,20.808364868164062,2222476
2018-04-11,20.86885391199241,20.8890168226894,20.203470545639988,20.66722297668457,2465772
2018-04-12,20.808361316845847,20.808361316845847,20.08248928938088,20.18330383300781,1923576
2018-04-13,20.24379666493688,20.405101781224456,19.679227843761343,19.800207138061523,2117028
2018-04-16,19.41710598809206,20.324447850761032,19.41710598809206,20.18330383300781,2966825
2018-04-17,20.183306133389703,20.46559054439386,19.961512283793844,20.042165756225582,2566024
2018-04-18,20.18330738976188,20.56640820806852,19.961513526359777,20.08249282836914,3245836
2018-04-19,20.10265348275714,20.24379568119224,19.88085964426649,19.981674194335938,1116357
2018-04-20,19.90102099804673,19.96150972335825,19.618736623250804,19.71955299377441,1198106
2018-04-23,19.578412027750893,19.92118514924181,19.55824728971804,19.638900756835938,1124009
2018-04-24,19.73971970025609,19.901024827127337,19.296130144275647,19.356618881225582,1379926
2018-04-25,19.296128603080607,20.284122197713,18.97351837510521,19.578413009643555,4810184
2018-04-26,19.71955452828278,19.860696726663942,18.9533548063584,19.01384353637696,2638531
2018-04-27,19.175148644764302,19.37678140150189,18.913028986346028,19.01384353637696,1448975
2018-04-30,19.114661501179544,19.31629244631376,18.953356379404568,19.034008026123047,1414294
2018-05-02,19.074334797961384,19.134823530210024,17.985524819120315,18.12666702270508,1769727
2018-05-03,18.12666662246442,18.14682770443087,16.755572266727878,17.178997039794922,3796023
2018-05-04,17.259650528224164,17.703240040418528,16.997530865643142,17.299976348876953,1776261
2018-05-07,17.299977607418835,17.562099117406618,17.19916304845279,17.46128273010254,973075
2018-05-08,17.46128151553996,18.06617614061341,17.46128151553996,17.662914276123047,1515566
2018-05-09,17.703237604434623,18.0863365045971,17.703237604434623,17.9451961517334,1336179
2018-05-10,17.96536254407711,18.02585127846615,17.01769290694947,17.11850929260254,1260254
2018-05-11,17.299974456500824,17.340302101080226,16.73540754410385,17.05801773071289,1033034
2018-05-14,17.138671607599683,17.21932507898281,15.908721252795004,16.43296241760254,1692622
2018-05-15,16.43296339733687,16.937041681436288,16.0095367610911,16.251495361328125,1065669
2018-05-16,16.09018898010254,16.352308643484644,15.969209689436545,16.09018898010254,1317769
2018-05-17,16.412799215835058,16.83622399099066,16.049861343552948,16.695083618164062,1567233
2018-05-18,16.937042301740366,17.1789990825008,16.533780391026944,16.574106216430664,1341278
2018-05-21,16.332144040641168,16.51361204366618,15.767575294929836,15.888554573059082,998883
2018-05-22,15.888555249956084,16.7354084046014,15.78774070416816,16.513612747192383,1439236
2018-05-23,16.533778769740906,17.037857022872323,16.392634737992104,16.7958984375,1769705
2018-05-24,16.937040671648777,17.017692314693964,16.271657303174226,16.43296241760254,772531
2018-05-25,16.533780826707876,17.783896073869823,16.473290258670197,17.622589111328125,2383393
2018-05-28,17.74356715188353,17.804055887263157,17.239488872039207,17.46128273010254,1404933
2018-05-29,17.58225944251729,17.58225944251729,16.715245221273314,16.775733947753906,1421663
2018-05-30,16.795898485647207,17.420956033256584,16.574104638701726,17.158836364746094,1234534
2018-05-31,17.15883759021816,17.259652151330783,16.634594559080238,16.836225509643555,956657
2018-06-01,16.85638779432641,16.916878357080073,15.60627265636535,16.392635345458984,1968942
2018-06-04,16.937040360367316,18.2678070728586,16.937040360367316,17.662914276123047,8398591
2018-06-05,17.884710443143685,17.985526836537822,16.553943557699405,16.6749210357666,1994313
2018-06-06,16.674918504653146,17.985524106485375,16.251493739014023,17.804054260253906,2779694
2018-06-07,17.743566527304775,18.2879724399103,17.54193558813212,17.864545822143555,2081172
2018-06-08,17.642750129387142,17.86454580780319,17.44111919037634,17.743566513061523,1631834
2018-06-11,17.6427510581775,18.34846212437392,17.622588146048752,18.0460147857666,1739438
2018-06-12,17.94519957080655,18.32829854396033,17.763729711588454,18.086339950561523,1868139
2018-06-13,18.20731825698258,18.46943974751841,17.94519859478464,18.146827697753903,2323910
2018-06-14,18.066176098021923,18.22748120910537,17.683077144825447,17.904870986938477,978474
2018-06-15,18.02584965189123,18.02584965189123,17.521771425787737,17.70323944091797,989933
2018-06-18,17.158836364746094,17.501609504724538,17.037857071713134,17.158836364746094,1129904
2018-06-19,17.05802060210449,17.05802060210449,16.61443106376282,16.755573272705078,903021
2018-06-20,16.937042819991326,17.340306571382197,16.69508603182734,17.0176944732666,1029889
2018-06-21,16.93703935078284,16.9975299066872,16.533777510330133,16.634592056274414,864078
2018-06-22,16.61443044279215,16.61443044279215,16.271657303174226,16.43296241760254,1064192
2018-06-25,16.51361530010337,16.5337800407161,16.130516310208748,16.23133087158203,828515
2018-06-26,16.170841202974017,16.291820497989054,15.88855679071826,16.049861907958984,958956
2018-06-27,16.1305147558806,16.1305147558806,15.243336645424336,15.545783042907717,1212979
2018-06-28,15.727251715541838,15.727251715541838,15.082032159022216,15.384478569030762,910352
2018-06-29,15.56594563879332,16.00953514214502,15.3441518012864,15.868392944335938,1098248
2018-07-02,15.848231735065864,15.949048123844507,15.16268541071765,15.404644012451172,891576
2018-07-03,15.424805390110013,15.666763996453884,15.122358960518262,15.44497013092041,699546
2018-07-04,15.565947264912776,15.565947264912776,15.041706067097618,15.34415340423584,1006119
2018-07-05,15.223173149550446,15.465131735430694,15.122357681546324,15.283662796020508,699929
2018-07-06,15.344153075035075,15.586111670889782,15.10219539334938,15.3643159866333,987221
2018-07-09,15.686922158456731,16.029697051697738,15.545779985554564,15.92888069152832,982084
2018-07-10,16.070027580358303,16.49345239498598,15.828068976281278,16.352310180664062,1391205
2018-07-11,16.332145714262047,16.493450825518057,15.767576910697072,15.969209671020508,819532
2018-07-12,16.009535491750036,16.251494072802995,15.848230380494028,15.969209671020508,873054
2018-07-13,16.09018927507627,16.130515096591576,15.404642995964338,15.525620460510254,791478
2018-07-16,15.666762982041522,15.666762982041522,15.142520892522532,15.384478569030762,840301
2018-07-17,15.32399049220503,15.54578435288197,15.102195717359066,15.34415340423584,821993
2018-07-18,15.505457257516118,15.505457257516118,14.920726457382033,15.001379013061523,812411
2018-07-19,15.122359347798763,15.26350156705763,14.43681207866218,14.819912910461426,1277480
2018-07-20,14.840072932116174,14.88039875023673,14.497298907246993,14.698930740356444,725722
2018-07-23,14.719094918040792,15.283662819570358,14.53762689251996,15.162684440612791,974872
2018-07-24,15.16268532523879,16.574105618492702,15.001380201105144,16.372474670410156,2237896
2018-07-25,16.59426879183633,16.977367782061002,16.19100506098156,16.473289489746094,1677198
2018-07-26,16.43296113604806,16.7757342489342,16.029699295595357,16.634592056274414,728534
2018-07-27,16.81606006731191,16.81606006731191,16.372472408481492,16.634592056274414,735085
2018-07-30,16.574104267587185,16.916877399890517,16.372473335938974,16.81606101989746,754221
2018-07-31,16.816061087083455,18.046013248893647,16.654755975452836,17.783893585205078,3486008
2018-08-01,17.88470971612289,18.046014841993507,17.34030560193634,17.68307876586914,1641083
2018-08-02,17.642748894193087,17.642748894193087,16.896713923582713,17.340303421020508,1285332
2018-08-03,17.501608836405147,17.521771746417706,17.078182241127788,17.199161529541016,1085141
2018-08-06,17.34030399786764,17.642749481101447,17.098345417275116,17.299976348876953,866448
2018-08-07,17.27981081981276,17.48144172085764,16.57410175198687,16.61442756652832,1151190
2018-08-08,16.735411608434305,17.098347699427023,16.553943562937942,16.916879653930664,804768
2018-08-09,17.098344802856445,17.38062919395804,16.735408773347444,17.098344802856445,1108940
2018-08-10,17.40079573314754,17.52177504433125,16.755575177952032,16.876554489135742,1913783
2018-08-13,16.392636005230873,16.594268784741086,16.231330878625553,16.352310180664062,659457
2018-08-14,16.896713506199873,16.896713506199873,16.37247238308929,16.513612747192383,669039
2018-08-16,16.170838157427298,16.896711962471564,16.1305123427964,16.73540687561035,1518701
2018-08-17,17.158835709515895,17.32014081795424,16.977365862727122,17.199161529541016,1433367
2018-08-20,17.320141416235497,17.642749815918027,16.937040627749994,17.279813766479492,1394431
2018-08-21,17.46127959864568,17.642747600578634,17.138669411134277,17.541933059692383,1576927
2018-08-23,18.046016112466283,18.046016112466283,17.058022375494442,17.723405838012695,3250676
2018-08-24,17.642749835444885,18.429112495657336,17.521772371056763,18.005687713623047,2783857
2018-08-27,18.14682810511669,18.429112512286213,17.804054965698523,18.12666702270508,1862348
2018-08-28,18.187155388418983,18.187155388418983,17.420955653688132,17.904870986938477,1242416
2018-08-29,18.025850566725044,19.0340070700972,17.501609404372072,18.73155975341797,5892749
2018-08-30,18.751723877958675,19.679226879932543,18.18715508443401,19.01384353637696,8339973
2018-08-31,18.99367820265949,20.56640326583114,18.87269892972221,20.021997451782227,8740627
2018-09-03,20.00183582614157,20.66722095576813,19.57841108623292,20.18330383300781,4438012
2018-09-04,20.163144055252328,20.34461207384224,18.75172389825115,19.134822845458984,2005891
2018-09-05,18.85253999266845,19.27596662295452,18.38878753902315,19.034008026123047,2350038
2018-09-06,19.25580182723165,19.477595662344537,19.114659630946058,19.27596473693848,1187433
2018-09-07,19.275963780005902,19.35661541482933,18.91302776662496,19.09449577331543,1106335
2018-09-10,19.21547444371604,19.25580209202208,18.79204967737449,18.89286422729492,1342371
2018-09-11,18.792050694080363,19.054170366392807,18.24764478170459,18.46944046020508,1138183
2018-09-12,18.751725168239226,18.751725168239226,17.864546096894287,18.086339950561523,2054965
2018-09-14,18.44927688940884,19.195313714194903,18.187155398131544,18.99368095397949,1385201
2018-09-17,18.89286304788097,20.405099485662586,18.67106922356395,20.18330383300781,4866316
2018-09-18,20.344612059599555,21.65521583720532,19.88085964426649,19.981674194335938,5642622
2018-09-19,20.377598197903072,20.5815795077253,19.11292221539379,19.54128074645996,1827427
2018-09-21,19.62287317595457,19.78605712555204,15.70645838561539,17.440288543701172,4131544
2018-09-24,17.54227660075092,17.78705156398063,16.07361942283822,16.501977920532227,2127040
2018-09-25,16.42038503303325,16.930336418226233,15.91043549747388,16.501977920532227,1544157
2018-09-26,16.90993890940224,16.90993890940224,16.25720319826989,16.563173294067383,1001593
2018-09-27,16.56317241817115,16.726356337324717,15.992027776316885,16.318395614624023,1212173
2018-09-28,16.318396010723635,16.522375452208443,14.706954538763112,15.23730182647705,1782121
2018-10-01,15.298495424955693,15.298495424955693,14.400982958437242,15.155709266662598,1189639
2018-10-03,15.461680850155863,16.399988000163876,14.972129052373376,15.788047790527344,1647729
2018-10-04,15.380089396947758,15.665661750922832,15.053721520871608,15.461681365966797,1076358
2018-10-05,15.380088080499965,15.50247648596121,14.706954624913504,14.890536308288574,1447256
2018-10-08,14.870139036456084,15.318894379952534,13.381084986886416,13.911433219909668,2375827
2018-10-09,14.23780115104952,14.60496453170046,13.870636845581746,14.115413665771484,1844523
2018-10-10,14.13580965532121,15.237301581008175,14.074616378751651,15.07411766052246,1811568
2018-10-11,14.31939255007334,15.216904130958582,14.31939255007334,14.788546562194824,574974
2018-10-12,15.15570956889101,15.50247609234884,15.05371985014072,15.420884132385254,999986
2018-10-15,15.645265579223633,15.747254394837045,15.053723050130078,15.645265579223633,972966
2018-10-16,15.726853425976833,16.17560967210389,15.543271745659755,15.82884407043457,1081493
2018-10-17,16.155212441826034,16.236803480355476,14.931332066815372,15.053720474243164,1408805
2018-10-19,14.849740863730354,15.053721244947573,14.278598015882606,14.339791297912598,939859
2018-10-22,14.462178669776351,14.564168390629373,13.911432697463182,14.135809898376465,830616
2018-10-23,14.074617665560194,14.176607393984249,13.544269413084765,13.687055587768556,703311
2018-10-24,13.891035904961454,14.156210510031256,13.62586222470857,14.033823013305664,699154
2018-10-25,13.789046065859054,13.809443827689451,13.421881728827298,13.625862121582031,770280
2018-10-26,13.625860994416223,13.952228855972288,13.279095372717114,13.768646240234377,644225
2018-10-29,13.544268659614971,14.584566421155609,13.483075380854848,14.400983810424805,1346980
2018-10-30,14.482574977172437,14.564167860665988,14.03382059167522,14.258197784423828,832307
2018-10-31,14.421381627736244,14.645759744149627,13.870635678291308,14.604963302612305,1113533
2018-11-01,14.706954438194645,15.216903963236344,14.441779871334186,14.82934284210205,1455440
2018-11-02,15.033320924127896,15.8288436769662,14.972127648754515,15.257699966430664,1689375
2018-11-05,15.380087742637372,15.42088418516719,14.829342704610667,15.07411766052246,899556
2018-11-06,15.114912958660966,15.196504917718537,14.666157646252712,14.910934448242188,646913
2018-11-07,14.849738725074507,15.053719076914524,14.80894320959654,14.931330680847168,173108
2018-11-09,15.053720474243164,15.257700845017212,14.584566453797986,15.053720474243164,835511
2018-11-12,15.17610862304454,15.27809834428508,14.156208636188738,14.237800598144531,1800141
2018-11-13,14.258199330389084,14.441781026112777,14.013423427818536,14.339791297912598,638446
2018-11-14,14.360188078669822,14.502974243296656,14.135809952087191,14.237800598144531,582308
2018-11-15,14.23780043513255,14.52337183629985,14.095014272140508,14.278596878051758,2279799
2018-11-16,14.197004862072724,14.38058654245653,14.074616458605664,14.176606178283691,638608
2018-11-19,14.25819800313421,14.523371641697164,14.115412766872174,14.319392204284668,746669
2018-11-20,14.278597763475656,14.400984325372177,13.829841487620689,14.074617385864258,574387
2018-11-21,14.095013677649384,14.380585991588768,13.891033321290289,14.197004318237305,649754
2018-11-22,14.197005219203982,14.400983738874414,14.013422609385298,14.095014572143556,622351
2018-11-26,14.115412521483496,14.23779999684,13.605462087183916,14.156208038330078,1037482
2018-11-27,14.115414194402511,14.217402998606392,13.87063736504573,13.99302577972412,735951
2018-11-28,13.911433580594965,14.033821993241537,13.7482496469441,13.829841613769531,776586
2018-11-29,13.850238583015283,13.993024748006707,13.70745241802386,13.789044380187988,540505
2018-11-30,13.850238583015283,13.91143278584258,13.666656899350198,13.789044380187988,667758
2018-12-03,13.911432987395573,15.584069623219053,13.707452616621524,15.053720474243164,2360499
2018-12-04,15.196505222718532,15.216903906504909,14.58456597991327,14.727352142333984,1167202
2018-12-05,14.686555784917651,14.727352227910677,14.197004942718864,14.380586624145508,743557
2018-12-06,14.380588031489044,14.380588031489044,13.809443322592845,13.952229499816896,720835
2018-12-07,14.115413542711272,14.115413542711272,13.707452795829594,13.809442520141602,481575
2018-12-10,13.666658615776392,13.666658615776392,12.055216929446107,12.769146919250488,1399734
2018-12-11,12.646757609987011,13.25869689768519,12.442777230876386,13.075115203857422,1269736
2018-12-12,13.238300122913175,14.176608272016034,13.075116177401105,14.033823013305664,1306079
2018-12-13,14.197005025631787,14.645760352275143,13.952228215877671,14.135809898376465,863966
2018-12-14,14.13581121515688,14.400984884002929,13.891035307418171,14.054219245910645,581573
2018-12-17,13.972627260901222,14.278598301250527,13.870637530662703,13.952229499816896,659638
2018-12-18,13.952228761173236,14.15620913566824,13.829841276329695,14.013422966003418,573047
2018-12-19,14.135809311425255,15.053719535439068,13.99302407808652,14.604963302612305,2117116
2018-12-20,14.584566732409346,15.135312726721772,14.523372527526448,14.768148422241213,1349412
2018-12-21,14.686555481139354,15.74725095440023,14.380586326695909,14.666157722473145,1044560
2018-12-24,14.6865570114514,15.012925808201617,14.502975314693106,14.645761489868164,825045
2018-12-26,14.64575949118766,14.64575949118766,14.176605508103853,14.441779136657717,598034
2018-12-27,14.64575949118766,14.686555007203603,14.298993905785167,14.441779136657717,543227
2018-12-28,14.686556293745898,15.01292507454706,14.50297460595891,14.808944702148438,827610
2018-12-31,14.972128080238312,15.012924523146378,14.706954438194645,14.82934284210205,601262
2019-01-01,14.93133131030684,15.400485306981931,14.747750558100051,15.012924194335938,1883400
2019-01-02,15.012925723594243,15.2169051799946,13.727851079077803,14.339791297912598,1841782
2019-01-03,14.074617385864258,14.319393284107829,13.870637008252862,14.074617385864258,1835825
2019-01-04,14.21740131359995,14.380586155436552,14.013421879733524,14.156208038330078,653339
2019-01-07,14.666158870440166,15.053720939517705,14.482576253624378,14.62536334991455,2067383
2019-01-08,14.66615807779135,14.972128164464326,14.482575470897489,14.584566116333008,928686
2019-01-09,14.666158025829532,14.768147746086914,14.319392422064364,14.380586624145508,671903
2019-01-10,14.380586981200477,14.666158389974942,14.19700529521569,14.298995018005373,1402004
2019-01-11,14.258197946727773,14.258197946727773,14.054217585305462,14.217401504516602,743621
2019-01-14,14.135809194031154,14.46217794916906,13.95222752067969,14.197004318237305,433500
2019-01-15,14.15620849972584,14.482575419586102,14.13580981582093,14.380586624145508,612577
2019-01-16,14.482576929975515,14.564169824470897,14.237801945756908,14.360189437866213,566854
2019-01-17,14.380586155436552,14.543770072456397,13.993024121310231,14.156208038330078,829559
2019-01-18,14.23780131802664,14.339791044423915,13.972626734650138,14.074617385864258,516005
2019-01-21,14.07461829759139,14.197006717049687,13.911434354858264,13.972627639770508,524360
2019-01-22,13.91143381154415,14.05421906224645,13.87063736504573,13.99302577972412,532784
2019-01-23,13.931832116495675,14.07461829759139,13.870637906766529,13.972627639770508,519553
2019-01-24,13.931832313537598,14.217403754951038,13.870638102942962,13.931832313537598,438674
2019-01-25,13.993025036065475,14.013422795822214,13.340288400498496,13.503472328186035,640647
2019-01-28,13.483075942387044,13.605463429821198,12.769146003767805,12.973125457763672,682512
2019-01-29,13.136309390887108,13.25869687832126,12.5855633853913,12.973125457763672,539720
2019-01-30,12.99352266746168,13.217900797200214,12.99352266746168,13.09551239013672,278247
2019-01-31,13.115912526920567,13.748250542198257,13.075116078442855,13.625862121582031,405612
2019-02-01,13.646259919616526,14.1766072415734,13.299493366995804,13.829841613769531,897133
2019-02-04,13.993025084935052,13.993025084935052,12.97312507091759,13.054716110229492,735825
2019-02-05,13.054717830238465,13.177106254965103,12.769147305388156,12.891534805297852,563866
2019-02-06,12.911931579566703,12.911931579566703,12.442777528717356,12.687554359436035,704379
2019-02-07,12.687554359436035,12.891533818612436,12.524369497351293,12.687554359436035,435653
2019-02-08,12.687555330509376,13.217902704812966,12.687555330509376,12.891534805297852,1024006
2019-02-11,12.91193019172582,13.177103830079664,12.544765909929383,12.667154312133787,791241
2019-02-12,12.871135402423317,12.871135402423317,12.361184930808768,12.503971099853516,570853
2019-02-14,12.605961554523288,12.809941000167704,12.32038922084093,12.544766426086426,590808
2019-02-15,12.769146046370254,12.769146046370254,12.157205832707294,12.42237949371338,1576095
2019-02-18,12.544766822021664,12.544766822021664,11.708450328630464,11.912428855895996,766674
2019-02-19,11.953225579255149,12.340788581824087,11.953225579255149,12.177603721618652,716430
2019-02-20,12.238797403317475,12.687553668784345,12.157205439125027,12.299991607666016,1431779
2019-02-21,12.299991276612198,12.605961365302903,12.096010909212794,12.483572959899902,612446
2019-02-22,12.83033951248452,13.25869711332164,12.707951098064276,13.136309623718262,2165410
2019-02-25,13.666657724605823,13.76864652744854,13.177104997242814,13.279095649719238,2800220
2019-02-26,12.93232938874674,13.23829855677186,12.503970888841316,13.09551239013672,1305734
2019-02-27,13.095512707176177,13.421880567491044,12.44277698654644,12.809941291809082,939616
2019-02-28,12.830339051874551,12.993522982031989,12.66715512171712,12.809941291809082,371478
2019-03-01,12.871135992257155,13.42188108412511,12.748747577519696,13.340289115905762,900516
2019-03-05,13.401484765021468,14.156210268957954,13.258697659108847,13.972627639770508,1968931
2019-03-06,14.09501410772446,14.36018774674734,13.687054307375114,13.870635986328123,1497422
2019-03-07,13.870637906766529,14.584567887428186,13.768647248945646,13.972627639770508,2030546
2019-03-08,13.952228083935342,13.952228083935342,13.625860240438618,13.727849960327148,709812
2019-03-11,13.768645608562084,14.339790264899294,13.748248774171635,14.135809898376465,1068716
2019-03-12,14.31939311617382,14.60496453170046,14.013423015753483,14.115413665771484,1431889
2019-03-13,14.135809952087191,14.48257555919511,13.993024712277156,14.237800598144531,1531468
2019-03-14,14.564168302533972,14.66615802277008,13.972625890567626,14.48257541656494,2860488
2019-03-15,14.60496390904386,14.645760352275143,13.931830456670427,14.135809898376465,1606602
2019-03-18,14.13581103042642,14.237801684264037,13.809443157706536,13.99302577972412,705073
2019-03-19,13.972625625699893,14.66615774475562,13.952227867002694,14.217401504516602,1488569
2019-03-20,14.176606946002083,14.482576121605591,14.033821700647184,14.115413665771484,860565
2019-03-22,14.19700533829281,14.258198617262206,13.789044596262617,13.850238800048828,753959
2019-03-25,13.768645812327147,13.768645812327147,13.483075329565915,13.544268608093262,651325
2019-03-26,13.748249218597923,13.911433147164558,13.503472400931145,13.707452774047852,1132832
2019-03-27,13.666656990654085,13.809442231782622,13.25869625229115,13.442278861999512,1200022
2019-03-28,13.442280610827428,13.768647579307556,13.442280610827428,13.58506679534912,1384550
2019-04-01,13.93183018758472,13.993024388841317,13.768645342628206,13.870635986328123,593753
2019-04-02,14.01342250734354,14.054218026017203,13.625860455859732,13.789044380187988,973934
2019-04-03,13.829841204857464,14.421382715647296,13.727850555728631,13.809442520141602,2110890
2019-04-04,13.87063748231491,13.87063748231491,13.585066053679084,13.646260261535645,696644
2019-04-05,13.707453348489992,13.829841762452348,13.64626006632568,13.687055587768556,476776
2019-04-08,13.748249991418662,14.135811149937508,13.52387184582252,13.646260261535645,1542685
2019-04-09,13.789044933564336,13.809442693719763,13.421880626682476,13.66665744781494,744073
2019-04-10,13.666657325779743,14.11541359409302,13.62586088101634,13.911433219909668,1381564
2019-04-11,13.9114333356862,13.952228855972288,13.66665743951915,13.768646240234377,475528
2019-04-12,13.829841370297183,13.870636890583272,13.687055199662195,13.768646240234377,511481
2019-04-15,13.503472583924282,13.891034650726317,13.503472583924282,13.768646240234377,488775
2019-04-16,13.870636702614489,13.870636702614489,13.666657254314606,13.707452774047852,395296
2019-04-18,13.585065051928302,13.789044496653071,13.421880201404951,13.544268608093262,729000
2019-04-22,13.544270057039505,13.625862028621365,13.054717302731436,13.115912437438965,593744
2019-04-23,13.17710391586498,13.17710391586498,12.83033831538962,12.871134757995604,533267
2019-04-24,12.891532759368737,13.075114442506727,12.891532759368737,13.034318923950195,394224
2019-04-25,13.238298707250188,13.238298707250188,12.809941127292475,12.850737571716309,353319
2019-04-26,12.871135496822328,12.973125221966516,12.789542606926778,12.809941291809082,364363
2019-04-30,13.034321126088908,13.136310864528124,12.299993344656016,12.340789794921877,951839
2019-05-02,12.60596231100772,12.60596231100772,12.340788645830168,12.381584167480469,318638
2019-05-03,12.279592848925496,12.503970980305311,12.034816957824829,12.0960111618042,627892
2019-05-06,12.034817546949435,12.32038989628787,11.89203229709708,12.177603721618652,373681
2019-05-07,12.279593974185673,12.340789108589572,11.871634118300507,11.95322608947754,390494
2019-05-08,11.871632072547088,11.892030755438864,11.524866486004557,11.54526424407959,564416
2019-05-09,11.422876121781666,11.87163139801849,11.422876121781666,11.810437202453612,374603
2019-05-10,11.83083663167513,11.932827280305345,11.586061664449712,11.647254943847656,272245
2019-05-13,11.422879374095697,11.56566463797854,11.096510546431748,11.17810344696045,370710
2019-05-14,11.014916258190803,11.198497933795904,10.872131024285038,11.055712699890137,384490
2019-05-15,11.137303735558582,11.504467981159788,11.014915345419286,11.15770149230957,462338
2019-05-16,11.035317258260651,11.259695422672198,10.9741230452726,11.17810344696045,278903
2019-05-17,11.014917810546144,11.320887929553487,11.014917810546144,11.239295959472656,287323
2019-05-20,11.810437774077627,11.871631972604298,11.504468631077744,11.790040016174316,585581
2019-05-21,11.790040310061617,11.89203095175394,10.933324283783293,11.50446891784668,524493
2019-05-22,11.749244577664747,12.01441915229195,11.545265131600392,11.8920316696167,477625
2019-05-23,12.055217757260472,12.565167388645284,11.99402261772856,12.361186981201172,1004633
2019-05-24,12.605962278983228,14.074617701366629,12.38158413602599,13.891035079956056,3292210
2019-05-27,13.95222847543318,14.584566421155609,13.95222847543318,14.400983810424805,2069344
2019-05-28,14.564168908439088,14.686556392850678,14.319393014799086,14.46217918395996,1226438
2019-05-29,14.564169556983922,14.564169556983922,13.952229333225702,13.99302577972412,642925
2019-05-30,14.115414194402511,14.40098469580711,13.850239604204956,13.99302577972412,1085835
2019-05-31,14.5641688845742,14.625363089088136,13.666657276031522,13.809442520141602,2128785
2019-06-03,13.850239374271675,14.074617514245825,13.687055440620814,13.829841613769531,544907
2019-06-04,13.87063612306116,14.217401725572236,13.6666566832841,13.727849960327148,613825
2019-06-06,13.789044990277256,13.87063695605138,12.97312533253603,13.217901229858398,784545
2019-06-07,13.401484936643424,13.401484936643424,12.728350470636308,12.769146919250488,559576
2019-06-10,12.952727366903623,13.13630905578011,12.401981375457336,12.503971099853516,633447
2019-06-11,12.585563446228434,12.728349619605863,12.483573718737494,12.524369239807127,343402
2019-06-12,12.483573700043046,12.626358948389797,12.238797799541231,12.42237949371338,264805
2019-06-13,12.29999191945705,12.48357361233944,12.075612856219031,12.116409301757812,398388
2019-06-14,12.07561362609011,12.198002045692377,11.994021654627568,12.055216789245604,278497
2019-06-17,11.953225016342312,12.401981279936056,11.851235292731667,12.19800090789795,473367
2019-06-18,12.320387434046326,12.320387434046326,11.749242849513264,11.85123348236084,325006
2019-06-19,12.034815755371936,12.36118357756394,11.341284595622293,11.48406982421875,582186
2019-06-20,11.626857028131086,11.871631972604298,11.30048827759442,11.790040016174316,346060
2019-06-21,11.810437584830762,12.096009890168144,11.606458159432677,11.830835342407228,364206
2019-06-24,11.89203046477006,12.157204087714256,11.647253674585606,11.830835342407228,445684
2019-06-25,11.830835182894852,11.9736222584551,11.708448639086177,11.871631622314451,151957
2019-06-26,11.912428855895996,12.238797643898105,11.851235575161388,11.912428855895996,440871
2019-06-27,11.91242866375866,12.64675726889826,11.91242866375866,12.503971099853516,963688
2019-06-28,12.48357305153742,12.6467569767281,12.075612313743914,12.136807441711426,427925
2019-07-01,12.646758369639045,13.42188163725826,12.646758369639045,13.115912437438965,1993302
2019-07-02,13.11591050222137,13.258695737809363,12.871134623591818,13.013920783996582,526181
2019-07-03,12.748748049102195,13.21790211492191,12.748748049102195,12.911931991577148,621158
2019-07-04,12.850738163741037,13.197503795643158,12.707951064087933,12.932330131530762,377349
2019-07-05,13.258697202251716,13.340289170806852,12.483573963386364,12.789543151855469,1019730
2019-07-08,12.64675798704712,12.769146403125848,12.157206172365967,12.238798141479492,652212
2019-07-09,12.075612856219031,12.38158388571776,12.0348173354971,12.116409301757812,678668
2019-07-10,12.116408214734076,12.361184091556142,12.116408214734076,12.259194374084473,362117
2019-07-11,12.299992939241813,12.442778198423662,12.238798728268494,12.320390701293944,244146
2019-07-12,12.299993344656016,12.401983083095235,12.238799131665704,12.340789794921877,479676
2019-07-15,12.483573295894814,12.8099411526646,12.238797403317475,12.299991607666016,680511
2019-07-16,12.259196894390156,12.524370584258904,12.259196894390156,12.340789794921877,474423
2019-07-17,12.27959425237276,12.524370171449112,12.21840096621636,12.320390701293944,640001
2019-07-18,12.25919547391827,12.340788364995827,12.0348173354971,12.116409301757812,347543
2019-07-19,12.157206479828572,12.320390422182635,11.912429641480571,11.95322608947754,697602
2019-07-22,11.994019833235782,11.994019833235782,11.42287704454768,11.708449363708496,490356
2019-07-23,11.484069948357698,12.034815885464264,11.484069948357698,11.790040016174316,425451
2019-07-24,11.810438802269744,11.973623654152975,11.28009057689548,11.341285705566406,514077
2019-07-25,11.341285459373772,11.586061344659887,11.218897054322316,11.28009033203125,281399
2019-07-26,11.21889686604001,11.83083610657697,11.178101348252044,11.76964282989502,479467
2019-07-29,11.790041213974725,11.790041213974725,11.218897460939925,11.30048942565918,474639
2019-07-30,11.218897491214864,11.382081421093742,10.647752811821965,10.749743461608888,412118
2019-07-31,10.688548054339249,11.259692669483766,10.484567702528102,11.035314559936523,661114
2019-08-01,10.851732000110983,11.137304308584548,10.586558374254627,10.68854808807373,389248
2019-08-02,10.810937881469728,10.994520499846228,10.52536553609529,10.810937881469728,379930
2019-08-05,10.72934589577582,10.851733382991736,10.4641722361273,10.708948135375977,375870
2019-08-06,10.68855078483538,10.974123165359932,10.647754334124604,10.831336975097656,337046
2019-08-07,10.851733186578976,11.014917116457854,10.668151496669449,10.749743461608888,274720
2019-08-08,10.708949472599253,10.933326714649157,10.62735749599466,10.831336975097656,229197
2019-08-09,10.79053780025363,11.30048725038254,10.77013911938782,11.137303352355955,353360
2019-08-13,10.953723784948508,11.076112194191584,10.545763962166305,10.64775276184082,477534
2019-08-14,10.688549450159284,10.7905401017922,10.4641722361273,10.708948135375977,270192
2019-08-16,10.606956916171438,10.810937283705565,10.443772992070857,10.729345321655272,323523
2019-08-19,10.93332465074046,11.05571305495229,10.708947451046754,10.97412109375,223718
2019-08-20,11.014915912148242,11.116905625967345,10.6069561320551,10.68854808807373,292196
2019-08-21,10.953723739634086,10.953723739634086,10.280590266032336,10.44377326965332,337203
2019-08-22,10.402978206005711,10.402978206005711,9.831834431435166,9.913426399230955,537301
2019-08-23,9.831835190092454,10.443774533371752,9.423874394817007,10.056212425231934,633697
2019-08-26,10.443774533371752,10.525366507463454,9.995019138275858,10.056212425231934,346897
2019-08-27,10.178600236324968,10.688549812509876,10.158202475233622,10.62735652923584,734786
2019-08-28,10.668151808856871,11.382081754173251,10.586559841529768,11.218897819519045,972008
2019-08-29,11.055713460118586,12.687553668784345,10.91292821639442,12.299991607666016,2245607
2019-08-30,12.646758498224862,13.013922836484827,12.238798636167632,12.769146919250488,1200205
2019-09-03,12.707951098064276,13.360687766944132,12.64675781567102,13.136309623718262,1423612
2019-09-04,13.34028847236451,13.850238942747865,13.217900988347946,13.707452774047852,1204857
2019-09-05,13.707452947410228,13.748249392476264,13.46267705146452,13.564667701721191,904726
2019-09-06,13.666657861815684,14.21740295159681,13.50347300117844,13.891035079956056,1111717
2019-09-09,13.870635986328123,14.074616348911189,13.74824850863171,13.870635986328123,989035
2019-09-11,14.054218949171863,14.482576547466104,13.666657797047812,14.339791297912598,1286109
2019-09-12,14.482575773588447,14.66615838431925,14.217402124510814,14.400983810424805,884768
2019-09-13,14.319392125880512,14.849739400102566,14.237800166398909,14.666157722473145,934988
2019-09-16,14.666157722473145,14.849739400102566,14.400983160545348,14.666157722473145,1096637
2019-09-17,14.808944802079091,15.053720695719097,14.197005530387496,14.46217918395996,1052792
2019-09-18,14.64575897668741,14.64575897668741,14.278595646175262,14.564167022705078,421405
2019-09-19,14.706954828309476,14.706954828309476,14.197005289740916,14.400983810424805,518900
2019-09-20,14.513147905774703,14.84487597481168,13.99481968412619,14.36801528930664,1729312
2019-09-23,14.492415813546572,14.74121259910054,13.953355641508663,14.264352798461914,692035
2019-09-24,14.368015588254655,14.409482185252385,13.828956407344052,14.119218826293944,406453
2019-09-25,14.18141861022558,14.865610427917089,13.93262184197646,14.616813659667969,537992
2019-09-26,14.720477804761057,14.824143829871284,14.368015951410278,14.616813659667969,555796
2019-09-27,14.658278642225715,14.948541995144792,14.18141795672068,14.36801528930664,816675
2019-09-30,14.513147982085878,14.513147982085878,13.808223364153385,14.03628635406494,345076
2019-10-01,14.01555581934126,14.036288650906124,12.85450409158734,13.041101455688477,838977
2019-10-03,13.352095645916243,13.352095645916243,12.522773110146645,12.647171020507812,240474
2019-10-04,12.688637358103064,12.978900709697337,12.460573430423072,12.543506622314451,173952
2019-10-07,12.75083549287665,12.895968104708414,12.025178073768814,12.066644668579102,223620
2019-10-09,12.211776876152516,12.211776876152516,11.38245340363946,11.900781631469728,646612
2019-10-10,12.025177161275462,12.211775413749583,11.631249710516412,11.734914779663086,226081
2019-10-11,11.755649983150944,12.191044113635146,11.403188112759382,11.54831886291504,287660
2019-10-14,11.797116185652088,12.191043702810749,11.714183928354172,12.12884521484375,338382
2019-10-15,12.398374932500111,12.398374932500111,12.066645900192992,12.17031192779541,249751
2019-10-16,12.170311310221653,12.377641474888485,11.714183443940946,11.942246437072754,259590
2019-10-17,11.942247601024636,12.25324475835333,11.880049109567532,12.025179862976074,202831
2019-10-18,12.02517785939308,12.4398400400697,11.610517558733417,12.336174964904783,428940
2019-10-22,12.273974928172658,12.564238274315729,12.02517817719653,12.460573196411133,339860
2019-10-23,12.273976954409257,13.02036827056337,12.273976954409257,12.895970344543455,489023
2019-10-24,12.854503039972782,13.393562256611414,12.792303610357983,12.9996337890625,719000
2019-10-25,13.020366835134388,13.227697942321925,13.020366835134388,13.082566261291504,337762
2019-10-27,13.227698524993237,13.227698524993237,12.85450289162007,12.937435150146484,49390
2019-10-29,13.186230035697111,13.310627935652048,12.91669952911257,12.958166122436523,427388
2019-10-30,12.895968757985614,13.31062908704317,12.8752349895259,13.020366668701172,433542
2019-10-31,13.55942446003859,13.683823298024626,13.16549699976919,13.227696418762209,511949
2019-11-01,13.206964442297185,13.39356178455636,12.916701074330838,13.18623161315918,251441
2019-11-04,13.331363767005223,13.559426775578473,12.91670152957897,12.9996337890625,322551
2019-11-05,13.061832135742176,13.144764382381622,12.87523387579708,12.958166122436523,259371
2019-11-06,13.144765086900144,14.01555325328162,13.061832835815787,13.932621002197266,1170394
2019-11-07,14.51314830708104,14.616813390272094,13.600892566972403,13.787490844726562,1008234
2019-11-08,13.974088932947051,13.974088932947051,13.68382555641332,13.704559326171877,380037
2019-11-11,13.828957244680186,13.828957244680186,13.68382555641332,13.704559326171877,189279
2019-11-13,13.89115574540025,13.89115574540025,13.683824641733736,13.725290298461914,416592
2019-11-14,13.746023963819244,13.787490560245203,13.580159458132467,13.68382453918457,514445
2019-11-15,14.26435178046422,14.658279291138273,14.015554072657457,14.24361801147461,536713
2019-11-18,14.51314786116872,14.51314786116872,13.393561049068406,13.99481964111328,780815
2019-11-19,14.036286081050582,14.243617178765726,13.683824248944198,13.932621002197266,514331
2019-11-20,14.01555347442627,14.098485726819174,13.828956141544367,14.01555347442627,251418
2019-11-21,14.015554072657457,14.63754552214866,14.015554072657457,14.24361801147461,553072
2019-11-22,14.30581710277089,14.347283699768614,13.808223578849464,14.119218826293944,415173
2019-11-25,13.953354645705764,14.57534703520554,13.953354645705764,14.24361801147461,651960
2019-11-26,14.305816495245,14.347283090481762,13.787490164840776,13.891155242919922,490546
2019-11-27,13.870422903560064,14.305816998825623,13.766756881823255,14.077753067016602,658825
2019-11-28,14.077754454520896,14.264352748033168,13.766758238675743,13.870424270629885,517279
2019-11-29,13.911889240740413,14.077753755622233,13.766757555216676,13.974088668823242,418629
2019-12-02,13.82895681977267,14.181418674726542,13.82895681977267,13.91188907623291,621194
2019-12-03,13.870423582024252,14.077753755622233,13.787491324583344,13.974088668823242,367936
2019-12-04,13.953354267702538,14.36801553613282,13.849689185597104,14.098485946655272,322439
2019-12-05,14.015553409121296,14.26435110514927,13.932621157114813,13.99481964111328,149547
2019-12-06,13.97409005290414,13.99482194430705,13.72529231593035,13.766758918762209,274451
2019-12-09,13.974088336853,14.51314846741722,13.642358374961397,13.849689483642578,695845
2019-12-10,13.870422838789318,13.891155667036449,13.26916235954574,13.3313627243042,558530
2019-12-11,13.35209607506393,13.538694356615924,13.06183364821956,13.165498733520508,352837
2019-12-12,13.269163677058884,13.414296309224811,13.061834433993052,13.103300094604492,144415
2019-12-13,13.144765210258374,13.393561025837773,13.103298614322792,13.26916217803955,269678
2019-12-16,13.289896127801404,13.600892311542491,13.18623104655722,13.3313627243042,426216
2019-12-17,13.393560852426138,13.787490218683978,13.22769729085688,13.559425354003906,320920
2019-12-18,13.51796134013168,13.746025292497585,13.37282964862532,13.455761909484863,274513
2019-12-19,13.476494361732744,13.600893219537454,13.206964756500668,13.310629844665527,287748
2019-12-20,13.26916448291934,13.455762787029164,12.937436357855477,13.041101455688477,562172
2019-12-23,13.041100238302354,13.227698524993237,12.875235721249524,12.937435150146484,312470
2019-12-24,13.06183297916017,13.186230887147628,12.895968475171214,12.91670036315918,194777
2019-12-26,12.95816767261542,13.352096126280356,12.77157033035624,13.18623161315918,538275
2019-12-27,13.248432493420394,13.99482194430705,13.186233059176947,13.766758918762209,852096
2019-12-30,13.725290914107314,14.409482740888423,13.725290914107314,14.326550483703612,1250608
2019-12-31,14.285083282446765,14.596079468771617,13.953354267702538,14.098485946655272,1125107
2020-01-01,14.098485818754789,14.637544992819578,13.932621312887386,14.4094820022583,964794
2020-01-02,14.471681862431902,15.031474821581396,14.24361792499936,14.575346946716309,1186786
2020-01-03,14.761944577056164,15.798598260335062,14.57534723366888,15.052207946777344,2612949
2020-01-06,14.927807720501386,14.927807720501386,13.746023400882502,13.82895565032959,1380352
2020-01-07,14.077754504289963,14.38875072123458,13.97408941197797,14.264352798461914,829183
2020-01-08,14.05702088285513,14.450948399476536,13.82895694059476,14.326550483703612,415353
2020-01-09,14.513148373431116,15.757132197436562,14.471681775959988,15.632733345031738,2831391
2020-01-10,15.922993746684252,16.7108504920696,15.653463263258097,16.296188354492188,4113965
2020-01-13,16.379124805912298,16.379124805912298,15.529068476082044,15.715665817260742,946678
2020-01-14,15.985194043607024,16.109592887063247,15.466867722559227,15.57053279876709,530179
2020-01-15,15.591268390503108,16.897451699600374,15.487602362155776,16.27545928955078,3079797
2020-01-16,16.337657677965357,16.503522194289616,15.881531668086534,16.233993530273438,1033614
2020-01-17,16.316926026656724,16.835254322613068,15.881532814876952,15.943731307983398,1707160
2020-01-20,15.943730734893672,16.047394886344925,15.238806984956137,15.342472076416016,959904
2020-01-21,15.238805858968984,15.632733365411164,15.238805858968984,15.28027057647705,637574
2020-01-22,15.38393675389788,15.591267863576933,14.658279280034044,14.96927547454834,1016407
2020-01-23,15.093673237635118,15.487601684085856,14.844876472509688,15.28027057647705,777152
2020-01-24,15.259539703188358,15.529069315008211,15.197340272765738,15.301005363464355,653479
2020-01-27,15.197339361676006,15.653466297410011,14.824143741522215,14.948542594909668,964330
2020-01-28,15.052207769101786,15.301004537350908,14.554614232603546,14.616813659667969,810309
2020-01-29,14.84487659350832,14.86561036244419,14.533881339573073,14.59607982635498,360398
2020-01-30,14.575346330335258,14.990008529954238,14.43021559447799,14.699745178222656,478328
2020-01-31,15.259539008296914,15.75713254900113,14.927809041152193,15.031475067138672,2424114
2020-02-03,13.393561460581743,13.974088182472167,13.393561460581743,13.787490844726562,529509
2020-02-04,14.098486328590187,14.347284036396951,13.82895673181095,14.24361801147461,407813
2020-02-05,14.098485946655272,14.554613811932857,13.97408803613046,14.098485946655272,599047
2020-02-06,14.119218775074652,14.430215901408044,13.97408803613046,14.098485946655272,742884
2020-02-07,14.098485399078209,14.098485399078209,13.683824146753128,13.891155242919922,941290
2020-02-10,13.828955974751228,14.139952152475775,13.621625816273877,13.953353881835938,587326
2020-02-11,13.891156081382238,14.202151334391166,13.80822382591148,13.849689483642578,291711
2020-02-12,13.849690174960047,14.015554694180816,13.600893396128894,13.74602508544922,321600
2020-02-13,13.80822451515916,13.8704239448691,13.476494536709012,13.74602508544922,272780
2020-02-14,13.787490218683978,13.994819435643423,13.269162006238556,13.559425354003906,381561
2020-02-17,13.891155894061807,13.911888722647776,13.393561427938684,13.414295196533203,344859
2020-02-18,13.455761211978944,13.476494041116949,12.895969185201407,13.18623161315918,344099
2020-02-19,13.310629173586252,13.55942593664354,13.124031836295426,13.414295196533203,201476
2020-02-20,13.372828197874243,13.372828197874243,13.124031442286322,13.26916217803955,377855
2020-02-24,13.06183487257578,13.103300534579532,12.854503742531046,12.895970344543455,332152
2020-02-25,12.875234952846588,13.020366631608404,12.56423876693085,12.647171020507812,982576
2020-02-26,12.647170524641105,12.750835602545695,12.460573196411133,12.460573196411133,267251
2020-02-27,12.564239448653671,12.605706047696358,11.838581955479697,12.17031192779541,381547
2020-02-28,12.170312223622757,12.170312223622757,11.092192842418449,11.54831886291504,301540
2020-03-02,11.921513778216015,12.045912630792785,11.19585631154103,11.278788566589355,346126
2020-03-03,11.693450710044512,12.273975551809944,11.133657756903174,11.610518455505373,397380
2020-03-04,12.211775712754877,12.315440784439788,11.610517168972237,12.191041946411133,558815
2020-03-05,12.191042575640417,12.439840264539187,12.025178076380234,12.419107437133787,442815
2020-03-06,12.128845576397593,12.398375185648192,11.79711653731728,12.27397632598877,441406
2020-03-09,11.299521234590191,12.025178690941196,11.299521234590191,11.942246437072754,747339
2020-03-11,11.486119965900851,11.900782191681255,11.486119965900851,11.75564956665039,275685
2020-03-12,11.278789080375455,11.444654538036383,9.78600842150451,9.99333953857422,2714734
2020-03-13,8.70788772734487,9.910405766742006,8.106628237642072,9.786006927490234,1545181
2020-03-16,9.578677999419543,9.703076866688898,8.853020447038093,9.14328384399414,668699
2020-03-17,9.060350957610703,9.786008460212049,9.060350957610703,9.267682075500488,298198
2020-03-18,9.371346912928388,10.532400506404816,8.210295199469309,8.396893501281738,1326678
2020-03-19,7.878565440948153,8.376157988998488,7.629768696918747,8.10662841796875,563391
2020-03-20,8.106629957071632,8.355427688345584,7.691968638296143,7.961498260498047,1312209
2020-03-23,7.609036512549278,7.609036512549278,6.427251967606785,6.489450931549072,783047
2020-03-24,6.738246109667238,7.111441683744755,5.390596417729567,6.095520973205566,900300
2020-03-25,6.116254869445368,6.696781158447266,5.825992429950879,6.696781158447266,504077
2020-03-26,7.049242365036649,7.360238075256348,6.530916024669065,7.360238075256348,769163
2020-03-27,7.629769003832229,8.0444293205528,7.380971779790519,7.691967487335205,1042355
2020-03-30,7.629770660882166,8.065164840005417,7.339507248127517,7.982232570648193,333119
2020-03-31,8.293226020642768,8.37615827144911,7.754167330410052,8.210293769836426,308864
2020-04-01,8.127361481047366,8.251760326679763,7.878565669799579,8.18956184387207,233892
2020-04-03,7.878566936751606,8.127362788008243,7.795634672996509,7.961498260498047,162825
2020-04-07,8.002963342958617,8.18956160598703,7.795633192938351,8.10662841796875,267674
2020-04-08,8.106628974371827,8.355426675486083,7.712701474294188,7.774899959564209,439026
2020-04-09,7.89929887586522,8.023696787449138,7.691967769880623,7.795633792877197,298609
2020-04-13,7.920032608804408,7.961497325800923,7.422438144683838,7.422438144683838,262785
2020-04-15,7.463904095336684,7.484636923349341,7.298039591218375,7.360238075256348,331434
2020-04-16,7.443170382306347,7.4639036791672275,7.090708095705266,7.380971431732178,292467
2020-04-17,7.380972232268091,7.671235599776797,7.380972232268091,7.505370616912842,649763
2020-04-20,7.795633347732281,7.795633347732281,7.484636706513863,7.629768848419189,658266
2020-04-21,7.671234853837396,7.671234853837396,7.380971514553464,7.588302135467529,277244
2020-04-22,7.422438253182864,7.588302763644765,7.401704484368706,7.46390438079834,306444
2020-04-23,7.31877212215409,7.463904271693173,7.31877212215409,7.422438144683838,293166
2020-04-24,7.0907091666242685,7.40170490647368,7.069976806640625,7.069976806640625,392165
2020-04-27,6.821178820008333,7.215107247274766,6.821178820008333,6.966310024261475,389752
2020-04-28,7.0077761497629805,7.0077761497629805,6.696780443503815,6.966310024261475,149447
2020-04-29,7.007776260375977,7.152908406928444,6.945577776148341,7.007776260375977,424422
2020-04-30,7.049242822485864,7.235841106734348,6.966310565044955,6.987044334411621,545104
2020-05-04,6.800446716971232,6.945578886729989,6.717514451398517,6.883378982543945,231272
2020-05-05,6.904111463150976,6.945577588184826,6.717513195492272,6.758979320526123,273778
2020-05-06,6.779713530686743,6.987044653769832,6.427251655454981,6.551650047302246,209983
2020-05-07,6.634580930088843,6.676047527968655,6.282119078148993,6.385785102844238,299180
2020-05-08,6.5931152132945625,6.5931152132945625,6.136987373251952,6.199186325073242,533809
2020-05-11,6.489450233313701,6.489450233313701,6.116254609796783,6.219920635223389,452000
2020-05-12,6.385784590549851,6.385784590549851,6.095521248703009,6.199186325073242,252437
2020-05-13,6.489450233313701,6.489450233313701,6.178454507055318,6.219920635223389,793430
2020-05-14,6.344318908883277,6.344318908883277,5.929657164443023,6.178454399108887,230782
2020-05-15,6.32358469872007,6.32358469872007,5.95039051778808,6.199186325073242,143923
2020-05-18,6.323585116481963,6.323585116481963,5.9089247836068735,5.991856098175049,260458
2020-05-19,6.05405526580943,6.219920237890424,5.929656889251877,6.074788093566895,229630
2020-05-20,6.282118834757329,6.282118834757329,5.950390764613994,6.1162543296813965,158765
2020-05-21,6.199186866132924,6.282119122469064,6.136987908882962,6.219920635223389,154543
2020-05-22,6.2199206744890345,6.2199206744890345,5.929657305475858,6.054055690765381,183299
2020-05-26,6.054056062463757,6.116255023925178,5.950391440030934,6.012589931488037,193634
2020-05-27,6.157720344605263,6.157720344605263,6.0333219680477095,6.074788093566895,164204
2020-05-28,6.095521248703009,6.240652449622185,5.9711228750561824,6.199186325073242,233221
2020-05-29,6.219920635223389,6.240652994300994,6.116254609796783,6.219920635223389,211207
2020-06-01,6.240652994300994,6.46871740423181,6.136987908882962,6.219920635223389,1169724
2020-06-02,6.3443190197276,6.3443190197276,6.116254609796783,6.219920635223389,663082
2020-06-03,6.302853468562246,6.53091695936285,6.157721301681262,6.44798469543457,3453452
2020-06-04,6.572381992875921,6.758979320526123,6.323584772668568,6.758979320526123,1542588
2020-06-05,7.132174785614217,7.422438144683838,7.11144242711596,7.422438144683838,1397386
2020-06-08,7.795633192938351,8.14809501197789,7.691967177919739,8.10662841796875,1926277
2020-06-09,8.376157370969308,8.915218353271484,8.25175947813746,8.915218353271484,2143575
2020-06-10,9.288414176935715,9.350614547729492,9.226215686159192,9.350614547729492,292217
2020-06-11,9.806740760803224,9.806740760803224,8.894485106768716,9.806740760803224,2287431
2020-06-12,9.412812095253209,10.262868390776914,9.329879842519814,10.076271057128906,1384081
2020-06-15,10.366536048442205,10.366536048442205,9.72381075327823,9.951873779296877,1236353
2020-06-16,10.138471142406196,10.325069445524198,9.4542801843329,9.951873779296877,1267463
2020-06-17,9.91040743327842,9.91040743327842,9.620144052885836,9.682343482971191,428130
2020-06-18,9.68234192070453,9.951871487573744,9.537210253925544,9.806740760803224,549395
2020-06-19,10.07627264804221,10.07627264804221,9.62014471598756,9.951873779296877,359024
2020-06-22,10.408001419839922,10.449468021596513,10.055538594939186,10.221403121948242,674585
2020-06-23,10.24213631505271,10.24213631505271,9.951872939156836,9.99333953857422,418382
2020-06-24,9.848208682014883,10.15920491386954,9.827474910551542,9.951873779296877,661456
2020-06-25,9.951872166087302,10.034804418471222,9.620143156551627,9.703075408935549,131593
2020-06-26,9.64087840826538,9.889675203703872,9.495745769248751,9.537212371826172,400428
2020-06-29,9.57867734232226,9.57867734232226,9.184749816346296,9.267682075500488,323556
2020-06-30,9.267680502051254,9.723808319963103,9.267680502051254,9.392078399658203,301183
2020-07-01,9.392079683888062,9.703075880442292,9.3298802565755,9.516478538513184,316057
2020-07-02,9.661609501644335,9.97260570526123,9.495744985049804,9.97260570526123,639568
2020-07-03,10.470197594558572,10.470197594558572,9.620142316825444,9.744540214538574,1281203
2020-07-06,9.765274493315156,10.11773631867616,9.661608476437278,9.93113899230957,273248
2020-07-07,9.97260506106026,9.97260506106026,9.55794379635983,9.723809242248535,285412
2020-07-08,9.972604766281403,9.972604766281403,9.53721068621784,9.620142936706545,366923
2020-07-09,9.910407214288274,9.910407214288274,9.53721158203125,9.599411010742188,227029
2020-07-10,9.599411854252043,9.703076951207027,9.537212420075582,9.557945251464844,225753
2020-07-13,9.599411805687962,9.66161029954108,9.495745769248751,9.537212371826172,242171
2020-07-14,9.32987875318971,9.495743239290636,9.226213684378736,9.3091459274292,737605
2020-07-15,9.392078747348766,9.537210416603283,9.122549175882142,9.164015769958496,507095
2020-07-16,9.164016773966065,9.309147519112594,9.018884148802366,9.184749603271484,177529
2020-07-17,9.184750025641508,9.516479069817477,9.10181682458889,9.350614547729492,547717
2020-07-20,9.454279423595272,9.57867734232226,9.205482646132692,9.267682075500488,342456
2020-07-21,9.41281346973285,9.41281346973285,9.122551012785472,9.14328384399414,361786
2020-07-22,9.164017503930513,9.246949767766791,8.853020339533643,9.10181713104248,383394
2020-07-23,9.10181713104248,9.246949767766791,8.956686374335485,9.10181713104248,418764
2020-07-24,9.122550964355469,9.164017566561338,8.935952664442054,9.122550964355469,498331
2020-07-27,9.122549908803103,9.392079501924188,8.97741822788846,9.081084251403809,487582
2020-07-28,9.122548653125424,9.164015244825585,8.915218514649897,8.9774169921875,208814
2020-07-29,8.998152732849121,9.081084994442,8.77008783845791,8.998152732849121,309180
2020-07-30,8.99815166208947,9.0810839138136,8.728621138979655,8.956685066223145,411383
2020-07-31,8.956684843657479,8.977417671071189,8.811553171744512,8.87375259399414,397948
2020-08-03,9.288413133111144,9.288413133111144,8.749353966908558,8.956685066223145,289469
2020-08-04,8.853018826571933,9.039617093320816,8.749353749494885,8.87375259399414,236281
2020-08-05,9.018882606748369,9.3091459274292,8.894484712176885,9.3091459274292,548789
2020-08-06,9.64087709081032,9.76527500152588,9.392079389362117,9.76527500152588,435256
2020-08-07,10.138469994977642,11.714183807373049,9.454279114338137,11.714183807373049,3122130
2020-08-10,12.564238476513282,12.854501827327589,10.864126847478753,11.46538543701172,2491489
2020-08-11,11.423918632214637,12.004444335447811,11.361720154731689,11.734914779663086,1291146
2020-08-12,11.36172114283423,11.610517894428584,11.29952077992501,11.403186798095703,650576
2020-08-13,11.56905214022343,11.776383251629188,10.988526344299316,10.988526344299316,382723
2020-08-14,10.78119523289356,11.403187627102255,10.78119523289356,10.988526344299316,296289
2020-08-17,11.361723119155442,11.672718407738248,10.822661986920966,11.050726890563965,320554
2020-08-18,10.926326505683852,11.403187197963572,10.926326505683852,11.195856094360352,523999
2020-08-19,11.361722176544657,12.792303393366964,11.009259374711895,12.17031192779541,2915838
2020-08-20,11.900781720151349,12.709370490362252,11.797115697809389,11.942246437072754,1854335
2020-08-21,12.087379173369955,12.41910819205516,11.817849580690366,11.983713150024414,991994
2020-08-24,12.439840659231807,14.36801528930664,12.439840659231807,14.36801528930664,3334740
2020-08-25,15.757131665901609,15.860795806061134,14.326549611546715,14.720477104187012,4384676
2020-08-26,15.342470410957128,15.715665075705044,14.741210877738885,15.072940826416016,1377801
2020-08-27,15.363201367842471,15.694931296413838,14.20214990787233,14.388748168945312,1394324
2020-08-28,14.430215676399316,14.741210917866308,13.911888393937272,14.01555347442627,775096
2020-08-31,14.388749590201057,14.388749590201057,12.522773375217817,12.750836372375488,1061138
2020-09-01,12.854500761003507,13.061831842958991,12.232508455145506,12.502038955688477,362637
2020-09-02,12.813036733098256,13.663092114869256,12.647171282499814,13.47649383544922,712644
2020-09-03,13.517960587548878,13.787491125343344,12.895969135734612,13.165498733520508,335244
2020-09-04,13.186230660864648,13.186230660864648,12.77156940800807,12.833767890930176,352052
2020-09-07,12.43984089200863,15.383936372382212,12.43984089200863,13.020366668701172,389149
2020-09-08,13.206963268418548,13.26916175030415,12.294708527336306,12.3983736038208,452454
2020-09-09,12.232508994187205,12.377640663950617,11.79711492490545,12.00444507598877,741948
2020-09-10,12.045912957545834,12.854502701202655,11.797116185652088,12.12884521484375,1295463
2020-09-11,12.128844313027322,12.605704992036442,12.004445466325588,12.149577140808104,379743
2020-09-14,12.149578258002444,12.439841633658164,12.066645999244892,12.211777687072754,602974
2020-09-15,12.33617518482474,12.60570476106188,11.962979591566125,12.066644668579102,709078
2020-09-16,12.419107979282916,12.419107979282916,11.85931503484023,11.900781631469728,440780
2020-09-17,11.94224709051146,12.04591311852567,11.610518996895216,11.81785011291504,264750
2020-09-18,11.983713508827035,12.025179167399928,11.672717309496026,11.75564956665039,173496
2020-09-21,11.75564981746722,11.859315846128416,11.02999231688187,11.112924575805664,358874
2020-09-22,11.11292563899826,11.569053576721972,10.760463739853654,11.15439224243164,294281
2020-09-23,11.361722569046757,11.361722569046757,10.781195802445822,10.843395233154297,216927
2020-09-24,11.36172225546079,11.983713725352567,10.905594362866037,11.092192649841309,1631822
2020-09-25,11.52758561525278,13.144764966601864,11.403186769760463,12.460573196411133,2163074
2020-09-28,12.77157033035624,13.538694408548109,12.439841304113887,13.18623161315918,1470906
2020-09-29,13.186230728222974,13.455760308954442,12.68863722225326,12.854501724243164,714652
2020-09-30,13.12403130497463,13.186230728222974,12.709370049999867,12.854501724243164,460051
2020-10-01,12.937436214094824,13.248432444146726,12.813038286079273,12.97890281677246,643072
2020-10-05,12.854502621551296,15.50833577864902,12.626438680393052,15.031475067138672,5838500
2020-10-06,19.12200764310864,20.058395385742188,18.185621780492404,20.058395385742188,578056
2020-10-07,21.0440616607666,21.0440616607666,21.0440616607666,21.0440616607666,19481
2020-10-08,22.07901763916016,22.07901763916016,21.044064421706235,22.07901763916016,487332
2020-10-09,21.73403241562293,21.73403241562293,20.994779586791992,20.994779586791992,298170
2020-10-12,20.20624311470691,20.69907831262659,19.95982551574707,19.95982551574707,49231
2020-10-13,18.974157333374023,19.61484278940657,18.974157333374023,18.974157333374023,162015
2020-10-14,18.727741242375515,18.924876112723293,18.03777107617575,18.185623168945312,176177
2020-10-15,18.18562036873724,19.072723388671875,18.18562036873724,19.072723388671875,61651
2020-10-16,20.009110220748926,20.009110220748926,18.629171908976115,18.727739334106445,150710
2020-10-19,18.72773797144589,19.46699078610823,18.28418553064164,18.826305389404297,81725
2020-10-20,19.66412392036522,20.896211838182165,18.8755865249522,19.220571517944336,400230
2020-10-21,19.269857273486505,19.66412697239532,18.727739257512777,19.417709350585938,259957
2020-10-22,19.466992588786336,19.71341021649249,18.72773970566787,18.974157333374023,197260
2020-10-23,19.22057496108018,19.417709815252024,18.875589906288106,18.974157333374023,163672
2020-10-26,19.61484113088044,19.61484113088044,18.481320515280025,18.678455352783203,144822
2020-10-27,18.97415461222331,18.97415461222331,18.234901835123697,18.481319427490234,91230
2020-10-28,18.333471073365708,18.678456113029192,17.298515954375247,17.9392032623291,180355
2020-10-29,17.742064208046568,17.93919900680935,17.0520942923936,17.692781448364258,74141
2020-10-30,17.742067879901953,18.33347051856878,17.742067879901953,17.840635299682617,63031
2020-11-02,18.18561921030105,18.530602338287576,17.93920161601522,18.33346939086914,109513
2020-11-03,18.67845424725239,18.67845424725239,17.64349923164281,17.791349411010742,66802
2020-11-04,18.185617682621405,18.57988542435493,17.397080319137466,17.889915466308594,83966
2020-11-05,17.69278667212489,18.23490470875667,17.69278667212489,18.13633728027344,234105
2020-11-06,18.62916960078506,18.62916960078506,17.64349923164281,17.791349411010742,177683
2020-11-09,18.38275288115493,18.38275288115493,16.50997946688485,17.59421730041504,251530
2020-11-10,17.93919900680935,17.988481766491656,17.544929409283785,17.692781448364258,182620
2020-11-11,17.64350371377582,17.889921368661007,17.495653496848213,17.7420711517334,158184
2020-11-12,17.397086058890636,17.93920602764855,17.397086058890636,17.7420711517334,216366
2020-11-13,17.742064208046568,17.84063160742796,17.544929409283785,17.692781448364258,88490
2020-11-14,17.93920602764855,17.93920602764855,17.544936275818245,17.7420711517334,74140
2020-11-17,18.1363362278388,18.1363362278388,17.692785645429073,17.9392032623291,211069
2020-11-18,18.18562094548833,20.156961887871148,17.791351252997995,19.713409423828125,696039
2020-11-19,19.61483995939075,23.65608884670652,19.61483995939075,22.62113571166992,2715400
2020-11-20,23.064686235541625,23.508238653155068,20.99477808670725,21.241195678710938,866617
2020-11-23,23.0646896898434,25.4795832051548,22.670421859593063,25.38101577758789,4611383
2020-11-24,26.859520952721365,27.401638972237272,25.578150062947067,26.514535903930664,2335680
2020-11-25,27.056649202585685,27.59876708984375,24.937456654173523,25.87384414672852,837700
2020-11-26,26.810236846963537,26.810236846963537,25.13459633902188,25.923131942749023,415690
2020-11-27,26.41596577922604,26.61310060982416,25.72599763216677,26.021697998046875,363183
2020-12-01,26.71166802512322,26.71166802512322,25.52886280156865,26.021697998046875,438701
2020-12-02,26.41596842466055,26.41596842466055,24.986747339754203,25.9724178314209,452983
2020-12-03,26.2681138443808,27.204501407245548,25.67671127204605,26.56381607055664,602454
2020-12-04,27.05665218340562,27.894470486921666,26.465249590322465,26.90880012512207,933316
2020-12-07,27.50020482380135,27.50020482380135,26.66238457611928,26.76095199584961,533527
2020-12-08,26.81023459810763,26.90880013029292,24.54319163752272,25.52886199951172,871077
2020-12-09,25.92312977925933,27.204502378396764,25.67671218865794,26.21883201599121,842962
2020-12-10,26.21883451942197,26.465252133551846,25.331731484557867,25.62743186950684,416175
2020-12-11,25.87384576817635,26.563815740667824,25.13459303194274,25.47957801818848,679762
2020-12-14,25.725998073660964,26.0216984446157,25.085312683247626,25.5781478881836,464932
2020-12-15,25.725998348785524,25.775281117799327,25.134595720534232,25.282445907592773,302512
2020-12-16,25.430297932993856,26.317402879507693,25.13459753750076,25.9724178314209,1166470
2020-12-17,26.317401099959653,27.05665391872237,25.62743105044093,25.82456588745117,1841535
2020-12-18,26.07098141049844,26.120264175804483,24.39534106985513,24.59247589111328,995927
2020-12-21,24.64175961437444,25.972415009554062,23.50823904811661,24.24749183654785,2080641
2020-12-22,24.22771389958625,25.11771117581026,22.398273901366903,24.17827033996582,576182
2020-12-23,24.22771521880377,24.919936408087136,23.980493634938423,24.425493240356445,395834
2020-12-24,24.623266666545067,25.46382033643422,23.683825882910785,23.931047439575195,674570
2020-12-28,23.931049778871422,26.30437657761588,23.931049778871422,26.156044006347656,1636010
2020-12-29,28.03492587619257,28.084369434781543,26.25492947472667,27.194372177124023,2642593
2020-12-30,27.34270593905852,27.34270593905852,26.00770905090646,26.848262786865234,795226
2020-12-31,26.699929582941685,27.144929163784408,26.699929582941685,26.79881858825684,427605
2021-01-01,26.897708178266058,26.947151738922976,26.45270858775008,26.551597595214844,336364
2021-01-04,27.14492975385251,27.44159489009587,26.3043760196284,26.551597595214844,669866
2021-01-05,26.502152148406992,27.046040746387742,26.25493057282054,26.551597595214844,609495
2021-01-06,26.848262703287784,26.996595271253828,25.95826540934058,26.40326499938965,725241
2021-01-07,26.94714984187373,27.19437140005606,26.15604161015061,26.699928283691406,799754
2021-01-08,26.996595271253828,26.996595271253828,26.30437599202864,26.40326499938965,446624
2021-01-11,26.60103931297224,29.02381134033203,26.50215031235842,29.02381134033203,3782795
2021-01-12,28.67770250753176,31.891582960962044,27.58992720760209,31.19936180114746,3839954
2021-01-13,31.34769734133997,32.08936208708633,29.81492240177356,30.11158943176269,1349424
2021-01-14,30.408249832900296,33.078243255615234,29.27103111068864,33.078243255615234,1875444
2021-01-15,33.77047347960468,35.9954679725487,32.633252563179,34.21546936035156,1805988
2021-01-18,34.21546392113669,34.21546392113669,32.53436025599843,32.63324737548828,1408156
2021-01-19,33.27602535600698,34.26491165161133,33.12769090274559,34.26491165161133,1200939
2021-01-20,34.85824101625638,35.946014404296875,34.75935389818061,35.946014404296875,1267730
2021-01-21,37.72601163866143,37.72601163866143,35.00657447334591,36.73712539672852,4897869
2021-01-22,36.53934665223269,38.56656265258789,35.94601265573501,38.56656265258789,1773725
2021-01-25,39.75322579465171,40.49489044092394,37.6765625217086,39.2093391418457,2943679
2021-01-27,39.209342498524784,39.8521163169405,37.281013498674064,37.429344177246094,1826045
2021-01-28,36.24268516831734,39.25878769246976,36.143794272850506,38.71490097045898,1216638
2021-01-29,38.8137872044633,40.6432253472179,38.8137872044633,40.54433822631836,872255
2021-02-01,41.33544761344445,41.73100365220164,38.51712309728081,39.60489654541016,1491616
2021-02-02,40.04989871550291,41.23656313560788,38.91267786033936,39.65434265136719,892194
2021-02-03,39.70379257202149,40.00045775327532,38.17101555298885,39.70379257202149,703571
2021-02-04,39.753232397481895,41.236561936400605,39.20934565433878,40.297119140625,679516
2021-02-05,39.55545444531717,41.53322716758302,39.55545444531717,40.89044952392578,975113
2021-02-08,41.23655990643739,42.917667388916016,41.23655990643739,42.917667388916016,993904
2021-02-09,44.20321799732778,45.04376983642578,43.80766197169236,45.04376983642578,621821
2021-02-10,46.42821436642709,46.97210109836886,42.81877772047373,42.86822128295898,1830241
2021-02-11,41.08822662639411,44.20322010281652,40.84100504167176,42.71989059448242,736073
2021-02-12,42.81877639870618,43.5604411299966,42.02766810645679,42.62099838256836,369546
2021-02-15,41.1871160401491,43.313219328800166,40.692672888513705,41.4343376159668,710285
2021-02-16,41.03878256715375,42.27489047580295,39.65434020054584,40.049896240234375,443860
2021-02-17,40.5443394492985,41.335447757263445,40.09933984722385,40.1982307434082,247669
2021-02-18,40.24767320216647,41.731002653556125,39.90156073346109,41.13766860961914,419045
2021-02-19,41.13767027261529,43.16489028930664,40.29711839176913,43.16489028930664,1057649
2021-02-22,44.79654957643129,45.290992736816406,44.49988443466061,45.290992736816406,274199
2021-02-23,47.31820557698481,47.51598358154297,46.4776537729897,47.51598358154297,347936
2021-02-24,49.88931751581477,49.88931751581477,45.34043800561032,47.91154479980469,1487220
2021-02-25,48.65320936293635,49.34543056507834,46.52710219327928,46.72488021850586,826022
2021-02-26,44.99432826490551,49.04876073150367,44.99432826490551,48.99931716918945,799462
2021-03-01,51.42208862304688,51.42208862304688,50.087093600407776,51.42208862304688,1558992
2021-03-02,51.42208467769656,53.20207916207957,49.69153375104331,50.97708511352539,1308860
2021-03-03,51.91652846321285,53.49874496459961,51.81764134648932,53.49874496459961,653829
2021-03-04,56.16874313354492,56.16874313354492,53.89430531507553,56.16874313354492,1080454
2021-03-05,58.937618255615234,58.937618255615234,58.937618255615234,58.937618255615234,379392
2021-03-08,59.333176633144944,61.854835885593246,56.91040449949784,58.09706878662109,3502512
2021-03-09,58.29485154506232,58.93762541423224,55.2293015725909,55.822635650634766,1616332
2021-03-10,56.76207511628469,58.591513261956685,53.39986018811242,58.34429168701172,1406501
2021-03-12,58.83873689945076,59.234292942149374,55.42707829115666,55.57541275024414,807019
2021-03-15,54.784304391780935,56.66318616228845,52.85597528675055,55.27874755859375,871347
2021-03-16,55.377637361225325,56.712632467262566,54.14152938441226,56.36652374267578,802640
2021-03-17,55.37763440250973,56.81152033346368,53.54819620349047,53.79541778564453,577646
2021-03-18,54.19096687965122,55.42707471802056,51.125420949415975,51.37264251708984,627048
2021-03-19,49.543201170618175,53.89430231606526,48.8509837917395,53.74596786499024,1168430
2021-03-22,54.38874410431823,55.427073919122144,53.35041428951431,53.49874496459961,314182
2021-03-23,53.89430531507553,56.16874313354492,53.89430531507553,56.16874313354492,479764
2021-03-24,58.34429368391242,58.34429368391242,54.38874834940989,55.27874755859375,547335
2021-03-25,55.27874324403684,55.27874324403684,52.55930603882093,53.49874496459961,666193
2021-03-26,54.24041254519378,55.42707687057371,54.14152542320458,54.8831901550293,566511
2021-03-30,55.17985534667969,55.37763336315132,54.339303492052615,55.17985534667969,252415
2021-03-31,55.17985372694224,55.17985372694224,53.597637186217,53.74596786499024,205074
2021-04-01,54.78430313331361,56.41596328293333,53.89430394457418,55.32818984985352,1061775
2021-04-05,55.47652005945612,55.72374163507278,52.75708272767295,53.25152587890625,483435
2021-04-06,54.09208008298774,55.080966359560456,51.57042083218768,52.707637786865234,298928
2021-04-07,53.39986016379064,53.99319043446757,51.76819626097628,52.36153030395508,257282
2021-04-08,53.39985763722101,53.79541364715813,52.41097138467988,52.60874938964844,317520
2021-04-09,53.20208220635792,53.39986022089568,52.4604174810677,52.65819549560547,173504
2021-04-12,50.77931200160648,51.61986765318531,50.03764724731445,50.03764724731445,475351
2021-04-13,49.93876386310472,50.72987223914889,48.0598781692353,49.14765548706055,298366
2021-04-15,47.71376119474085,51.52097171897569,46.77431851002138,50.680419921875,770500
2021-04-16,50.43320329084741,50.68042487560646,49.49376051430259,49.88931655883789,196624
2021-04-19,47.763205144165255,48.70264783659028,47.41709646541473,47.51598358154297,500039
2021-04-20,47.862101464985,49.8893177541182,47.31821094764259,49.39487457275391,1116716
2021-04-22,49.93876029449759,51.718754956474726,49.44431712326495,50.92764663696289,372416
2021-04-23,50.92764097967596,50.92764097967596,48.45542539813829,48.90042495727539,223919
2021-04-26,48.900426112641775,50.23542104929329,48.45542654299071,48.55431365966797,226717
2021-04-27,48.75208962060719,50.977083603242114,48.257646513354985,50.136531829833984,304995
2021-04-28,51.224306674475855,52.60874892471912,50.6309764371154,50.97708511352539,997861
2021-04-29,51.520976754866446,51.81764567441893,49.44431695181118,49.88931655883789,260379
2021-04-30,49.24653690559706,52.3615302544612,48.20820704674297,52.21319580078125,783724
2021-05-03,52.114304714357175,53.3998560499892,50.53208449393952,51.6198616027832,427458
2021-05-04,52.01541784270139,53.49874729189214,49.88931456224244,52.50986099243164,379169
2021-05-05,52.410971961562666,55.130409185983375,52.16375039570624,54.98207473754883,1002975
2021-05-06,55.37763148807191,55.37763148807191,52.312085539617215,52.707637786865234,598855
2021-05-07,52.41097359035326,53.20208187121898,50.53208812253307,51.17486572265625,191422
2021-05-10,51.174861620633486,52.65819094297069,49.44431074457341,50.28486251831055,462710
2021-05-11,50.63098131311506,51.61986765215128,49.543204076794005,49.88931655883789,453507
2021-05-12,50.38375972936527,51.02653358637048,49.543204077786434,50.03764724731445,192447
2021-05-14,50.33432127362284,50.72987358599544,49.59265644408401,49.69154357910156,279696
2021-05-17,48.752096891030135,50.82876051456414,48.752096891030135,49.09820938110352,300381
2021-05-18,49.54320910427283,50.43320840864039,49.49376553676406,49.69154357910156,189512
2021-05-19,50.23542442627309,52.16375350952149,49.740981265045406,52.16375350952149,1199021
2021-05-20,52.16375275936669,54.73485565185547,50.97708843502498,54.73485565185547,1057823
2021-05-21,57.45429611206055,57.45429611206055,57.45429611206055,57.45429611206055,334496
2021-05-24,60.32206344604492,60.32206344604492,60.32206344604492,60.32206344604492,191575
2021-05-25,63.338168092693785,63.338168092693785,57.454290307612105,59.48151016235352,4961089
2021-05-26,59.87706362827486,61.70650551358922,58.98706823774245,59.28373336791992,2475845
2021-05-27,59.33317452422843,60.91539100262054,59.13539652135401,59.82761764526367,541687
2021-05-28,61.65705904799872,61.65705904799872,56.86096202121683,57.30596160888672,805914
2021-05-31,58.73984667663855,60.12428520845621,57.45429149182686,59.43206405639648,1297501
2021-06-01,59.2837380664456,61.21206722388136,56.46540967563886,56.860965728759766,816152
2021-06-02,58.83873259560166,59.67928440947529,57.1576251955527,59.62984085083008,1133064
2021-06-03,59.43206472220543,62.596501615427925,59.085956028449054,62.39872360229492,2518142
2021-06-04,62.74483675414714,65.51371765136719,62.59650229960065,65.51371765136719,1528445
2021-06-07,66.45315514895276,68.62870949665162,62.794278922491536,64.67316436767578,2145375
2021-06-08,65.66205565140463,65.66205565140463,63.53594847371361,63.882057189941406,523640
2021-06-09,64.77205075307869,64.96982498944516,60.81650566892121,61.706504821777344,392571
2021-06-10,62.94261536250984,63.28872406331031,61.06372985795955,62.34928131103516,164948
2021-06-11,63.28871852859312,63.63482719912572,60.32205984756531,61.063724517822266,202722
2021-06-14,60.32206579844157,62.84372517162095,58.09707156817118,59.33317947387695,617957
2021-06-15,59.33317698878371,60.61872840241367,58.54206871672696,59.58039855957031,212377
2021-06-16,59.135398558841935,60.3220628446729,57.65206914462866,57.8004035949707,200561
2021-06-17,59.184841809302206,59.184841809302206,56.36651744592658,56.61373901367188,135143
2021-06-18,56.61374402151234,58.24540802188288,53.89430653576284,56.11930084228516,152124
2021-06-21,56.31707909845351,58.344295387104346,53.39986357463788,57.602630615234375,123648
2021-06-22,57.60263057525243,59.08596011796279,56.36652262299379,57.45429611206055,203634
2021-06-23,57.94873415571005,58.73984619286383,56.86096076307626,57.35540390014648,92097
2021-06-24,55.72374121585955,57.998182712263485,55.72374121585955,57.00929641723633,101903
2021-06-25,57.9487328757095,58.34428888554916,56.366516380954266,57.40484619140625,86527
2021-06-28,57.45429729100143,58.34429654381094,55.87208058856472,56.51485824584961,151500
2021-06-29,55.47652211717831,57.3554076704768,55.47652211717831,57.05874252319336,84918
2021-06-30,57.0587404078522,59.877064861014055,56.95984951422256,59.08595657348633,346771
2021-07-01,57.40484894776048,58.93762195795889,56.86096223734193,58.34429168701172,149578
2021-07-02,57.602628216373766,59.333179278668254,56.51485477185229,58.29484939575195,360949
2021-07-05,58.83873174172359,61.16261291503906,58.83873174172359,61.16261291503906,522069
2021-07-06,64.17872619628906,64.17872619628906,63.68428301687944,64.17872619628906,236309
2021-07-07,65.26649597799587,66.20593494771644,62.29983706990516,65.21704864501953,799524
2021-07-08,65.46427385678828,67.14538519150956,62.34928409365769,63.58539581298828,473594
2021-07-09,64.27760811739189,65.1676072771688,61.459283731934654,63.783164978027344,207383
2021-07-12,65.1676104565669,66.94760131835938,63.33817226058412,66.94760131835938,557122
2021-07-13,69.41982152007913,70.26038098677736,67.83760480591349,70.0625991821289,1118018
2021-07-14,69.22205730070819,72.18871689930997,69.22205730070819,69.66705322265625,350349
2021-07-15,70.70537703076613,73.12814567341914,67.19482732118702,71.54592895507812,842511
2021-07-16,71.54592743094017,71.54592743094017,68.43093385345591,69.81537628173828,178671
2021-07-19,66.89815919422495,70.70536991129714,66.89815919422495,67.63982391357422,233206
2021-07-20,66.45314652627555,67.59036711221592,64.32704733100748,66.20592498779297,473699
2021-07-22,67.54093319051276,68.8264807753829,66.3542651760904,68.38148498535156,160003
2021-07-23,68.38149236116969,68.38149236116969,66.84871550643744,67.19482421875,315390
2021-07-26,66.20593437601042,68.7275974439538,65.46426965539221,68.233154296875,178242
2021-07-27,69.37037743948252,69.37037743948252,67.19482299045023,67.24427032470703,211230
2021-07-28,67.73871437573767,68.72760071698931,64.27761218135691,65.1181640625,307960
2021-07-29,64.7720529232385,66.74982553158166,63.28872346698113,65.51371765136719,131873
2021-07-30,64.52482847391282,66.25537942915186,63.783163778810376,64.1292724609375,163202
2021-08-02,63.78315805390866,66.79926389445397,61.8053857111518,65.85981750488281,542409
2021-08-03,66.15649479478083,69.12315368652344,65.31594295104117,69.12315368652344,868746
2021-08-04,69.41980820823511,72.53480124653093,69.32092109717554,71.79313659667969,1019610
2021-08-05,70.90313946191709,71.59536434761667,68.23314966671306,69.91425323486328,266421
2021-08-06,70.16148081481236,70.21092814825126,67.24426921240965,68.18370819091797,396429
2021-08-09,68.18370263296255,69.024261965283,65.26649126835464,66.30482482910156,438875
2021-08-10,67.04649802174794,67.04649802174794,62.99206169470864,63.43706130981445,379776
2021-08-11,63.28872176617914,64.67316406373502,60.27261937397002,63.33816909790039,262091
2021-08-12,63.288719025892405,64.17871814611466,61.11316855491703,62.69538879394531,296203
2021-08-13,62.69539501562472,63.78316847290856,59.92651026562586,62.003173828125,106610
2021-08-16,62.94260999949218,63.38760578480498,60.9648375410296,61.50872421264648,151184
2021-08-17,63.140390110750666,63.140390110750666,58.44318008422852,58.44318008422852,322404
2021-08-18,59.2342898693898,60.02539814144655,56.36651813934453,59.58039855957031,297055
2021-08-20,57.10818233161137,59.23428932993406,57.0587387723647,57.35540390014648,173869
2021-08-23,57.35540401624637,58.64095542077085,54.88318832589092,57.8004035949707,166336
2021-08-24,58.29484637345746,58.29484637345746,55.87207425739333,56.46540451049805,76026
2021-08-25,56.46540714873542,59.28373541341816,56.36652002603157,56.811519622802734,116132
2021-08-26,57.355403202435234,59.62984085083008,56.41596049896948,59.62984085083008,178852
2021-08-27,61.31094636505208,62.596497711794456,58.34428766996891,62.10205459594727,303307
2021-08-30,64.03038938854283,65.16761016845703,60.47040013609288,65.16761016845703,712163
2021-08-31,65.16760992018897,66.60149206465908,63.288724405480494,63.83261489868164,595401
2021-09-01,64.47539001237814,66.05761428193213,62.39873008934409,63.18984222412109,222520
2021-09-02,63.18983363999497,65.06871904639674,61.80539136450928,64.42594146728516,256220
2021-09-03,62.794279736826105,65.16760835391035,62.794279736826105,62.84372329711914,177039
2021-09-06,64.67316822677837,65.46427277301727,61.50873118031271,65.1181640625,415714
2021-09-07,65.21704382126914,66.65093338088488,64.07983069296417,66.0081558227539,336663
2021-09-08,65.26649322509766,69.27148559993365,65.26649322509766,69.22203826904297,977499
2021-09-09,69.22204103154996,71.59536966155241,67.24426843064853,70.309814453125,724188
2021-09-13,70.40870889510839,70.40870889510839,66.79927955885003,67.04650115966797,567329
2021-09-14,67.68926730616919,68.5792665257052,65.51372036472924,66.60149383544922,200183
2021-09-15,66.60149391984218,67.88704918797917,65.31594619630928,67.19482421875,356388
2021-09-16,67.590384017345,68.23316168708628,65.81039302183588,66.45316314697266,299869
2021-09-17,66.3542576151365,66.9475877824371,63.83260251795838,64.77204132080078,400676
2021-09-20,63.18983294561004,64.52482787549266,61.55816912259645,61.90427780151367,399894
2021-09-21,62.59650219380954,64.96982705642917,60.07484287689411,64.9203872680664,959465
2021-09-22,66.25742386340671,68.13917578522963,65.06894538620148,68.08965301513672,1176311
2021-09-23,69.12956035649728,71.45698663517477,67.99060482043004,71.30842590332031,1755968
2021-09-24,72.00170689606773,72.74450307817068,70.3180385724131,70.36756134033203,661850
2021-09-27,71.40746615863605,73.78441527606753,70.61515482356754,72.94258117675781,996317
2021-09-28,73.93297774679463,76.55752563476562,73.88345498139186,76.55752563476562,1519844
2021-09-29,76.45847770355074,80.3705418080434,75.27000693232756,76.8546371459961,1769390
2021-09-30,77.69647720319973,79.23159232698036,74.77481525858771,75.17097473144531,548773
2021-10-01,75.76520501891552,76.75559985576409,73.2892179267941,75.81472778320312,428742
2021-10-04,77.94408421151167,78.88496400403994,76.06233973868365,77.00321197509766,446974
2021-10-05,76.55752334119147,77.59743337847695,74.18057423921869,74.92337036132812,445422
2021-10-06,75.2700170851263,78.14216398512364,72.19979421524525,73.68538665771484,887667
2021-10-07,76.06234489946262,77.3498539652745,74.82435105380804,77.30033874511719,1236939
2021-10-08,77.25080746075753,78.83543789744772,75.76521500958911,76.45848846435547,413046
2021-10-11,76.75560610130381,79.62775287309144,76.75560610130381,77.89456176757812,673176
2021-10-12,77.89456228366242,77.89456228366242,74.03202056884766,74.03202056884766,705704
2021-10-13,74.27962204736187,75.170979023153,71.80363464578313,72.7445068359375,310803
2021-10-14,73.09114544094265,74.2300935123294,72.05122779059188,72.49690246582031,192642
2021-10-18,75.1709824079717,75.1709824079717,71.80363787897619,72.34835815429688,158917
2021-10-19,71.55603087075664,73.58634341963868,69.327642366131,69.57524108886719,219643
2021-10-20,69.82283191803437,71.80362147599278,66.15837425825629,66.70308685302734,257149
2021-10-21,68.33725583954738,69.12957487172697,65.26703281305144,66.6535873413086,145386
2021-10-22,66.70309578219506,69.03052231313319,66.70309578219506,67.49541473388672,186001
2021-10-25,68.83244903223563,68.83244903223563,64.12807301924111,64.3261489868164,390095
2021-10-26,65.3660626797046,65.3660626797046,61.89968056790208,64.82134246826172,273081
2021-10-27,65.36606550708461,65.36606550708461,63.5833516071732,64.4747085571289,79622
2021-10-28,65.36606086456716,65.36606086456716,61.40448141822976,61.70159912109375,207251
2021-10-29,62.34535839687683,62.642476105004654,58.92849530826525,60.61216735839844,250813
2021-11-01,61.40448496777724,63.63287353515625,60.7112077689813,63.63287353515625,1116852
2021-11-02,65.31654320960462,65.86126344854182,62.39488116177645,65.3660659790039,598515
2021-11-03,68.08964655115352,68.08964655115352,64.47470380485147,65.06893920898438,298749
2021-11-04,67.099256398621,67.099256398621,65.46510325554993,66.4059829711914,120227
2021-11-08,64.96990931507737,68.33725376546818,64.96990931507737,67.84205627441406,173250
2021-11-09,68.83244234875725,71.20939150943336,67.34685006784882,70.86275482177734,1120730
2021-11-10,71.4074705957109,74.37865528809373,69.52571877931244,74.27961730957031,1087779
2021-11-11,74.18058330776825,74.18058330776825,72.39786937432429,72.84355163574219,203733
2021-11-12,74.18058283851894,74.18058283851894,71.55603472492857,71.95219421386719,232696
2021-11-15,73.8834572795899,73.93298004653312,68.38677017399506,68.63436889648438,436114
2021-11-16,69.27812469137075,69.27812469137075,66.15838660047173,67.04973602294922,218750
2021-11-17,67.04972802872882,68.73340380001844,66.35645465921212,67.09925079345703,90330
2021-11-18,68.23821617638848,68.33725416395399,65.66319071911448,66.8516616821289,293934
2021-11-22,67.19830468668083,67.2973426834872,63.53384591204136,64.22711944580078,185020
2021-11-23,63.43479957661376,65.36606670687125,63.23671605292465,64.3261489868164,103304
2021-11-24,65.21750341485837,67.49541473388672,64.87086670703584,67.49541473388672,237399
2021-11-25,67.79252662358289,70.86275680145654,67.69348864664481,70.61515808105469,422200
2021-11-26,70.61515551799482,70.61515551799482,67.09925079345703,67.09925079345703,600555
2021-11-29,67.64397188708213,68.38676803127653,64.12806711545005,65.06893920898438,442691
2021-11-30,65.26703486894922,67.34686294879195,64.078556283243,64.52423858642578,129819
2021-12-01,65.31654559382378,65.86126585264464,62.39488343934755,64.1280746459961,315658
2021-12-02,62.09776871483233,67.2973388089587,62.09776871483233,66.5545425415039,352455
2021-12-03,65.3660560312835,67.44588357560183,64.57373717815625,65.66317749023438,209508
2021-12-06,68.83245005185466,68.93148803710938,67.84205508707979,68.93148803710938,453633
2021-12-07,72.34835815429688,72.34835815429688,71.35796314906962,72.34835815429688,742200
2021-12-08,75.27000760049124,75.96328096384005,74.62624944531707,75.81472778320312,1551542
2021-12-09,77.69647377675282,77.69647377675282,73.28921967037168,74.62625122070312,1097777
2021-12-10,74.97288546146532,78.19166865265039,74.7748095182991,76.8546371459961,766868
2021-12-13,78.3897524801077,80.66765606050737,76.90416023180286,78.73638916015625,4066018
2021-12-14,79.82582871323861,79.97438946185176,76.45848448783266,76.95368194580078,659841
2021-12-15,78.14216050284918,78.14216050284918,73.14066314697266,73.14066314697266,752258
2021-12-16,75.61664786075933,75.61664786075933,71.80362906966201,72.49690246582031,663293
2021-12-17,73.28922069529575,74.47769152196337,68.8819665272807,69.72380065917969,516602
2021-12-20,70.81322754360043,70.81322754360043,66.25741301705285,66.60404968261719,620200
2021-12-21,66.90117600668347,69.92187580465031,66.85165324109666,69.82283782958984,554599
2021-12-22,70.71419748438701,73.28922271728516,70.41707599146616,73.28922271728516,301897
2021-12-23,75.0224178930573,76.2604115876622,72.54643050384749,73.73490142822266,707026
2021-12-24,75.17098154308961,75.17098154308961,70.31804456208882,70.56564331054688,652116
2021-12-27,70.31803925384524,74.08154296875,68.33724941570875,74.08154296875,947965
2021-12-28,74.92337681259889,77.6964780402507,72.59595027414235,75.07193756103516,655276
2021-12-29,75.27001101820588,76.4089666435198,73.88345667243732,74.42817687988281,297482
2021-12-30,74.77481672396294,74.77481672396294,72.54642814609649,73.09114837646484,248274
2021-12-31,73.7349085056731,76.7060936579143,72.59596024220565,76.6070556640625,1688897
2022-01-03,77.25079764571845,77.84503303946292,75.2700079624949,75.76520538330078,465687
2022-01-04,76.35944387698356,76.4089666435198,73.63585795198269,74.42817687988281,335717
2022-01-05,74.42818243086973,76.2604115876622,72.79402924276847,73.73490142822266,355993
2022-01-06,72.84355281817585,74.67578199522092,71.80363508076744,73.6358642578125,203930
2022-01-07,73.78442071570261,75.41857382666906,72.84354857465918,75.12145233154297,453717
2022-01-10,75.51761055810569,76.26040672752968,73.78441949611639,74.32913970947266,482583
2022-01-11,74.97288791062415,76.75560168180817,73.98249305021372,74.62625122070312,583964
2022-01-12,75.61664695163759,78.3402328491211,74.82433558785577,78.3402328491211,2043765
2022-01-13,80.02391892564204,80.91526837967243,75.4185806699902,77.10224914550781,928069
2022-01-14,76.01281574908798,80.91526794433594,76.01281574908798,80.91526794433594,2038012
2022-01-17,82.40084992746031,82.40084992746031,78.24119450772285,78.38975524902344,997724
2022-01-18,80.07342961427348,82.15325748293375,77.00320680281177,77.64696502685547,934863
2022-01-19,77.7459949324091,79.03351124672858,77.25079751245745,77.69647216796875,308466
2022-01-20,77.94407798940404,81.55902099609375,77.894562776559,81.55902099609375,826673
2022-01-21,82.89604824598062,85.17395948727157,79.38015096360424,82.1037368774414,1959047
2022-01-24,80.42006260486262,81.85613973901832,78.04312089722208,78.09263610839844,1096272
2022-01-25,74.23008671221913,80.56861489858309,74.23008671221913,79.1325454711914,1174516
2022-01-27,79.08302415794883,83.0446034024909,77.20127250556878,82.79700469970703,1893824
2022-01-28,83.58934235595918,84.08453987281189,80.22199773013791,80.51911926269531,1417995
2022-01-31,81.31142104383008,82.15325521070474,78.78591854320607,80.76670837402344,670937
2022-02-01,81.11334902767385,81.11334902767385,78.38976287785405,79.33063507080078,681042
2022-02-02,79.92486897380118,81.01430945730274,78.83543604641338,79.52871704101562,305321
2022-02-03,79.23159339489425,79.82582883413325,77.39936430886003,77.89456176757812,336245
2022-02-04,78.24119835896333,78.63735783656054,76.75560598505896,76.95368194580078,316820
2022-02-07,76.95367753353526,77.54792049391595,75.27000929542496,76.55752563476562,344456
2022-02-08,76.75559787086375,76.8546358407649,73.58633749735061,74.13105010986328,437296
2022-02-09,73.58634303167881,74.92337461618246,72.94258484473606,73.43778228759766,275782
2022-02-10,73.9329825502139,74.37865724334173,72.89306485809743,73.09114837646484,450045
2022-02-11,73.88346208479012,73.88346208479012,70.31804176028037,70.91227722167969,238116
2022-02-14,69.32764746276627,69.42668544791887,64.77183214072156,66.1088638305664,377497
2022-02-15,66.85166025080335,72.69499206542969,62.19680315180268,72.69499206542969,1307921
2022-02-16,75.27001101820588,79.9248639403075,72.34834913928663,74.42817687988281,2381001
2022-02-17,75.22049476361161,77.39936822590838,73.58634911203148,74.57674407958984,748465
2022-02-18,74.27961710666844,75.86424742705469,71.40747040065457,72.39786529541016,414152
2022-02-21,71.40747714336804,74.92338237418812,69.82284667335168,71.55603790283203,789481
2022-02-22,67.34685920150582,72.39787213039594,67.34685920150582,68.73341369628906,844616
2022-02-23,69.17908841855927,71.50651512974143,68.43629217736618,68.73341369628906,1093883
2022-02-24,66.75261368536135,66.75261368536135,62.890072300561,64.27662658691406,1719750
2022-02-25,64.47470635481695,70.66467446791599,64.47470635481695,70.46659851074219,2108018
2022-02-28,70.21899876693351,74.72529095418913,68.43628495379312,72.49690246582031,1382543
2022-03-02,71.30844372818983,71.75411847904518,68.58485733579369,69.12957763671875,585873
2022-03-03,69.8228401156539,71.01131096751755,68.33724777276765,68.58484649658203,352067
2022-03-04,67.99062274646012,68.33725950810438,66.20790860641152,67.14878845214844,220591
2022-03-07,66.95069711581506,66.95069711581506,62.98911731539862,64.3261489868164,483464
2022-03-08,64.02902739950247,67.54492451940617,63.63286795548311,66.25741577148438,604738
2022-03-09,67.34685251709458,69.32764229700912,66.80213230517273,68.63436889648438,481492
2022-03-10,70.81323203705496,71.01130798534275,67.64397152777187,67.99060821533203,427366
2022-03-11,66.65357693413442,68.73340462372231,66.40597821975221,67.00021362304688,187495
2022-03-14,67.34684577573188,67.8915659331277,63.97950197572277,66.60404968261719,253743
2022-03-15,67.0497318050118,68.0896494739687,64.37566859357041,64.72230529785156,752001
2022-03-16,65.86125103744303,66.55452434170803,65.06893221304391,65.96028900146484,213306
2022-03-17,67.24781462690991,67.59445132762377,65.1679868665134,65.76222229003906,460384
2022-03-21,67.0992554120177,67.0992554120177,64.37566939898377,64.6232681274414,288035
2022-03-22,65.61366508495063,65.71270306819572,64.17759543761231,65.31654357910156,280270
2022-03-23,65.36606312402233,66.5545339765592,64.47470620656298,64.7718276977539,311789
2022-03-24,64.37567338980303,65.2175076075238,63.78143791588919,64.1280746459961,258063
2022-03-25,63.68239410078306,64.82134217315661,63.18719288043762,63.43479537963867,455560
2022-03-28,62.89007842637239,64.47470881250706,61.40448602259981,61.60256576538086,843729
2022-03-29,63.18719641229973,65.26702805299927,61.899683745994416,62.98911666870117,1600773
2022-03-30,64.07854941595548,64.82134561887358,62.44440003636979,63.48431396484375,919175
2022-03-31,64.17759587327465,66.45549972783024,62.59296168419782,65.26702880859375,1633900
2022-04-01,64.77183170047695,67.44589506199144,64.77183170047695,65.2175064086914,696559
2022-04-04,65.36606194067113,66.1583808654276,64.37566706278217,64.9203872680664,620686
2022-04-05,66.05934105993315,67.89157778776882,64.87087012587415,66.1088638305664,1264471
2022-04-06,66.3564602023263,67.4458931123358,65.51462602441504,66.4059829711914,1049688
2022-04-07,67.34685915256539,72.05123534336958,66.50502492438113,67.79253387451172,1568238
2022-04-08,68.78293426505918,69.52573056406031,66.85166691010211,67.14878845214844,399043
2022-04-11,67.84205334992542,67.84205334992542,65.86126347109548,66.30693817138672,1028150
2022-04-12,66.35645681856009,66.35645681856009,63.8804696238377,64.9203872680664,445287
2022-04-13,66.05934351137458,66.05934351137458,63.73191677140585,63.93000030517578,526770
2022-04-18,63.880470730009534,63.97950870829075,61.99871891821293,62.39487838745117,496528
2022-04-19,63.08815343853447,64.07854452206224,60.90928398743758,61.70159912109375,575522
2022-04-20,61.7016011528956,62.34535934534668,59.62177338630343,60.01792907714844,743025
2022-04-21,60.85976815830298,62.295841537737005,59.67129350711426,61.30544662475586,977080
2022-04-22,61.65208324714538,61.99871995498293,59.81985417190673,60.36457061767578,783464
2022-04-25,59.91889009565094,60.21600780332383,57.93810034042281,58.2352180480957,614681
2022-04-26,58.9284949525049,59.42369238908056,57.44290264277788,57.7895393371582,585867
2022-04-27,57.54194270182576,62.84055773182347,56.94770726764692,60.85976791381836,1495003
2022-04-28,61.354967680594974,64.17759554446226,58.82946132307144,62.939598083496094,2685680
2022-04-29,63.88047421921072,65.06894513572725,61.70160457550223,62.44440078735352,1437344
2022-05-02,62.24632615495038,62.24632615495038,58.631386560503366,59.47322082519531,897733
2022-05-04,60.16648839897703,61.05784529388822,57.64098223413746,58.28473663330078,717140
2022-05-05,59.225615528463095,59.8198547479802,56.997226955901766,57.44290542602539,611778
2022-05-06,56.45251164622351,56.94770911680442,55.56115468795512,56.35347366333008,531928
2022-05-09,56.254432527204806,56.35347428925518,49.56926660010957,52.49093246459961,2120552
2022-05-10,51.7481355990788,53.92700522201981,50.65870267663673,51.153900146484375,438834
2022-05-11,51.89669980993552,53.38229231848645,46.20192852715693,50.26254653930664,1133956
2022-05-12,50.51013901807108,50.51013901807108,47.8360720791501,48.18271255493164,789348
2022-05-13,48.57887103644251,52.19381407755305,48.57887103644251,51.153900146484375,1069854
2022-05-16,52.490926243837805,53.67940080119637,50.75773528295637,51.35197067260742,1115487
2022-05-17,51.79765233772216,54.17460160083777,51.55005361356664,53.332763671875,736746
2022-05-18,53.28324476922529,58.92849644475427,53.233725779925074,58.08666229248047,3148540
2022-05-19,56.35347190782475,56.84866936297942,54.47172006701428,54.6697998046875,726808
2022-05-20,55.66019900619991,57.93810671991864,55.462119253255445,56.50203323364258,1022303
2022-05-23,57.29434501038907,57.34386777917992,55.6106766570914,56.45251083374024,501325
2022-05-24,56.303951380314224,56.50203112586944,53.48132728483724,53.927005767822266,719148
2022-05-25,54.32316111733403,54.422202878477286,50.16350537879615,50.6587028503418,980525
2022-05-26,51.104380787018926,51.35197953846389,48.67791604530392,49.32167053222656,612107
2022-05-27,49.56926060967291,52.34236538498661,49.56926060967291,51.84716796875,552287
2022-05-30,53.233728678721306,53.48132741676187,52.14429574256559,52.49093246459961,885613
2022-05-31,52.83756783058594,53.97652350756462,52.19381339503624,53.13468933105469,531570
2022-06-01,53.48132563640622,54.17460283545247,52.193812997067056,53.184207916259766,348876
2022-06-02,53.48132647969872,54.22412268080564,53.18420875486731,54.02604293823242,295595
2022-06-03,54.47172055559893,55.21451674499345,52.63949146631513,53.184207916259766,310698
2022-06-06,53.184207916259766,53.877485115306015,52.44141172686523,53.184207916259766,296331
2022-06-07,52.34237215542025,53.77844560387237,52.144296185749845,53.38228988647461,259953
2022-06-08,53.43180906493619,53.92700654695032,52.14429636731084,52.88709259033203,238635
2022-06-09,52.1938124447157,53.97652252478534,52.1938124447157,53.72892379760742,221121
2022-06-10,53.283246137083566,54.17460307959672,52.7385296846841,53.62988662719727,244784
2022-06-13,52.54045013416212,52.54045013416212,50.55966027969375,50.75774002075195,234345
2022-06-14,50.95581952069321,51.847172684152106,49.8663828390566,50.31206130981445,231169
2022-06-15,51.05486262174443,51.20342338624768,48.727435831574745,50.16350936889648,333996
2022-06-16,50.55965730678496,51.15389649501828,47.340873982538376,47.78655242919922,547874
2022-06-17,47.3408728257982,49.02454481756841,46.20192102111284,47.93511199951172,424786
2022-06-20,49.27214977425968,49.27214977425968,42.58698372448575,42.93362045288086,831012
2022-06-21,43.37929804227223,46.64760062074796,43.37929804227223,45.40960693359375,756451
2022-06-22,45.310571561891415,49.02455283745629,44.36969554980355,46.4990463256836,655698
2022-06-23,47.04376296617499,50.51014550052472,46.59808445614716,49.76734924316406,920286
2022-06-24,50.75774083342817,51.59957502383301,49.96542563456652,50.6587028503418,863230
2022-06-27,51.74813584982073,53.08516751366511,51.50053711369718,52.54045104980469,530779
2022-06-28,52.887092777960405,53.43180925449706,51.79765604683013,52.39189529418945,168612
2022-06-29,52.29284993663289,53.92700303198821,51.74813349753335,52.83756637573242,356199
2022-06-30,53.382285735540016,53.679403444999096,49.717823910726935,50.55965805053711,251594
2022-07-01,49.88460581770568,53.85551971364245,49.735695031824605,53.1109733581543,380697
2022-07-04,52.61461007335589,54.10370281128106,51.67151724861155,53.95479202270508,268130
2022-07-05,54.30224701845298,58.8191607123927,53.1109721200508,56.58552169799805,2511510
2022-07-06,57.08188610712389,57.92570377827188,55.39424697786939,55.79133987426758,325723
2022-07-07,56.33733619855166,59.0673392742524,56.08915410076068,58.52133941650391,905343
2022-07-08,58.57097823812799,59.61334234768603,57.081885571056944,58.17388534545898,652156
2022-07-11,58.322797225476265,62.93898609512717,57.67752220947481,61.74771118164063,1110769
2022-07-12,61.5988001170572,62.29371079567557,59.56370753371369,59.8118896484375,467760
2022-07-13,60.30825361521504,61.35061773512334,58.968071716327,59.96080017089844,709597
2022-07-14,60.25861664722221,60.75498086377765,57.77679556444501,59.26588821411133,674231
2022-07-15,59.7622520111471,60.75498043728921,58.57097714238488,60.208980560302734,482937
2022-07-18,60.95352433649784,62.095159706749136,60.30824937164753,60.90388488769531,694688
2022-07-19,60.80462076789037,62.74044210483128,60.55643864230714,62.49225997924805,998247
2022-07-20,63.5346181623036,71.47644543259155,63.5346181623036,70.08662414550781,7460309
2022-07-21,69.49098756301484,72.71735484272624,68.5975304938499,70.68225860595703,3458426
2022-07-22,70.33480929970321,73.4122659856948,68.10117028301167,72.61808776855469,2440941
2022-07-25,71.97280811846505,78.87226738439267,69.68952979686438,76.73790740966797,5536059
2022-07-26,77.1349940435014,78.27663322410233,72.46917356929174,73.11444854736328,2082144
2022-07-27,73.06481601873855,77.3335515944216,73.06481601873855,74.85173034667969,1681150
2022-07-28,75.69554088573281,75.9437229869975,72.71735567055643,73.11444854736328,771284
2022-07-29,73.46190408003287,75.24881828992474,72.96553986327588,73.36263275146484,613694
2022-08-01,74.25608978292264,75.84445376018967,73.80935744393335,74.80208587646484,1069198
2022-08-02,74.00790561690305,78.42554398926323,73.46190196462632,75.99336242675781,1954900
2022-08-03,76.1919087960685,77.9291835894642,72.91590187038408,75.34809112548828,1537325
2022-08-04,76.4401028458881,77.92919575847033,72.46918841233547,73.26337432861328,1707529
2022-08-05,73.5115427658911,74.10717830501447,71.97281068039861,72.36990356445312,754777
2022-08-08,72.22099232155195,72.81662785684325,69.5406286257827,69.78881072998047,1171965
2022-08-10,69.83844730593941,72.07208639402224,69.59026518504132,69.98735809326172,1337273
2022-08-11,70.48371706299982,70.98008126766884,68.05153548968833,68.64717102050781,1538009
2022-08-12,69.14353552697276,71.27790313114888,66.46316426571084,67.05880737304688,889908
2022-08-16,66.46316603018862,68.3989910325899,65.86753048095628,67.45589447021484,960479
2022-08-17,67.9522600623953,68.39899241377817,65.96680314225031,66.71134948730469,578197
2022-08-18,66.81061940662968,68.00189036892769,65.61934087041563,66.01643371582031,767870
2022-08-19,66.26462780661028,67.50553843969287,64.52735292029465,65.07335662841797,1148932
2022-08-22,65.32154100646501,65.91717661609087,63.53462660366972,63.882080078125,798258
2022-08-23,63.73315823672076,72.46917091026438,63.683526362638894,71.72462463378906,4000285
2022-08-24,71.42681382153205,76.8371887875433,70.53336421470374,74.10718536376953,3369149
2022-08-25,74.40499088059227,86.81409593565546,74.20644822927791,80.31172943115234,10461420
2022-08-26,81.40373255900337,84.03446445526676,79.02118277420037,81.25482177734375,3214514
2022-08-29,77.53209106194205,81.4037335632713,77.03572683289772,77.92918395996094,2000018
2022-08-30,78.72336925854069,87.36010375976926,77.92918346752144,86.56591796875,7708713
2022-09-01,86.16882876926532,89.84192084611436,84.63009670863259,85.92064666748047,5285213
2022-09-02,86.86374043414757,94.85520758365598,84.63010139441235,93.0186538696289,7467544
2022-09-05,93.86248113204536,97.436302157388,90.43756332007416,94.706298828125,5595247
2022-09-06,95.20266761080428,97.68448893760358,90.4375676337826,92.3237533569336,3043314
2022-09-07,91.33101668143964,98.28011577676658,90.7353811309093,94.06101989746094,5671721
2022-09-08,94.85521145428768,94.90484333506792,91.33102224044276,92.3733901977539,2498187
2022-09-09,92.91938165663944,96.0961172495853,91.72811054298288,94.90483856201172,3541162
2022-09-12,95.25228483508069,95.99683111854588,91.13246812570644,91.72810363769533,2590671
2022-09-13,92.5222863502663,93.06829001458526,89.3951978649097,90.6361083984375,1898608
2022-09-14,90.04046628375049,93.81283737716076,88.55137362697016,91.47992706298828,1506565
2022-09-15,92.02592885735572,93.91211452084634,89.34556493875986,89.79228973388672,848115
2022-09-16,89.79227945498221,90.73537596572594,82.89282020408874,85.52355194091797,910598
2022-09-19,85.97027505879497,89.04773148140306,83.63736491136221,84.97754669189453,778733
2022-09-20,85.77174155761779,89.14701987964239,84.5308309667203,86.9630126953125,1040667
2022-09-21,87.31046120533753,88.35282907227375,83.14100488542614,84.03446197509766,751276
2022-09-22,84.63010645650729,90.33829545504004,83.53810659765846,88.74993133544922,1686250
2022-09-23,89.04772979219842,92.869739991396,87.36009463004808,88.8988265991211,3877083
2022-09-26,88.84919130195577,88.84919130195577,81.90009254090896,85.07682037353516,1455010
2022-09-27,86.2680995594696,87.85646348624552,83.63736778210378,84.77900695800781,1055494
2022-09-28,84.33227817614551,84.33227817614551,80.5599146383096,81.40373229980469,1018864
2022-09-29,82.39645887705973,84.63009782252219,79.8649983759689,82.44609832763672,1164514
2022-09-30,82.4461009854866,97.7341130903646,82.4461009854866,96.34429931640624,7279873
2022-10-03,95.35157128002004,99.76920988204633,92.52228911975374,93.31647491455078,5016000
2022-10-04,95.301925947364,104.1372101801842,94.95447252379756,100.9108428955078,7251717
2022-10-06,101.5561240704822,106.02340212213537,99.81884927261709,103.0948486328125,5200734
2022-10-07,102.74739182590092,104.0379418059379,100.76193497902362,102.1517562866211,2026960
2022-10-10,100.26556923864466,102.25102605525149,97.33702346371626,100.16629791259766,1780105
2022-10-11,100.41447684603088,105.08029718825732,99.47138034355264,100.51374816894533,3324372
2022-10-12,101.01012823882736,102.94594584872677,96.89030331184594,100.2159423828125,2272502
2022-10-13,100.36484133031784,101.55611997371952,98.18084184495652,99.71956634521484,1167327
2022-10-14,101.80430846213322,104.23649020399284,99.32248726680004,100.46411895751952,2236133
2022-10-17,100.81157527206462,108.2073990589096,100.06702894826478,107.3139419555664,6350700
2022-10-18,108.70377047344202,109.10086338721524,103.54158531614232,104.88176727294922,3414717
2022-10-19,104.88176058538468,105.17957457128708,98.7764792004243,100.11666107177734,4956600
2022-10-20,100.96047775511316,109.10085538141382,100.06702823208128,107.76067352294922,8296040
2022-10-21,108.2074048005383,110.09359043569812,104.78249455889552,105.62631225585938,4192750
2022-10-24,106.8672143406476,108.20739617296056,105.82484648556158,107.51248931884766,1081484
2022-10-25,108.1081289168196,108.1081289168196,104.23648647579247,105.2788543701172,1661824
2022-10-27,106.221943663469,109.99431478575713,105.229215218016,109.29940032958984,2669284
2022-10-28,109.69648516619648,114.66012702892029,109.69648516619648,113.91558074951172,5565769
2022-10-31,114.56086262023068,116.049955268915,111.93013075943831,112.92285919189452,2161083
2022-11-01,113.4192257695687,113.91558999613136,109.20012984378606,113.02213287353516,5306705
2022-11-02,112.67468400435014,114.01486595569772,99.62030280095694,109.20013427734376,2122623
2022-11-03,109.05122263869912,111.6819546405716,108.20740494064268,109.64685821533205,958899
2022-11-04,110.19285163255428,114.80904017518785,109.59721611148596,114.01485443115234,2172883
2022-11-07,114.85867788841372,116.34777055372896,111.9797714612712,113.61776733398438,1274421
2022-11-09,114.41195652382312,117.04268849229967,113.2703172649842,114.56086730957033,3832231
2022-11-10,113.66741153911804,117.09232178300051,112.72432250788005,113.81632232666016,1325633
2022-11-11,115.1565006728066,116.89377546743948,113.46886533044436,115.75213623046876,1367831
2022-11-14,116.14923135173366,116.79450637402674,113.17104593245844,114.56086730957033,772693
2022-11-15,114.4615931759087,119.47486729798544,114.01486082959968,117.48941040039062,2051059
2022-11-16,117.14195311560312,117.63831732372007,111.28485394503964,112.52576446533205,2132232
2022-11-17,112.17832115718296,112.3272319478388,108.8526821774836,111.1855926513672,1134662
2022-11-18,111.1855976476009,112.17832619802591,104.23649779462583,105.92413330078124,1853110
2022-11-21,105.62631232617332,105.9241263273438,99.71957329565971,101.45684814453124,2735928
2022-11-22,101.90357366853556,105.72557656477944,100.3152097138011,101.01011657714844,2139326
2022-11-23,101.75466185109978,103.2437544635549,98.9253874022184,100.16629791259766,1902224
2022-11-24,100.26557404821556,105.57666977261982,99.27284559229264,103.0948486328125,4817368
2022-11-25,103.04521440240184,104.9810318177005,101.15902886441629,102.99557495117188,2638283
2022-11-28,102.84666700574532,103.44230256733564,99.47138872484418,100.06703186035156,1739084
2022-11-29,100.61302536532315,101.55612192285632,97.68447951184784,98.67720794677734,1655390
2022-11-30,98.57793548088335,101.95320606157344,98.42902470257836,100.71229553222656,1598215
2022-12-01,101.25831166792725,104.18685784836391,100.61303659839707,102.20140075683594,1645049
2022-12-02,102.4495772227152,102.99558092223133,100.46412024108184,101.1590347290039,1121194
2022-12-05,101.6554001058234,103.09485340396158,99.76921443749522,100.56340026855467,1052178
2022-12-06,100.26557799850028,101.30794594785364,98.72684580162964,99.57067108154295,1000128
2022-12-07,100.1166707726818,102.00285649516177,98.97503144797676,100.36485290527344,1091109
2022-12-08,100.91085131702984,102.20139379425277,99.52102993285982,100.46411895751952,836645
2022-12-09,101.2583005234519,103.14448606759368,97.88302232455344,101.40721130371094,2144964
2022-12-12,101.80430976281822,102.39994534252476,99.02466695896456,101.1590347290039,1278463
2022-12-13,100.26557537649605,108.45558524635834,100.26557537649605,106.51976776123048,6221168
2022-12-14,107.21467030373891,113.17104087616887,106.81757741746024,108.90230560302734,6515839
2022-12-15,108.65413101900135,109.845409760321,104.0875814454028,104.88176727294922,2527923
2022-12-16,104.28612957227094,105.77522228825434,100.96048311410756,101.90357971191406,2214093
2022-12-19,102.94593340010664,103.8890299368211,100.2655697145324,102.74739074707033,2333799
2022-12-20,102.35029857714385,107.90957621381337,102.15175592273008,105.17957305908205,5315592
2022-12-21,106.22194473188512,112.92286180609284,103.4423020270914,104.53430938720705,9784738
2022-12-22,105.7255823670937,108.70376778588506,98.28011882011526,100.7619400024414,5519521
2022-12-23,100.36483951163584,100.86120371057956,87.85646321303756,89.24628448486328,4145742
2022-12-26,89.69301746074848,97.9326669484993,87.36010702652807,94.40847778320312,3772532
2022-12-27,94.80556530509062,100.11666090425736,94.80556530509062,97.38665771484376,3366426
2022-12-28,97.28737966916276,100.76192894306142,96.2946513051917,99.81884002685548,4197903
2022-12-29,99.81885171877528,105.47740102663742,99.27284802507052,104.48467254638672,4416179
2022-12-30,106.37086315520136,115.00759830829077,106.37086315520136,111.2848663330078,13566865
2023-01-02,111.18558652089114,111.97977231132144,106.2219442654942,107.56212615966795,3368115
2023-01-03,107.4132190080385,110.88776870426418,106.519769431,108.35631561279295,3312731
2023-01-04,108.70376268292551,111.97976951937494,108.70376268292551,110.4906768798828,4079606
2023-01-05,110.73887030333348,113.071780828831,109.6965023195983,112.5754165649414,4258256
2023-01-06,113.17104146408931,116.49668020285594,111.93013092171992,115.65286254882812,3914910
2023-01-09,117.04269567364771,117.8368739564989,113.02214208137156,114.8586883544922,2560056
2023-01-10,114.85867747873849,115.25577036952292,110.24249629185977,111.03667449951172,1644605
2023-01-11,111.03667866907443,113.46886798276272,110.73886467024052,111.53304290771484,1336239
2023-01-12,112.12867240824554,113.1214008317764,109.59721947259187,110.63957977294922,1757847
2023-01-13,111.0366769367594,114.26304443758652,110.88776615270704,113.86595153808594,1578905
2023-01-16,114.36231021619088,117.58867756036372,113.22067859969388,114.11412811279295,2175293
2023-01-17,114.610499116009,119.62378093150188,111.58268181935448,118.7303237915039,3567622
2023-01-18,119.3259535439196,122.10559616088868,118.2835932429938,119.12741088867188,3809497
2023-01-19,118.5317820107842,121.80778144999168,117.29087141095172,121.01360321044922,2426181
2023-01-20,123.29687371429472,124.3392416438701,118.63105290572835,119.87196350097656,6827714
2023-01-23,120.96395997118157,120.96395997118157,115.35504272069278,117.48941040039062,1855073
2023-01-24,118.08504256126392,119.9215961978924,114.36231098526044,116.54631805419922,1331324
2023-01-25,116.14922712785469,116.54632001743414,112.02940259956192,112.62503814697266,1236033
2023-01-27,112.67467680442677,113.5184944551391,101.35757118770096,106.02339935302734,2592713
2023-01-30,106.61903616571908,109.49795016176608,103.69048271801452,106.7183074951172,1529668
2023-01-31,107.8103052806696,112.42649396487153,105.72557710603812,110.63957977294922,1737643
2023-02-01,112.17831156802748,113.36958264360796,89.94119342382982,102.30066680908205,3001242
2023-02-02,102.3006717707974,105.77522141266356,99.8684824771408,102.35030364990234,1339986
2023-02-03,103.04522324056232,103.93867284799762,96.54284841540746,99.6699447631836,2605208
2023-02-06,99.66993314705238,104.63357516061158,98.67720474434051,103.34302520751952,1480995
2023-02-07,102.74739518802288,104.68321264750575,102.25103096006144,103.0948486328125,1157313
2023-02-08,102.8466630348597,107.6117624914369,102.74739170741368,106.47012329101562,1232001
2023-02-09,106.47011937654328,108.15775460282865,105.22920889429918,107.2643051147461,841031
2023-02-10,106.71830801375395,107.71103646039354,106.22194379043418,106.42048645019533,442582
2023-02-13,106.12267103073782,106.81757790445609,102.10211784645062,102.99557495117188,957985
2023-02-14,102.69775755103116,106.07303587561675,100.4641184857209,103.491943359375,1159716
2023-02-15,103.24376493372398,106.122679124544,102.89631147036512,105.57667541503906,585979
2023-02-16,106.02339921881968,109.69649137558474,105.4277561024432,108.90230560302734,1222842
2023-02-17,107.81031338619452,112.12868083843917,107.4628599266194,111.63231658935548,949550
2023-02-20,112.22795665499828,116.4966845351447,112.17831720189074,114.70977783203124,2031424
2023-02-21,114.70977959390866,116.54632577833796,112.82359395560944,115.10686492919922,3121516
2023-02-22,113.96522526346294,116.69522840930976,110.19285425054429,111.08631134033205,2480869
2023-02-23,111.08631552151668,112.22795475844256,109.1008586134428,111.58267974853516,696208
2023-02-24,111.97977563970144,112.62504309294874,105.87449396931224,107.21467590332033,1192347
2023-02-27,107.46285263277623,108.20739895586706,100.2655715095649,103.1444854736328,1213663
2023-02-28,104.13722255935576,106.02340824939844,102.44957954240496,103.98831176757812,838779
2023-03-01,104.13721480919276,108.0088572376863,103.74012191864422,106.86721801757812,1256861
2023-03-02,106.86722158966056,112.92286375770804,106.51976813903563,111.83086395263672,2312680
2023-03-03,112.1783174593667,115.90104923346072,111.23522843949642,114.56086730957033,2324858
2023-03-06,115.15650438306918,116.74486844598324,114.41195801852348,115.10686492919922,1443530
2023-03-08,114.16377232243867,116.04995790167978,113.02213308443088,114.31268310546876,1490492
2023-03-09,114.21341537052103,119.67342204479525,114.21341537052103,117.8368682861328,4122008
2023-03-10,116.99304764709,119.57414013163512,114.41195516254486,115.30541229248048,2120772
2023-03-13,115.6528636214414,116.14922784299266,108.25703974989456,109.44831085205078,1500376
2023-03-14,109.64685864697888,112.02940853680724,106.32121972159548,110.78849792480467,1250780
2023-03-15,111.33449645818456,114.66013522927182,110.6892214550979,113.61776733398438,1541445
2023-03-16,113.02212816303737,113.9652246985506,110.73885736036073,112.8235855102539,817184
2023-03-17,113.91559342409164,117.58868578161965,113.91559342409164,116.69523620605467,1916154
2023-03-20,116.29814039273904,116.6455938383251,110.4410409745844,112.7243194580078,1504580
2023-03-21,113.31995426364983,122.10559954542772,111.93013291664208,121.5099639892578,3824242
2023-03-22,121.5595948646325,123.34650909231736,119.47486664827814,120.66614532470705,2915656
2023-03-23,120.12014516773218,121.31141630511802,118.13468822281098,118.7303237915039,1062772
2023-03-24,118.92887230859002,119.02814363961548,115.950686934324,116.8937759399414,1485976
2023-03-27,117.0923173808524,117.14195683280596,113.41922515379731,114.75940704345705,1055397
2023-03-28,121.8077775075967,121.8077775075967,113.6674072657312,114.75940704345705,1099252
2023-03-29,114.809054655567,118.08505422158905,113.76668668179052,117.1916046142578,2645963
2023-03-31,118.1346911344438,122.89979094926562,117.78723767530244,121.26178741455078,2661129
2023-04-03,122.8501501166086,127.0692461812194,121.60923950937013,124.73633575439452,2365577
2023-04-05,124.88524045483103,133.0256106119667,124.19032600429895,132.33070373535156,4598533
2023-04-06,132.72780506573773,135.60672697026848,130.39490204506018,134.61399841308594,3038970
2023-04-10,135.11034042025682,137.44324305638162,132.4796010886695,134.167236328125,1486344
2023-04-11,134.96145018070806,138.23745759125293,132.1818070703113,136.79800415039062,1720627
2023-04-12,136.20232189429876,140.96742083956892,135.30887246923712,140.42141723632812,2495298
2023-04-13,140.3717977441776,141.21562299166212,137.24470916412858,140.61997985839844,1012397
2023-04-17,139.9747285541735,142.6054532090006,138.88272106660236,141.4638214111328,1207696
2023-04-18,140.96743297502456,141.41415772601258,136.25197306916988,137.8899688720703,1440184
2023-04-19,137.14543389398398,138.8827087395718,134.01834523105973,134.51470947265625,985350
2023-04-20,134.96142629327147,136.00379416865636,132.57888413339197,134.66360473632812,1167640
2023-04-21,133.32342634272118,138.88269626037768,133.32342634272118,138.48561096191406,1619694
2023-04-24,141.76162412331675,141.76162412331675,138.28707458670524,139.23016357421875,1017208
2023-04-25,139.3790782445421,141.21563206693682,133.62126494285772,139.8754425048828,1181333
2023-04-26,138.78344673226172,144.44199612834112,137.14543562561062,139.08126831054688,3859306
2023-04-27,139.9250593978751,142.40688029939054,139.7761562029172,141.1659698486328,666290
2023-04-28,141.960172083788,143.3003615856708,139.97471513156717,140.5703582763672,388794
2023-05-02,141.4638008861449,142.4068898624858,139.2301619247847,140.1236114501953,549452
2023-05-03,139.72653702867558,140.7192655333198,135.5074408839376,137.04617309570312,506612
2023-05-04,137.04616827030904,138.9819857566382,136.0038003475674,138.28707885742188,1453276
2023-05-05,138.28707590330873,139.77616857603388,132.97597264478878,134.316162109375,794764
2023-05-08,134.91179321546974,143.34998522307924,134.66361109759887,142.30763244628906,1771900
2023-05-09,142.85362806692717,147.12236373542444,136.35126837473172,139.8754425048828,2045222
2023-05-10,140.42142002095642,142.4565161382116,138.03887807499032,141.81124877929688,1317655
2023-05-11,142.55579644920192,142.75433908870238,136.54978693036023,139.47833251953125,1346316
2023-05-12,138.98196932405196,140.32215865880977,137.09579151378713,138.8826904296875,471151
2023-05-15,139.18052251905948,142.20834725278678,137.1950656638722,141.56307983398438,687171
2023-05-16,141.56307506899535,148.21435228042506,140.2725251269966,145.68289184570312,2448442
2023-05-17,146.27853119755736,146.92379857812546,141.46379254988432,144.88870239257812,829427
2023-05-18,143.94563393596394,149.05817970283144,143.34999077088804,144.78945922851562,1429886
2023-05-19,145.53400669616877,145.7325493700629,142.55582114425127,144.19381713867188,500622
2023-05-22,144.19380719855954,144.19380719855954,140.02435074286677,142.6550750732422,492810
2023-05-23,143.44925612605823,144.34270564141238,141.61270249714485,142.45652770996094,182196
2023-05-24,143.30036801950192,143.30036801950192,139.2301750255739,139.8754425048828,411244
2023-05-25,139.82580296741418,143.39961616390977,138.18779199799943,142.7543487548828,612276
2023-05-26,143.34998855022295,147.81726677558382,142.754360542209,145.98072814941406,648261
2023-05-29,146.824533725051,150.89472648543662,144.8887162503639,149.80271911621094,1483525
2023-05-30,150.299078626135,150.299078626135,147.17199012279426,149.6041717529297,372101
2023-05-31,150.4480022215184,152.08599813313177,149.25673109054193,150.94436645507812,788208
2023-06-01,151.39108651617494,151.88745073426074,149.40562964383165,150.74581909179688,335459
2023-06-02,151.24219083607437,155.7590933271607,151.04363302069228,154.915283203125,1370654
2023-06-05,155.51091465502364,159.33292546838362,154.36928293042774,157.14892578125,1474730
2023-06-06,157.84382565321854,159.82928257967413,152.63200122127265,159.5811004638672,1591490
2023-06-07,159.5810961502058,163.80019200487686,158.14164294700242,163.40310668945312,1099769
2023-06-08,163.40310824464524,164.39583669048673,157.34745866587846,162.5096435546875,986457
2023-06-09,160.82201196090645,166.18273963380292,160.42492663248237,161.8643798828125,655021
2023-06-12,162.80747729653842,168.2674841570931,162.2118341253439,166.87767028808594,2914566
2023-06-13,167.77111137847564,169.45874674739048,166.62947969745997,167.3243865966797,1010957
2023-06-14,168.46600029007973,171.1463638424993,166.7783651013587,167.37400817871094,1422710
2023-06-15,167.27473722990038,167.37401613011974,160.82200255931076,162.90673828125,7869650
2023-06-16,165.33893912758035,169.40911699776163,164.89221432019693,166.2820281982422,1382792
2023-06-19,167.12584017697492,169.70692505148443,166.8776580651278,167.9696502685547,1138866
2023-06-20,168.9623802935071,169.6572871836004,164.8922027099126,168.51565551757812,1030400
2023-06-21,168.76383350606318,170.65001146846805,165.19000509033071,166.579833984375,1001428
2023-06-22,166.5798334276394,168.26746872749294,162.11255549682102,165.4381866455078,758908
2023-06-23,166.57984157022574,166.7783842361781,161.51692027535086,163.84983825683594,650559
2023-06-26,162.80747481132695,168.664566931381,162.50965323027583,165.4878387451172,827116
2023-06-27,168.2758411286256,173.20462751945155,166.1848334751088,172.5574188232422,1532873
2023-06-28,173.2544068847103,176.98833806757045,171.4123280904707,175.44497680664062,1659818
2023-06-30,176.59007263183594,179.17892268151897,174.49906492061731,176.59007263183594,2319331
2023-07-03,177.3368471234814,186.19870452343804,177.2870583349278,185.3523406982422,2411592
2023-07-04,185.45192734180185,185.9995736558548,175.24584811896443,176.3411407470703,1136869
2023-07-05,176.34113992278412,181.71799506939288,176.34113992278412,179.9257049560547,822389
2023-07-06,180.22441542474627,181.22013042709293,178.58149174823637,180.5729217529297,481890
2023-07-07,180.6227055316953,181.8673493548007,176.24156535172665,177.73513793945312,695239
2023-07-10,178.0836414335919,179.77635396720927,174.74798996375898,176.29135131835938,364179
2023-07-11,177.23726432820968,185.1034064991223,176.44068931501994,183.7094116210937,1355624
2023-07-12,184.20728024820409,185.75064158085664,180.2244201347294,182.1660614013672,1362587
2023-07-13,183.21156993242727,186.1489263029888,178.03385469040944,181.31971740722656,611007
2023-07-14,181.3197069187053,184.15748554235373,179.2784881374391,182.912841796875,476457
2023-07-17,184.00813869671572,188.58841867172748,182.21584862240448,186.8957061767578,721327
2023-07-18,187.1944295343125,195.95672501928067,184.20728438216923,192.2227935791016,2360350
2023-07-19,192.72066527868256,197.15159454156668,189.68373111196183,195.807373046875,1352937
2023-07-20,196.504368350658,199.69065342585844,194.1146431492033,196.8528594970703,1203823
2023-07-21,196.1060674409439,196.5541361550724,190.2811437704636,193.9652862548828,483467
2023-07-24,193.16870954622144,195.85713700122497,187.19441956025585,188.98670959472656,936543
2023-07-25,192.1730000007173,193.0691374466745,190.1815699488964,190.629638671875,409400
2023-07-26,191.5755611238557,195.16014122369376,190.5798461176124,193.9652862548828,843268
2023-07-27,194.1644375599873,201.53272295926035,193.86572000198308,199.74044799804688,1070174
2023-07-28,202.13014198548385,204.12157195578413,198.3962107911707,199.69064331054688,1018317
2023-07-31,200.1884993188355,201.6820717854868,195.7575707064512,200.78591918945312,893838
2023-08-01,200.88550843325103,204.519862235846,199.1927959114042,202.92672729492188,2415983
2023-08-02,204.1215826773665,206.51129268988555,192.67085974668493,198.09750366210932,1341312
2023-08-03,200.1387203392032,200.1387203392032,192.2227889167068,193.0691375732422,488730
2023-08-04,195.0605630022121,197.0519930081292,193.16871057395292,193.91549682617188,309127
2023-08-07,195.1601413973384,197.15157141159696,195.1601413973384,196.40478515625,640703
2023-08-08,197.7490113911262,198.14729132648048,193.16871616752368,194.3635711669922,596100
2023-08-09,194.86142304030145,195.40906933060967,189.3849905240296,193.91549682617188,863199
2023-08-10,193.16871233845225,194.5627072779656,185.7008497480481,187.99099731445312,675041
2023-08-11,187.1944199715462,195.9069262202219,180.5231325112413,190.2313537597656,1370296
2023-08-14,191.1772924760491,191.6253612166086,185.45193085241743,188.7875823974609,525461
2023-08-16,188.7875774216492,204.1713717314345,188.7875774216492,202.9765167236328,1979927
2023-08-17,202.2795041543724,205.8640843731781,196.15586274010204,199.34214782714844,1218380
2023-08-18,200.6365844513681,201.4829483291457,194.9610116519709,196.0065155029297,697995
2023-08-21,196.85285726815627,202.1301499357005,196.15585978981773,201.53271484375,745744
2023-08-22,201.93100706853528,203.0262844635021,197.69921827599643,200.08892822265625,1921060
2023-08-23,200.93528522457407,208.0048524391548,200.63656769304987,203.17564392089844,1411833
2023-08-24,204.1215830353629,206.9095881837953,202.7275880578496,205.416015625,985865
2023-08-25,204.5696462431408,219.35602025350389,204.5696462431408,211.0417938232422,2968244
2023-08-28,212.88387870122256,218.55945139348853,210.59373106935223,212.7345123291016,1564293
2023-08-29,214.8752995190428,221.84530450218705,213.8297957328901,218.06158447265625,1848869
2023-08-30,219.5551710094706,219.5551710094706,212.28644802353708,215.52252197265625,1255987
2023-08-31,216.5680333096237,223.1397590184508,215.8212469878664,218.55946350097656,3270995
2023-09-01,219.05730677262864,220.99894804397763,214.1285204089256,219.8538818359375,1722147
2023-09-04,222.8908223879416,225.92774116798225,217.6135295281924,221.5963897705078,1486165
2023-09-05,222.7414536684637,223.13974880454683,215.522519555246,217.76287841796875,802980
2023-09-06,218.6590256947304,218.6590256947304,215.1740231052004,216.1199493408203,423301
2023-09-07,217.26502152884112,221.0487417689732,217.06588155691963,217.8126678466797,868418
2023-09-08,218.75858443319865,221.84530703838425,217.5637294611093,218.2607269287109,773248
2023-09-11,225.0315990152012,237.0797570752358,225.0315990152012,230.9561004638672,3804868
2023-09-12,232.3003155691873,232.39987795444304,212.0872977668145,217.1156616210937,3628445
2023-09-13,218.0615908533888,223.1397435670628,212.087300693022,220.9989471435547,1890066
2023-09-14,222.54231226162648,224.932022289087,218.4598745051918,221.29766845703125,1004580
2023-09-15,222.04445288414465,228.01874309627408,218.31052150156373,221.1483154296875,2068445
2023-09-18,222.5423207028596,225.3303259695857,219.15689550331064,220.75003051757807,1911736
2023-09-20,219.65473641350664,226.52516387793693,216.7671537798986,218.2109375,1624022
2023-09-21,216.0701532131288,220.2521531398632,213.0830082378321,214.32765197753903,1100000
2023-09-22,215.57230187163745,217.41438073635544,210.0958692605797,212.38601684570312,1018313
2023-09-25,213.08301534709904,215.074445397072,209.1499440370837,213.68045043945312,567257
2023-09-26,213.929378556026,217.11566358777412,212.2366508638861,213.6306610107422,571047
2023-09-27,214.72593943648843,222.3929572970169,212.7345093830328,220.9989471435547,2064295
2023-09-28,222.7912380206105,223.23930674554623,216.46844150109908,217.4143829345703,629582
2023-09-29,219.0573070350381,221.79552337297608,217.0658769710832,218.65902709960932,375022
2023-10-03,218.65902411444765,223.04016411797423,215.07444397090373,220.8495941162109,720496
2023-10-04,221.5465999436373,221.5465999436373,215.0744520801153,217.86245727539065,597467
2023-10-05,219.6049406946124,235.48659150137283,219.6049406946124,234.5904541015625,5189882
2023-10-06,235.98444658970945,236.58188164577945,231.2548005082701,233.19644165039065,1229040
2023-10-09,228.0187274514639,229.01444241850083,221.7457201204501,224.7826538085937,1170886
2023-10-10,226.52517463658023,236.880605114033,226.52517463658023,231.2050323486328,2461783
2023-10-11,233.395598147624,234.9887482811295,225.8281729969869,227.22216796875,3696353
2023-10-12,229.21359540478403,232.00160050967585,228.4170203471856,230.65737915039065,601286
2023-10-13,229.9105842179184,234.29173927289256,227.67022549914665,233.59474182128903,1185799
2023-10-16,235.43682275872663,243.203403260803,232.2007488156453,238.62310791015625,2001309
2023-10-17,239.9673173610183,240.6145260400241,234.04281609140867,237.6771697998047,1062492
2023-10-18,239.4694596187809,239.9673171231858,232.59903213535463,238.8720245361328,1511554
2023-10-19,237.9758814716953,240.7638864690405,234.49087902336504,234.7895965576172,798093
2023-10-20,234.78961710152075,238.0256910866956,231.00589678786585,236.4325408935547,605549
2023-10-23,237.9758801925358,242.7553151346652,219.05729557471915,222.5920867919922,1693284
2023-10-25,226.02731710990648,232.9973224833397,219.0573117364732,231.2050323486328,2776268
2023-10-26,228.01875210085984,230.8067573486346,221.0985353705412,229.163818359375,1857991
2023-10-27,230.01016687203693,241.90895818019936,230.01016687203693,240.06689453125,2758376
2023-10-30,240.56474194315464,241.61023050307944,235.53637832449743,239.2703094482422,1078413
2023-10-31,240.46518166000303,246.9373294065456,239.17074907201336,241.8591766357422,3003469
2023-11-01,243.0540425157857,243.50211123620863,236.13381097045485,237.87631225585932,783660
2023-11-02,240.2660442283684,242.30726311636104,229.31317869547755,233.5449676513672,927599
2023-11-03,235.58618674874657,242.3570369294632,231.3046089979481,240.86346435546875,1974096
2023-11-06,241.95876236342508,247.8334752076437,236.930398213899,242.50640869140625,1213315
2023-11-07,242.95448362029347,246.68841523331028,239.96733832988,245.4437713623047,1026353
2023-11-08,246.73817443847656,250.9201743048769,245.39395314162425,246.73817443847656,939452
2023-11-09,247.833451797574,249.42660183877643,244.69695569612497,246.73817443847656,639477
2023-11-10,246.19054026591283,251.01976422108973,245.24461402955808,246.4892578125,788615
2023-11-13,247.83345159978225,250.3725278288076,246.3398791348737,247.9330291748047,610718
2023-11-15,248.9287642293076,254.8034769877568,247.03691169852723,249.5261993408203,1183171
2023-11-16,249.8746855467297,253.8077569049897,249.22747684991185,251.56739807128903,854913
2023-11-17,251.9159019074933,258.8859070986097,249.97426064293484,257.4421081542969,1902883
2023-11-20,258.6867561923472,259.88162639948325,251.9656948409388,252.91162109375,616927
2023-11-21,253.85755455473887,255.0026360035241,247.7837017318932,252.2644195556641,708024
2023-11-22,252.3141826096116,262.420684090153,250.67125888692053,253.8575439453125,903709
2023-11-23,254.85324657325376,256.3966078338472,250.9699642212876,251.66696166992188,440822
2023-11-24,251.66696840563927,253.40946967056465,248.9287521321853,249.77511596679688,337673
2023-11-28,251.2686929720563,258.33827573637046,247.9330415564844,252.5631103515625,956254
2023-11-29,255.89877566506047,261.87306614751327,254.454991837149,258.53741455078125,1809037
2023-11-30,261.07649292250966,268.5941292414571,258.3880501877966,267.2001342773437,2442952
2023-12-01,268.8430393729247,273.52291184265846,262.0721897952932,263.3168334960937,1248830
2023-12-04,268.34519791699745,270.2370503778256,261.7734727069741,267.0009765625,1232793
2023-12-05,268.2456342222826,272.1289169243136,265.00956023945463,270.5357971191406,1195785
2023-12-06,271.83019494988577,273.2241898722667,266.85161995080364,268.9924011230469,727251
2023-12-07,270.2370534214385,278.2027736719558,266.35377087667354,276.9581298828125,1489276
2023-12-08,277.30662138618186,282.78305376544216,274.8173339410635,278.2027587890625,2042273
2023-12-11,284.17703788573726,293.5367522472443,281.6877505349743,287.01483154296875,2704631
2023-12-12,288.65776727604384,288.65776727604384,280.8413985880429,283.1315612792969,871429
2023-12-13,283.77878563659743,290.54963573565834,281.5384268026243,286.8157043457031,900345
2023-12-14,292.24237619093464,296.9720228243484,289.7530884891379,295.12994384765625,3373969
2023-12-15,306.72997659662275,308.47247775005513,295.12990356684867,296.7728271484375,5169933
2023-12-18,296.8226572006159,297.51963949112644,293.43723216821945,293.98486328125,1065444
2023-12-19,296.9222425789373,303.69309282154524,294.3831509478502,301.9008178710937,2422984
2023-12-20,303.4441263874181,305.68448499077067,283.8285300166747,289.3049621582031,2734841
2023-12-21,286.1187180105072,301.95058080294484,286.1187180105072,301.054443359375,2417090
2023-12-22,300.75572054450595,305.684522226995,296.0260740279645,301.8510131835937,1883384
2023-12-26,304.7883635774615,305.2862210709278,296.07585744180034,297.7685546875,823642
2023-12-27,299.511074618937,299.76000338121565,292.491295677404,294.3831481933594,1032781
2023-12-28,295.9265436620234,297.2209611538641,289.8028714092014,290.99774169921875,783006
2023-12-29,291.8938537984557,296.7230777519828,289.75307256988924,293.83551025390625,1091211
2024-01-01,296.62351030654145,298.3162380633228,293.98487147481575,297.07159423828125,530163
2024-01-02,301.9008334078296,307.6759688892123,299.0132352803246,303.1454772949219,2179168
2024-01-03,303.7926319038896,309.4184151936859,300.7059095365829,308.52227783203125,2196466
2024-01-04,310.6631127791532,313.7498356822062,303.9918094205165,307.9248962402344,3060254
2024-01-05,309.6673634862698,320.81938358648006,309.1695059887034,317.3343811035156,2880456
2024-01-08,318.9275226276368,320.1223928583493,309.7669622771524,316.63739013671875,2125936
2024-01-09,315.84080861081657,322.21337850230384,314.4965872900254,317.3343811035156,1843663
2024-01-10,318.2803300977151,321.6159818068204,315.5421135343443,317.93182373046875,1041125
2024-01-11,318.62878604093635,322.51206829344846,316.13949864999154,318.77813720703125,856153
2024-01-12,320.6202225033328,330.62714586462914,319.9730138458277,326.54473876953125,2676220
2024-01-15,324.60308241020647,330.22886595130365,321.61593748005123,326.54473876953125,2053504
2024-01-16,326.4451819911364,329.08382077017643,312.75410018904887,318.4794616699219,2526800
2024-01-17,314.5463606179968,317.5833095826591,308.8209994008448,314.8948669433594,1142075
2024-01-18,314.8948672107164,319.5747398425642,306.48106334712105,317.3343811035156,1315835
2024-01-19,321.91464928862086,322.6116619475528,313.8991556449568,315.1935729980469,886994
2024-01-23,317.88201530980706,319.5249389905066,306.18236400239834,310.3145751953125,971526
2024-01-24,309.3686410342941,315.3927042085744,300.7556825767681,313.3016967773437,1356596
2024-01-25,314.64593448307505,316.5377868725417,311.16093204418024,314.5961608886719,1054256
2024-01-29,314.7455095639143,317.63307691303453,308.67164214119344,309.5677795410156,812321
2024-01-30,311.5592243559075,318.6288070905922,311.509450759524,315.5918884277344,1401717
2024-01-31,317.3344041118994,318.3301191792266,312.6545311407367,316.7369689941406,704216
2024-02-01,318.6288410941223,319.72413381274623,310.41419128466447,313.4013366699219,615297
2024-02-02,315.64164587590784,327.4906479560327,315.64164587590784,321.566162109375,1365901
2024-02-05,326.3953700883528,333.46495277927767,322.1138076742997,325.1507263183594,2413797
2024-02-06,329.5816797927378,333.1662600309879,320.07261327066294,325.89752197265625,1677945
2024-02-07,333.81344795669594,334.5602341937355,319.7240870285776,321.8648681640625,1901685
2024-02-08,332.5687825846357,347.3053512151,330.62712633997234,341.87872314453125,7955639
2024-02-09,342.5259675314842,347.25561388548,333.4151811585176,344.716552734375,2699845
2024-02-12,348.3010889358409,354.076254069943,335.1576693909243,341.2315368652344,3558303
2024-02-13,335.25724362803123,339.2898771147298,316.18927758198186,333.7138671875,2263143
2024-02-14,330.82628786498867,349.4959429363763,327.68979189035724,339.98687744140625,2626435
2024-02-15,340.4847828530765,350.6908623958696,335.7551362356846,343.8204040527344,1374586
2024-02-16,345.5628951655657,356.86426703484653,340.3353911648986,352.7320556640625,3507270
2024-02-19,354.6736708249292,358.15867308586604,342.92421639882843,344.6667175292969,2444876
2024-02-20,347.5045614166591,348.1019965394371,341.0821870237179,343.7706298828125,1629221
2024-02-21,346.3096828940971,348.6994233280928,335.0083413645468,338.2444152832031,950031
2024-02-22,338.7920444252548,340.4847721582982,332.41947420777035,338.09503173828125,1077625
2024-02-23,346.55861938165674,353.4788513012944,346.1105658304046,348.599853515625,2312143
2024-02-26,351.6865675891364,354.42478397488,349.04789839887945,352.7818298339844,1128952
2024-02-27,353.32948485128856,354.37497347918384,345.9611996987592,347.40496826171875,678246
2024-02-28,348.50026743875435,349.9938400134919,335.0581142661167,338.1946105957031,919908
2024-02-29,338.19461760166234,358.4574253627232,330.97568334088527,348.5002746582031,2707694
2024-03-01,356.4659921104336,363.23684237568347,349.6453378600084,353.1303405761719,2996845
2024-03-04,349.39639208147736,358.4076311837191,347.70369479099315,356.6153259277344,2086864
2024-03-05,356.4659845140848,360.7973510178054,349.2968240674568,352.53289794921875,1020764
2024-03-06,349.4959721787546,353.37925468115634,339.0907380603037,347.10626220703125,1034787
2024-03-07,350.2427747912605,352.18443132649134,343.5714716881306,345.9612121582031,654618
2024-03-11,346.7577564034303,347.20584031804424,333.56453236223734,335.0083312988281,1101781
2024-03-12,333.56452666324384,334.21173533910894,315.7412341517341,317.58331298828125,2229559
2024-03-13,317.58333640360706,319.97304651435337,280.7916521027896,285.3221435546875,3947236
2024-03-14,279.7959218257615,305.1368813486911,279.7959218257615,296.2252197265625,2667054
2024-03-15,298.71452356931485,304.1411829022158,287.5625025346687,297.5196533203125,1643094
2024-03-18,297.0715966965828,301.2038081525529,289.7530848674145,294.83123779296875,1062243
2024-03-19,295.7273789300424,299.6604656530289,286.01915689446014,287.8114318847656,723123
2024-03-20,290.7487797447588,293.1384896652989,281.0903320985136,288.35906982421875,1297258
2024-03-21,292.74022008384145,307.77552317911534,292.74022008384145,306.182373046875,1165394
2024-03-22,305.3858451736753,307.6759778378069,296.0759025500875,301.4029846191406,1354702
2024-03-26,302.29910399294863,302.29910399294863,293.43724586922843,299.95916748046875,1218001
2024-03-27,304.0913802171208,313.65025108959475,302.8965403498196,309.8167419433594,1450302
2024-03-28,313.0527877144796,314.64593778060413,308.17379032625627,310.015869140625,616973
2024-04-01,312.654514256762,324.503516840723,312.654514256762,322.66143798828125,1418690
2024-04-02,323.10954078550185,336.9997781912523,323.10954078550185,329.0340576171875,1465087
2024-04-03,327.5902386254627,333.61430228740727,324.9515999236228,327.4408874511719,710163
2024-04-04,329.5319086441281,332.46924981570845,321.6159618252826,323.6571655273437,754771
2024-04-05,323.5576160708958,330.57739498436314,322.6614482208262,328.3370361328125,809718
2024-04-08,332.8675332247482,339.5886098963349,328.785125778123,336.1036071777344,2140766
2024-04-09,338.04524664066764,344.51739421994404,333.8632314347186,342.0281066894531,1865090
2024-04-10,344.7165739099509,347.5045639877926,338.8418306104492,343.96978759765625,2666768
2024-04-12,344.5174218974149,348.50028226617115,335.05812852161887,336.90020751953125,1958635
2024-04-15,328.53616482430044,333.46493566848227,319.6742773272209,331.0752258300781,1339530
2024-04-16,328.5859761515805,335.0581241666874,327.2417547172342,331.6726989746094,852537
2024-04-18,337.0495366104546,342.17746292170045,330.72674011218726,332.7181701660156,802186
2024-04-19,328.4863678040749,341.5302401980383,324.0554543484604,338.8916015625,1124178
2024-04-22,343.4719116060336,353.4788354985207,342.52597017321443,349.794677734375,1570594
2024-04-23,353.4788531526808,369.9081519611856,351.5371965933142,358.5072021484375,3338245
2024-04-24,362.4402478654249,366.42310773207794,356.7646604007207,362.5398254394531,5436571
2024-04-25,368.5639222126113,373.3931463156562,356.01790641904284,357.8599853515625,5142031
2024-04-26,363.4359634097459,370.405968187467,358.7560909042665,362.589599609375,3085151
2024-04-29,363.53558467662526,366.9210098981876,356.9638590189966,366.07464599609375,2725855
2024-04-30,365.377603863663,366.42309238013314,359.45308790551104,361.3449401855469,764092
2024-05-02,361.4445374002843,362.44025237934846,353.4788175677712,358.0591125488281,983838
2024-05-03,359.40336823871496,361.1458696188147,350.4917061686229,355.9183654785156,924590
2024-05-06,361.0462877279135,367.4188580503401,354.97241976950204,365.3278503417969,3060172
2024-05-07,367.1201453006849,369.4102777248476,351.5371807044599,357.2127685546875,1673100
2024-05-08,356.4162143416592,362.14157587979264,348.5002675385586,357.6608581542969,966391
2024-05-09,366.5227067346164,375.6832667313989,363.43598408013526,364.2325439453125,6020903
2024-05-10,366.4231057131258,372.3973954801877,357.6608262094921,367.21966552734375,1923800
2024-05-13,367.4188704730143,376.3803063382098,360.9964959482322,371.20257568359375,7043458
2024-05-14,374.88671805641866,380.3631508567116,369.7587916025976,372.3974304199219,2402907
2024-05-15,373.3931218646756,381.3588417977886,371.4514654762552,380.2137756347656,2082810
2024-05-16,382.2052254229587,383.0515892870704,371.2025559631295,374.4884338378906,1137607
2024-05-17,375.88239496230005,386.33740197449646,372.64632136328686,383.89788818359375,1625196
2024-05-21,386.7357115188344,390.7185716382597,382.0558691105964,386.2378540039063,1808090
2024-05-22,386.9348679585791,388.1297077662696,378.620641354433,386.3374328613281,2227605
2024-05-23,387.3331666477948,388.3288817291517,381.0601737899721,382.9520263671875,606005
2024-05-24,383.3502540310555,386.038696538724,377.3759643578443,378.81976318359375,445648
2024-05-27,381.6575478636463,385.5408606783689,376.4300441065463,380.5124816894531,1828957
2024-05-28,380.3631129099262,380.3631129099262,370.4059633573103,374.2892456054688,890716
2024-05-29,372.2978241851953,376.3802616722296,366.0248319787153,372.5467529296875,536702
2024-05-30,372.4969941173058,373.39313155567726,367.56819262604654,368.8626403808594,436395
2024-05-31,370.8540755286909,385.3417170780642,368.4643351443392,383.84814453125,2161562
2024-06-03,404.2602868682989,406.6499967724244,391.2662183736848,397.1907043457031,1910120
2024-06-04,395.19926526249145,395.19926526249145,317.78242639458114,333.6142883300781,4359100
2024-06-05,343.5217018134454,354.47456766836683,322.6116851813226,353.57843017578125,1671712
2024-06-06,357.51149839157347,379.7657371961602,357.51149839157347,376.5296630859375,1701467
2024-06-07,376.52963869053815,391.5151683698205,375.3845724646264,389.17523193359375,1173438
2024-06-10,391.11685039410366,405.20624233355744,389.3743490971066,398.2860107421875,2179677
2024-06-11,402.2688898806432,424.72225264376095,401.3727523914399,421.735107421875,2415313
2024-06-12,425.6681897168491,430.14890750334223,416.6569805454045,418.9471130371094,2543339
2024-06-13,420.2415138044684,423.0793077007708,409.7367324539932,412.7736511230469,1029398
2024-06-14,412.7736535693121,424.8716154943612,412.7736535693121,422.6810302734375,1190208
2024-06-18,428.1574487870116,447.474313654924,426.9128050405377,440.952392578125,2497944
2024-06-19,443.0931924253146,451.0589127385787,428.55574677624537,440.0064697265625,1857054
2024-06-20,441.7987793083728,445.08462681469615,436.2725425554321,437.91546630859375,848966
2024-06-21,439.0605437415592,445.0846073688973,434.978106142469,438.8116149902344,1145180
2024-06-24,437.118931795117,449.0675130742546,428.7549309770834,447.2752380371094,1359421
2024-06-25,447.67348956321337,448.0717695031872,438.5128990097569,440.1558227539063,1900391
2024-06-26,443.9893386388463,447.07606139846985,434.1317656341489,438.2639770507813,1202205
2024-06-27,440.10605285397423,444.0889130607976,431.2939685690153,435.5755615234375,578268
2024-06-28,438.1146174010558,438.31377256369,426.6141208490027,427.8587646484375,592473
2024-07-01,432.1403185398228,444.6863338651153,428.7548935502832,441.74896240234375,803862
2024-07-02,460.0203557819816,486.9046622887207,454.3945717940448,479.536376953125,7648494
2024-07-03,483.8179508189684,492.8789641154226,481.5278182919451,485.3115234375,1613782
2024-07-04,486.85487900235273,495.8660879233436,477.0968534175575,488.497802734375,1801620
2024-07-05,487.9003039836724,517.7717511663462,487.9003039836724,512.3450927734375,2881369
2024-07-08,527.7787723418289,549.6347307652069,523.5967568008466,541.9677124023438,3245519
2024-07-09,546.1496270389329,546.1496270389329,518.767467068886,524.4430541992188,1421076
2024-07-10,525.787275516592,527.4800031131133,500.0480679610578,502.6867065429688,2216893
2024-07-11,506.818968394446,514.7846889193096,499.8987365337458,501.8403930664063,1272525
2024-07-12,505.0612142725624,506.9059651690151,491.1508290713773,494.9898986816406,652523
2024-07-15,498.5796661570489,498.5796661570489,483.4727083586679,485.9656066894531,980778
2024-07-16,486.613736758076,491.79897727293474,479.63362168162814,481.5780944824219,899514
2024-07-18,481.57809354322177,484.8687070433464,472.3543700673329,477.6891479492188,1011349
2024-07-19,477.3900303036305,494.0924491184312,466.7204132764475,479.3345031738281,1920723
2024-07-22,508.55124960188607,539.213898474941,495.1893208946023,508.50140380859375,7913285
2024-07-23,519.520001895134,524.505798458427,478.6364700761311,513.836181640625,3325756
2024-07-24,515.3319377288982,533.4802499945251,509.4487036749493,516.9274291992188,1806932
2024-07-25,512.4401798541916,517.4758220607491,504.7620412031,513.1880493164062,872704
2024-07-26,514.5342401262214,540.9589636985952,508.8504194873552,535.723876953125,2045349
2024-07-29,559.8052641549954,563.3950133466535,539.1640541485241,556.2154541015625,3894743
2024-07-30,556.2154238824273,559.2567474575939,546.6427193169066,557.51171875,1100756
2024-07-31,560.5032477929316,560.5032477929316,548.7866253990207,553.5231323242188,790958
2024-08-01,548.4375652834054,557.9105777746643,528.1453997126266,531.685302734375,1119041
2024-08-02,523.5086735462983,527.4474652624784,514.0855052501092,520.0186157226562,1185201
2024-08-05,499.57681846332696,517.4758403989888,495.58818119016667,498.8289489746094,1956390
2024-08-06,498.5796565942664,518.8219784796387,492.3972566801426,497.831787109375,1307091
2024-08-07,510.1965586248911,513.7863382534508,501.5711366161781,508.2022399902344,873894
2024-08-08,509.2990852476098,530.9374530731664,509.1993632367637,518.3233642578125,1204913
2024-08-09,543.4019436568083,543.4019436568083,513.5868578360286,518.3233642578125,1276048
2024-08-12,514.5342133948104,527.1483032423197,509.8475523795181,512.7891845703125,742381
2024-08-13,514.7336370065387,520.9658825610014,504.562600089301,506.1081848144531,807329
2024-08-14,509.1993873648357,522.1125819628406,498.57964697054047,517.7749633789062,1893925
2024-08-16,522.4117604108561,602.6830808027723,521.01571310281,584.4849243164062,6890740
2024-08-19,588.3240253673065,612.0564060826491,584.5846777484466,605.5250244140625,3938774
2024-08-20,605.5249862129749,605.5249862129749,588.7727221096969,591.8638916015625,961378
2024-08-21,596.3012769785465,614.250144847466,587.077553212574,592.66162109375,1648849
2024-08-22,596.4009356671218,604.2785182530837,582.1415702635371,583.5874633789062,1431756
2024-08-23,585.3823311329178,602.234346963631,580.5959788595428,584.4849243164062,1782972
2024-08-26,590.0191353112332,635.0408385435718,585.6316103043465,610.06201171875,3281098
2024-08-27,613.2529691242444,626.1661942236868,600.3895898174165,605.42529296875,1025832
2024-08-28,607.3696888737078,617.2415900216711,597.1488063248837,607.519287109375,1498738
2024-08-29,608.7657853211978,612.3555346491427,591.6644780636966,598.4950561523438,1238789
2024-08-30,601.2870206015922,608.7657148876816,590.3182689819943,594.2072143554688,1299491
2024-09-02,598.0961798756175,604.9766038954389,589.5206336107713,591.6644897460938,731708
2024-09-03,593.5092277332894,609.2144867136064,591.315465100192,602.68310546875,1048805
2024-09-04,597.1488276057015,614.2002882996919,593.409480198481,610.01220703125,1165960
2024-09-05,613.252999372154,627.7118099264568,610.7601010007224,622.7260131835938,1568744
2024-09-06,627.013748259791,627.013748259791,607.2700065254082,611.6575317382812,1015420
2024-09-09,613.6518253231561,613.6518253231561,592.4122846596725,606.87109375,841009
2024-09-10,609.7629543879978,623.2246058748956,603.2814184868989,607.8184814453125,1359182
2024-09-11,609.4638006919962,633.1961808082003,599.8411887176809,618.1390991210938,1472445
2024-09-12,626.1163422185487,648.1535381716764,620.2330780658195,635.58935546875,2218597
2024-09-13,640.0765892158646,658.1251484888022,631.0522487176211,644.0153198242188,1364312
2024-09-16,648.1535204493922,658.0752672809333,638.9297972737662,645.909912109375,990183
2024-09-17,645.9099792249324,661.1166595540412,641.9711875574963,647.7546997070312,1209920
2024-09-18,647.6550010716552,678.0683613991156,645.5110841136972,661.9143676757812,2628639
2024-09-19,675.0768881218626,683.0541630184281,649.2005905037724,677.1708984375,1677286
2024-09-20,682.8048251465359,746.8723096528008,682.1068014698328,720.7965698242188,12652411
2024-09-23,727.876398816308,745.8751109112645,716.3093151246862,739.2938842773438,3673355
2024-09-24,741.1885338124064,743.8808762338656,715.9604143913076,717.8550415039062,1178551
2024-09-25,718.203977877447,728.9234402338268,703.5457241572985,721.0957641601562,1175370
2024-09-26,723.289497722386,731.9149502960621,701.6511888894298,727.5773315429688,948837
2024-09-27,724.2865963647815,724.2865963647815,709.9773854824214,719.500244140625,1089264
2024-09-30,711.9717529583941,711.9717529583941,694.0228852367538,702.3990478515625,798574
2024-10-01,702.7480154346138,731.9149249081327,699.7565375398939,725.5330810546875,911726
2024-10-03,712.8192524863598,723.4390226494223,698.0114622392773,699.6567993164062,894039
2024-10-04,699.5571024209519,725.9319783677961,668.9942060575592,719.001708984375,1613663
2024-10-07,734.1086553402787,745.6756783478495,654.1863167468483,662.6621704101562,3041207
2024-10-08,662.6622126101298,737.8978953262189,651.6436143184919,726.3308715820312,2529489
2024-10-09,733.7098172266836,743.6315646566092,717.1569968200698,736.5517578125,1291075
2024-10-10,741.8865308507144,759.8353985325865,737.9477393815041,753.1544189453125,1274664
2024-10-11,754.1515559926131,764.8211725274762,739.6927463424848,748.0689086914062,715069
2024-10-14,747.8196453529915,767.6132335406312,739.7925249870384,763.2257690429688,659909
2024-10-15,765.8681559444733,780.7756990241207,752.5561041947092,774.9921875,857615
2024-10-16,779.279985356262,793.9880848879382,762.9265486509096,777.036376953125,958010
2024-10-17,780.7757715285424,780.8754631188928,760.2841590458382,762.9765014648438,694271
2024-10-18,761.181531114052,769.5576936206186,732.9120891624939,764.8710327148438,768711
2024-10-21,768.6602321924821,774.1446084147751,723.4889274794056,732.1143798828125,576162
2024-10-22,729.8209668664318,740.9891031151749,678.3176610881275,687.0926513671875,1477548
2024-10-23,697.9616820575097,724.8351380521449,676.6224481470559,688.388916015625,1356155
2024-10-24,690.0342321959582,697.9118149718064,678.5669003025282,688.4886474609375,651845
2024-10-25,689.0370547902805,693.4744257091136,642.170569153315,658.723388671875,1445881
2024-10-28,662.0140898047893,684.3504218165781,633.295853006844,679.215087890625,1231958
2024-10-29,699.9560137947195,702.6982019911175,665.1551283393594,681.4088134765625,1081936
2024-10-30,685.4473265863979,697.0143501119294,681.0598013253903,690.7821044921875,484206
2024-10-31,693.0256753847468,746.82242883337,693.0256753847468,738.695556640625,2365311
2024-11-01,745.8751337763729,765.818319171463,745.8751337763729,755.0490112304688,418727
2024-11-04,755.0490583810187,757.1430686335591,714.065773317762,724.9846801757812,875707
2024-11-05,723.4390869547797,755.7470732806543,713.0187598841787,747.3709106445312,894580
2024-11-06,755.2983543095305,767.8126918550729,738.8950709929986,764.0234985351562,869363
2024-11-07,767.5135310723676,777.4851241462927,742.833838214403,745.974853515625,660914
2024-11-08,750.4620823210853,750.8609703950888,730.4192042687949,733.8095703125,434158
2024-11-11,726.8793025483183,747.8694941792612,717.0074008804419,730.9177856445312,589877
2024-11-12,733.8593994723435,739.6927570363301,723.0401845434241,727.9761352539062,391162
2024-11-13,713.1184741984262,725.9319464357217,668.1465547359634,672.2847900390625,1598955
2024-11-14,672.2848254250413,692.9758813060754,661.1166288735257,672.9828491210938,810485
2024-11-18,676.0739698877626,679.0654476306288,648.1535109543446,649.8486938476562,940076
2024-11-19,658.0752853827832,691.579813170615,646.7076451359619,651.59375,1054520
2024-11-21,653.1393720775732,677.4201778246014,649.0510431008822,670.5896606445312,597989
2024-11-22,677.7193833533698,680.0128377089624,664.9058490605935,674.7279052734375,835027
2024-11-25,688.0897697959707,697.0143577941592,665.4542412832333,671.1380615234375,786465
2024-11-26,677.8688893432401,677.8688893432401,655.6820946113749,660.1693115234375,955929
2024-11-27,662.1137538215715,673.9799734531427,655.0837931559107,669.5426025390625,529707
2024-11-28,670.0910151862598,678.0682891765724,656.1307857032127,665.8530883789062,1181883
2024-11-29,667.7975789863411,677.569727714057,658.1749676328895,671.5369262695312,1357675
2024-12-02,677.5199050631722,712.6199249325714,672.3346644810267,708.481689453125,1764989
2024-12-03,717.6556097352137,727.8764932630994,705.0415193780389,713.6171264648438,1211813
2024-12-04,716.3093576144393,727.9262877847547,710.4261542713252,720.1983032226562,881403
2024-12-05,723.8878275251863,735.1058699836467,715.1626833908282,727.87646484375,1135756
2024-12-06,727.9761200046783,744.4292481204526,721.9433185345822,737.99755859375,1311030
2024-12-09,740.7896734455554,740.7896734455554,730.7681737217257,738.0474853515625,620508
2024-12-10,744.8779779916139,756.2456180647088,731.316636204213,735.8536987304688,899909
2024-12-11,736.9007463658246,737.6984616590887,722.940515717487,724.9846801757812,432530
2024-12-12,726.4305405235581,756.046183517532,722.691193197596,750.6614990234375,1635707
2024-12-13,747.8694957553463,761.9793245866407,731.3166752606714,757.2926635742188,915682
2024-12-16,757.2926358233998,787.7558399951619,755.8965884711042,784.9638061523438,1608452
2024-12-17,791.3456278789122,841.6024829595988,788.8028837342687,803.8101196289062,5968706
2024-12-18,802.7132534554169,809.2944806297202,783.817072148925,797.8271484375,1184390
2024-12-19,777.7843069447827,838.5113367932595,770.604747323706,835.2705688476562,2090072
2024-12-20,847.5854699300102,871.5172949633281,829.5369095620943,844.8931274414062,4394440
2024-12-23,856.4102684411301,871.5172566744187,824.7006138374595,828.4898071289062,2125672
2024-12-24,832.7277479753434,836.8161378231629,814.0310101822635,818.7675170898438,652188
2024-12-26,821.659279691266,829.6864000450211,799.8713728936773,816.5737915039062,685239
2024-12-27,820.5623888013423,828.8886443730424,814.0309468840829,821.808837890625,579854
2024-12-30,824.9499016397463,877.500210509669,809.6933760611946,842.0512084960938,979487
2024-12-31,847.5853882110058,861.5456181344813,825.6478840455445,852.920166015625,1145593
2025-01-01,855.5626768978643,862.5427919774506,847.7350007604662,853.7179565429688,509196
2025-01-02,856.0612374115872,890.3635408092472,849.7293003613472,866.9302978515625,2056138
2025-01-03,867.9274848891702,887.3720913696585,865.63396979436,876.6027221679688,955371
2025-01-06,876.6027137216222,877.7494712579779,848.582561818278,853.7179565429688,1118027
2025-01-07,850.8760424735817,887.0729139103295,846.6381153292652,882.1370239257812,1292689
2025-01-08,887.4717418411512,945.2072873685592,882.4859455386728,932.892333984375,6513726
2025-01-09,932.8924036525368,933.3411375256254,893.9533437945761,902.5787963867188,1544009
2025-01-10,896.2467467068246,917.3865355683632,869.1739088318434,882.6355590820312,2547175
2025-01-13,876.6027275862206,879.6939579731361,813.7318450830605,822.6564331054688,1715104
2025-01-14,827.642233090894,842.499931258561,804.7075688004235,827.5425415039062,1505754
2025-01-15,833.1764267744906,897.3935089471894,813.1833953218265,892.7068481445312,3276535
2025-01-16,894.3522059765814,909.808175220972,880.2922232436518,884.6797485351562,1865621
2025-01-17,885.1782959723279,904.3237661248102,873.9104083959612,896.9447631835938,1359901
2025-01-20,904.4234880225472,921.873775828936,885.6769052943243,916.9876708984376,1398925
2025-01-21,923.369540193134,925.3638588544582,858.5541837000953,863.2408447265625,1931163
2025-01-22,862.5427982963852,863.4901118079093,816.3244888826699,834.2234497070312,1922885
2025-01-23,831.5809776601527,869.4730295679844,822.855834128744,847.0867919921875,1067571
2025-01-24,848.9814551444057,853.518517801906,801.0679019331104,807.6990356445312,1207696
2025-01-27,794.7359423176185,795.0849237192223,655.3829336113611,666.2020874023438,8554691
2025-01-28,602.6831545700974,650.8459405279305,532.981689453125,532.981689453125,12067018
2025-01-29,565.3893458436975,586.2798461914062,541.1085402566724,586.2798461914062,10539773
2025-01-30,598.2955601763779,620.2330640495118,549.4846018863008,559.8052368164062,6707318
2025-01-31,564.1428794730595,610.2614975475251,553.423416893589,596.6004028320312,3416949
2025-02-01,602.9822080630744,643.167713493492,599.2927066815329,636.5864868164062,2983714
2025-02-03,633.1961624585813,633.1961624585813,574.4634546984221,588.5234375,4118191
2025-02-04,603.4808267362159,612.1062182528219,567.1343577052148,569.9263916015625,1981898
2025-02-05,582.341021037206,597.2984102761753,573.1671434649503,582.6900024414062,1915624
2025-02-06,586.2797839733548,617.4410100449277,581.5432776104757,594.50634765625,3580793
2025-02-07,595.8026961848537,620.2330996267431,579.7484554106079,616.7430419921875,3020669
2025-02-10,621.2302906206821,637.1848406205712,608.7159526368747,631.1520385742188,3128769
2025-02-11,631.1520169170882,631.8001339715274,581.3937414676109,588.8724365234375,2490765
2025-02-12,582.0917444572408,585.8809376449502,549.9832026548677,578.3025512695312,3510799
2025-02-13,580.3467432288866,607.7686254261278,571.9207345268335,595.9024047851562,2269493
2025-02-14,596.0519564984006,599.2927241414284,541.4574862043188,553.8721313476562,1919557
2025-02-17,532.5328893523782,556.1157301394795,510.8945212899637,517.5755004882812,4256149
2025-02-18,528.3448219052119,535.3748435418074,491.5995266607739,509.1495361328125,3846200
2025-02-19,505.5597840626446,551.7282492119865,498.57966870083294,538.71533203125,2453127
2025-02-20,537.2693775839912,546.2438105977385,523.5584382574326,541.4574584960938,1632841
2025-02-21,541.5571455641505,553.2737663456439,510.54551830847953,515.0825805664062,2111232
2025-02-24,507.4045292193787,520.168186853179,492.0482816821872,512.9387817382812,1423969
2025-02-25,511.89170638118713,521.4146264613386,503.5156047116391,507.5042419433594,1079305
2025-02-27,508.3517761204607,513.2378808155707,474.2489478516984,481.5281982421875,1690256
2025-02-28,472.6534828972444,480.6307568701936,452.9595877765258,461.93402099609375,2238300
2025-03-03,465.9227066747632,470.8586576337211,417.56047815956566,449.0208435058594,4376232
2025-03-04,438.75011550444174,470.36007918018527,438.75011550444174,448.8712768554688,3352056
2025-03-05,449.7687151313068,470.6592158016375,449.7687151313068,461.9839172363281,1609782
2025-03-06,466.67054072913214,476.1435538422234,459.7901478173798,462.88134765625,1462116
2025-03-07,462.8813516236543,507.4045075506191,460.0394415791914,499.7762451171875,4493921
2025-03-10,504.3631558630258,513.5370334879813,479.9826295219827,484.76898193359375,2559664
2025-03-11,475.2461143866849,514.5341835565715,460.1391575254162,511.34326171875,3398076
2025-03-12,512.4900347126603,516.5285177077114,489.0567911487004,495.9870300292969,1776489
2025-03-13,495.3388941208293,504.4628958478488,482.1265330798611,489.156494140625,1315715
2025-03-17,493.1949852356073,496.58532069635294,483.6222500757654,489.40576171875,1007855
2025-03-18,489.40576171875,489.40576171875,489.40576171875,489.40576171875,0
2025-03-19,511.5427245501061,526.0015345032767,508.6010924217614,522.2123413085938,2055195
2025-03-20,524.1069104163136,533.3805407139475,515.1324766019125,519.1710205078125,1471803
2025-03-21,517.0270961202942,552.4262512066402,514.6338894598881,538.8150024414062,2487287
2025-03-24,548.238134091693,556.4646977633524,534.4773488496347,538.1170043945312,2721699
2025-03-25,543.4517889999823,544.6982380573218,513.5370116238365,521.0655517578125,2105346
2025-03-26,520.4673130176718,525.3533571101333,495.2391642650568,496.8346252441406,2373823
2025-03-27,498.5796771547335,513.7365115125928,485.6166055487104,508.4017028808594,2503230
2025-03-28,507.75353162939024,512.539884133771,484.61942351948,490.2035217285156,1786809
2025-04-01,485.2675571617983,491.5496788796175,473.899947464503,475.9939880371094,991467
2025-04-02,478.63648516275634,492.1978583285454,465.9725493204698,485.2177429199219,1952257
2025-04-03,476.6421533470004,491.898678719016,475.9441296530076,482.97412109375,1263225
2025-04-04,482.4755292604172,484.1208360051534,447.874089674306,455.2032165527344,1890634
2025-04-07,375.0814596204823,426.1858730658267,375.0814596204823,415.4165649414063,2960128
2025-04-08,438.7002316162913,439.5976688702654,420.8012106042537,433.9138488769531,1504794
2025-04-09,432.0192704476776,432.16883825778905,411.427936811421,414.219970703125,1347287
2025-04-11,441.74158588286895,445.28148935359314,425.8368823000583,437.952392578125,2491644
2025-04-15,448.721682128607,480.43133549334055,445.7302042477496,475.0965576171875,7384243
2025-04-16,477.1407408044693,481.5282357831605,465.374272848313,468.6648864746094,1737447
2025-04-17,467.8671773736371,474.2988368976026,462.1833569283762,470.5096435546875,1517550
2025-04-21,474.0495336987341,505.9087860817074,463.4796388415848,492.1978454589844,6998235
2025-04-22,518.3233797045991,523.5086201142759,501.5711160332967,504.2634582519531,10477936
2025-04-23,508.55124568012974,509.5484049853849,488.6080595750266,495.6878967285156,2550580
2025-04-24,495.5881823259271,497.13376710046384,483.6721162726972,486.7134704589844,1808287
2025-04-25,486.7134717643834,488.50834637387794,454.5052073648837,457.2972717285156,2979548
2025-04-28,457.6961352943715,464.6762506474447,448.322843620708,451.214599609375,2117975
2025-04-29,455.3029280451443,474.1492321320387,453.9069111555384,464.6263732910156,2586105
2025-04-30,464.67625535872537,465.6235689100309,448.7217058185116,450.6163024902344,1474696
2025-05-02,450.7160231536848,460.38848095566567,445.1319247452492,449.4695739746094,818989
2025-05-05,452.4610330225006,463.0807734965208,447.9239703733625,459.9397277832031,1174746
2025-05-06,460.68760415931854,465.17482108294826,439.0492348219047,441.7415771484375,1287206
2025-05-07,429.7756609014877,454.2060638993681,429.0776372149077,447.6746826171875,1328210
2025-05-08,446.7273691528808,454.10634193217504,430.2742406014912,437.0050659179688,1342971
2025-05-09,417.8097702515716,430.7728418822886,412.8738192659816,427.5320739746094,3124290
2025-05-12,453.7074882396377,456.6491203906892,445.8299357387973,449.8185729980469,2379682
2025-05-13,450.71601318163056,472.4540742113985,450.5664453696284,458.7431335449219,2826345
2025-05-14,462.0836078540985,463.1804891567935,454.2060555671032,458.094970703125,1472693
2025-05-15,460.5878927470212,474.5481234975403,456.3001197602884,472.2546691894531,2334968
2025-05-16,476.6421599204275,515.6310653934761,476.1435802552388,512.6395874023438,7792295
2025-05-19,518.1738834130873,528.2950143540102,505.50994742630223,518.9217529296875,3030551
2025-05-20,521.4644889392684,524.2565229184522,502.16944962727615,506.7065124511719,2011260
2025-05-21,506.30761908899865,518.4231285581413,497.6323212719879,514.08544921875,2003912
2025-05-22,513.0384521502433,525.5029432131744,508.00280993317375,518.3732299804688,2067764
2025-05-23,518.5228229801829,518.5228229801829,508.551230230564,511.0441284179688,1002532
2025-05-26,513.5370138925248,525.5029248958458,509.3489328690084,520.7664184570312,1958362
2025-05-27,521.6639564789577,530.2893486400156,518.2735902260813,519.5698852539062,1701571
2025-05-28,520.5171093930232,524.2066106549444,511.9415645025199,515.232177734375,1432911
2025-05-29,519.5200200026393,548.8365291613184,515.9302706966598,543.30224609375,6566528
2025-05-30,548.4376381570211,567.383665656991,544.4490007886064,559.6058349609375,6359926
2025-06-02,563.5944915800694,584.2357028390134,533.9290001391998,578.2527465820312,6400242
2025-06-03,583.3381844281432,593.8083569691612,575.909335548114,579.4991455078125,4510521
2025-06-04,580.3467029791441,581.0945724417461,560.5531155469872,569.2782592773438,2157470
2025-06-05,570.3751534971899,581.5931962888742,566.8850957397771,568.9292602539062,1636431
2025-06-06,569.3779542240558,584.3353435644426,566.6856119704316,574.164306640625,2586010
2025-06-09,579.2996663411916,602.4836184186947,572.3693975263153,584.1358642578125,3127357
2025-06-10,588.3240110877274,592.6117840809268,572.469153223873,575.6102294921875,1742671
2025-06-11,577.0561481913707,582.7399688574337,566.4862221947776,572.3196411132812,1775229
2025-06-12,572.3694554754154,577.3552521258981,546.3436213046058,555.16845703125,1551005
2025-06-13,502.1195403769264,549.9831855409924,502.1195403769264,543.2025146484375,3141898
2025-06-16,543.9005401532544,554.4205583598504,525.6525375450599,550.9803466796875,2084197
2025-06-17,550.9804065400035,557.2126527022554,529.4916339449151,532.6825561523438,1702135
2025-06-18,532.7822183349913,543.9504150135831,521.913218145094,525.90185546875,1651478
2025-06-19,527.4972992490798,533.4304095887925,510.89457162932695,513.5869140625,1945436
2025-06-20,513.636742889182,525.4531173827985,506.00851058594174,510.4957275390625,2985302
2025-06-23,508.5512432383975,522.9103615098381,504.3631620040794,517.3262329101562,2035064
2025-06-24,528.4943922394216,546.443258390949,527.5470787979592,538.2665405273438,3708422
2025-06-25,543.4517846518005,568.2810740200495,539.8620357400929,564.6414184570312,3421846
2025-06-26,569.3779812847876,577.3552559787951,561.40070659078,562.6471557617188,2560319
2025-06-27,565.38934083794,569.3779781630753,550.5316424571005,552.42626953125,1808175
2025-06-30,554.420554791187,573.1671369175274,552.7752176489863,564.8408813476562,2327868
2025-07-01,568.3807960574499,579.1501042314469,561.4505268103596,563.3451538085938,2052555
2025-07-02,564.3921849858694,564.8409188600685,548.4376355869756,551.9775390625,1184591
2025-07-03,552.4262750029521,552.9248546735324,542.0557935101718,543.7509765625,1176210
2025-07-04,543.7509640497682,547.3407741124037,537.369180930263,545.3963012695312,881328
2025-07-07,543.4518324577945,549.4347884114583,540.5102002748881,542.2053833007812,571984
2025-07-08,542.0558153688137,550.8308666143054,532.2338198070163,548.8365478515625,1366962
2025-07-09,550.4319378901272,553.1242801934663,544.5486736295629,546.1441650390625,800443
2025-07-10,547.440449770953,561.8992594643571,546.9418701263529,552.8251342773438,2092244
2025-07-11,556.4148918390242,577.3552372308154,551.8778291764909,559.7055053710938,3082505
2025-07-14,560.4035127628089,573.1172935238869,549.6342047610738,569.8765258789062,2239125
2025-07-15,572.0703210623084,614.7487283086216,567.5332582730995,605.4751586914062,13950965
2025-07-16,608.9993395997842,618.9829353309282,599.0157438686401,605.105712890625,4827734
2025-07-17,608.000960283713,612.9428521971631,598.3168605519581,600.4134521484375,1870937
2025-07-18,601.9609032950895,602.0108090856194,586.0869620645906,588.2334594726562,1719729
2025-07-21,589.5313158140783,591.3782566123876,580.0469000643176,581.9937133789062,2227805
2025-07-22,584.2400578273368,594.5730554498666,566.0699006802239,568.8652954101562,2158079
2025-07-23,572.0600287675964,572.0600287675964,557.1345411354318,561.8268432617188,1964178
2025-07-24,563.9733559331466,568.5657856663594,556.8350605011623,561.427490234375,1470646
2025-07-25,581.0452390290786,605.5050472012649,569.21470312389,572.50927734375,14715797
2025-07-28,574.2564573198567,580.9953846575597,559.0813791279484,562.17626953125,2431027
2025-07-29,559.0813322969458,580.0468822580813,546.5020266942762,577.451171875,2468347
2025-07-30,579.9471090609787,586.8357536573697,572.0600439415238,578.848876953125,1741746
2025-07-31,567.068213870829,576.7523135130235,556.1860706038733,563.6737670898438,1722601
2025-08-01,561.9765950023582,571.0616422089435,560.2294658522434,562.9249877929688,1134453
2025-08-04,565.0216021915868,567.4675952877038,557.0846315444048,561.52734375,1117957
2025-08-05,563.474160509193,572.659019720848,556.0862753850025,558.632080078125,1774301
2025-08-06,559.231104835582,567.5673823840093,539.2639146021955,542.3088989257812,1661672
2025-08-07,539.1141594199047,549.0977549647178,533.1240020930169,545.7033081054688,1234117
2025-08-08,546.1026766878858,548.5486697851029,530.5282920009641,533.0740966796875,817938
2025-08-11,534.1223626015081,541.1108794953597,525.6363063732598,537.8662109375,1126606
2025-08-12,538.7148034310753,543.1076099443442,534.3220578528393,535.5700073242188,527929
2025-08-13,538.7647357048394,543.1075752135093,535.1206991074283,536.0691528320312,678290
2025-08-14,536.867873981741,541.060996481576,532.1256658898521,534.8711547851562,655134
2025-08-18,545.1043164231288,547.7998994056342,539.1141590997978,542.5086059570312,801324
2025-08-19,543.8064667518621,546.7516396529612,540.6117039597381,541.3604736328125,716951
2025-08-20,541.4103713159889,544.7549123666535,536.4185735702486,537.5667114257812,575998
2025-08-21,538.5151856062047,558.9315904124944,538.5151856062047,551.84326171875,2050387
2025-08-22,554.9881279064222,555.6869308807776,544.7049752433312,546.2025146484375,906361
2025-08-25,548.6484858646354,550.9946673995812,536.1190855313105,538.1657104492188,643888
2025-08-26,536.1190731333745,538.8146560791517,529.1305563513752,530.877685546875,606054
2025-08-28,529.0307251298049,531.4267513765137,514.9538195733988,516.7508544921875,818615
2025-08-29,517.1502473203514,524.0389525949631,510.4612261429082,515.5029296875,809376
2025-09-01,517.5496162120379,526.1354839865728,514.7042549273725,520.2951049804688,710256
2025-09-02,522.1420608539319,539.7131651052135,519.6461619014752,537.317138671875,1073790
2025-09-03,539.1141667085535,546.8514533603893,535.1207284366384,543.1076049804688,832465
2025-09-04,547.1010557476176,547.1010557476176,530.9775239825019,532.9742431640625,694291
2025-09-05,532.6248190326147,541.7098665483808,525.2869007264214,534.3719482421875,657580
2025-09-08,536.518479599379,541.1109094383102,526.3851051685407,527.4832763671875,613277
2025-09-09,529.9292260580341,529.9292260580341,516.451372410129,517.7991943359375,830701
2025-09-10,519.6461743664015,538.3155111656115,519.6461743664015,531.9758911132812,1168470
2025-09-11,533.7229680708102,536.0192436849443,524.1387411775746,527.9324951171875,679251
2025-09-12,527.9325526275121,538.1158328952833,527.0340655343482,532.4251708984375,858610
2025-09-15,535.1706093961722,603.0091510796373,535.1706093961722,588.4830322265625,34625724
2025-09-16,590.9789433318867,608.8995093056158,578.1499866505682,594.1737060546875,16525557
2025-09-17,598.0174036760852,601.5615680884941,583.1418211805794,585.9871826171875,2467905
2025-09-18,587.0354498025192,596.9691400941776,582.2932416621078,584.53955078125,2189706
2025-09-19,585.1385143887426,646.7373114958342,579.1983237482023,639.3494873046875,23024363
2025-09-22,643.3429151742232,687.570230830869,642.4443672097078,676.4884033203125,26143356
2025-09-23,677.8362626348988,682.8779664280994,661.6129191342312,665.107177734375,5072389
2025-09-24,663.9091310796508,707.6372691802961,656.6211182187155,675.9892578125,24359780
2025-09-25,675.8894348754961,683.8264057142903,666.0556173979235,676.6881103515625,5096720
2025-09-26,678.1357479724915,701.3476083189919,665.1071675779141,678.5850219726562,14805383
2025-09-29,694.8582557957425,718.7190737236608,684.3754803850309,698.0031127929688,17400528
2025-09-30,704.8418590216016,712.8287356110816,690.2158668931036,697.0047607421875,6086696
2025-10-01,696.8549938947381,706.4891883132847,683.077643738267,697.9032592773438,3973896
2025-10-03,699.8500540523215,730.499704840478,698.1029248160995,718.6192016601562,11266163
2025-10-06,719.817259183843,721.2149869737473,694.209311511542,703.843505859375,5342939
2025-10-07,698.8516744426477,742.4300925158334,695.9564074173732,734.3932495117188,9564387
2025-10-08,718.818853990079,718.818853990079,694.858225523743,698.8017578125,8326793
2025-10-09,699.850022802424,712.0799269098843,685.2240314754088,697.204345703125,5775140
2025-10-10,699.350871298381,703.3942153265901,686.0727013465315,693.0612182617188,4515600
2025-10-13,690.315761082734,698.8517235187055,678.884531418171,684.4254150390625,3114171
2025-10-14,688.3689115019977,688.4188172926202,652.9271473855061,656.3215942382812,3737050
2025-10-15,660.9140491776352,679.1341117116108,657.2700122968266,661.463134765625,5519034
2025-10-16,661.9123580993997,661.9123580993997,628.9664941216015,632.3109741210938,7792565
2025-10-17,634.5572868317678,641.1964020168532,617.9845431661068,619.9812622070312,7822710
2025-10-20,623.9747101405882,637.5024696694301,617.9845529232384,634.9566650390625,4171994
2025-10-21,638.9501251644813,644.7405984867779,638.5008511707185,642.9934692382812,1178713
2025-10-23,646.0384224126537,646.8371587784015,624.9730608691897,626.3707885742188,2680588
2025-10-24,626.9698151527915,630.8634418820529,614.6400987351852,616.4371337890625,2371265
2025-10-27,616.9861870401679,633.9582989814023,614.0410142515949,629.7152709960938,2807467
2025-10-28,631.9615847766908,631.9615847766908,620.0311761630157,623.7750244140625,1481217
2025-10-29,626.4706239490977,639.748793911132,622.3773741267896,634.5573120117188,2611765
2025-10-30,634.7569725500775,652.0285801113439,632.1612621642333,642.1947631835938,4226463
2025-10-31,642.6440316606676,652.9271224728519,639.4492690273114,643.3428955078125,2188499
2025-11-03,642.943581156527,651.8789117462526,633.4092591819735,649.1334228515625,1854621
2025-11-04,649.9320575509172,656.1718046472201,641.4460014999452,644.3911743164062,1743841
2025-11-06,644.3413105893413,644.3413105893413,620.4804917614288,622.2775268554688,1697604
2025-11-07,615.9878295982265,622.277482446016,600.6630351969827,618.8331298828125,3044621
2025-11-10,634.0581525764908,642.3445859390496,623.0262912706569,626.6204223632812,3662394
2025-11-11,628.4673619985979,628.4673619985979,610.7963850659595,613.8413696289062,1764600
2025-11-12,614.9894720262097,624.4738875850554,613.2922486339365,618.98291015625,1328106
2025-11-13,618.9829325715278,623.3757390476613,610.24728634572,614.3905029296875,1346526
2025-11-14,612.8429854459016,625.6220364350195,610.2971807801902,615.0892944335938,1504973
2025-11-17,625.671940757182,641.8952834079964,625.5720682413892,632.3609619140625,4483128
2025-11-18,632.6604850928009,633.4591605787066,618.982946507168,620.2308959960938,1204700
2025-11-19,619.9812788948421,619.9812788948421,612.3937707091109,616.5369262695312,999938
2025-11-20,619.2325457253246,627.5189182695071,616.4371510150629,617.784912109375,1159562
2025-11-21,613.691636547997,616.6368094505799,607.2022993780824,609.4486083984375,960048
2025-11-24,610.6965570036539,615.7881664020213,565.4209142509804,569.813720703125,3023350
2025-11-25,573.9069492722327,595.7710472704123,570.6622808120252,593.4249267578125,3526422
2025-11-26,593.3749952952247,613.991145110762,589.0820612643838,604.1073608398438,6960205
2025-11-27,608.0009443802519,608.0009443802519,584.0403160302913,586.5861206054688,1907837
2025-11-28,586.0370759581418,586.0370759581418,573.0584013628167,575.50439453125,1604637
2025-12-01,578.150024005432,582.5428306499855,569.9635239765447,571.7605590820312,1384284
2025-12-02,570.5624591620775,570.5624591620775,553.091167761664,554.7883911132812,1694727
2025-12-03,555.0879380583859,565.870209560283,546.2524799651034,552.4422607421875,1646548
2025-12-04,552.0928347761811,552.0928347761811,538.6149807626576,539.4635620117188,1358590
2025-12-05,539.8629539207174,543.8563923223501,524.1387902142887,525.4366455078125,1984423
2025-12-08,525.8360018163066,531.1272953916607,497.2829117976127,502.3246154785156,3342660
2025-12-09,502.274698430776,513.106905700704,483.2060248285431,503.8221435546875,4915480
2025-12-10,506.1683084332321,524.6379607133401,501.1765105196894,508.065185546875,4678893
2025-12-11,509.5128187347317,516.9505793396478,501.825437766815,504.0717468261719,2736690
2025-12-12,506.5676587244228,555.6370273368734,505.4195512693638,549.5470581054688,18532409
2025-12-15,545.1043267169692,556.086282017128,539.114169280519,549.6468505859375,4713751
2025-12-16,546.1027044261779,546.6018842291269,535.3703386627749,538.3654174804688,1363555
2025-12-17,537.2172863435361,544.4054877837792,522.4914819705871,524.5880737304688,1744306
2025-12-18,523.240208749066,534.0225404921852,516.7009659714544,530.7279052734375,1579485
2025-12-19,532.1256652622088,555.187747581548,529.2803647844452,550.6951293945312,3779244
2025-12-22,553.8898742558488,563.0747944372212,549.4971287326059,560.3792114257812,1536309
2025-12-23,561.4774450944562,563.6737873947679,550.6951130182285,557.334228515625,1099872
2025-12-24,556.1860784439533,572.9585675569786,554.0895477723406,565.8701782226562,1880938
2025-12-26,564.0731707665989,564.0731707665989,550.6951278292713,553.7401733398438,1343631
2025-12-29,553.5903952243065,555.6869259990234,531.9758856264765,534.7213745117188,1585830
2025-12-30,536.1190917816043,547.5004153107575,523.1404173064444,543.4071044921875,1917005
2025-12-31,545.1043054376381,557.783483703505,539.3138323287865,546.4021606445312,1726877
2026-01-01,547.0511043572723,555.2875702946839,545.453692584151,551.5936279296875,759230
2026-01-02,551.5936853875636,587.0354515979861,551.094505581783,583.0919189453125,5453591
2026-01-05,586.0370617973056,597.6679750468526,580.1467160185158,587.0853271484375,3207511
2026-01-06,587.0354459680867,592.2768338785161,579.1483807383793,584.2400512695312,1523635
2026-01-07,581.0951739544893,594.2236266383736,575.6541021257491,590.57958984375,1382276
2026-01-08,585.0387294854643,607.402009048001,566.1697085461343,570.1631469726562,4682045
2026-01-09,566.0698640480874,574.5060144206427,546.1026730763735,550.1959228515625,2224233
2026-01-12,544.1059726836946,571.0616814221529,532.1256576888244,567.5175170898438,3239215
2026-01-13,569.0649581921829,575.5542954347253,555.1877357148868,565.62060546875,1590845
2026-01-14,565.0216106048691,566.968423952605,547.2508224529093,551.094482421875,1062194
2026-01-15,551.094482421875,551.094482421875,551.094482421875,551.094482421875,0
2026-01-16,551.5936564048737,566.9184512631051,546.1026788298026,550.6452026367188,1969499
2026-01-19,547.8498107994576,549.1975718369788,535.1207263571923,541.3604736328125,1351672
2026-01-20,541.8097227482195,542.4087140851655,514.4546475738075,517.3499145507812,2040054
2026-01-21,520.8941211499281,531.6763926398148,512.1584746524449,520.64453125,3037227
2026-01-22,534.9210246455589,546.4021592546939,522.3916247156394,536.8179321289062,3356845
2026-01-23,535.869501152626,535.9194069443015,496.983383572243,500.5774841308594,2901719
2026-01-27,506.1683124616507,506.1683124616507,484.7035812625866,489.345947265625,2447533
2026-01-28,492.8901151240792,504.720651252,477.715037989446,488.84674072265625,3517408
2026-01-29,492.5905889827616,502.1748466221344,485.4523243936637,488.84674072265625,1943319
2026-01-30,486.2011089687552,514.1551768355419,477.2158728687166,503.47271728515625,3160804
2026-02-02,537.1174270675276,569.6140175776369,536.418563209616,557.2843017578125,27815781
2026-02-03,584.0403518288193,586.0370709803708,559.3808581201515,565.62060546875,8717839
2026-02-04,559.0314324167044,565.7204534715361,547.3007079096967,554.2393188476562,3536780
2026-02-05,553.8899016347614,557.384160283601,542.6583559777771,546.6517944335938,2452298
2026-02-06,544.8048155507313,553.9897355459586,536.11907532769,546.8514404296875,1844489
2026-02-09,562.2261906857848,572.060007629665,556.1860668135736,563.374267578125,3825935
2026-02-10,574.0567637217945,581.8439563296226,560.4790976843011,564.6222534179688,5162882
2026-02-11,565.0715081435217,566.0698676985455,554.0895530382588,563.1246948242188,1758090
2026-02-12,559.9299612815839,563.074818418039,546.1027050969278,547.9496459960938,1892370
2026-02-13,543.1075861874708,543.3072702811634,528.8310570463871,532.175537109375,2090615
2026-02-16,529.1305468565632,545.1042992144972,524.138749244709,542.7581787109375,1950303
2026-02-17,542.7581863864934,549.0977450691893,533.6730780434214,543.357177734375,1904520
2026-02-18,543.5069465494993,568.5158403149106,538.1656865615183,555.2376708984375,5762584
2026-02-19,555.3375118323765,575.0551133760879,540.2123399450863,544.854736328125,5545616
2026-02-20,541.1109052257639,556.0862992818275,539.2139976046487,547.7999267578125,2099811
2026-02-23,552.1926589080944,552.4422488029064,541.1108919524539,546.7516479492188,1225217
2026-02-24,547.6002423002453,547.6002423002453,535.1207472614977,543.0078125,1169338
2026-02-25,546.0028499992178,547.7998849618285,534.1223472471844,536.6681518554688,1341423
2026-02-26,537.1174658486734,546.1027022662163,534.1223870428257,535.0209350585938,1074853
2026-02-27,533.6232105483683,537.0176575900425,523.040623076147,528.930908203125,1633800
2026-03-02,504.4710774223967,518.5479838893979,502.6740423873629,508.2648620605469,2143411
2026-03-04,499.1797737994392,501.1764928946369,484.204380585456,488.497314453125,2517876
2026-03-05,493.88849222914286,500.32789318508304,480.0112698106874,490.99322509765625,2218265
2026-03-06,489.8950402704779,496.8835570762336,486.300939819729,488.3475646972656,1049282
2026-03-09,477.91474479898494,478.2142404870224,461.7912131517662,472.42376708984375,2211447
2026-03-10,484.2044010578756,489.1961990069259,474.7698907471639,484.5538330078125,1255460
2026-03-11,484.5538317889496,492.989952021114,470.22736561770927,471.7748107910156,1477633
2026-03-12,466.2339099548195,474.9695560192835,457.2486740027995,468.8296508789063,2016171
2026-03-13,468.8296641338679,472.2739863990123,447.2650911458333,449.2618103027344,1589366
2026-03-16,447.1652270215658,447.1652270215658,426.4492667912964,441.2250061035156,2841055
2026-03-17,443.121891703196,449.8108823977569,434.785583379568,448.2135314941406,1647512
2026-03-18,451.15868942001066,472.2240827127509,450.0604877853149,470.0276794433594,2159124
2026-03-19,457.2486788777872,461.2421171212613,445.3182699384019,447.0653991699219,1551358
2026-03-20,454.0539238140594,469.22900158421504,452.7560685498756,465.0858154296875,2239014
2026-03-23,454.2536093257137,455.2519689066493,439.2782156116792,441.4246826171875,1717859
2026-03-24,456.25030785872826,456.25030785872826,441.674252542605,448.56292724609375,1825779
2026-03-25,453.9541149949854,468.97941454596,452.8059770994652,455.00238037109375,2135406
2026-03-27,452.7560476867005,452.7560476867005,433.6873745351689,436.5826110839844,3151476
2026-03-30,428.2962503774265,429.2447041445228,402.3389018697037,405.0344848632813,4152398
2026-04-01,424.3027989834011,451.9074338119947,419.66043327626215,447.4647521972656,5712979
2026-04-02,428.7455351350094,454.5531059832708,426.3993840212993,451.0089416503906,2452336
2026-04-06,449.2617901154262,457.1987605944714,437.4811598060721,454.80267333984375,2040997
2026-04-07,450.2601689721956,461.7413041011984,445.8673929293848,458.6963195800781,1589197
2026-04-08,485.2027587336438,486.89998221663234,473.9213076003003,484.4040832519531,2223420
2026-04-09,484.204392495678,486.80013347678687,470.6766324799701,475.9679260253906,1922429
2026-04-10,479.2125977261185,493.0398839831775,479.1127556747556,487.29931640625,1912472
2026-04-13,473.3721728823816,488.64709222443474,464.3869369638263,484.5038757324219,1860626
2026-04-15,493.88848786810127,508.8139450503618,492.1912644244589,502.5242919921875,2786215
2026-04-16,507.66585172765394,512.0086915719597,498.18143561868106,509.1633911132813,1997409
2026-04-17,509.6625333202719,518.1485892129699,508.4644897131205,512.5578002929688,1445420
2026-04-20,510.4612460838413,515.8524122428391,501.376198190566,505.9686279296875,1940004
2026-04-21,508.4644823211357,525.187003984225,507.4661228188618,513.55615234375,2080621
2026-04-22,512.158455570435,520.2951103789488,509.5627146143916,517.5496215820312,1063103
2026-04-23,517.0504388508699,519.1469695461784,506.867159184304,509.4129638671875,1204779
2026-04-24,509.9620450119381,513.5062092208917,446.6161499618424,461.6414489746094,7150693
2026-04-27,465.2355648167718,509.0635443358356,465.2355648167718,500.0783081054688,13763024
2026-04-28,500.0782995911275,505.868803343729,490.6937257815851,492.2911071777344,2118322
2026-04-29,494.1879762854357,498.58075220335866,488.3975030937438,490.0946960449219,1318300
2026-04-30,487.0996168711847,493.9882916517467,480.4106261870221,486.1012573242188,1245703
2026-05-01,486.1012573242188,486.1012573242188,486.1012573242188,486.1012573242188,0
2026-05-04,492.1912725886733,512.1584641744207,491.192913009386,509.5128173828125,2861685
2026-05-05,511.3597859564436,524.8376402045643,509.2632247576772,519.5962524414062,3501412
2026-05-06,525.137132333511,558.7818619342804,524.2385843490416,555.7368774414062,6328940
2026-05-07,560.1795190558097,563.9233673678073,549.1975640072835,554.9880981445312,4346939
2026-05-08,555.087912176408,563.9233698577215,547.1010357422151,559.929931640625,2279805
2026-05-11,559.9299088743452,559.9798755980523,535.8694689686288,537.66650390625,3887455
2026-05-12,542.808093954556,552.1926370672824,499.1797698800349,501.6257629394531,4790746
2026-05-13,502.1748728924487,510.41133949555547,493.9384062893419,497.1830749511719,2553741
2026-05-14,503.1732165780819,507.1666548048921,482.3574137273308,493.5889587402344,2217788
2026-05-15,498.1814102446295,498.2812522920893,485.4523261151325,487.3991394042969,1076313
2026-05-18,479.21259842519686,480.3607058487539,463.23884514435696,475.46875,2123184
2026-05-19,479.2125762907806,488.7968339100992,476.4171817827571,481.6585693359375,1533816
2026-05-20,476.2174967193761,489.1961706341599,471.2256990598438,487.8983154296875,1197705
2026-05-21,495.1863401825086,512.1584526484413,489.1961828415912,509.4129638671875,2044302
2026-05-22,509.1633847932538,516.8008599391658,501.4760038554471,503.1233215332031,1419443
2026-05-25,513.2067234483847,513.2067234483847,505.1699411176109,506.66748046875,912547
2026-05-26,505.8188721395398,514.0553690936299,501.7755280513192,502.9735412597656,1070652
2026-05-27,503.1732220523399,509.5627171912473,499.1797837820832,507.4661560058594,897810
2026-05-28,507.4661560058594,507.4661560058594,507.4661560058594,507.4661560058594,0
2026-05-29,509.9620385846497,527.1338347835439,503.1732059297465,513.3065795898438,3429985
2026-06-01,521.1437068807859,548.0495100647987,516.1519089221576,537.7664184570312,8827842
2026-06-02,559.0813822329338,562.3260509691072,545.1043476771106,551.294189453125,9361239
2026-06-03,549.0977322098113,558.08296782779,539.6133168352782,547.1010131835938,2655115
2026-06-04,541.9095536643739,591.9773096659595,541.1108782082683,588.3831787109375,13503181
2026-06-05,594.2236360532576,597.8177061784353,565.5707038310335,569.1148681640625,4258654
2026-06-08,556.0862746095902,557.0846341690329,530.6281058438011,536.4185791015625,3763712
2026-06-09,539.9128208284818,551.9930076844098,534.1223477501588,539.8629150390625,2494493
2026-06-10,540.4618950045782,542.8080764081919,516.1518653712585,518.4979858398438,1783778
2026-06-11,513.1567896542407,527.3335069250796,509.4628472693348,512.4080200195312,1727954
2026-06-12,519.6461782575824,535.1207522498831,519.6461782575824,533.872802734375,2003498
2026-06-15,544.1059598962777,545.9029949162682,534.1722700928163,536.4185791015625,1621264
2026-06-16,540.1125450101814,547.2508405428324,534.8212513033732,539.8130493164062,1493144
2026-06-17,540.1125209323329,541.1108804904334,527.6829322469763,530.0291137695312,1620936
2026-06-18,531.1272980385638,537.4169512230665,524.138780959109,527.8826293945312,1620107
2026-06-19,526.1355128272969,526.1355128272969,516.0521051717933,519.3466796875,1660399
2026-06-22,522.1420265071229,534.0225291133233,520.2451190540223,531.4267578125,1651719
2026-06-23,531.0773974585975,537.9161362937397,520.2451593181115,521.9423828125,1939150
2026-06-24,519.146981115126,529.929252382049,516.1519023779233,527.7328491210938,1345998
2026-06-25,529.5798135152606,533.6730631264426,519.6461242178465,521.6927490234375,1046702
2026-06-26,521.6927490234375,521.6927490234375,521.6927490234375,521.6927490234375,0
2026-06-29,520.4947348831344,522.8409164221038,511.16009732360095,512.9072265625,851636
2026-06-30,513.2066967622411,522.1420266130846,510.4113023058116,520.3948974609375,851082
2026-07-01,522.1420317184425,525.0372987157497,512.1584364656998,516.0520629882812,876099
2026-07-02,517.1502757792213,541.1109063172547,517.1502757792213,536.76806640625,2163827
2026-07-03,540.1125014235485,555.8366638956758,531.5765396971137,553.7900390625,4106068
2026-07-06,555.9864338982874,560.0297777151842,543.2073834589182,549.9962768554688,1983441
2026-07-07,551.6934995925793,554.08958704571,534.8711644319624,537.21728515625,1257210
2026-07-08,531.1272995604348,571.3611786747167,527.3335453220099,543.8563842773438,10130986
2026-07-09,547.2008557669623,571.0616738562995,547.2008557669623,568.515869140625,3209123
2026-07-10,574.0567393087676,588.0836787518278,568.7654458986669,584.888916015625,4488608
2026-07-13,579.0485187773618,590.2800633226122,571.0616426562947,588.1835327148438,2623045
2026-07-14,582.0436218610226,587.8840008967647,570.0633071743464,572.708984375,1367955
2026-07-15,564.0731441165443,583.640966865867,564.0731441165443,572.2597045898438,1138367
2026-07-16,574.7556131235416,584.8889261360952,570.0633109862109,573.0084838867188,1633835
2026-07-17,572.8087888360808,594.0239291633432,560.0797046397234,591.128662109375,4283442
2026-07-20,594.0239190158549,602.0107952379167,581.5444249188831,599.8143920898438,3798674
2026-07-21,602.0108172125063,610.9960532903049,597.1687977001498,607.8511962890625,3674074
2026-07-22,618.9829038178589,626.7201901155821,605.3552719646312,615.3388671875,7842106
2026-07-23,613.9911174438396,617.9346498160542,584.5395109973465,586.1868286132812,2847352
2026-07-24,579.2482099303024,590.679438704969,575.0550877286087,585.5877685546875,3000923
2026-07-27,587.0354447136671,618.5835836950137,585.3382212069098,615.8880615234375,4640775
2026-07-28,615.5884561072969,623.9747004554296,601.7612011192164,608.9494018554688,1921603
2026-07-29,610.9461652310131,619.9314015695965,606.4535470617215,612.393798828125,1555849
2026-07-30,612.8929705279071,614.8896896878806,601.7612368370411,608.5999755859375,3018560
2026-07-31,613.0999755859375,632.4000244140625,608.5,624.5,4084776
2026-08-03,626.0,641.7000122070312,621.1500244140625,626.1500244140625,2760905
2026-08-04,626.25,634.0,623.3499755859375,630.4000244140625,1481640
2026-08-05,633.5,639.0,624.2999877929688,628.2000122070312,1258171
2026-08-06,629.7000122070312,632.2000122070312,615.2999877929688,617.4000244140625,1198644
2026-08-07,616.9500122070312,627.2999877929688,613.5,615.9000244140625,1039127
2026-08-10,620.0,628.3499755859375,593.2999877929688,604.25,2698569
2026-08-11,604.7999877929688,613.0,597.3499755859375,606.25,1211984
2026-08-12,609.0,620.2000122070312,600.1500244140625,614.6500244140625,1700060
2026-08-13,614.0,631.4500122070312,606.0499877929688,627.0499877929688,2146807
2026-08-14,629.9000244140625,631.4500122070312,618.5,629.9500122070312,1472651
2026-08-17,629.0,634.4000244140625,622.75,627.5499877929688,1000410
2026-08-18,623.0,633.0,621.9500122070312,627.0499877929688,1119254
2026-08-19,627.0,640.5,621.0,631.5499877929688,4252327
2026-08-20,633.7000122070312,649.0,630.5499877929688,633.8499755859375,3857969
2026-08-21,637.0499877929688,642.9500122070312,623.0,625.0,1207841
2026-08-24,625.0,631.0,612.5999755859375,614.5999755859375,1020259
2026-08-25,614.0,616.4000244140625,609.0,613.1500244140625,821262
2026-08-26,613.1500244140625,617.6500244140625,598.25,606.3499755859375,1356485
2026-08-27,608.7000122070312,610.75,603.0,605.25,823699
2026-08-28,605.25,611.9000244140625,603.2000122070312,606.1500244140625,615598
