date,Close,High,Low,Open,Volume
2009-09-01,51.72537612915039,55.02312089771931,51.01481427429479,53.74774880615632,900851
2009-09-02,51.780029296875,54.20323438811592,49.64834063099018,49.64834063099018,1738699
2009-09-03,52.43594741821289,53.346925701997655,51.74360154351134,51.92579852194892,1075973
2009-09-04,51.48851776123047,52.873205955407386,50.37712663726577,52.836767227166014,591842
2009-09-07,52.30839538574219,52.90964096790237,51.56139490085263,52.83676351653767,612617
2009-09-08,51.65249633789063,54.239675830693045,51.01481197297616,53.16472011005374,650534
2009-09-09,51.397422790527344,52.83676912887138,50.32246705191315,51.051251555573934,433440
2009-09-10,50.24959182739258,53.12828463209531,49.37505236662977,52.217306440159206,737398
2009-09-11,49.24750900268555,50.97836828431469,48.68270215060864,50.796171353121885,289027
2009-09-14,48.24543380737305,49.44792503634801,47.953920682039694,48.82846005803975,221258
2009-09-15,50.12205505371094,52.47237959104453,48.2454373143524,48.646266651746856,1200407
2009-09-16,52.16264724731445,52.636354046814624,50.83261706643067,50.887275162042094,1380426
2009-09-17,52.89142608642578,55.16887306814095,52.47237740137307,52.8003292645015,1520588
2009-09-18,53.5655632019043,54.00283133885691,52.81855920001642,53.201169232875166,603979
2009-09-22,53.1464958190918,54.29432889121821,52.83676334758155,52.83676334758155,524362
2009-09-23,51.28810119628906,53.36513169129914,51.19700107780741,53.20115412139275,337488
2009-09-24,51.70714569091797,52.4723687819854,49.55723791725299,50.504654622240906,633269
2009-09-25,52.618125915527344,53.20115211332042,50.28602112435504,50.28602112435504,420564
2009-09-29,53.34691619873047,54.07569737425193,52.67279311574297,53.0371837035037,495455
2009-09-30,55.89766311645508,57.71961956138256,53.03718958148216,53.03718958148216,3875825
2009-10-01,55.2053108215332,57.13658654161295,54.713384687632505,56.48068282694472,2718186
2009-10-05,53.34691619873047,55.02311752831119,53.01896433932571,55.02311752831119,484473
2009-10-06,51.26988220214844,54.22145554250563,49.41148723247999,54.22145554250563,995099
2009-10-07,50.65041732788086,53.20115805410804,50.304246103823104,52.41771878497758,740424
2009-10-08,50.012733459472656,51.56139925701575,49.73943968956512,51.360982944629946,712313
2009-10-09,48.810245513916016,51.3609864385023,48.09968034213922,50.88727632398444,1174490
2009-10-12,49.44792938232422,50.17671391181089,48.46407373692847,49.33861318979176,496846
2009-10-13,49.33860397338867,49.33860397338867,49.33860397338867,49.33860397338867,0
2009-10-14,51.01481246948242,52.763891301002815,49.99451483232833,50.28602797091506,7750510
2009-10-15,50.960147857666016,53.929940454399535,50.1038278605565,51.56139676577346,12378786
2009-10-16,52.12620544433594,53.38335478610085,51.19700465690868,51.70715346094698,4085227
2009-10-20,56.71754455566406,59.68734107173392,55.84300831811211,56.51713151565078,9129437
2009-10-21,54.40365219116211,57.02727035388171,53.92994211715126,57.02727035388171,2560390
2009-10-22,53.00075149536133,55.89766379805262,52.6181381921521,54.56763352843278,2188064
2009-10-23,54.38542175292969,55.89764857922188,53.71129877054916,53.78417621638479,2128578
2009-10-26,52.8549919128418,55.36929415245046,52.12621066623718,54.658732271800886,1876421
2009-10-27,51.63427734375,52.836768624316285,49.39326906403952,52.836768624316285,2739941
2009-10-28,50.9965934753418,51.92579099180026,49.047098314316415,51.70715531022148,1521634
2009-10-29,49.52080535888672,50.832616150941135,48.30009469541181,49.55724739283918,631246
2009-10-30,47.75349807739258,51.37919395413028,47.00649765086403,50.10382213388566,719801
2009-11-03,42.74312973022461,47.35268235333093,41.90502895291424,47.35268235333093,949987
2009-11-04,46.24128341674805,46.78787097238629,43.50834563855679,44.82015643292881,1634090
2009-11-05,44.965919494628906,46.33238522655219,43.81808286092294,46.27772712594749,1163522
2009-11-06,48.8466796875,50.06739359113518,45.87689032655375,45.87689032655375,2731892
2009-11-09,50.28602600097656,50.77795543563333,48.64626342158795,49.81231923445609,1319896
2009-11-10,49.229286193847656,51.288100606528005,48.53694380487244,50.90548738254635,489142
2009-11-11,50.413570404052734,50.97837735664511,48.68271081439241,49.22929509684188,1087547
2009-11-12,50.88727569580078,53.87528796677943,49.95807814805671,51.03303392316127,3367895
2009-11-13,49.26572799682617,51.92578466881714,48.68270178641169,51.92578466881714,1126785
2009-11-16,51.70714569091797,51.92578133182302,49.484357167484326,49.484357167484326,1227819
2009-11-17,50.668643951416016,52.6910201013028,49.55725266320098,51.88935804891369,4015506
2009-11-18,51.81646728515625,52.10798038356583,50.30424040249354,50.97836671420362,927210
2009-11-19,51.06946563720703,52.59990864110872,50.32246184604745,51.0148075485321,1499330
2009-11-20,52.65457534790039,53.38335989545046,50.37713148428448,50.668641338262965,4410688
2009-11-23,52.47238159179688,53.51089535727204,51.780035777278826,52.83677221279511,1501144
2009-11-24,50.57753372192383,52.83676104202855,50.30423998790469,52.47237049806989,1032278
2009-11-25,50.74151992797852,51.54318190461344,50.50466487758625,50.88727484871151,2434687
2009-11-26,49.047096252441406,51.23344636791578,48.66448299971282,51.01481069552816,1621256
2009-11-27,46.80608749389648,49.08353440263744,45.5853769024212,48.09967554057606,2817390
2009-11-30,47.3526725769043,49.1564093254941,46.78786571976598,49.1564093254941,1693065
2009-12-01,48.24543380737305,49.13819254719388,47.55309137378168,48.09967559260591,1600833
2009-12-02,47.80816268920898,49.37504781027516,47.42555274299558,48.64626334145814,1267342
2009-12-03,47.225135803222656,49.15641148072612,47.02472280294841,48.28187211238131,1584105
2009-12-04,47.48020935058594,47.99035813239165,46.87896375210094,47.4073318972425,786311
2009-12-07,47.6259651184082,50.0673894179832,47.20691317477787,47.51664894400063,3958166
2009-12-08,49.101749420166016,49.33860443281545,47.82638085017757,48.75557823438635,1624510
2009-12-09,49.047096252441406,49.70299996540334,48.51872808758837,48.82846058005378,882006
2009-12-10,49.24750900268555,49.73943509976491,48.70092151330785,49.19284761038721,666436
2009-12-11,49.83053970336914,50.77795992864296,49.22929403189988,49.24751670164858,1563404
2009-12-14,50.35890197753906,50.74151521734523,49.41148516812542,49.921633951733085,1156553
2009-12-15,50.23136901855469,51.67071532224199,49.739439573033415,50.6321983381862,1572398
2009-12-16,50.06739807128906,51.63428002961,49.93985920823663,50.28603045789113,978985
2009-12-17,48.82846450805664,50.286030267559696,48.46407389423118,50.286030267559696,348598
2009-12-18,48.31831359863281,49.4661467916381,47.93570363569807,48.35475232803602,513330
2009-12-21,47.115821838378906,49.42970756585472,46.76965060832367,49.19285252291134,3765288
2009-12-22,47.206912994384766,47.917478037920645,47.04293873340001,47.48020673356,598395
2009-12-23,47.6259651184082,48.09967184504167,47.44376819019493,47.48020691499745,502548
2009-12-24,47.49843215942383,48.28187475229861,47.18869965604563,47.58953228691229,632753
2009-12-29,47.698848724365234,49.19285315509881,47.55309380634298,48.73736573207817,1122064
2009-12-30,47.8445930480957,48.46406122512389,47.461983168808,48.46406122512389,579263
2009-12-31,48.628047943115234,48.79202553583656,47.95392481524123,48.391196193030616,626789
2010-01-04,49.06531524658203,49.19285079372951,48.50050835795563,48.82846021196436,444952
2010-01-05,48.44585037231445,49.55724478812063,48.20899533717857,49.24751229731245,599891
2010-01-06,52.16264724731445,52.691015446627205,48.39119569551113,48.82846376460368,2929073
2010-01-07,50.9965934753418,53.110062919400455,50.46822528827686,52.89142723782168,1132000
2010-01-08,52.43594741821289,53.92995206795604,51.10591707528216,51.56140786927533,2576153
2010-01-11,53.87528991699219,55.36929445446186,52.50882094190351,52.87321156719339,3042632
2010-01-12,52.65457534790039,54.16680254062149,52.144429799236754,53.92994748006269,1468693
2010-01-13,52.50881576538086,52.80032889771453,50.46822383904518,52.39949957983111,505805
2010-01-14,53.9846076965332,54.25790149956587,52.6545774145474,52.90965185099131,1078124
2010-01-15,55.71546936035156,56.69932174174051,53.56555771910418,54.36721643882901,3040856
2010-01-18,56.02519607543945,57.664958782168725,55.16887599137433,55.16887599137433,1988256
2010-01-19,54.69516754150391,56.480685117283286,54.14857998904881,55.02311941213674,1123669
2010-01-20,56.00697326660156,57.02727088028894,54.69516582523321,55.02311768557529,1866000
2010-01-21,53.27404022216797,56.4078072940602,51.5614001166478,55.023119057056505,1791612
2010-01-22,52.56346893310547,54.07569254585756,50.55931592306992,51.014806595251,989579
2010-01-25,50.97837448120117,53.14650203536773,49.92163809938825,51.743594415988845,1317543
2010-01-27,48.48229598999024,51.52496323871247,47.88105028684869,51.52496323871247,690936
2010-01-28,48.06324005126953,50.7961778475727,47.48021376195168,48.86490202513187,666885
2010-01-29,49.26572799682617,49.95807038261811,46.7878649504643,48.46406613145609,1056579
2010-02-01,49.46615219116211,50.43179184255666,48.64627077749183,49.15641965322464,1352158
2010-02-02,46.89718246459961,50.28602364844912,46.1866206959606,50.06739129145298,985436
2010-02-03,48.73735809326172,50.10382345235273,47.261573258587056,47.735279972114384,1240695
2010-02-04,47.079383850097656,48.68270777817136,46.64211248636806,48.50051082591719,379719
2010-02-05,44.89303588867188,46.6421148228044,44.20069338298655,46.6421148228044,532140
2010-02-08,48.06324005126953,48.75558583496019,46.66033242306072,47.735288176553375,996603
2010-02-09,47.55309677124024,48.60982990539132,47.334461076374005,48.60982990539132,646191
2010-02-10,47.51665115356445,48.88311661400351,47.2251347331872,48.71914234476721,509525
2010-02-11,47.188697814941406,48.28187286854331,46.86074595970103,48.28187286854331,466607
2010-02-15,45.02057266235352,48.09967836772346,44.601520661896544,47.38911652931535,695106
2010-02-16,47.15225982666016,47.51665371971049,45.0570098105252,46.27772043090114,1027519
2010-02-17,48.37296295166016,48.82845359529444,47.46198496859207,47.88103688940768,935791
2010-02-18,48.82846450805664,49.848762191809385,48.11790264588693,48.46407389423118,620528
2010-02-19,46.95185852050781,49.01067032123388,46.66034201174123,48.500521387195086,413944
2010-02-22,45.94976806640625,47.99035996745682,45.62181620961967,47.73528556680038,251643
2010-02-23,45.65824890136719,47.0064981825322,45.2574196414427,46.16839763523508,350227
2010-02-24,45.36674880981445,46.20484959724694,44.89303866346521,45.54894247825535,226145
2010-02-25,44.56507110595703,45.87688157906448,44.32821611595983,44.45575494328153,303938
2010-02-26,44.78370666503906,47.298008140421786,44.63794847750079,44.82014538587356,927914
2010-03-02,45.09344482421875,45.84044860881311,44.82015107904528,44.82015107904528,449359
2010-03-03,45.23919677734375,46.13195870980002,45.07522252344806,45.07522252344806,551941
2010-03-04,45.58537673950195,46.241280442398114,45.29386361552579,45.54893470782915,752528
2010-03-05,46.20484924316406,47.188704957809655,45.913336071691134,45.913336071691134,747862
2010-03-08,48.06324005126953,48.64626634058739,46.7332131873763,46.7332131873763,1095051
2010-03-09,50.796180725097656,51.85291717342418,48.354755935150486,48.354755935150486,3945152
2010-03-10,50.35890197753906,51.67071266335866,49.64834019652904,50.97837024574885,1734123
2010-03-11,51.196998596191406,51.907563625742334,50.468217508868,50.63219176662551,1226379
2010-03-12,51.68893051147461,52.03510171013135,51.01480747702723,51.01480747702723,1308349
2010-03-15,50.86905670166016,51.74359615960209,49.35683284183996,51.74359615960209,483855
2010-03-16,50.23136901855469,51.17878587672072,49.84875906326092,50.86905337877796,417295
2010-03-17,49.502586364746094,50.61398084729039,49.3750508096612,50.46822592719337,298678
2010-03-18,49.77588272094727,50.65042219940629,49.37505336572903,49.55725032948348,316261
2010-03-19,49.13819885253906,50.41357100465203,48.82846632364049,49.90342214380684,198811
2010-03-22,47.97214889526367,49.33861795489855,47.73529381770009,49.01066604142648,198944
2010-03-23,47.44377136230469,48.75558206390702,47.00650333123783,48.42763021455666,309788
2010-03-25,50.06739807128906,51.03303435805187,47.370898927851314,47.370898927851314,844807
2010-03-26,49.08353042602539,50.65041210697749,48.82845604927493,50.65041210697749,215194
2010-03-29,48.919559478759766,49.466147030853264,48.57338824355417,49.04709833648883,262742
2010-03-30,48.66448211669922,49.24751166722084,48.099675234063454,49.010656635115375,233007
2010-03-31,48.48229598999024,49.04710296011732,48.30009902071649,48.828467257829104,147757
2010-04-01,49.59368515014648,49.90341765116083,48.82846192776932,48.82846192776932,253122
2010-04-05,50.24959182739258,51.70715759533059,49.739442982563965,49.92163994263168,586696
2010-04-06,49.90341567993164,50.75973569107556,49.73943810154199,50.75973569107556,193154
2010-04-07,51.54318237304688,52.80033179259876,49.666564622146495,49.92163903994855,3331659
2010-04-08,51.56139755249024,52.782108142429,51.06946812207874,51.16056494096942,973006
2010-04-09,51.1423454284668,52.290178559955066,50.83261294093829,51.743591039798666,367066
2010-04-12,49.81232452392578,51.48852270497628,49.52080806160251,50.777960827641984,304616
2010-04-13,49.739444732666016,50.77796182445053,49.55725107038898,49.95808043159981,549112
2010-04-15,50.74151992797852,52.071546796471694,50.12205490646098,50.12205490646098,795184
2010-04-16,49.739444732666016,51.17879118566136,49.11997967252139,50.83261992313364,488226
2010-04-19,48.974212646484375,49.903413374089446,48.700922202130826,49.33860651402394,497245
2010-04-20,49.63012313842773,50.50466253486252,48.48228997409451,49.338610006282806,1131936
2010-04-21,48.992435455322266,50.26780408279671,48.57338349770014,49.88519415539453,807916
2010-04-22,48.86490249633789,49.57546765190917,48.50051188805068,48.99244135696917,295526
2010-04-23,48.50050354003906,49.7029946533523,48.30008725308666,49.15640718290072,440797
2010-04-26,48.609825134277344,49.77587765351271,48.464070221473406,49.11997393749306,312154
2010-04-27,48.39118576049805,48.97420863152282,48.24542756459149,48.24542756459149,295702
2010-04-28,47.206912994384766,48.11789432776933,46.75142563189313,47.99035548724721,428969
2010-04-29,45.94976806640625,48.06323742358696,45.73113239381488,47.6441887466377,1029892
2010-04-30,46.36881256103516,47.55308763733681,45.967983284271966,46.47813203957104,688222
2010-05-03,45.51250076293945,47.37089918869886,45.14811014572827,47.37089918869886,897072
2010-05-04,45.58537673950195,46.8060873266145,45.25742488805388,45.7311316493896,783401
2010-05-05,44.82014846801758,45.18453900562083,41.905017558790526,45.18453900562083,573263
2010-05-06,44.72905731201172,45.27564483958831,44.018492204481774,44.82015413187417,259112
2010-05-07,43.74519348144531,44.45575850842085,43.0892898443914,44.45575850842085,399971
2010-05-10,45.03879165649414,45.53071780818856,44.091374778348175,44.091374778348175,509993
2010-05-11,44.43754577636719,45.239204428280615,44.18247136741253,45.18454633440484,618636
2010-05-12,44.43754577636719,44.82015573769864,44.07315187545993,44.78371700844813,2275287
2010-05-13,45.65824890136719,46.58744625678339,44.65617079525521,44.82014835407007,1190568
2010-05-14,44.073150634765625,45.9133295395215,43.72697941242968,45.9133295395215,389080
2010-05-17,43.61766052246094,44.45576113225129,42.01433675480962,43.72697670035503,183085
2010-05-18,42.43338394165039,44.4010980519486,41.94145458802574,43.4172393446993,1569829
2010-05-19,42.34228515625,42.97997272148065,41.74103961822722,41.90501717596093,364591
2010-05-20,43.016414642333984,44.091370267766045,42.6520207767701,42.94353388670076,584064
2010-05-21,41.15801239013672,42.72489726462376,40.59320558955192,42.72489726462376,445846
2010-05-24,39.59114456176758,42.41517954490208,39.35428948185927,42.08722432398193,714448
2010-05-25,37.07682800292969,39.59112947884095,36.73065685072893,39.35427448916665,297123
2010-05-26,38.060691833496094,38.62549874042258,36.1658581035628,37.532323655506666,1180701
2010-05-27,39.17208862304688,40.0830668134989,38.37042662593665,38.80769800770632,591531
2010-05-28,41.21268081665039,41.504193970624726,39.57292139067051,39.88265391025566,793218
2010-05-31,38.80769348144531,41.68638594570757,37.987812214403405,41.21267588807424,958946
2010-06-01,38.37042999267578,40.1923898376454,38.26111378974225,39.08099522434834,620512
2010-06-02,37.49589157104492,39.208531959782086,36.73067151936346,38.58906684967743,837935
2010-06-03,37.149715423583984,38.716600665887206,37.02217986637849,38.078912967256166,613435
2010-06-04,37.550540924072266,38.11534774977448,36.89463398492739,37.16792771685429,699591
2010-06-07,36.69422149658203,37.14971219831634,36.07475652124802,36.47558913178242,441282
2010-06-08,36.80354690551758,37.36835388053902,36.58491120133476,36.80354690551758,373612
2010-06-09,38.5526237487793,38.989895132398544,37.16793543958666,37.16793543958666,2127171
2010-06-10,37.80562210083008,39.08099087664451,37.6052057802131,38.98989405100095,499674
2010-06-11,37.80562210083008,38.42508712360858,37.40478945959612,38.1335706731469,523283
2010-06-14,37.93315887451172,38.88057580422343,36.94929990917153,38.07891380022063,1024902
2010-06-15,38.8987922668457,40.73897119599345,38.09713032267248,38.2611079060583,5017161
2010-06-16,39.66401672363281,40.611433612287264,38.80769665959867,39.4818197701911,1889233
2010-06-17,37.91493988037109,39.973751355595,37.71452355135597,39.71867692890337,1650240
2010-06-18,38.49796295166016,38.80769544991555,37.9331560482178,37.9331560482178,814866
2010-06-21,39.244964599609375,39.7186746945601,38.27932834904177,38.98989349146786,697067
2010-06-22,39.5546989440918,39.71867322181699,38.09712998355084,38.989892045747496,586173
2010-06-23,42.56092834472656,42.99819970674618,39.88265199100993,39.88265199100993,5318285
2010-06-24,43.34436798095703,43.85451676707541,42.63380289224911,42.81599983134877,3479229
2010-06-25,43.14395523071289,43.654104058835415,42.724906531741546,43.43546837475417,1202482
2010-06-28,44.164249420166016,44.382881782884,42.88887744997348,43.180390571131646,1443786
2010-06-29,42.87065887451172,44.96591215601665,42.6338038396789,44.16425023204438,1197405
2010-06-30,42.6338005065918,43.12572990169343,41.72282247047073,42.797778073025896,727277
2010-07-01,43.28970718383789,43.65409773505318,41.54062857296372,42.96175535732407,746402
2010-07-02,43.14395523071289,44.01849466283674,42.99820031079281,43.3079328198241,768081
2010-07-05,43.052860260009766,43.36259278238095,42.67024697033851,43.14395708888327,186434
2010-07-06,43.52656173706055,43.72697472079351,42.85243542462968,43.49011970854485,274929
2010-07-07,43.4901237487793,44.36466312618788,42.72490385867236,43.36258820182845,766439
2010-07-08,44.80902862548828,45.30690765026127,44.25583045222123,44.25583045222123,819642
2010-07-09,44.45867156982422,45.32534827951353,43.99767196809367,45.21470663613327,633939
2010-07-12,44.20050811767578,44.95654311425802,43.887029621308976,44.255827262182336,241301
2010-07-13,45.306907653808594,45.65726560512829,43.702632282375895,44.53242954234143,917039
2010-07-14,44.73526763916016,47.20621624134372,44.403349419774536,45.71258258202688,1021600
2010-07-15,45.15939331054688,45.731031285216176,44.7905955880981,44.90123390158361,2248412
2010-07-16,45.36222839355469,46.02606488714834,44.809030200838855,45.528185844871416,626979
2010-07-19,45.01187515258789,45.45443174669555,44.62463771472323,44.88279377719052,244403
2010-07-20,45.306907653808594,46.13670491377414,45.01186885098728,45.01186885098728,647909
2010-07-21,45.36222839355469,45.87854715264458,44.99343071313192,45.54662890584776,250058
2010-07-22,44.86435317993164,45.36223226469679,44.550874623196016,45.343792546310205,283272
2010-07-23,44.56931686401367,45.65727368705056,44.2927177283969,45.3622348320036,303064
2010-07-26,43.62887191772461,45.14094531217742,43.33383312504691,44.67994907971028,203812
2010-07-27,43.57356262207031,44.495558639609015,42.90972602450866,43.64732150087407,808579
2010-07-28,43.33383941650391,44.05299845915923,43.149438890246834,44.05299845915923,262580
2010-07-29,43.02035903930664,43.66575583760496,42.67000106401585,43.35227729716968,302750
2010-07-30,44.2927131652832,44.97499274640231,42.74376017190347,43.02035927902451,419746
2010-08-02,44.12675476074219,45.54662970094412,43.88703509382548,45.17782866991991,496651
2010-08-03,44.27427291870117,44.99343192628776,43.92391494564469,44.62463423592112,251646
2010-08-04,43.481353759765625,44.58774671314901,43.241634116075474,44.58774671314901,257203
2010-08-05,44.05299377441406,45.95230461297915,43.62887361237426,44.2927100856433,1580499
2010-08-06,42.633113861083984,44.606186830257954,42.430276990426485,43.88703123687328,883206
2010-08-09,46.689903259277344,47.15089950929397,42.92815767339147,43.07567540326455,3494328
2010-08-10,46.04450607299805,47.64878155189058,45.63882894600633,47.64878155189058,2160007
2010-08-11,48.718299865722656,49.95377434193762,45.47286938467505,46.09982648173448,9924552
2010-08-12,48.9026985168457,50.08285387487439,47.77786231419392,48.6814185511744,6915945
2010-08-13,50.802005767822266,51.92684181195276,48.10977381058792,48.976453832674345,4126614
2010-08-16,50.59917449951172,53.254524150558055,49.12398024893042,51.35521301600629,4797167
2010-08-17,51.373653411865234,52.00061055860062,49.78781748149801,50.525416288586825,1715644
2010-08-18,51.65024948120117,52.2218874359166,50.63605159966442,52.00060747250593,1903871
2010-08-19,51.779327392578125,52.332525627778125,50.30413321343267,52.00060735549085,2499248
2010-08-20,52.11124801635742,52.9226056875404,50.70981264688932,51.63181197660312,1232540
2010-08-23,52.14812469482422,53.29140059277046,51.70556811661216,52.55380518102916,840372
2010-08-24,50.543853759765625,52.62756536446656,50.156616326162485,52.36940596067657,735401
2010-08-25,49.10553741455078,50.54385213564127,48.73673971134295,50.4516535458802,647189
2010-08-26,48.718299865722656,50.15661458304398,48.386378255125486,48.386378255125486,544760
2010-08-27,47.90694808959961,50.709815650383206,47.27999091605807,48.97646523514928,1253736
2010-08-30,47.0587043762207,48.84737704697141,46.523945877921314,48.44169991593231,1146586
2010-08-31,46.92961883544922,47.57501892602739,45.3622262592753,45.3622262592753,760272
2010-09-01,48.77362060546875,49.01334029017817,46.02606910680768,47.98070267732641,702655
2010-09-02,50.91265106201172,51.5949306751259,47.98070239553484,49.197737186274125,1329462
2010-09-03,50.89420318603516,51.52116019930817,49.8800088043672,51.2630008389905,738052
2010-09-06,51.33676528930664,52.36939943156,50.96796427606456,51.55804522841924,1476292
2010-09-07,50.1934928894043,51.70556644431671,49.99065265286222,51.631807574360856,471986
2010-09-08,52.14812469482422,52.55380518102916,48.12822267809062,49.06865833293438,1994168
2010-09-09,52.2772102355957,53.03324876989308,51.705572241024576,52.6275682513281,1282135
2010-09-13,51.65024948120117,53.27296140983089,51.4474092360611,53.27296140983089,1084982
2010-09-14,50.89420318603516,52.074358350822735,50.54384524851943,52.074358350822735,424664
2010-09-15,51.26301193237305,53.18076616223893,50.56229590570573,51.189253054653086,908441
2010-09-16,51.07860565185547,53.40203664003692,50.894205146194174,51.521162183614045,1718846
2010-09-17,50.37789535522461,51.85309297425498,50.1750584415431,51.59493355813287,636060
2010-09-20,51.52117156982422,51.85309320931723,49.990658129742734,50.52541668383676,980620
2010-09-21,51.22612380981445,52.664438402354136,50.83888642326413,52.03748135968665,1345050
2010-09-22,50.93109130859375,51.77932839606168,50.54385387411454,51.28144930590005,756186
2010-09-23,50.94952392578125,51.63180345087424,50.47008796519406,51.26300244222168,432534
2010-09-24,50.94952392578125,51.41052351451535,50.21192859680255,50.21192859680255,341289
2010-09-27,50.5254135131836,51.63180999095961,50.34101298549971,50.949530379443786,924092
2010-09-28,50.857330322265625,51.02329112681544,49.88001524527806,50.52541205732954,537667
2010-09-29,50.93109130859375,53.77084141254448,50.61761274846035,50.85733243424794,6316929
2010-09-30,51.90840530395508,53.107000285598126,51.00484579430943,51.07860800647219,2733582
2010-10-01,53.69708251953125,55.46731556819751,51.63181062942062,51.63181062942062,6244106
2010-10-04,53.95524215698242,56.57371230413741,53.40204390886312,54.36091931166019,4585855
2010-10-05,54.39780044555664,55.26447728208527,53.10700672246302,53.54956332826285,1306399
2010-10-06,54.766597747802734,55.6885936785548,53.660201293234834,54.766597747802734,2049871
2010-10-07,54.8403549194336,55.37511341217306,54.02899732162763,54.58219553176063,1029076
2010-10-08,54.85879898071289,55.22759670194959,53.66020387857082,54.582199853744434,1068913
2010-10-11,56.44463348388672,61.03617687254531,55.70703471532505,57.3113069370971,3186788
2010-10-12,54.82191848754883,56.94251286820159,54.58219880290286,56.7765487133865,1654911
2010-10-13,54.877235412597656,55.577951375393134,54.58219658444742,55.30135226499207,819406
2010-10-14,54.34248352050781,55.31980205676229,54.04744465646502,54.67440182453547,1477816
2010-10-15,52.79352951049805,54.526883228181205,52.48005093127142,54.30560324750244,680164
2010-10-18,51.24456787109375,52.99636447766352,50.45165331445855,52.99636447766352,787095
2010-10-19,49.93532943725586,51.70556223713688,49.52964899718111,51.57648088105375,547089
2010-10-20,49.21618270874024,49.9353418434554,48.57078580046841,49.9353418434554,730802
2010-10-21,49.75093460083008,51.26300820496337,49.27149858634699,49.47433548532832,1440688
2010-10-22,51.07860565185547,51.41052388671521,49.56652886259195,49.97220930621416,828912
2010-10-25,52.24032211303711,52.70131836947961,50.91264580485648,51.26300376235198,818280
2010-10-26,51.57648849487305,52.36940643192281,51.31832908876002,52.36940643192281,308460
2010-10-27,50.41477966308594,51.46585373462698,50.15662023915552,50.967974606749465,245936
2010-10-28,48.73674392700195,51.263012258282345,48.4970242287242,51.263012258282345,816739
2010-10-29,47.777862548828125,49.0502198495638,46.8558665888608,48.92113847555344,1475821
2010-11-01,49.32682037353516,49.67717838009484,47.8885055649857,48.036023317573445,811032
2010-11-02,48.33106231689453,49.49277799878324,47.42750604699929,49.49277799878324,602265
2010-11-03,48.570777893066406,49.787812629195535,48.42325680836046,48.82893728317918,442537
2010-11-04,48.939571380615234,49.30837238858773,48.53389428484136,49.05021302067227,358076
2010-11-08,49.84313201904297,51.631804576602434,49.45589128593108,51.631804576602434,659818
2010-11-09,48.82894134521485,51.13393298624865,48.68142024823676,50.10129533989337,1623916
2010-11-10,49.714054107666016,50.63605002501453,48.86581706110614,48.97645871145262,799620
2010-11-11,51.170806884765625,53.10700058999001,49.787811381033926,50.06441048178026,3713589
2010-11-12,50.562294006347656,52.73820757065968,50.39633319354817,51.5211694131788,1302862
2010-11-15,49.03178024291992,51.98216865921452,48.33106090394765,51.63181066181023,1500949
2010-11-16,47.00339126586914,50.43321596343762,46.70835240241358,49.05022359010237,974224
2010-11-18,46.80054473876953,48.681415987516026,45.915428266859976,47.39062238670923,493327
2010-11-19,46.1735954284668,48.31262642628023,45.36223768992927,47.15091065233179,487537
2010-11-22,46.56082534790039,47.2062221521938,46.099825719597376,46.72678615045525,442870
2010-11-23,45.74946594238281,46.41330578233949,44.25583215476621,46.099823907153535,550222
2010-11-24,44.624637603759766,45.989190164348685,44.32959541620336,45.399112477563285,222743
2010-11-25,41.8770866394043,44.91967370780709,41.71112582468971,44.80903539410654,622156
2010-11-26,38.68696975708008,42.2089954128199,36.87985764222346,42.13523655364119,1224627
2010-11-29,38.7791748046875,40.18061008384793,37.63589891991164,38.68697621532285,1106956
2010-11-30,41.01041030883789,41.30544915974686,37.8018623871824,38.77917753576716,1956663
2010-12-01,43.00192642211914,43.333844734786695,41.02885292242221,41.02885292242221,725014
2010-12-02,45.95231246948242,46.09983022469087,43.14944167888349,43.99767880382359,1375479
2010-12-03,42.098365783691406,46.37643065850063,41.8586460978872,46.26578900281055,1571452
2010-12-06,41.41608047485352,43.70263201897834,40.9366445132605,42.46715766664097,1291809
2010-12-07,41.63735580444336,41.96927400086921,40.43876101684221,41.821756288752326,245092
2010-12-08,39.16641616821289,41.63736870948063,38.65010067161471,41.268570970720816,970618
2010-12-09,38.225982666015625,41.6004917039698,37.61746519100161,39.46146068101641,3050880
2010-12-10,38.81605911254883,39.60897711310098,37.63590364389631,38.35506276369868,1254827
2010-12-13,41.13948059082031,41.48983853322344,38.06001462781632,39.14797123058256,719618
2010-12-14,42.098365783691406,42.33808546949562,41.121047321886834,41.545167537732056,488970
2010-12-15,40.43876647949219,43.29695597948254,39.88556829599965,42.41183955472714,2886450
2010-12-16,41.69268035888672,42.41183933130385,39.27705075608112,40.56784428132168,750213
2010-12-20,40.51252365112305,42.37495834943056,40.19904513947661,40.56784279832598,419126
2010-12-21,40.36500930786133,41.30544492160974,40.0515307699452,40.89976779729575,434493
2010-12-22,40.12528610229492,41.452959006052495,39.830247307664,40.6047220534682,1866444
2010-12-23,39.55364990234375,40.19904666587735,39.09265030315501,39.92244757519676,250460
2010-12-24,39.05577850341797,39.424576248349474,38.83449851879348,39.27705848804246,317031
2010-12-27,39.24016952514648,39.53520831832436,39.12952788760282,39.44300974050725,235800
2010-12-28,38.88982009887695,39.590536132011074,38.39194098134468,39.24017811544402,275426
2010-12-29,38.94513702392578,40.10685266876006,38.74229677579424,38.797615931421845,450236
2010-12-30,39.443016052246094,40.752249443407294,38.98201640106434,39.0926547121494,786458
2010-12-31,39.53521347045898,40.08841169777936,39.18485548493304,39.64585177825763,862761
2011-01-03,40.457218170166016,40.86289539751974,39.904019822942736,40.457218170166016,1752809
2011-01-04,40.457218170166016,41.58205458657572,40.30969705029647,40.586299568072405,1981094
2011-01-05,38.35506057739258,40.89977191568302,38.00470256963813,40.82600969497384,3628275
2011-01-06,36.71390151977539,38.83449239916917,36.547940721418506,38.55789329801664,3015210
2011-01-07,37.04582977294922,37.801868411971085,36.65859226446522,36.87987227395507,958944
2011-01-10,36.87985610961914,38.06001118408732,36.695455625172414,37.06425324990301,936379
2011-01-11,37.13802337646485,38.07846245396341,36.21602736275453,38.07846245396341,978697
2011-01-12,38.539459228515625,38.87138087386971,36.3266694391932,37.24866546342454,1301752
2011-01-13,37.11958694458008,38.65010039189599,36.84298446230717,38.2628629362089,921508
2011-01-14,36.69546890258789,37.875624404068326,36.51106835142004,37.24866721192736,1884655
2011-01-17,36.45574188232422,37.04581951479242,34.88834921613163,36.695461547545065,1302763
2011-01-18,36.677024841308594,37.04582255583448,36.17914575299226,36.40042571937326,373446
2011-01-19,36.58482360839844,37.00894383080185,36.16070673015877,36.84298301678231,358273
2011-01-20,36.34511184692383,36.84298766344744,36.086952405980696,36.40043101051932,297530
2011-01-21,35.902549743652344,36.51106719583317,35.7181525424848,36.234468049917886,234531
2011-01-24,36.03162384033203,36.64014116942493,35.902542481460735,35.95786163062131,195421
2011-01-25,38.26285934448242,38.650096763819626,35.994747293728324,36.142265036651615,3057072
2011-01-27,36.87985610961914,38.68696814937818,36.695455625172414,38.68696814937818,468830
2011-01-28,37.17490005493164,37.78341739093164,34.72238765017216,36.84297846787407,817528
2011-01-31,37.2117919921875,37.43307200986021,36.32667526566108,36.60327445171087,651931
2011-02-01,37.17490005493164,37.59901688080669,35.423106913316296,37.10113784438367,460389
2011-02-02,36.97206115722656,37.61745794961863,36.62170318514202,37.58057851510063,639010
2011-02-03,38.29973983764648,38.53945617651526,36.87986480199008,37.06426198573529,1589573
2011-02-04,37.8203010559082,38.42881845999635,37.138021433018686,38.17065905460082,931876
2011-02-07,37.32241821289063,38.3181762970807,36.99049996621506,38.3181762970807,535370
2011-02-08,37.00894546508789,37.98626064099851,36.69546688624245,37.24866516518473,2387215
2011-02-09,35.79191207885742,37.65434390976344,33.43160110734721,36.28979121946162,3404214
2011-02-10,33.781951904296875,35.79190441248681,32.454275595119164,35.79190441248681,690449
2011-02-11,34.86991500854492,35.33091135065583,33.56067817355586,33.56067817355586,346150
2011-02-14,34.81459426879883,35.77347312977385,34.66707650198058,34.74083538538971,492091
2011-02-15,34.39047622680664,35.57063169963561,34.1323167991048,35.10963534915404,319316
2011-02-16,34.55644226074219,35.03587840372529,34.09544249662607,34.48268002445175,214314
2011-02-17,34.722389221191406,35.51530710319203,32.67555717726495,34.6670700689,1974433
2011-02-18,27.973377227783203,34.75927259999596,27.788978360474044,34.48267346299125,17913293
2011-02-21,28.563453674316406,29.50388930571499,24.377589282923392,28.02869517484559,14808993
2011-02-22,28.34217643737793,29.4670126970968,26.92230132318348,26.92230132318348,3237555
2011-02-23,28.305294036865234,29.135091355282704,27.40173617650584,27.64145584771491,2898775
2011-02-24,27.03293800354004,28.39749212048502,26.18470098270328,28.305293534795183,2043346
2011-02-25,26.00029945373535,28.69252797527576,25.447101308407955,27.659892217636003,1492163
2011-02-28,27.881175994873047,28.15777343365215,26.00030304426816,26.00030304426816,1980340
2011-03-01,28.876934051513672,29.116653740030426,28.01025723559233,28.02869695438872,1448022
2011-03-03,28.545015335083008,28.950692486600264,27.899616826611307,28.692533083211583,932682
2011-03-04,29.57765007019043,30.020210009871857,28.43437412753777,28.950692942444853,1840915
2011-03-07,29.26417350769043,29.50389321273196,28.54501773672981,29.319496012056906,380624
2011-03-08,28.15777587890625,29.8726898463361,27.95493729363169,29.153534102143627,772279
2011-03-09,29.11665344238281,29.31949369123324,28.065576105078616,28.065576105078616,603378
2011-03-10,28.63721466064453,29.430132609621705,28.3974949696362,29.13509376164924,551275
2011-03-11,28.120893478393555,28.89537164332368,27.65989552617233,28.60033282013556,418607
2011-03-14,28.39749336242676,28.65565275781212,27.65989628424129,27.752096546045145,1220495
2011-03-15,27.475500106811523,28.04713810705105,27.29110123733869,28.02869838731196,274416
2011-03-16,28.6187744140625,28.84005438200344,27.4754984812253,27.4754984812253,663122
2011-03-17,28.41593742370605,28.7662954623652,28.065579385046902,28.7662954623652,204454
2011-03-18,28.452810287475582,28.84005102230181,28.08401261331265,28.76628881213858,185730
2011-03-21,29.743608474731445,30.462764138266,28.489694320792506,28.489694320792506,1236455
2011-03-22,31.88264274597168,32.97059956877453,29.928012421808408,30.241490996218136,2390705
2011-03-23,32.10391998291016,32.60179905324784,31.86420030666744,32.45427796626633,2038704
2011-03-24,31.735126495361328,32.34364395360891,26.77478321163169,32.06704480493601,961349
2011-03-25,31.45852470397949,32.23299957987178,31.200365297294155,32.06704211110788,495103
2011-03-28,31.29256057739257,31.716680752094224,31.01596148124557,31.20036199339804,314286
2011-03-29,30.149290084838867,31.69824663453829,29.872690939832825,30.979087519857,627628
2011-03-30,30.278364181518555,30.96064034770256,30.149282828030973,30.407442190842985,306206
2011-03-31,30.886886596679688,31.53228343843439,30.241489754924988,30.57340803513701,463778
2011-04-01,31.69824409484864,31.901080999214702,29.872688546408195,29.909567983565665,318564
2011-04-04,31.606033325195312,32.08547256258607,31.274115139372004,31.274115139372004,449107
2011-04-05,33.17344284057617,33.59755977007611,31.642929268326288,31.642929268326288,1478210
2011-04-06,34.42734146118164,34.648621357068926,33.19186733740175,33.523785509151374,818555
2011-04-07,34.593318939208984,34.998996157610435,33.80040087979808,34.667077825433935,572526
2011-04-08,34.31671524047852,34.96211209805627,33.7450772593865,34.85147378332766,290579
2011-04-11,33.74507522583008,35.92098536018036,33.59755413758479,35.77346761609866,389198
2011-04-13,34.04011535644531,34.26139198100736,33.228757700560024,33.28407685670054,217195
2011-04-15,34.09543991088867,34.66707796984168,33.80040102059564,34.18763851905392,432432
2011-04-18,33.91103744506836,34.29827826593336,33.652878012546374,34.29827826593336,817203
2011-04-19,34.22451400756836,34.51955286376871,33.57911713666081,33.57911713666081,234044
2011-04-20,34.537994384765625,34.851472946466465,34.18763304154377,34.298274697779405,248672
2011-04-21,33.63444137573242,34.85147976753888,33.35784219725337,34.611760033635115,667235
2011-04-25,34.537994384765625,34.851472946466465,33.91103391720024,34.00323585475722,277420
2011-04-26,34.37203598022461,35.47843255510083,34.09543683650556,34.66707484391401,396123
2011-04-27,33.892601013183594,34.667079385899775,33.19188487417684,34.44579937310024,293258
2011-04-28,32.694000244140625,34.16919451052674,32.509599706780925,34.16919451052674,201500
2011-04-29,32.39896011352539,33.17343832690552,31.0159644982622,32.546477862266165,693004
2011-05-02,31.790441513061523,33.468475906703766,30.72092449835969,32.528040261447096,141876
2011-05-03,31.56916046142578,32.30675918428084,30.647164565979537,31.882638998994235,214649
2011-05-04,30.62872886657715,31.513845443614173,30.444328325632977,31.089728546855632,167522
2011-05-05,29.00601387023925,30.610289569351654,28.120897280986743,30.610289569351654,558373
2011-05-06,28.379056930541992,29.485453511972644,28.06557834502517,29.393254911574743,370177
2011-05-09,29.46701431274414,29.79893262420744,28.1208980023214,28.1208980023214,567860
2011-05-10,29.09821510314941,29.503892275917327,28.674094866735643,29.15353426159542,325463
2011-05-11,29.079776763916016,29.485453955939075,28.5818976259428,28.5818976259428,242836
2011-05-12,27.91805648803711,29.393252359206407,27.364858245358853,29.07977380091055,165423
2011-05-13,28.176219940185547,28.471255460731285,27.346420834076817,28.04713855578284,529233
2011-05-16,26.64570045471192,27.807416077646334,26.38754272790123,27.807416077646334,470529
2011-05-17,26.590381622314453,26.9960604437636,25.981864226181653,26.313782501875576,871963
2011-05-18,24.064111709594727,26.737900970615343,23.76907119944053,26.737900970615343,2550899
2011-05-19,23.3818359375,24.875469984721818,23.10523679215048,24.06411394083428,1029281
2011-05-20,23.65843391418457,24.248509943811484,23.0499148212257,23.58467336543002,1236265
2011-05-23,23.234315872192383,23.769072756170747,22.38607873915948,23.769072756170747,2391976
2011-05-24,23.19743728637696,23.769073630537445,22.957717578893977,22.957717578893977,359445
2011-05-25,22.81019592285156,23.2158730731157,22.5151570833421,22.95771534260629,1778622
2011-05-26,23.06835174560547,23.45559081746761,22.20167668929216,22.588914089072603,1158169
2011-05-27,25.77902603149414,27.696778512334777,23.0867953331757,23.14211448924618,3992320
2011-05-30,25.15206718444824,26.332222554872256,24.39603035928059,25.52086657374668,1448844
2011-05-31,25.354904174804688,26.074061517656663,25.09674645774331,25.613063563947804,704780
2011-06-01,25.889663696289062,27.91805611063452,25.11518717025816,25.354905179318155,3846212
2011-06-02,25.85278511047364,26.44286280154733,25.26270741939993,25.815905672802,991398
2011-06-03,26.166259765625,26.627257683893323,25.6683824151948,26.184699481705938,916131
2011-06-06,26.1478214263916,26.369099703096182,25.815903175293883,26.369099703096182,795992
2011-06-07,26.996057510375977,27.21733577943392,25.705262312612767,26.147820522810296,1114015
2011-06-08,26.553503036499023,27.125141014115727,26.276903907195333,26.99606130896855,269017
2011-06-09,26.203140258789062,26.848538708163108,25.87122201172909,26.737898735115888,349088
2011-06-10,26.701021194458008,27.2357780366153,26.4613015145408,26.55350177729706,853087
2011-06-13,26.71946144104004,27.03293999969668,26.184702916224698,26.571942020961515,344424
2011-06-14,26.81166076660156,27.06981848863621,26.64569996175402,26.885419638016668,309351
2011-06-15,26.774778366088867,27.069817181667965,26.240021557902818,26.922297773878416,1718188
2011-06-16,25.576181411743164,26.369097540350097,25.447101730885,26.369097540350097,828727
2011-06-17,25.354904174804688,25.90810238808801,25.115186175241856,25.63150328144635,329100
2011-06-20,24.19318962097168,25.81590489459001,24.008790766090257,25.35490524926373,316299
2011-06-21,22.883953094482425,24.50666659108015,22.64423342818166,24.50666659108015,462504
2011-06-22,21.519399642944336,23.19743401448188,20.13640409804177,22.865514080456208,1773259
2011-06-23,21.777557373046875,22.33075387672752,20.76336127484325,21.39031831559696,720214
2011-06-24,22.57047462463379,22.82863400876324,21.888196730029307,22.22011665480219,567836
2011-06-27,22.275440216064453,22.64423797604692,21.09528470878931,22.4782788168466,398536
2011-06-28,22.20167732238769,22.93927438119506,22.12791678046609,22.93927438119506,350754
2011-06-29,22.84707260131836,23.049911151960625,22.404514395486625,22.60735294612889,2289561
2011-06-30,23.47403144836425,23.89814997060776,22.88395379517012,23.142113186463,1427194
2011-07-01,23.10523223876953,23.89814840631692,22.88395229726508,23.89814840631692,591521
2011-07-04,26.1478214263916,27.19889700292219,23.344952664949464,23.49247207344641,4870920
2011-07-05,25.594623565673828,26.44286059379213,25.244265592881447,26.00030236243672,1428601
2011-07-06,25.81590461730957,26.424422002339647,25.5393038298356,25.797463227145865,633783
2011-07-07,27.60457801818848,27.862737421876403,25.81590525507411,25.81590525507411,1723063
2011-07-08,27.75209617614746,28.600333222775348,27.06981826088907,27.65989591557251,3929606
2011-07-11,28.176219940185547,28.581897125099893,26.95918336919658,27.84429996332566,1420888
2011-07-12,31.21880340576172,31.97484186806928,27.844296590405413,28.028695440491312,7778068
2011-07-13,32.214561462402344,32.45427779320321,30.647165388338507,30.97908365207248,3659697
2011-07-14,33.025917053222656,33.37627504872788,31.34788260549952,31.62448172703809,2727784
2011-07-15,30.868446350097656,32.9890373699526,30.389006984566496,32.306761102527496,1983973
2011-07-18,31.606033325195312,31.8273132304651,28.48968831464367,29.85424048478808,1392049
2011-07-19,31.88264274597168,32.74931959149595,31.532284732709496,31.95640496784044,1049405
2011-07-20,31.49540901184082,32.288327073262906,31.36632761645552,32.288327073262906,396227
2011-07-21,30.333690643310547,31.864204129483458,30.05709149817916,31.679806928838502,389712
2011-07-22,31.90108108520508,32.196119927423794,30.425886874111523,30.425886874111523,702127
2011-07-25,31.827322006225582,32.491158560912126,31.366322355148792,32.17768000207883,1883542
2011-07-26,30.407445907592773,31.77200175091573,30.24148844674755,31.77200175091573,292600
2011-07-27,30.850004196166992,31.32944017968352,29.65140587696721,30.31524571779249,912449
2011-07-28,30.647159576416016,30.88687920592003,30.241482518598925,30.610280147902,243994
2011-07-29,30.13084602355957,31.10816442237968,29.87268663580502,30.61028536426994,984183
2011-08-01,30.057085037231445,31.2741196765352,29.68828737105281,30.610283208581013,204975
2011-08-02,29.2272891998291,30.13084536514388,28.8584915157373,29.70672853006282,503901
2011-08-03,29.282609939575195,30.038648409938222,27.733656907018943,27.733656907018943,328505
2011-08-04,27.21733665466309,30.03864679846879,26.203140514669983,29.5038883169199,877318
2011-08-05,26.40598487854004,27.08826120292865,25.115189437254983,25.871226313299697,477943
2011-08-08,25.594623565673828,26.03718179702924,24.064110309267026,24.74638653755553,376025
2011-08-09,25.07735252380371,26.13165538170801,23.83478172520792,24.474893747858395,694858
2011-08-10,25.133834838867188,25.83042850650535,24.719643963321094,25.792775256137304,1298168
2011-08-11,24.81377410888672,25.1338300908857,24.380756689957057,24.88908230256236,479702
2011-08-12,23.910085678100582,24.96438842398209,23.721817757413127,24.8702536100556,347752
2011-08-16,22.2344970703125,24.66315848165275,21.87678615162878,24.66315848165275,847063
2011-08-17,20.502426147460938,21.952092935885563,20.05058215320506,21.952092935885563,2698651
2011-08-18,20.991924285888672,21.83913245182107,20.370638980404426,20.370638980404426,671701
2011-08-19,21.368465423583984,21.632039862365342,20.031759777327416,20.031759777327416,440281
2011-08-22,22.290979385375977,22.535727191227185,21.08606185759873,21.27432979452251,315895
2011-08-23,23.23232078552246,23.345282230583653,21.914441812250345,22.178017948337903,342304
2011-08-24,24.41840934753418,25.75511301489866,22.78047464091773,23.68416263717747,1423355
2011-08-25,24.587854385375977,25.566849010462565,23.91008743117587,24.8326021880648,592672
2011-08-26,22.554553985595703,24.794947574650504,22.2909778675503,24.625506272240045,385238
2011-08-29,24.098350524902344,24.39957984244493,22.629857175090937,22.629857175090937,514795
2011-08-30,24.587854385375977,25.002045206989063,24.09835536566704,24.92673700889321,486004
2011-09-02,23.98539352416992,24.81377338752687,23.420588063101484,24.58785222739879,547686
2011-09-05,24.00422096252441,24.30545032439484,23.326454044733183,23.79712470926003,342782
2011-09-06,25.00204086303711,25.284441862125583,23.326451244975683,23.9853914619564,403863
2011-09-07,25.811599731445312,26.357578644970253,24.343106017745328,25.00204638013159,2037114
2011-09-08,24.719635009765625,26.018687041433875,24.53136711895096,25.92455224244392,1305898
2011-09-09,24.07952690124512,24.719638853856395,23.797124167524725,24.719638853856395,403235
2011-09-12,24.136005401611328,24.47488968723057,23.345278816163937,24.47488968723057,717621
2011-09-13,24.02304649353028,24.47489051582089,23.64650895470536,24.173661167627145,421541
2011-09-14,24.00422096252441,24.11718069285165,23.740644844096405,24.00422096252441,270099
2011-09-15,24.305450439453125,24.64433304637018,23.75947157829132,24.02304769796706,945475
2011-09-16,23.36410522460937,24.28661985046344,23.08170250940256,24.28661985046344,1120334
2011-09-19,23.47706794738769,24.079526651156627,22.818129380327488,23.38293313473674,109092
2011-09-20,23.26997184753418,23.53354623238213,23.044048995189787,23.044048995189787,546200
2011-09-21,23.26997184753418,23.458239753044253,23.21349028086539,23.439413133209783,311816
2011-09-22,22.06505584716797,22.818130987072628,21.85796129335184,22.818130987072628,479949
2011-09-23,22.27214813232422,22.57337745164706,21.53790145307913,21.857957391463984,258118
2011-09-26,22.10270881652832,22.667514267209988,21.59438322804863,21.83913271192148,200967
2011-09-27,21.914438247680664,22.21566758073588,21.83913176799956,21.914438247680664,323014
2011-09-28,21.83913230895996,22.21566813102317,21.650864397928355,22.21566813102317,225420
2011-09-29,21.83913230895996,22.196843217801984,21.27432686869972,21.83913230895996,1627513
2011-09-30,21.68851852416992,21.839133200577376,21.123713060850594,21.839133200577376,545865
2011-10-03,20.14472198486328,21.839136959279028,19.99410557536796,21.839136959279028,270108
2011-10-04,19.91879844665528,20.8601398795968,19.69287554673649,20.16354626320725,450186
2011-10-05,20.690698623657227,21.04840959846529,19.805837059314907,19.95645175734837,1063731
2011-10-07,20.464773178100582,21.46259598543578,19.25985413702042,21.06723013789258,2064716
2011-10-10,19.316335678100582,20.33298510401803,19.241029198414683,20.33298510401803,999824
2011-10-11,18.808013916015625,19.881145125934232,18.71388079736714,19.881145125934232,1370575
2011-10-12,19.16571998596192,19.46694930291684,18.46912655031665,18.826837431178944,1947594
2011-10-13,19.5422592163086,20.23885277449365,19.12807011300833,19.2033766019118,3811747
2011-10-14,19.5422592163086,19.899970160096856,19.391644531336063,19.57991246076033,259333
2011-10-17,18.7891845703125,20.1070634049629,18.7138780863033,20.1070634049629,2095955
2011-10-18,18.506778717041016,18.732701545264288,18.1302429462225,18.71387492743988,658530
2011-10-19,20.08823776245117,20.332987261733702,18.657397424925783,18.86449368036964,1769021
2011-10-20,19.655216217041016,19.91879228299687,19.39164015108516,19.91879228299687,336685
2011-10-21,19.015108108520508,19.598740208874887,18.95862653635249,19.391643956201403,522175
2011-10-24,18.88331794738769,19.5799097001949,18.82683808867317,19.278680372720068,858174
2011-10-25,18.77036094665528,18.84566744268979,18.657399495437733,18.84566744268979,433502
2011-10-28,20.540077209472656,20.63421200515073,19.41046648999653,19.57990775648491,1167252
2011-10-31,20.40828895568848,20.67186501497872,19.975271631758847,20.67186501497872,875854
2011-11-01,20.22002220153809,20.67186616817124,19.73052499781016,20.33298361998769,236628
2011-11-02,21.23667526245117,21.575557869823943,19.6928734931069,19.843488174957645,1058654
2011-11-03,21.387290954589844,21.80148006887058,20.784832198728072,21.010753378593414,863173
2011-11-04,21.95209693908692,22.140364877568206,21.16136852456725,21.274329970522302,490399
2011-11-08,21.801477432250977,22.215668203606093,21.12371226745664,21.801477432250977,1020607
2011-11-09,20.84131050109864,22.21566922125724,20.72834906606992,22.21566922125724,301856
2011-11-11,19.25986099243164,20.84131640968534,18.93980492508451,20.7095283159837,816131
2011-11-14,18.99628448486328,20.46477827834196,18.713881700950783,19.25985893697124,1825193
2011-11-15,18.3749942779541,19.14689600267532,18.2620328417552,18.845664937089737,410038
2011-11-16,18.43147850036621,18.82684273033905,17.92315452511465,18.45030512457933,827353
2011-11-17,18.544437408447266,19.09041455721504,18.318514534555707,18.487955836391603,701184
2011-11-18,17.734882354736328,18.544437324140898,17.60309429675964,18.544437324140898,420062
2011-11-21,16.322866439819336,18.450299991514417,15.81454260598874,18.262030387430222,815622
2011-11-22,16.699405670166016,17.226557884727676,16.002812160113958,16.699405670166016,424239
2011-11-23,16.567617416381836,17.057114676014702,16.191081588099774,16.944153244663898,883746
2011-11-24,17.113597869873047,17.3206924243712,16.191083125125317,16.605273941287244,225855
2011-11-25,17.30186653137207,17.866672058391295,17.00063714458391,17.28303990809352,567128
2011-11-28,17.49013328552246,17.88549746906405,17.35834522434193,17.697229541877114,230105
2011-11-29,17.113597869873047,17.659576750594024,17.00063642779877,17.603095175974076,155827
2011-11-30,17.075942993164062,17.32069076924421,15.889850525472989,17.170076096592787,269614
2011-12-01,17.60309600830078,17.829018903131637,17.170078549179728,17.35834649009497,1529997
2011-12-02,17.433652877807617,17.697228991978687,17.188905092219215,17.45247949922476,220483
2011-12-05,17.30186653137207,17.697230741718666,17.132425214699442,17.678404118440117,1758735
2011-12-07,18.56326675415039,18.97745761228847,17.283040930950634,17.377175760080224,3268668
2011-12-08,17.716054916381836,19.50460436662881,17.245384277974548,19.222201642151347,2327765
2011-12-09,18.31851577758789,18.770359848866068,16.831195496234848,17.697230392976103,3449197
2011-12-12,18.130245208740234,18.73270388296432,17.734881063593647,18.60091583458212,2296944
2011-12-13,17.791357040405273,18.092588018926435,17.659570727956382,17.90431844395508,240158
2011-12-14,17.960805892944336,18.16790044477048,17.584268326610196,17.885497696811267,1074041
2011-12-15,17.640748977661133,17.941978361255167,17.17007827919117,17.584269108424383,293594
2011-12-16,16.868846893310547,17.885496369058274,16.755887168245057,17.77253493682731,223654
2011-12-19,15.042645454406738,16.868848316340124,14.797895948453878,15.965160196589649,2727663
2011-12-20,14.892029762268066,15.136777544529878,14.76024170697378,14.967337954078586,258439
2011-12-21,14.62845516204834,15.438010198560796,14.459013846936951,15.438010198560796,540674
2011-12-22,13.649458885192873,14.66610757143582,13.31057542072336,14.647280949404957,1198569
2011-12-23,15.965157508850098,16.19108035433634,13.40470741369356,13.762418301185887,2478294
2011-12-26,17.05711555480957,17.546614546827236,15.90867968293212,16.153427471775405,1110234
2011-12-27,16.906497955322266,17.508958280493154,16.605270353484705,17.09476755382297,711049
2011-12-28,16.0028133392334,17.358345510200383,15.64510410097088,16.906501453211387,2552313
2011-12-29,15.400350570678713,15.927502686275853,15.249735924388837,15.77688803998598,571385
2011-12-30,14.929682731628418,15.645102858503444,14.684933246675904,15.43800832235049,468563
2012-01-02,15.513313293457031,15.776889373534488,14.722585053224668,14.92968127635637,369555
2012-01-03,15.155606269836426,16.266390729891445,15.02381990341094,15.626278692876122,1173387
2012-01-04,15.43800926208496,15.62627718888102,14.816722201476493,14.986163506309502,584433
2012-01-05,16.2475643157959,16.39817901510592,15.475664195227756,15.475664195227756,800311
2012-01-06,16.322866439819336,16.529962662878887,16.002810502907632,16.529962662878887,644177
2012-01-09,16.304040908813477,16.529963765924233,16.15342623979478,16.266387668350156,2065068
2012-01-10,19.5234317779541,19.561086727997363,16.529964825863793,16.529964825863793,2544481
2012-01-11,20.80365753173828,22.065054833436907,18.619743823547427,19.956449318642896,3404224
2012-01-12,20.615386962890625,21.83913086439901,20.107061417413696,20.690693439455902,1350582
2012-01-13,20.728349685668945,21.613212863872427,20.40829369949192,20.40829369949192,1147209
2012-01-16,21.78265190124512,22.29097576042557,20.52125300250301,20.841308955375744,1414829
2012-01-17,22.347457885742188,22.59220738377057,21.5002513678854,21.876787218673844,1719816
2012-01-18,21.83913230895996,22.780475278448847,21.650864397928355,22.44159098999344,1832676
2012-01-19,22.140361785888672,22.61103241995032,21.876785684521213,22.21566826789912,2028835
2012-01-20,21.87678337097168,22.47924199200486,21.65086224166687,22.309800718234936,743039
2012-01-23,21.83913230895996,22.25332307896184,21.1801920596012,21.91443879050643,1274823
2012-01-24,22.19684219360352,23.533545836699112,21.500248735613475,21.782651442713075,880356
2012-01-25,22.441591262817383,23.138184761417914,22.21566840110055,22.21566840110055,597549
2012-01-27,23.68416404724121,23.872431964212723,22.51689988911997,22.51689988911997,1236654
2012-01-30,22.64868354797364,24.06069702559188,21.839130406060377,24.06069702559188,1237679
2012-01-31,22.912261962890625,23.251146256400474,22.46041794537628,22.62985923854848,967140
2012-02-01,23.326452255249023,23.53354678546064,22.61103214889869,23.28879901469517,804749
2012-02-02,24.136005401611328,24.26779345038013,23.194664147166083,24.09835216115322,3202075
2012-02-03,25.548019409179688,25.773942269962085,23.627681921191108,24.3431020374481,2678710
2012-02-06,25.96220970153809,26.884724333784256,25.623327123807943,25.7551134651299,2140551
2012-02-07,25.05851936340332,26.206956745641897,24.47488736306341,25.642151363743235,697202
2012-02-08,26.31992530822754,26.65880623932756,24.11718303800309,25.209140861339364,2073559
2012-02-09,27.035341262817383,27.33657062535485,25.3785797688613,26.22578799118502,2111739
2012-02-10,26.26344490051269,27.07299828514099,25.830427418029625,26.82825046089633,790903
2012-02-13,26.282264709472656,26.828243503884178,25.79276748075236,26.545840796924104,400221
2012-02-14,27.336566925048828,28.2402548903371,25.472711136828767,26.828243084761173,2812027
2012-02-15,27.54366683959961,28.767412616923952,27.1859559051206,27.86372282344124,2111126
2012-02-16,28.503835678100582,28.61679711919673,27.03534206534756,27.39305130379213,1255566
2012-02-17,28.805065155029297,30.122942301596023,28.2779129306702,28.805065155029297,2714730
2012-02-21,28.183780670166016,28.99333399414767,27.90137791113004,28.88037425626581,1146246
2012-02-22,26.54583740234375,28.74857550349002,25.792764182472133,28.31555989583333,1201660
2012-02-23,26.15047645568848,28.16494862724463,25.604497665662628,26.47053410626023,1877749
2012-02-24,26.0939998626709,26.922379753875425,25.41623294517124,26.451709089551063,767511
2012-02-27,23.66533660888672,25.905731904462684,23.439415441459605,25.45388615527736,601048
2012-02-28,24.587854385375977,24.794948942599696,23.721819496684702,23.721819496684702,985170
2012-02-29,24.77611923217773,25.73628882203761,24.23014041231299,24.70081104346706,893637
2012-03-01,24.0418701171875,24.96438466762875,23.87242884334781,24.47488746462905,464957
2012-03-02,24.211315155029297,24.851427112864048,23.6841646330376,24.09835371918625,537605
2012-03-05,23.966562271118164,24.663155701903467,23.759467757343483,24.305446530702124,327369
2012-03-06,22.8934383392334,24.587854907104592,22.7804786004412,23.72182000003696,690043
2012-03-07,21.424943923950195,22.94991741667824,21.10488792741869,22.78047781433693,1217916
2012-03-09,22.87460708618164,23.34527769071375,21.48142018474142,21.80147612753664,1838564
2012-03-12,23.175840377807617,24.550199188077872,22.9122642478474,23.83478070270817,1792715
2012-03-13,23.872432708740234,24.19248868972328,23.3076272330452,23.872432708740234,1302306
2012-03-14,24.230138778686523,24.418408384187124,23.439412239946083,24.28661863603752,540426
2012-03-15,23.740642547607425,24.456062639636773,23.439413214875632,24.361927832971062,328087
2012-03-16,22.21566772460937,24.305448156774894,21.462596094259663,24.098351921979862,881043
2012-03-19,22.516902923583984,22.91226543178817,22.21567182580283,22.46042134586502,309529
2012-03-20,22.12153625488281,22.818129783614268,21.89561338339376,22.573380290695383,315538
2012-03-21,23.288801193237305,23.533548986897618,21.594384723825275,22.046228774235367,901935
2012-03-22,22.366283416748047,23.51471915443454,22.21566704667584,23.10053011181468,284663
2012-03-23,21.5755558013916,22.780474847848406,21.36846127388792,22.59220523321008,1184680
2012-03-26,21.650861740112305,22.06505075210374,21.161362841488423,21.613208503961307,448713
2012-03-27,21.632036209106445,22.36628465188598,21.50024986555496,21.839132449018244,255972
2012-03-28,21.23667526245117,21.97092204986923,21.123713824271725,21.97092204986923,549699
2012-03-29,21.594379425048828,21.763820688979827,20.973094221580105,21.61320774963242,160091
2012-03-30,22.02739715576172,22.554549281916632,21.500246736772,21.89560912422299,244108
2012-04-02,22.15918731689453,22.836954157492155,21.481420476296908,21.481420476296908,760810
2012-04-03,22.516902923583984,22.931092055305925,22.25332678000405,22.2721534035218,389056
2012-04-04,22.290979385375977,22.6675169663892,22.14036469440382,22.14036469440382,123528
2012-04-09,22.10270881652832,22.85578218171539,22.02740062642688,22.290976731033723,359050
2012-04-10,22.19684219360352,23.04404860773697,22.140360627884384,22.629857856846527,536994
2012-04-11,22.19684219360352,22.59220461781068,21.839131301266853,21.91443777933856,385079
2012-04-12,22.2344970703125,22.66751447261459,21.8391329098196,21.989747584221824,237381
2012-04-13,22.02739715576172,22.554549281916632,21.93326406692348,22.27214660107153,312762
2012-04-16,21.914438247680664,22.44159043410999,21.76382358115305,22.178014340895327,308719
2012-04-17,21.650861740112305,21.970917661726244,21.46259385219209,21.914436100334523,745827
2012-04-18,21.61321258544922,22.21566959913022,21.537904391760627,21.744998936864548,768965
2012-04-19,21.5755558013916,21.839131896152946,21.51907594129934,21.839131896152946,261318
2012-04-20,21.5755558013916,22.535723665952418,21.311979706630257,21.46259608120708,1283264
2012-04-23,21.500253677368164,22.0274042665298,21.46260042967785,21.83913632091248,748057
2012-04-24,21.067232131958008,21.575557747295942,20.99192564504309,21.575557747295942,312249
2012-04-25,21.104881286621094,21.3872839493279,20.916613413871588,21.0107464966638,230314
2012-04-26,22.290979385375977,22.535727191227185,20.747177522537136,21.08606185759873,2283721
2012-04-27,21.66969108581543,22.55455248973535,21.5190764150879,22.55455248973535,1039433
2012-04-30,21.87678337097168,22.21566591851153,21.688515478690128,22.19684100716516,388086
2012-05-02,21.16136360168457,21.87678365008026,20.973095707001058,21.50024786071324,526525
2012-05-03,21.12371253967285,21.48142174712786,20.95427124629072,21.010751108362943,233316
2012-05-04,20.389467239379883,21.40611677876204,20.276505800078404,20.973099350744352,600504
2012-05-07,20.747175216674805,21.04840627230565,19.655219255279203,20.33298614290903,212256
2012-05-08,19.91879844665528,21.44377204602696,19.80583699669588,21.44377204602696,462666
2012-05-09,20.182371139526367,20.295332570149988,19.692872175879163,19.824660227079143,362792
2012-05-10,19.881141662597656,20.558906827461573,19.76818023273185,20.33298567489541,155915
2012-05-11,19.994102478027344,20.332986786145643,19.598740012637624,20.27650521454316,103033
2012-05-14,19.787004470825195,20.12588701245567,19.61756320000996,19.8811392689071,67667
2012-05-15,19.9376220703125,20.14471831526924,19.222201937777864,19.222201937777864,298616
2012-05-16,19.203378677368164,20.12589350913247,19.10924384889936,20.12589350913247,255169
2012-05-17,19.203378677368164,19.918798935100043,19.07159060037815,19.31634013009757,223309
2012-05-18,18.939796447753903,19.542255059495684,18.84566164948229,18.84566164948229,325921
2012-05-21,19.61756706237793,19.80583498844328,18.883320272840937,18.883320272840937,193845
2012-05-22,18.99628448486328,20.29533694942761,18.638573495230062,20.29533694942761,408640
2012-05-23,17.640748977661133,19.3163389176729,17.245386478672515,19.3163389176729,805367
2012-05-24,17.395999908447266,18.770358657994144,17.188905362437524,17.772535757040536,457505
2012-05-25,17.810190200805664,18.26203252339324,17.339519549875227,17.3959994134073,340089
2012-05-28,17.471309661865234,20.408297341542163,17.32069495283477,18.600920833176627,576557
2012-05-29,17.546615600585938,18.036112914834725,17.45248077942955,17.885498225283893,486860
2012-05-30,17.414825439453125,17.753708023395635,17.188904285879932,17.54661349035642,451995
2012-05-31,17.35834312438965,17.88549530533872,17.320689884940535,17.65957416147867,894747
2012-06-01,17.32069206237793,17.659576381518253,17.245385574012694,17.396000257908753,310038
2012-06-04,17.508960723876953,17.697228641485278,17.038288369107903,17.28303785701457,323720
2012-06-05,17.829015731811523,17.92315053910785,17.565439637114117,17.62191949719268,304312
2012-06-06,18.11141967773437,18.33734256903274,17.71605717871076,18.07376643157321,604326
2012-06-07,17.810190200805664,18.26203252339324,17.697228766576018,18.149072796329097,376648
2012-06-08,17.810190200805664,18.29968747291345,17.414826034584657,17.414826034584657,362231
2012-06-11,18.60091781616211,19.7681820486128,17.923152589039507,18.18672700671741,2272351
2012-06-12,18.43147850036621,18.65739969808942,17.92315452511465,18.1867289712641,795213
2012-06-13,18.3749942779541,18.92097313027752,18.318514413437416,18.46912909264744,794138
2012-06-14,17.546615600585938,18.39382386949648,17.396000911035106,18.31851567113824,788635
2012-06-15,17.716054916381836,17.979631020182865,17.621920105834196,17.979631020182865,1198049
2012-06-18,16.54879379272461,18.45030502069873,16.37935246859476,18.22438211708175,2044749
2012-06-19,17.508960723876953,17.60309382909837,16.26638837046483,16.379349803896023,1665091
2012-06-20,17.33951759338379,17.79135986498808,17.18890293379392,17.527783783914483,1060033
2012-06-21,17.414825439453125,17.54661349035642,16.962981425141294,17.47130530105506,616359
2012-06-22,17.527786254882812,17.603094448876924,17.038288969000504,17.339520037811408,496660
2012-06-25,17.32069206237793,17.810191065414312,17.20773062266449,17.546614941804812,402683
2012-06-26,17.508960723876953,17.584267208054086,17.245384614926003,17.358344341191703,237326
2012-06-27,17.678401947021484,17.90432310578011,17.414825839165182,17.508960651161143,552088
2012-06-28,17.734882354736328,17.9608052276008,17.58426767521519,17.847843791168565,457593
2012-06-29,18.07376480102539,18.412649107400053,17.69722895905202,17.885496880038705,917177
2012-07-02,17.697227478027344,18.22437795410762,17.65957423841419,18.111416528102783,877242
2012-07-03,17.716054916381836,18.224378796142,17.64074672651063,18.054937502888613,2142270
2012-07-04,18.544437408447266,19.27868248068097,17.75370905699235,17.904323737198208,6530628
2012-07-05,20.22002220153809,20.63421293107646,18.7891821202838,18.7891821202838,8846815
2012-07-06,21.04840469360352,21.29315245389629,20.257676432815124,20.63421394373798,5012338
2012-07-09,21.537899017333984,22.10270435398117,20.332981876308047,21.06722676535125,3417823
2012-07-10,20.95427131652832,21.95209416664049,20.87896483351293,21.5567300093133,3194254
2012-07-11,20.84131050109864,21.38728934776617,20.70952244475938,20.747175687380448,947456
2012-07-12,21.18019294738769,21.46259738652048,20.40829294335436,20.7095222964974,1403573
2012-07-13,20.70952033996582,21.42494041288261,20.59655891641784,21.16136432699242,1756743
2012-07-16,20.690698623657227,21.38729224224916,20.521257301765296,21.01075464358262,1597937
2012-07-17,19.57991409301757,20.99192794932449,19.44812772645029,20.82248662800081,1688258
2012-07-18,19.787004470825195,19.95644574164044,19.015104589482338,19.63638981819329,927560
2012-07-19,19.711700439453125,20.06940964357044,19.57991068151671,19.93762159279947,724978
2012-07-20,19.128068923950195,19.71170100533413,19.052760732562515,19.655219435002,889339
2012-07-23,19.015108108520508,19.335164091198934,18.676223797009044,18.90214667135002,786712
2012-07-24,18.48795318603516,19.05275858263035,18.280858670627392,19.015105344768084,811992
2012-07-25,18.29968643188477,18.63856900812992,18.11141681649044,18.487954340113696,617607
2012-07-26,17.998458862304688,18.525609398515773,17.734882740616357,18.450302910699435,573624
2012-07-27,17.791357040405273,18.544431925960613,17.697223960084635,18.374988967053387,551396
2012-07-30,17.998458862304688,18.1114185940292,17.716056118662273,17.716056118662273,397024
2012-07-31,17.885498046875,18.130247555140823,17.734883358826558,18.111419225364845,274532
2012-08-01,18.29968643188477,19.0904130121786,17.772534240245278,17.772534240245278,1141023
2012-08-02,18.26203155517578,18.56326259953932,18.16789845427975,18.412647930940256,534973
2012-08-03,17.979631423950195,18.20555258430639,17.77253517752773,18.149072721008714,583753
2012-08-06,19.07158660888672,19.16572141765405,18.14907197019545,18.14907197019545,1383977
2012-08-07,19.18454933166504,19.561086884960385,18.958626458254724,19.429297119499747,1347161
2012-08-08,18.6197452545166,19.561088354910986,18.45030394030869,19.372818710532705,1284861
2012-08-09,18.337343215942383,19.090416701561253,18.22438176630812,18.90214875694797,545230
2012-08-10,17.960805892944336,18.789185807414484,17.79136287843633,18.61974450007208,617012
2012-08-13,18.03611183166504,18.149073268835608,17.527786217980257,17.527786217980257,320970
2012-08-14,17.866670608520508,18.07376515494462,17.79136241435184,18.036111911443065,667946
2012-08-16,17.791357040405273,18.24320265460449,17.734877192212892,17.885491827890952,708591
2012-08-17,16.887676239013672,18.036113953139235,16.11577612402456,18.036113953139235,1260175
2012-08-21,17.678401947021484,17.791361672818056,16.755887276689915,16.755887276689915,534265
2012-08-22,17.35834312438965,17.678400781203226,16.793539411156836,17.678400781203226,280593
2012-08-23,18.130245208740234,18.26203154995701,17.41482510630778,17.41482510630778,1289221
2012-08-24,17.433652877807617,18.224379513155306,17.320691442139225,18.224379513155306,630212
2012-08-27,17.829015731811523,17.92315053910785,17.28303692239053,17.28303692239053,467285
2012-08-28,17.414825439453125,17.885496074298935,17.320690629617783,17.6972281617937,333100
2012-08-29,16.906497955322266,17.621917990995268,16.81236486323717,17.621917990995268,429544
2012-08-30,16.868846893310547,17.00063494638576,16.417002871552164,16.45465611324066,356212
2012-08-31,16.868846893310547,17.13242299946097,16.605272494325597,16.605272494325597,413195
2012-09-03,16.586442947387695,17.207728218251887,16.341695187233366,16.981807077558248,501906
2012-09-04,16.37935447692871,16.8311986323992,16.1910865056075,16.661757287493515,1168421
2012-09-05,16.2475643157959,16.718235037743998,16.1910844437418,16.511140466379878,379648
2012-09-06,16.322866439819336,16.49230942492817,16.191080106991826,16.49230942492817,237343
2012-09-07,16.511138916015625,16.793541664100562,16.473483964349526,16.718233467933963,363804
2012-09-10,16.45465850830078,16.71823465281607,16.3981786375471,16.624099827727544,191276
2012-09-11,17.000635147094727,17.414825932054534,16.37934982323776,16.454656307503818,1459008
2012-09-12,17.2894287109375,17.67406463839671,17.116342369191827,17.2894287109375,342459
2012-09-13,17.13557243347168,17.347121999954368,16.962486107460368,17.347121999954368,249747
2012-09-14,18.654890060424805,19.34723725433932,17.23173416790504,17.539443644335826,4998686
2012-09-17,19.828031539916992,19.96265464329519,18.712585211213828,18.96259979518624,2715398
2012-09-18,20.34729385375977,20.73193156990276,19.7895697757141,19.92419288916962,3602981
2012-09-20,19.69341087341309,20.13574522774069,19.481861252721707,20.001120363813584,1000968
2012-09-21,21.98200035095215,22.366636310175696,19.80880072894454,19.80880072894454,3641536
2012-09-24,20.808853149414062,23.078210429876908,20.539606986129133,22.21277708098538,6339378
2012-09-25,24.847543716430664,24.962933450058514,20.05881396638513,20.808855954417684,13249476
2012-09-26,25.82836532592773,27.116899633811563,24.039803638094607,24.84754218711678,11775805
2012-09-27,25.69374656677246,27.289988716758565,25.46296360269065,26.69380142741932,8063382
2012-09-28,27.50153923034668,27.751553825784708,25.943760274501567,26.097615007719487,6114611
2012-10-01,29.54011917114257,30.194001426999165,26.770733652806943,27.693862158918822,6497368
2012-10-03,32.309505462646484,32.482593587588774,27.79002095339059,29.982454259679955,11409668
2012-10-04,30.73249244689941,33.42495133195548,30.424782959686752,33.07877859481387,6839171
2012-10-05,30.84787940979004,31.82870614549152,29.328563735951047,31.097893999522164,4555445
2012-10-08,30.23246192932129,31.71331442716016,29.42472673979533,31.078663854912204,2085917
2012-10-09,32.48259353637695,32.80953467161351,30.290160233544164,30.63633648288296,5702676
2012-10-10,30.38631248474121,33.328785282478655,30.11706631147672,32.34795869137933,5296966
2012-10-11,30.82864570617676,31.347906473827152,30.232458450809432,30.655561108813657,2043401
2012-10-12,31.50176239013672,32.57874366281786,31.15558622585942,31.21328457842596,3234868
2012-10-15,31.55946350097656,32.19411411479026,31.27098563217205,31.540231875575007,1197302
2012-10-16,29.463191986083984,31.92486794544284,29.1170174963812,31.886404694550507,2714311
2012-10-17,28.23234939575196,30.29015578011628,27.693858706266784,29.886288198975,3298376
2012-10-18,30.52094078063965,30.770955390469723,28.46313425935165,28.501597508897653,3237557
2012-10-19,29.38626289367676,30.73249050735299,28.79007383795122,30.73249050735299,2593645
2012-10-22,30.94404602050781,31.424840166757605,29.23241034967207,29.482424979857008,2201427
2012-10-23,30.75172233581543,32.77106725755326,30.232461515526666,31.424836147134407,9229453
2012-10-25,30.38631248474121,31.92485955498099,30.17476117265191,31.27097748610161,2942548
2012-10-29,28.98238945007324,32.655671139551195,28.75160824003985,32.17487709730583,9052346
2012-10-30,30.059375762939453,30.65556305617901,28.48236348177112,29.328563619862805,7891572
2012-10-31,31.270977020263672,31.501759949306777,29.617036764531687,30.05937100251265,4156343
2012-11-01,30.713258743286133,31.674850389773308,30.29015604714079,31.347909299723284,3899482
2012-11-02,30.655561447143555,31.80947272675488,30.52093660437259,31.194050354885665,5623643
2012-11-05,30.44401359558105,31.42483690024731,30.23246224006368,30.694028199777783,2359834
2012-11-06,32.61720657348633,33.386481892799324,30.463240562302573,30.636328642676645,10971493
2012-11-07,34.34807586669922,34.61732207320097,32.90568672036154,32.963381588658905,13949115
2012-11-08,36.07894515991211,36.57897087172354,33.94420699353447,34.05960022532244,16258042
2012-11-09,34.48269271850586,36.15586460709784,34.05959358518503,36.15586460709784,5524028
2012-11-12,36.9636116027832,37.40594245785428,33.84805004149672,34.65578874076078,10204288
2012-11-15,37.117462158203125,37.98289567452605,36.38665349345798,36.96360917100659,6450531
2012-11-16,35.65583801269531,38.17521183289894,34.92502941616631,37.27131515414966,5552425
2012-11-19,34.79041290283203,36.15587580241669,34.27115550746892,36.13664417620995,3771240
2012-11-20,33.46341323852539,35.67507443512227,33.078777266895706,35.27120683930015,4083047
2012-11-21,36.04048538208008,36.328959769873535,32.6172141268893,33.84805213259975,8247922
2012-11-22,36.23280334472656,37.23285839945603,35.482762925624826,36.23280334472656,6751570
2012-11-23,35.71353912353516,36.5020462105618,35.25197663652478,36.48281458559392,3927037
2012-11-26,36.59819793701172,37.04053220950289,35.52121666375324,35.92508420525261,4447030
2012-11-27,36.27126693725586,37.46364175848552,36.07895066788427,36.90591760174501,4593081
2012-11-29,37.44440460205078,38.4252278943499,36.30972482919326,36.44434968565447,8322405
2012-11-30,38.0213623046875,38.98295402357629,37.15592871135325,37.96366742935477,8117432
2012-12-03,38.867557525634766,39.13680371822838,37.55978980621141,38.32906514044753,5673172
2012-12-04,38.867557525634766,40.117626891960505,37.9636608389921,39.13680371822838,5873614
2012-12-05,38.8291015625,39.54067867705837,38.48292881790995,39.00218619090444,4265191
2012-12-06,38.675235748291016,39.156033242404746,37.88673232230333,39.156033242404746,3199213
2012-12-07,37.67518615722656,39.42528481071127,37.32901344876007,38.79063426389256,3175989
2012-12-10,37.75210952758789,38.80986267663471,37.15592227683291,37.694414662246544,4345640
2012-12-11,36.92514419555664,39.02141566044236,35.482758420750024,38.00212910836364,6269951
2012-12-12,36.86745071411133,37.617494554078455,36.63666772583058,37.34824831571444,2296022
2012-12-13,35.23273849487305,37.790572044751215,34.80963584827485,36.86744375369213,3919794
2012-12-14,35.96355056762695,36.46357974830326,35.07888543369699,35.617377860920584,2450307
2012-12-17,37.25209045410156,37.84827781017311,36.17510549302478,36.17510549302478,5481603
2012-12-18,37.77133941650391,38.1175120804509,36.34818551891966,37.50209323614951,4939762
2012-12-19,37.3867073059082,38.7137067214866,37.02130298397065,37.57902702219251,5596942
2012-12-20,37.0020751953125,37.463637679329416,36.252031363086026,37.27132143089781,2788211
2012-12-21,35.098121643066406,36.92514701947552,34.65579076219466,36.92514701947552,3920894
2012-12-24,35.23273849487305,35.92508384122225,35.02118717157395,35.155812009229905,1672299
2012-12-26,35.98278045654297,36.30972152421725,35.29043507650104,35.501986410095206,2288694
2012-12-27,35.52122116088867,36.19433497786681,35.34813305674356,36.19433497786681,1379589
2012-12-28,34.02113723754883,35.96355220321048,33.80958588413684,35.771235961727704,4064834
2012-12-31,34.578857421875,34.90579848338241,33.94420343306355,34.09805989671557,1765633
2013-01-01,35.52122116088867,35.69430577725286,34.867338967951,34.963497088153325,2564486
2013-01-02,35.386592864990234,36.136636593001455,35.271203131964164,35.905853639168726,3187988
2013-01-03,37.61749267578125,38.19444837378429,35.405828004175945,35.521221236445115,9483187
2013-01-04,37.23285675048828,38.213683622802925,37.00207723962014,37.848279242813774,5462865
2013-01-07,37.05976486206055,38.0790512988572,36.86744515287338,37.61748887970081,3458777
2013-01-08,36.482818603515625,37.15593252708516,35.48276353170427,36.92514951427286,3762778
2013-01-09,36.194332122802734,37.59825800591752,35.63660809406151,36.50204157095851,3397359
2013-01-10,35.732765197753906,36.57896702823472,35.46352249002781,36.502040540312976,1937116
2013-01-11,35.1365852355957,36.405889988730806,34.92503734989092,35.90586073786603,3006543
2013-01-14,36.1558723449707,36.34819207642856,34.23268898151604,35.25197553634644,3858002
2013-01-15,36.52127456665039,37.29054995985426,36.07894374419924,36.232796730171536,3969253
2013-01-16,35.11735534667969,36.80975578685222,34.84810910869702,36.73282928679463,2645517
2013-01-17,35.32890319824219,35.9443221738541,34.694252597628726,35.34813482324374,2527230
2013-01-18,35.29043960571289,36.00201669942605,34.925035246448864,35.67507558979181,2576057
2013-01-21,35.52122116088867,36.50204445029518,35.09811845643658,35.38659630482449,3882484
2013-01-22,33.90574645996094,35.713540187485265,33.69419857901191,35.694308561944446,3186888
2013-01-23,32.82876968383789,34.25192761727293,31.54023663631544,34.07883947475152,3194827
2013-01-24,30.27092361450196,33.078775472054275,30.001677402636084,32.98261386852883,3907559
2013-01-25,31.7710018157959,31.8671634016356,29.23240012478218,30.32861639378181,2465503
2013-01-28,32.84799575805664,33.059547121416834,31.963330542291693,32.02102541744963,1941920
2013-01-29,32.251808166503906,33.386487987313245,32.02102517980384,32.828763889363536,4586939
2013-01-30,32.040252685546875,32.71336644641906,31.463297036861963,32.4825869771696,1457620
2013-01-31,31.38636779785156,32.02101825825721,31.155584861036694,31.963323395998568,1189922
2013-02-01,31.44406509399414,31.96332587007517,30.963271050176665,31.48252833847709,1670842
2013-02-04,29.347795486450195,31.732544679189623,28.886233039219128,31.597923316016622,2507225
2013-02-05,30.040143966674805,30.290155066195805,28.36697183550364,29.13624547655857,2864446
2013-02-06,29.96321487426757,30.67479541117024,29.790130261779986,30.34785432202393,1853313
2013-02-07,28.92469787597656,30.09784091352944,28.67468327141564,30.09784091352944,1545046
2013-02-08,28.42466735839844,30.23246089242986,28.07849464793425,30.00167792286012,3023527
2013-02-11,27.94386863708496,28.9246935400406,27.7323190568621,28.866998675586245,1293487
2013-02-12,27.020740509033203,28.04002866124144,26.40532164216565,27.924637187731207,2819011
2013-02-13,27.28998756408692,29.6939664990396,26.36685923453141,27.15536446470712,9098635
2013-02-14,26.116846084594727,28.07849432802608,25.69374688502141,28.07849432802608,3874558
2013-02-15,26.36686134338379,26.655339187428964,25.40526794860305,25.866833894187685,3209852
2013-02-18,27.07843589782715,27.42461032505652,26.17454094552848,26.539945250843044,1819105
2013-02-19,27.366912841796875,27.539999166912686,26.55917433273628,27.3092162374982,3061339
2013-02-20,27.174596786499023,27.84771230072661,27.03997542754385,27.55923447232769,1980058
2013-02-21,25.655282974243164,27.039977346375863,24.52060494672581,26.94381748212234,2620896
2013-02-22,25.616819381713867,26.28993493465846,25.424501399682743,25.73221086848872,2031882
2013-02-25,24.501373291015625,26.059152277790336,24.25135869061357,25.84760092548384,2072430
2013-02-26,23.847490310668945,24.693692266062502,23.52054920095933,24.00134505311409,3774192
2013-02-27,24.44367408752441,24.80907839353368,23.50131414559292,24.116733025539222,1806557
2013-02-28,23.943649291992188,26.03992073413862,23.712866314925392,24.67445972751641,4317056
2013-03-01,23.73209953308105,24.135968898129992,23.155145539441897,24.03980902724484,1657257
2013-03-04,22.07815933227539,23.69363308681747,21.6358250321939,23.616704851706235,1614855
2013-03-05,22.67434310913086,22.88589267117108,21.155025959625327,22.13585077827927,2506072
2013-03-06,24.501373291015625,24.789849395622767,22.828201072173314,22.88589768820712,5106248
2013-03-07,25.69374656677246,26.347628725186976,24.50137198809397,24.50137198809397,7507360
2013-03-08,27.713085174560547,28.61698177394748,25.88605861198072,25.94375521561845,12713974
2013-03-11,27.28998756408692,28.07849279426262,26.92458325426339,28.07849279426262,2599326
2013-03-12,26.50148200988769,27.540001803912627,25.809134899240984,27.405378706178816,2175686
2013-03-13,25.53989219665528,26.28993422459839,25.386035722517324,26.28993422459839,1371236
2013-03-14,26.520713806152344,26.924583102007905,25.001398221030847,25.655280348129125,2170723
2013-03-15,26.289934158325195,27.520771997202846,25.78990497836336,26.6553384877831,2530164
2013-03-18,25.616819381713867,25.943760474333907,25.19371842613304,25.77067411611685,1144247
2013-03-19,24.52060508728028,26.34763031133665,24.232127236756583,25.847601107020672,2380288
2013-03-20,23.05898094177246,24.98216575801412,22.347402228423903,24.501369989926257,2182737
2013-03-21,23.38592529296875,24.155198979195635,22.385868628928563,23.42438854130748,3070702
2013-03-22,23.847490310668945,24.53983752361736,23.078216598443223,23.424389332972165,1984415
2013-03-25,24.347517013549805,25.3475718640738,23.5205467684996,24.385980259210644,2322952
2013-03-26,24.40521240234375,24.92447146150642,24.02057470586406,24.232126049289526,1380915
2013-03-28,24.155197143554688,24.40521172653784,23.155142299402765,24.289820246400204,1255764
2013-04-01,24.905237197875977,25.174483382477923,24.232123480261315,24.232123480261315,1506141
2013-04-02,24.94370079040528,26.07837858512577,24.578294776323,24.61675801657689,3723064
2013-04-03,24.40521240234375,25.866833207520024,24.155197812437432,25.097559558451035,3183864
2013-04-04,23.15514373779297,24.21289351577562,22.885897515376445,24.21289351577562,1447922
2013-04-05,22.808969497680664,23.63593979687462,22.53972327264587,23.15514396296418,1449165
2013-04-08,22.482023239135746,23.462846305876745,21.770444591728108,22.92435572331994,947679
2013-04-09,22.270471572875977,23.42438268570822,22.00122715791982,22.828195509930232,1437325
2013-04-10,22.77050399780273,22.92435871919552,21.7704474368045,22.48202617720498,1461202
2013-04-11,22.57818603515625,23.23206816519341,22.328171458899547,23.05898182158889,1379891
2013-04-12,22.097387313842773,22.46279334743818,21.731983024137573,22.308938634316483,944786
2013-04-15,23.443618774414062,24.32828389705465,21.866608247195884,21.92430486017093,4847128
2013-04-16,23.924415588378903,24.385979758502945,23.462849674364545,23.462849674364545,2361258
2013-04-17,23.55901336669922,24.578301728992667,23.3090004904356,24.13596910927629,2823938
2013-04-18,24.501373291015625,24.943705875785927,23.559011505441223,23.6359397455228,2998716
2013-04-22,25.251407623291016,25.42449568650362,24.34751278769326,24.69368542633836,2409607
2013-04-23,25.770671844482425,25.943758187442253,25.193716205356125,25.40526579255363,2889155
2013-04-25,26.32839584350586,26.693800151294766,25.88606155951357,26.03991802413976,3230385
2013-04-26,25.347570419311523,26.78995948828324,25.17448407981297,26.50148167448889,2915243
2013-04-29,25.982223510742188,26.19377485875804,25.42450119299684,25.616819173464528,1777571
2013-04-30,25.48219490051269,26.32839676615964,24.770616138213693,26.23223690837101,2288822
2013-05-02,25.636049270629883,26.25146816659388,25.078325242203643,25.482194546638883,2277310
2013-05-03,25.116792678833008,25.751443259158364,24.77061820819968,25.751443259158364,1682311
2013-05-06,25.251407623291016,25.42449568650362,24.82830850667592,25.30910422565857,1319509
2013-05-07,26.578407287597656,26.713030379201644,25.2706431015421,25.32833796484801,4021591
2013-05-08,26.539945602416992,26.88612003423212,26.23223615895263,26.88612003423212,2403063
2013-05-09,25.86682891845703,26.69379730012498,25.674509230161146,26.655334060021843,2913128
2013-05-10,25.789905548095703,26.059151767270787,25.655282438508163,25.886063666450784,1062258
2013-05-13,25.96299171447754,27.482307412241514,25.712977120808382,26.2899345461566,3938698
2013-05-14,25.73220634460449,26.251465327966653,25.40526356557261,26.11684224104532,1948666
2013-05-15,27.84770965576172,28.078490850227134,25.962988138824954,25.962988138824954,5862031
2013-05-16,29.424728393554688,29.75166951012475,27.366920080238785,28.078497189047543,6470752
2013-05-17,29.174711227416992,29.84782681106151,28.1938879048228,29.69397032575089,3994129
2013-05-20,30.07860946655273,30.694028425510187,28.943929671043367,29.443958883114178,5290086
2013-05-21,28.963165283203125,30.34785987539409,28.57852750895214,30.117076862065343,3418011
2013-05-22,28.04003143310547,29.67473686988788,27.770785216262336,29.1939427944958,3488780
2013-05-23,26.539945602416992,27.886174853546137,25.57835402756345,27.770783376274427,2886086
2013-05-24,27.251523971557617,27.94386933793525,26.270699044002253,26.270699044002253,2641707
2013-05-27,27.30921745300293,27.88617305832873,27.23228922514407,27.42460892284613,1494308
2013-05-28,27.19382667541504,27.886173768208657,27.020740338189192,27.30921814819568,1455595
2013-05-29,26.9245834350586,27.578465570245235,26.57840900123304,27.213061257968068,1758070
2013-05-30,26.213003158569336,26.46301772219843,25.386032982805528,26.213003158569336,2308076
2013-05-31,24.96293258666992,26.039917347736143,24.84754285703304,25.77067115746959,2128212
2013-06-03,23.443618774414062,25.347572124783184,23.32822903624471,24.75138483534672,1701213
2013-06-04,23.578243255615234,24.174430579847392,23.46285176682084,23.48208513486197,1144850
2013-06-05,23.88595199584961,24.135966589906715,22.71281075147419,23.424387798745244,2645106
2013-06-06,23.905181884765625,24.42444087698977,23.482080996347708,23.482080996347708,1507650
2013-06-07,23.23207092285156,24.193664353748748,23.0589845587016,23.828258257085047,1382213
2013-06-10,23.32822799682617,23.751328916266445,23.039750176475543,23.46284935202552,912363
2013-06-11,22.02046203613281,23.30899641908087,21.693520970816376,23.078213464804385,1056044
2013-06-12,22.097387313842773,22.53971983205393,21.78967788759938,22.0589240715349,977340
2013-06-13,20.808853149414062,21.924301041911605,20.63576682841377,21.924301041911605,1578669
2013-06-14,21.61659240722656,21.808912114143386,21.020405152343013,21.020405152343013,805629
2013-06-17,21.058868408203125,21.847373561267457,20.731927374778166,21.770445336049164,785243
2013-06-18,21.00117301940918,21.57812863834008,20.828086682507955,21.00117301940918,751841
2013-06-19,21.21272659301757,21.48197280959493,20.61653928940647,20.866552138607943,1036115
2013-06-20,20.38575553894043,21.03963768796152,19.616481909536105,21.03963768796152,1008993
2013-06-21,20.943477630615234,21.289650295748984,20.00111599614418,20.00111599614418,2301765
2013-06-24,19.654949188232425,21.347349626153765,19.347237956739708,21.155031632375053,1941811
2013-06-25,19.90496063232422,20.289596592352183,19.328004948391847,20.078046988725845,1117464
2013-06-26,19.501089096069336,20.17420456571579,19.28953951640344,20.001116485027968,746081
2013-06-27,19.654949188232425,20.03958517578985,19.13568833797218,19.808802188142952,724954
2013-06-28,20.28959274291992,20.67423037386314,19.789565392194824,19.847260252085764,1638735
2013-07-01,21.32811546325684,21.59735990293773,20.078044394931105,20.078044394931105,1911558
2013-07-02,20.655000686645508,21.42427427662492,20.48191434688642,21.42427427662492,1104044
2013-07-03,19.520320892333984,20.38575432796329,19.135684972425565,20.38575432796329,2001625
2013-07-04,19.558788299560547,20.001119139020343,19.23184720401698,19.693409667462813,1559344
2013-07-05,19.712644577026367,20.13574556948048,19.50109320885401,19.712644577026367,762212
2013-07-08,19.63571548461914,19.96265659163669,19.1549196364233,19.539557361314287,768989
2013-07-09,21.32811546325684,22.616648029948177,19.443393922149387,19.7703349691042,9726523
2013-07-10,21.270421981811523,22.46279661809064,20.981944134718805,21.635826324720725,10278866
2013-07-11,21.34734535217285,22.155083903328013,21.231955625342287,21.962765948053537,2317342
2013-07-12,21.38581275939941,21.90507182059219,20.8088570843694,21.539667489814725,2773559
2013-07-15,21.42427062988281,21.693516776518315,20.84731509963244,21.15502448324731,1731974
2013-07-16,20.36652374267578,20.924246029310844,20.039582670950665,20.86655116155594,1292993
2013-07-17,19.63571548461914,20.86655341404545,19.039528144566955,20.501149057705963,2360162
2013-07-18,20.11650848388672,20.30882819104088,19.270308399191435,19.77033580123366,1557264
2013-07-19,19.751110076904297,20.520383903552435,19.48186380160475,20.36652913822281,1611092
2013-07-22,19.84726524353028,20.347294463899217,19.539557502835542,19.78957036912949,985930
2013-07-23,19.962656021118164,20.25113387056928,19.6934097957784,19.92419277289548,908605
2013-07-24,19.328004837036133,19.789569032744705,18.847209017826007,19.73187416224004,1651131
2013-07-25,19.48185539245605,19.885724631079245,19.19337761399521,19.23184259664269,937957
2013-07-26,19.48185539245605,19.808796409674333,19.404928914941184,19.61647847199712,909556
2013-07-29,19.23184585571289,19.578018550973063,19.212612489184806,19.32800396890164,473132
2013-07-30,19.251075744628903,19.424163836240755,19.03952615161158,19.424163836240755,1249505
2013-07-31,18.92413711547852,19.23184834925034,17.731762406216,18.98183373476285,1067993
2013-08-01,18.404874801635746,19.385699719837493,17.885615781804407,19.19338001421973,900140
2013-08-02,17.27019500732422,18.61642421488491,16.616312897096833,18.251019916555546,1435770
2013-08-05,17.27019500732422,17.77022414468892,16.92402233060269,17.654832671151663,656607
2013-08-06,16.17398452758789,17.13557806248527,16.058593024377693,17.13557806248527,593708
2013-08-07,16.770170211791992,17.270197682727947,15.808578519094269,16.17398287403006,1115168
2013-08-08,17.116344451904297,17.539443674813977,16.55862037094541,16.924024720882997,1050215
2013-08-12,17.347124099731445,17.827919895491778,17.15480613020538,17.174037752768953,754915
2013-08-13,18.44333839416504,19.42416333092474,17.097109148820337,17.212500625596235,2480521
2013-08-14,18.789512634277344,19.03952546355545,18.38564334159541,18.55872968306188,1563679
2013-08-16,16.635547637939453,18.48180632904608,16.46246126712427,18.462572959941657,1553282
2013-08-19,16.635547637939453,16.904793878714436,15.94320215467872,16.539389511870223,721125
2013-08-20,17.231733322143555,17.424051299500896,16.116286960802494,16.36630155209032,808859
2013-08-21,16.6932430267334,18.116398882648507,16.23167708006856,17.789457790336282,1250931
2013-08-22,17.17403793334961,17.42405077319522,16.308604445546997,16.539387406517168,785279
2013-08-23,17.13557243347168,17.462513465258617,16.654774952019,17.30865701559287,650593
2013-08-26,17.231733322143555,17.635602644095332,16.924023860815648,17.34712480611412,674399
2013-08-27,16.827865600585938,17.116345209893062,16.597084354587032,16.92402547035498,511003
2013-08-28,16.154752731323242,16.539390490019574,15.92397147121798,16.539390490019574,925444
2013-08-29,16.000892639160156,16.52015335299442,15.885501175653642,16.15474734253881,970946
2013-08-30,16.789398193359375,17.57790334979027,16.443225538124377,16.539385384085268,1042939
2013-09-02,17.21250343322754,17.308661559650453,16.577852823273993,16.577852823273993,616466
2013-09-03,16.635547637939453,17.50098123590594,16.385533022378315,17.385589740732296,818211
2013-09-04,16.731706619262695,17.097110966699944,16.270142406972788,16.404765520210322,533214
2013-09-05,17.15480613708496,17.443283963434915,16.96248816748177,17.231732627370103,940885
2013-09-06,17.250965118408203,17.38558822707488,16.808632545329242,17.308659989026598,579524
2013-09-10,17.15480613708496,17.847151525212585,16.96248816748177,17.327892484116866,1257694
2013-09-11,17.40481948852539,17.885617042571212,17.039415161096564,17.039415161096564,1751297
2013-09-12,17.327892303466797,18.40487536346317,17.05864610249513,17.424050415320743,2274612
2013-09-13,17.731760025024414,18.03947121747381,17.308659097283112,17.443283942904323,992541
2013-09-16,17.17403793334961,18.05870304391801,17.11634306505224,17.904846574011,821726
2013-09-17,17.05864906311035,17.308661941211927,16.808634441118162,17.308661941211927,432130
2013-09-18,17.000953674316406,17.21250329463402,16.86633055451772,17.077880174835332,369814
2013-09-19,17.808687210083008,17.962541925299682,17.481746158233854,17.693295737697945,1230976
2013-09-20,16.212448120117188,17.962545167651488,16.039360008350993,17.7702271748886,2646297
2013-09-23,16.46245765686035,16.616312368720912,16.03935676327126,16.212444840018307,636830
2013-09-24,16.154752731323242,16.693245244719975,16.11628947862081,16.193215984025674,564009
2013-09-25,16.19321632385254,16.404767705936823,16.077824819432994,16.19321632385254,552307
2013-09-26,16.2701416015625,16.731705791003893,16.07782188137746,16.46245957785715,1223105
2013-09-27,16.097055435180664,16.847097469707226,16.039358820899906,16.847097469707226,750042
2013-09-30,15.82780933380127,16.116287175627804,15.770114462992131,15.808577710198223,359844
2013-10-01,16.154752731323242,16.289375859672425,15.577796965224076,15.77011671651758,739240
2013-10-03,16.154752731323242,16.731708497422407,16.00089797662284,16.34707073872607,1767837
2013-10-04,16.40476417541504,16.770168492897938,16.039358114041804,16.15474959362758,2027686
2013-10-07,16.32783317565918,16.731702413861964,16.21244345950699,16.270138317583086,807012
2013-10-08,16.19321632385254,16.78940372881436,16.077824819432994,16.481694212956047,1421701
2013-10-09,17.616369247436523,18.001005163432698,16.058588730370364,16.154748581314518,7232903
2013-10-10,18.36641311645508,18.57796271791625,17.789457438427732,17.789457438427732,5863730
2013-10-11,18.866437911987305,19.404930267690744,18.27025069412571,18.71258320234206,4237486
2013-10-14,19.654949188232425,19.808802188142952,18.53950098775667,18.674124106568936,2494943
2013-10-15,18.98183250427246,20.097278896810973,18.65488966656333,19.8472642985306,2320518
2013-10-17,18.866437911987305,19.193378951997182,18.308715679454643,18.866437911987305,1018905
2013-10-18,19.78957176208496,19.94342651520717,18.07793785158667,18.962603118012066,2367402
2013-10-21,20.38575553894043,20.63577012245572,19.462627183655243,19.92419136129784,2871746
2013-10-22,20.174203872680664,20.55883977593093,19.92418931484487,20.404985065852795,1240170
2013-10-23,19.520320892333984,20.193436368009085,19.03952512050334,20.00111666416463,1673418
2013-10-24,19.077991485595703,19.80880194567817,18.904905118924425,19.61648395425348,977853
2013-10-25,18.73181915283203,19.17415176329145,18.577964407623995,19.07799189357747,896007
2013-10-28,18.36641311645508,19.11645514911255,18.1548617711035,18.92413542717649,801369
2013-10-29,18.9049015045166,19.077987838095687,17.789455274845714,18.404874124855887,1326638
2013-10-30,18.943368911743164,19.36646811728452,18.693354318012933,19.03952702941601,1069612
2013-10-31,21.193492889404297,21.42427585534932,18.78951383350424,19.00106343237852,5093873
2013-11-01,20.73192977905273,22.92435916562249,20.46268357539952,21.25118881990652,11227441
2013-11-05,21.866607666015625,22.40510007205513,21.270420392424885,21.53966659544464,2281230
2013-11-06,21.21272659301757,22.09738999280109,21.05887186124344,21.924305381431896,1634275
2013-11-07,20.328060150146484,21.828144125044343,20.17420542820543,21.19349187113348,1690293
2013-11-08,20.88578224182129,21.11656343146935,20.097275338807552,20.308826651865928,1777521
2013-11-11,19.69341087341309,20.88578732857823,19.5395578721034,20.50114959363232,1387920
2013-11-12,19.712644577026367,20.48191831608357,19.61648470568524,19.866499324837807,1321736
2013-11-13,19.11645698547364,19.90496234070739,18.847210744011207,19.616484473982013,1408121
2013-11-14,19.731874465942383,20.21267029255266,19.34723675831989,19.34723675831989,1619837
2013-11-18,19.67418098449707,20.15497863158252,19.46263134513642,20.02035549966548,1245202
2013-11-19,20.808853149414062,21.02040270977218,19.69340525691652,19.78956509920116,3754556
2013-11-20,20.270362854003903,21.09733304640285,20.11650813726576,20.981941572876675,2455375
2013-11-21,19.38570213317871,20.135744195568577,19.23184739586516,20.135744195568577,1733277
2013-11-22,19.270313262939453,19.78957241797792,19.03953025366188,19.50109452832632,879695
2013-11-25,19.1933822631836,19.86649782393683,19.03952752699578,19.50109173555923,2175779
2013-11-26,18.712587356567383,19.53955769443071,18.597195862743806,19.1549199629823,1436607
2013-11-27,18.15486526489257,18.80874930630828,17.866387370363157,18.577966293128448,2236061
2013-11-28,18.34718132019043,18.885672002423192,18.270253083362668,18.34718132019043,2204216
2013-11-29,18.46257209777832,19.03952780281336,18.27025411073014,18.30871910325217,2168707
2013-12-02,18.98183250427246,19.328005221975715,18.558731547140454,18.61642641879418,3177926
2013-12-03,18.9049015045166,19.11645282413897,18.674120307707884,19.0395245959426,1622412
2013-12-04,18.385644912719727,18.885672357895483,18.23179018005869,18.80874586351018,1885225
2013-12-05,18.53949928283692,19.02029509501428,18.501034292506027,18.75104888215003,1599525
2013-12-06,18.61642837524414,18.73181987456884,18.40487874639105,18.67412499685181,842880
2013-12-09,18.6933536529541,19.13568621018345,18.40487582241799,18.866440002497697,1781916
2013-12-10,18.03947257995605,18.789514635454125,17.866384476164573,18.654889779664988,1076596
2013-12-11,17.7125301361084,18.02023784059893,17.616370279530503,17.84715149387099,1061694
2013-12-12,18.03947257995605,18.462571795762795,17.6548348682612,17.712531484155182,2041970
2013-12-13,18.635662078857425,19.001066465391983,17.88561993564746,17.88561993564746,4989451
2013-12-16,19.88572883605957,20.424219524201508,18.69335423132258,18.827977339330666,12428022
2013-12-17,19.46262550354004,20.53960849173531,19.27030754876344,20.135740961093457,4349486
2013-12-18,20.30882835388184,20.731929271567136,18.674121293305618,19.4818581406028,8576663
2013-12-19,20.92424392700196,21.23195508911596,19.71263961864944,20.57807301136282,5102069
2013-12-20,25.059091567993164,25.09755655375936,21.020404085976807,21.097332313619017,24853043
2013-12-23,24.59752655029297,26.655334331207943,24.32828037905155,25.48219154500613,12165066
2013-12-24,24.116735458374023,25.38603659033457,23.11667880563297,24.65522616070347,6941021
2013-12-26,23.655170440673828,24.48213896170704,23.482084087150152,24.30905260818336,2197336
2013-12-27,23.55901336669922,24.73215647742051,23.11668074698284,23.8282596124206,5557336
2013-12-30,23.635936737060547,24.155195751928915,23.17437258699192,23.65516835866046,3364273
2013-12-31,24.07827377319336,24.712924380363603,23.21284017583908,23.7897959074086,7013575
2014-01-01,24.616758346557617,24.94370112476858,24.078267744114527,24.23212245108257,4738416
2014-01-02,22.40509796142578,24.924468176075845,22.001228694941883,24.385977564654144,5897819
2014-01-03,22.424331665039062,22.63588125633864,21.40504346574404,22.251245318722987,3327483
2014-01-06,23.30899810791016,23.63593919691477,22.4627962061061,22.4627962061061,5210657
2014-01-07,22.828197479248047,23.693630888530485,22.712807753122544,23.539776176472955,2480569
2014-01-08,22.5974178314209,23.559009411693584,22.443563108821657,23.42438631143296,3242625
2014-01-09,21.481971740722656,22.885895880320763,20.443450173057588,22.828199268844745,2789704
2014-01-10,21.34734535217285,22.40509846590797,21.155027396898376,21.69351976433515,2500279
2014-01-13,21.578128814697266,22.366634019865145,21.19349115096963,21.712751909807427,3110485
2014-01-14,21.00117301940918,21.712751732349968,20.80885506106229,21.539665395448747,1698394
2014-01-15,20.9819393157959,21.3088803357083,20.78962137653391,20.9819393157959,1912908
2014-01-16,20.34729385375977,21.13579916637884,20.212670740304244,20.962712804476165,1782163
2014-01-17,19.67418098449707,20.75116429594266,19.38570483769281,20.25113676588704,2645213
2014-01-20,20.097280502319336,20.270366874998288,19.46262988786632,19.63571626054527,2002250
2014-01-21,20.655000686645508,21.00117336616368,20.116508301714788,20.32805962889054,3329786
2014-01-22,21.905067443847656,22.21277684319637,20.19343412795672,20.424215305523223,9441427
2014-01-23,20.9819393157959,22.058922217109128,20.67422991542069,21.905067516921523,6720226
2014-01-24,20.078044891357425,21.11656466517301,19.808798701129263,20.78962361013464,2632068
2014-01-27,18.654890060424805,19.847264717566727,18.50103532220941,19.847264717566727,2146144
2014-01-28,19.00106430053711,19.404933637448494,18.501035099440024,18.693354827811422,1981581
2014-01-29,18.866437911987305,19.57801659805537,18.75104644378083,19.135684089839025,1570242
2014-01-30,18.943368911743164,19.231846752542538,18.174093507017894,18.50103459488641,1896780
2014-01-31,19.520320892333984,19.6934072306818,18.90490202536832,18.90490202536832,2046365
2014-02-03,19.09722328186035,19.712643998949385,19.00106515722968,19.27031139397665,1415829
2014-02-04,19.90496063232422,20.078046988725845,18.501034669718003,18.69335439362241,2598616
2014-02-05,21.38581275939941,21.69352222023004,19.6934089809406,19.77033721809345,7828378
2014-02-06,20.88578224182129,21.905068590592943,20.501144600554333,21.71275064190453,4185757
2014-02-07,20.712696075439453,21.23195685173106,20.48191486455786,20.96271065246062,1624244
2014-02-10,20.46268081665039,20.84731670382151,20.27036112917473,20.616535520296857,925627
2014-02-11,20.539613723754883,21.001177979126304,20.21267259418645,20.38575897196441,1226108
2014-02-12,21.270421981811523,21.50120495704188,20.597306423965023,20.597306423965023,4344798
2014-02-13,20.40498924255371,21.69352379313988,20.21267125156297,21.00117658412648,3474903
2014-02-14,19.90496063232422,20.5780761782088,19.53955629590861,20.40498807791674,1575334
2014-02-17,19.578020095825195,20.17420742020042,19.116455884427324,19.789569705423624,1272966
2014-02-18,19.328004837036133,19.885728894142893,19.19338172863483,19.44339632193588,2306481
2014-02-19,20.13574409484864,20.30883045547428,19.328005420074984,19.52032340478232,3102172
2014-02-20,19.42416381835937,20.07804596334765,19.308772338687813,19.904959615785483,2001534
2014-02-21,19.30877685546875,19.770341138235487,19.11645884028863,19.616486377313244,1569971
2014-02-24,19.15492057800293,19.385703573059995,18.92413758294586,19.15492057800293,1015137
2014-02-25,19.34723663330078,19.578019605161074,18.9626006720542,19.25107677104392,1743964
2014-02-26,19.828031539916992,20.078046123889404,19.097221154674084,19.270309247510585,2563312
2014-02-28,19.712644577026367,20.09728057460967,19.53955820372482,19.90496257581802,1769299
2014-03-03,19.42416381835937,19.962654483676094,19.231845848167,19.73187326822331,1496865
2014-03-04,21.135799407958984,21.38581401350409,19.32800578359404,19.32800578359404,5205813
2014-03-05,22.07815933227539,22.28970892702317,20.96271125844976,21.347347202334884,8681063
2014-03-06,22.001230239868164,22.57818587710465,21.55889770091288,22.193548204316897,4764514
2014-03-07,21.92430305480957,22.78973473926741,21.75121497402777,22.001229540587943,6868392
2014-03-10,22.67434310913086,22.88589267117108,21.69351829047692,21.77044476980424,4673126
2014-03-11,22.96282196044922,23.9244152769411,22.02046201003283,22.67434588378098,8460708
2014-03-12,22.32817268371582,23.05898308649391,22.17431795386204,22.80896849652261,2230865
2014-03-13,21.28965377807617,22.59741991255504,21.078104168978182,22.424333551676604,1908646
2014-03-14,21.155027389526367,21.481970180436303,20.69346325069435,21.078100904999467,1932685
2014-03-18,21.38581275939941,21.847376950645348,21.05887167525318,21.25118965229972,1834691
2014-03-19,21.155027389526367,21.73198299903894,21.00117267658236,21.44350519428265,1775460
2014-03-20,20.655000686645508,21.308882802155445,20.57807419959269,21.11656484063316,1345010
2014-03-21,21.020404815673828,21.116564667592115,20.71269538220361,20.71269538220361,1734216
2014-03-24,21.135799407958984,21.520435384607847,20.924248051300665,20.924248051300665,1480842
2014-03-25,21.00117301940918,21.32811581565619,20.80885506106229,21.02040464085485,1378068
2014-03-26,21.03963661193848,21.828143567655616,20.69346393238331,21.135796464655023,3155275
2014-03-27,21.097335815429688,21.52043503407372,20.962712702628234,20.981944326758377,1063090
2014-03-28,21.731983184814453,22.11662084240764,21.17425919166591,21.17425919166591,3745154
2014-03-31,21.905067443847656,22.30893668445161,21.36657686693244,22.0781555068851,2364964
2014-04-01,21.63582420349121,22.2897080732752,21.251188274338546,22.00123025446556,2159919
2014-04-02,22.61664772033692,22.84743065849289,21.65505621376412,21.82814254543601,4945236
2014-04-03,22.28970718383789,23.34745856263517,21.71275156924116,22.75127132673724,6946692
2014-04-04,22.885892868041992,23.27053049965761,22.15508258869537,22.482023616429103,5147604
2014-04-07,23.751331329345703,24.020575810989303,22.46279681794148,22.73204304347555,7163123
2014-04-09,23.789793014526367,24.15519733667826,23.53977842954432,24.001342609894778,4780561
2014-04-10,23.809022903442383,24.42444176575706,23.61670320105137,23.8859493892866,4424156
2014-04-11,24.616758346557617,25.07832246746176,23.15513950230625,23.712861725134086,9773084
2014-04-15,23.50131797790528,25.001402178362657,23.36669485797801,24.886010683583496,5321181
2014-04-16,22.001230239868164,23.770560395689312,21.597360945024565,23.46284921112494,3696334
2014-04-17,22.77050399780273,22.905127097007707,22.097388501777875,22.097388501777875,2622103
2014-04-21,22.84742927551269,23.232065157303307,22.751269433120004,22.962818993715835,1684773
2014-04-22,22.67434310913086,23.212833696092368,22.46279180320056,22.78973282812184,1854583
2014-04-23,22.36663055419922,22.866657870065666,22.23200747994864,22.52048524707273,1678455
2014-04-24,22.36663055419922,22.36663055419922,22.36663055419922,22.36663055419922,0
2014-04-25,22.482023239135746,23.34745658782962,22.347400157524024,22.40509676043765,3362523
2014-04-28,22.61664772033692,22.80896567287344,22.0012288771079,22.50125625125893,1744620
2014-04-29,22.52049446105957,23.385928116513533,22.193553322925588,22.52049446105957,2981703
2014-04-30,21.23195457458496,22.92435633380279,20.462681047667765,22.61664692303592,2619056
2014-05-02,21.135799407958984,21.6550602434926,21.03963954185152,21.28965414739663,1364742
2014-05-05,20.75115776062012,21.38580996660757,20.67423127740356,21.00117231885428,949490
2014-05-06,20.866548538208008,21.19348956883001,20.61653573214477,20.61653573214477,921130
2014-05-07,20.75115776062012,21.15502702917756,20.6934628982077,20.71269451901184,1257905
2014-05-08,20.69346618652344,21.03963890378721,20.57807644336248,20.789626049714688,965245
2014-05-09,20.9819393157959,21.11656239644631,20.097274353744663,20.597301693381866,3298124
2014-05-12,21.097335815429688,21.635826522745024,21.00117595088852,21.15503068782011,2075986
2014-05-13,22.155086517333984,22.501259226449864,21.42427610839681,21.44350773180432,3492372
2014-05-14,23.001283645629883,23.23206834537633,22.03969380919702,22.308940009732407,5057611
2014-05-15,22.65511131286621,23.84748577605814,22.424330115026915,23.2705319095148,4631943
2014-05-16,23.00128746032715,23.924415809091467,22.751272878577936,23.462849890818973,5340832
2014-05-19,25.71297836303711,26.039921210511217,23.270535898389547,23.347462396225453,9028780
2014-05-20,27.23229217529297,27.886176079314662,25.059094353286845,26.1553090758277,10645744
2014-05-21,26.520713806152344,27.44384213048766,26.001453033782298,27.386147264175563,5606793
2014-05-22,28.02079963684082,28.616986937364683,26.77073016563545,26.789961789021334,10189289
2014-05-23,28.44390296936035,29.21317668878731,27.520774506048,28.270816600475605,8183649
2014-05-26,25.751440048217773,28.84776606621737,22.77050376215087,28.71314471229589,6529668
2014-05-27,25.924524307250977,26.193770481243465,24.443672094182432,25.674509753702218,3046162
2014-05-28,25.55912208557129,26.482250467400146,25.11679126184906,25.7706734296719,2713158
2014-05-29,25.193716049194336,25.94375802663137,25.001398085307738,25.53989047685855,1574455
2014-05-30,25.30910873413086,26.463020060354825,25.19371725273039,25.77067291584237,2962818
2014-06-02,26.40532493591309,26.770731023627125,25.386036656560872,25.48219652046256,3479481
2014-06-03,26.847654342651367,27.25152363057851,25.61681660103369,26.63610301587942,6243043
2014-06-04,27.94386863708496,28.270811433997,26.55917619516838,27.1938266797272,13868331
2014-06-05,27.94386863708496,28.193883204167623,27.174595058242417,28.07849173136869,6575763
2014-06-06,30.040143966674805,30.463243161337243,28.19388548425257,28.19388548425257,15333891
2014-06-09,31.38636779785156,32.1171763620216,29.655501003410546,30.328618193102272,15214033
2014-06-10,31.07866668701172,31.540232684042685,29.270872926239417,31.5209975703669,7301781
2014-06-11,30.75172233581543,32.6556740264997,30.34785474658022,31.2709831561042,9657379
2014-06-12,30.54016876220703,31.655616817101013,30.40554740485531,30.790183342212305,6740110
2014-06-13,28.482364654541016,31.30944650804712,27.96310557641481,30.732490814202137,5358733
2014-06-16,28.84777069091797,29.17471180492106,27.501541240871283,28.270816707089867,4385063
2014-06-17,29.463191986083984,30.040147725031364,28.73238149967668,28.73238149967668,3871794
2014-06-18,28.69391441345215,30.270925023998643,28.07849546846908,29.655506079015577,4163753
2014-06-19,28.463132858276367,29.424726256826453,28.174655013100388,28.94392868560619,2806130
2014-06-20,27.38614654541016,28.713144130773205,27.11690035523964,28.52082442699984,2667750
2014-06-23,27.4823055267334,27.86694320261282,27.13613283916513,27.309219182949267,2159411
2014-06-24,28.50159454345703,28.6939125150679,27.540002941512338,27.540002941512338,2952054
2014-06-25,29.19394302368164,29.751667085250745,28.270814624878565,28.578522347255827,4410714
2014-06-26,28.193883895874023,29.40549177415303,28.00156593241764,29.0593173472632,1940475
2014-06-27,28.463132858276367,28.77084232727869,27.693859185770567,28.213118260753067,2510389
2014-06-30,28.98238945007324,29.328562137068467,28.55929027436365,28.578520152651944,2766148
2014-07-01,30.174766540527344,30.6171008637858,29.828593824114275,29.867057071740074,5647143
2014-07-02,30.059375762939453,30.69402630248081,29.92475091310236,30.482474960040104,3336803
2014-07-03,29.36702919006348,30.174767889662466,29.09778470075433,30.155536264989703,2069867
2014-07-04,29.232404708862305,29.48241929080336,28.54005757481264,29.34779444462864,2434652
2014-07-07,28.463132858276367,29.46318950447913,28.347741371427887,29.40549463300012,2244982
2014-07-08,26.19377326965332,28.69391209572802,25.962990311980715,28.540057371909725,2845451
2014-07-09,25.020631790161133,26.193774780919725,24.828313810264937,26.001455057133107,3473959
2014-07-10,25.23217964172364,27.30921926083776,24.482137653926326,25.097558285866697,8221953
2014-07-11,23.25130271911621,26.11684792072545,23.001289855225945,25.5014289574717,5492357
2014-07-14,23.50131797790528,24.02057708857565,22.88589899760384,23.27053673223752,2805485
2014-07-15,24.57829475402832,24.88600416356053,23.57823830110357,23.73209300586968,3193577
2014-07-16,25.86682891845703,26.155304963120656,24.80907586449996,24.80907586449996,4631439
2014-07-17,25.636049270629883,25.962990341124463,25.482194546638883,25.905295473586712,2368470
2014-07-18,25.09756088256836,25.482196855450592,24.712923165795644,25.3860369902848,1689808
2014-07-21,25.27064514160156,25.96299053272524,25.193716907093187,25.386034877528616,2066996
2014-07-22,25.020631790161133,25.53989260293841,24.61676246287774,25.28987626445964,1821216
2014-07-23,25.078325271606445,25.847598892463363,24.84754405729453,25.17448512817243,3447657
2014-07-24,24.635995864868164,25.27064820895275,24.462909496078023,25.174488340117986,1694398
2014-07-25,23.55901336669922,24.78985135412198,23.23207224427637,24.578301728992667,1847285
2014-07-28,23.078214645385746,23.75133017655057,22.924359915960977,23.52054721046824,2097253
2014-07-30,23.520545959472656,23.84748702412485,22.693575742867413,23.078213417916658,2649974
2014-07-31,24.13596534729004,24.385979928475383,23.462849837902688,23.462849837902688,3233882
2014-08-01,23.789793014526367,24.385980298798668,23.50131518382104,23.84748788311129,1944333
2014-08-04,23.982112884521484,24.405213852624826,23.674403406608235,24.03980775767128,1917779
2014-08-05,24.674457550048828,24.924470385269213,23.65516935508633,23.90518393419703,3630811
2014-08-06,24.53983497619629,25.001399155617857,24.232125523248577,24.61676146748804,2638631
2014-08-07,24.347517013549805,25.17448551470966,24.13596567463447,24.88600768447264,3845142
2014-08-08,23.25130271911621,24.020576423183407,22.962824862104696,23.924418300106577,3268278
2014-08-11,23.982112884521484,24.270590738051464,23.635940157841706,23.789794896798327,2001066
2014-08-12,23.635936737060547,24.48213680690791,23.50131364197092,24.00134103523937,2243271
2014-08-13,21.77044677734375,23.82825470356945,21.020404815287588,23.82825470356945,5503980
2014-08-14,22.46279525756836,22.6743465960314,21.80891310717065,22.03969432453264,2143418
2014-08-18,22.92435836791992,23.11667633074139,22.135853150850657,22.366634357458366,1746251
2014-08-19,23.21284294128418,23.38592933259745,22.808973532292715,23.03975654997092,2091810
2014-08-20,23.078214645385746,23.38592410423527,22.80896843291981,23.11667789176933,1629574
2014-08-21,22.828197479248047,23.52054455545204,22.712807753122544,23.020515433347416,1387856
2014-08-22,22.23200798034668,23.03974644403072,22.05892166495439,22.808963527581,1227277
2014-08-25,21.7512149810791,22.65511165260937,21.5588970226806,22.07815777741386,1337677
2014-08-26,21.65505790710449,22.00123059751761,20.808856059549846,21.59736129610876,1539253
2014-08-27,21.34734535217285,22.09738729602253,21.11656415462152,21.77044624888886,855324
2014-08-28,21.193492889404297,21.847376796988268,21.11656639668288,21.2704211260161,1189591
2014-09-01,21.7512149810791,21.84737483222347,21.27041921313772,21.27041921313772,1173919
2014-09-02,21.77044677734375,22.11662119790908,21.616592060611467,21.616592060611467,1226975
2014-09-03,22.116622924804688,22.424332382295624,21.578130502250364,21.847376713527524,2186038
2014-09-04,21.23195457458496,22.40509735709248,21.001171644564742,22.28970589208237,2087341
2014-09-05,21.020404815673828,21.53966557458623,20.924244963755545,21.15502791080333,2252489
2014-09-08,21.731983184814453,22.11662084240764,20.789623277962946,21.27041904203676,2513508
2014-09-09,21.366579055786133,21.712751729543843,21.270419204680003,21.63582349988089,965245
2014-09-10,22.36663055419922,22.63587670270037,21.11656139258811,21.385807541089264,3501409
2014-09-11,22.828197479248047,23.03974879825852,22.34740172205453,22.712807753122544,3542547
2014-09-12,22.001230239868164,22.905126939834584,21.866607141586965,22.61664912121634,1754321
2014-09-15,21.82814598083496,22.116623826986608,21.597363006357465,21.770449365270363,1455681
2014-09-16,20.943477630615234,22.67434444406436,20.77039129804836,21.78967767248553,4094409
2014-09-17,21.116565704345703,21.50120338701304,20.885784489857564,20.885784489857564,946286
2014-09-18,21.82414627075196,22.154522174178872,21.143962660404977,21.31886827606719,1699998
2014-09-19,22.38772964477539,22.83470700067384,21.47434136474844,21.843582685524265,3619841
2014-09-22,23.84525680541992,24.09789486902072,22.271118927867818,22.54319231531651,7368880
2014-09-23,22.193389892578125,24.000732696472387,22.037919600701272,23.90356310322352,3513454
2014-09-24,21.649242401123047,22.29055711739824,21.31886826014505,22.193389288994226,1857445
2014-09-25,20.65812110900879,21.999053188591688,20.405482957576023,21.843582879170587,1446420
2014-09-26,21.493772506713867,22.1545225629608,20.23057661673349,20.61925146186489,2260034
2014-09-29,22.03792190551757,23.32055150709373,21.90188516562277,23.12621406247361,3584977
2014-09-30,21.454906463623047,22.076787657159745,21.2605672689911,21.843581328482333,1118658
2014-10-01,20.677553176879883,21.629808451551416,20.52208289199061,21.37716857778054,1695884
2014-10-07,20.522083282470703,20.89132455528259,20.424913691740223,20.4832143888572,1020583
2014-10-08,20.46378326416016,21.10509981995684,20.230578685672413,20.36661542404126,1687864
2014-10-09,21.046794891357425,21.35773546776484,20.560950460996114,20.560950460996114,1960449
2014-10-10,20.405481338500977,20.81358976697344,20.308311741996807,20.81358976697344,3186610
2014-10-13,20.541513442993164,20.63868125541387,20.21113759415708,20.230572918843112,739559
2014-10-14,20.21114158630371,20.91075878493212,20.09454018836751,20.61925176568713,1207296
2014-10-15,20.21114158630371,20.21114158630371,20.21114158630371,20.21114158630371,0
2014-10-16,19.122852325439453,20.386050180443103,18.94794844082725,20.211144533628406,1651276
2014-10-17,19.41435813903809,19.628130910422524,18.94794722265712,18.986816120673986,1170256
2014-10-20,19.103412628173828,20.01680065874841,16.207778270867216,19.80302970439769,996330
2014-10-21,19.200584411621094,19.530958543677777,18.92851097503248,18.92851097503248,809853
2014-10-22,19.297754287719727,19.51152705155287,19.142285749953547,19.43379278266978,726478
2014-10-27,19.43379020690918,19.64756118020673,19.02568006275704,19.5892604862716,4109199
2014-10-28,20.17227363586425,20.28887679127555,19.35605507238957,19.35605507238957,1786559
2014-10-29,20.308311462402344,20.560951352513587,19.7835998777893,20.21114186723596,1615152
2014-10-30,20.65812110900879,20.89132745424165,20.444350094380688,20.58038683539945,1884968
2014-10-31,20.89132499694824,21.22169914533329,20.67755400746445,20.67755400746445,1640969
2014-11-03,21.454906463623047,21.629810329029954,20.755289239793107,21.1439641046524,2512267
2014-11-05,21.105098724365234,21.843581319742874,20.98849556007318,21.53264072309893,2268382
2014-11-07,20.522083282470703,21.10509730244921,20.308310535304084,21.10509730244921,1526481
2014-11-10,20.23057746887207,20.735855493706755,20.113974305540285,20.366614199058773,858984
2014-11-11,20.036237716674805,20.4637814621564,19.744732459785155,20.230576904204227,1517629
2014-11-12,20.2500114440918,20.560952044445507,19.88076837979531,19.88076837979531,1187778
2014-11-13,19.841901779174805,20.46378299661478,19.725298610354216,20.40548229330567,906941
2014-11-14,20.580385208129883,20.75528907212385,19.8224672893545,20.05567185394569,1847133
2014-11-17,22.52376365661621,23.2428144050522,22.096219920729894,23.2428144050522,9334089
2014-11-18,22.69866943359375,23.28168350805667,22.50433023397121,22.89300687101394,4371281
2014-11-19,21.80471420288086,22.89300629199153,21.5909432033457,22.89300629199153,2620145
2014-11-20,21.454906463623047,21.92131735877557,21.182833000900164,21.843581328482333,1653960
2014-11-21,21.610376358032227,22.329425373241005,21.318869333735915,21.318869333735915,2144081
2014-11-24,20.696990966796875,21.882452791874783,20.6386884966866,21.863017460369683,2665168
2014-11-25,19.33662223815918,20.91075872803731,19.103415918516816,20.71642130313683,4264791
2014-11-26,21.22170066833496,21.882450774726824,19.23945387356408,19.23945387356408,13531895
2014-11-27,20.4443473815918,21.41603624598832,20.05567077851187,21.357735548517315,7358119
2014-11-28,20.17227363586425,21.085661789215383,20.055670480452967,20.3083103568104,5800294
2014-12-01,19.74473190307617,20.48321445093816,19.62812874628663,20.28887703109038,2268056
2014-12-02,20.07510757446289,20.366614607537763,19.45322461162145,19.58926310673888,2758974
2014-12-03,20.13340950012207,20.288879809733004,19.977939190511137,20.21114377382632,2897926
2014-12-04,20.094541549682617,20.580386027270624,20.01680551692331,20.36661502103665,2068465
2014-12-05,20.113975524902344,20.794159217070373,20.0168059225348,20.0168059225348,2872437
2014-12-08,19.74473190307617,20.48321445093816,19.569826286790764,20.17227387430084,1986903
2014-12-09,19.200584411621094,19.95850226371672,19.045114128170763,19.60869456650401,1833429
2014-12-10,19.161714553833008,19.686426024964707,18.967375405530703,19.06454497968185,1853767
2014-12-11,18.967378616333008,19.37548878221057,18.79247476301468,19.083981772612624,1825987
2014-12-12,18.578702926635746,19.20058404868195,18.46209977570156,19.08398089774776,2498345
2014-12-15,18.22889709472656,18.63700552130544,18.170594632213664,18.46210165817131,1334121
2014-12-16,17.432109832763672,18.17059416192974,17.296074868893037,18.01512386958963,1698149
2014-12-17,17.12116813659668,17.587578983338137,16.5187205726137,17.257204853838203,1871350
2014-12-18,18.40380096435547,19.006248583253573,17.315508889423928,17.315508889423928,1802953
2014-12-19,17.470979690551758,18.947946668096385,17.315509389641676,18.4426686306892,1933082
2014-12-22,17.801353454589844,17.917954855967057,17.509846426742218,17.509846426742218,1054444
2014-12-23,17.49040985107422,18.034556734194844,17.33494132698509,17.82078575137012,975405
2014-12-24,17.257205963134766,17.568146547616394,17.10173567089395,17.393242689120758,1516897
2014-12-26,17.39324378967285,17.762485096282575,17.21833992011023,17.21833992011023,1069726
2014-12-29,17.626449584960938,18.03455801406166,17.43211039165343,17.43211039165343,1169360
2014-12-30,17.801353454589844,18.345498614290392,17.529279993638422,17.66531672411413,4094017
2014-12-31,18.209461212158203,18.423233964536003,17.665316072528462,17.665316072528462,2137031
2015-01-01,18.345497131347656,18.520400981477568,18.053990127063752,18.19002684654305,1261999
2015-01-02,18.44266891479492,18.792476656680748,18.30663217912769,18.384368211881405,2625707
2015-01-05,18.32606506347656,18.79247595600161,18.209461899794725,18.4426682271584,1953171
2015-01-06,17.04343605041504,18.17059529992226,16.926832883306748,18.17059529992226,3439884
2015-01-07,16.790794372558594,17.27663879488038,16.47985380129648,17.10173494382071,3498856
2015-01-08,16.887968063354492,17.49041402455936,16.829665590707023,17.19890871013237,2560676
2015-01-09,16.557586669921875,17.237770213706185,16.460418850954127,17.140602394738437,3201076
2015-01-12,16.324384689331055,16.86853160926308,16.2466486598255,16.86853160926308,2477728
2015-01-13,16.635324478149414,16.810228333322392,16.266083201917816,16.440987057090794,2736252
2015-01-14,16.382688522338867,16.75192984731911,16.24665001877465,16.55759063840089,1478897
2015-01-15,17.78192138671875,17.995692402800277,16.635326745565937,16.73249635044069,10164988
2015-01-16,17.937387466430664,18.55926856166448,17.684747610666168,17.87908501237623,7470204
2015-01-19,18.287193298339844,18.617567376601144,18.07342235423013,18.17059016418825,3167926
2015-01-20,18.22889709472656,18.578704820994822,17.976257202309327,18.442668091401107,2230577
2015-01-21,17.470979690551758,18.40380149601226,16.82966315737062,18.267764762440645,1929531
2015-01-22,18.287193298339844,18.5787002526179,17.490406683472173,17.509842007665647,4337327
2015-01-23,17.995689392089844,18.520400941342487,17.70418238843766,18.44266668020972,2986277
2015-01-27,17.743051528930664,18.32606378217277,17.45154275900635,18.15115992997992,5953423
2015-01-28,17.76248550415039,17.995691843723744,17.3543770532006,17.743053698422063,2632196
2015-01-29,18.773042678833008,19.181152876917093,17.684750579477775,17.85965444659886,4909507
2015-01-30,19.492090225219727,20.17227201302844,18.85077380315188,18.92850982123969,9750445
2015-02-02,19.666996002197266,20.172274001877927,19.356055423593443,19.39492255536837,4599402
2015-02-03,18.83134078979492,19.82246306178312,18.656435200901083,19.78359593634089,2949951
2015-02-04,19.589262008666992,20.30831100522337,18.52040177250564,18.850775921550824,7141011
2015-02-05,18.870210647583008,20.133406504977305,18.61757077122328,19.68642921106511,3653676
2015-02-06,19.06454849243164,19.394922638336205,18.617571188501287,18.792475044438863,2703567
2015-02-09,18.287193298339844,18.9090743308792,18.17059016418825,18.85077188270248,1682456
2015-02-10,18.209461212158203,18.94794553798636,17.45154332015066,18.09285805287961,2103053
2015-02-11,18.967378616333008,19.161717797533093,18.20946074381878,18.3260639000984,1444939
2015-02-12,19.686431884765625,19.9002028968863,18.85077788005249,19.10341779072436,2635733
2015-02-13,18.92850875854492,20.191706205588027,18.50096685077236,19.64755939612922,2848408
2015-02-16,18.6953067779541,19.14228587577924,18.3454990412762,18.3454990412762,2924112
2015-02-18,19.025680541992188,19.41435536908748,18.85077493137696,18.85077493137696,2149667
2015-02-19,18.75360679626465,19.297751897659936,18.46209979965206,19.10341448731891,1530981
2015-02-20,18.98681259155273,19.33662027326833,18.65643671193016,18.792473424197794,2589269
2015-02-23,18.59813690185547,19.2200180376256,18.462100183130488,19.083981318900616,1628335
2015-02-24,18.55927276611328,18.8702133841712,18.384368888731004,18.520403867204223,1535751
2015-02-25,17.937387466430664,18.71473883547293,17.820784320523817,18.65643638141849,1888710
2015-02-26,18.151161193847656,18.26776435749604,17.820787032012483,18.03455803019927,1140370
2015-02-27,18.617570877075195,18.850775427023628,18.15116001497615,18.30663030234249,1979337
2015-03-02,17.801353454589844,18.22889721291318,17.684750291010335,18.151161183126074,1733465
2015-03-03,17.879085540771484,18.22889498883023,17.72361526236829,17.879085540771484,2029072
2015-03-04,17.723615646362305,18.61757020709932,17.607012494483104,18.364930338394736,2291515
2015-03-05,17.432109832763672,17.820786444715058,17.296074868893037,17.820786444715058,1360328
2015-03-09,16.946266174316406,17.296075669934215,16.90739903998187,17.257206773397357,1363884
2015-03-10,16.887968063354492,17.21834228028066,16.732497739965556,16.92683520365108,3064546
2015-03-11,16.674192428588867,17.19890578207234,16.63532529490929,17.101736185671104,1586309
2015-03-12,16.84909439086914,16.90739684701116,16.693625873696,16.71305943834264,1118912
2015-03-13,16.46042251586914,17.024003040171408,16.402120049305427,17.024003040171408,1146712
2015-03-16,15.955142974853516,16.538157013076056,15.896840513709916,16.538157013076056,1514387
2015-03-17,15.79967212677002,16.16891520154268,15.74137142337546,16.09118093034994,1242348
2015-03-18,15.857970237731934,16.266080336033,15.74136710075993,15.857970237731934,1483304
2015-03-19,15.760804176330566,16.20778149918698,15.663636342363272,15.994010502256645,1554290
2015-03-20,15.391562461853027,15.916274037531116,15.35269532932922,15.799670877757462,1393471
2015-03-23,14.827982902526855,15.508166574497269,14.750247751601831,15.508166574497269,1626407
2015-03-24,14.925151824951172,15.15835638604608,14.633644801930837,14.808548663302584,1158250
2015-03-25,14.49760913848877,14.98345362513822,14.36157240027454,14.886285785129768,1745331
2015-03-26,14.827982902526855,15.061189236403097,14.031197825820668,14.41987358044578,1951680
2015-03-27,14.769681930541992,15.06118896146473,14.244969451101296,14.827982631845614,1716597
2015-03-30,15.333259582519531,15.527596979704017,14.964016589446832,15.46929452700728,941713
2015-03-31,15.508164405822754,15.81910496604066,15.25552453981992,15.372127690452158,1161823
2015-04-01,15.566466331481934,15.663635925062785,15.294392879217344,15.508165632654768,895111
2015-04-06,16.557586669921875,16.88796254101826,15.488730088064557,15.683067488202068,2395209
2015-04-07,16.207780838012695,16.732494168840265,15.89684025759718,16.693627036838876,1562674
2015-04-08,16.965696334838867,17.41267357654176,16.13004430343031,16.324381698283144,3590625
2015-04-09,16.713062286376953,17.2183403398992,16.557590218305997,17.140606068066113,1244000
2015-04-10,17.315507888793945,17.898521907223724,16.59645714858374,16.63532427989181,3721099
2015-04-13,16.887968063354492,17.393246173817893,16.81023202055873,17.354379033521305,1771034
2015-04-15,17.17947006225586,18.01512214265212,16.96569732940416,17.257204319873154,5533950
2015-04-16,16.732494354248047,17.373809088185993,16.518721601467245,17.276639494903606,1686544
2015-04-17,16.577022552490234,17.062866950247223,16.49928653250404,16.810227088044677,1382693
2015-04-20,15.6636381149292,16.6158935687838,15.469298900597764,16.402120785459715,2135315
2015-04-21,15.838541030883787,16.052312038951445,15.488733285972216,15.74137142965174,1432868
2015-04-22,15.896842002868652,16.07174587827933,15.430431081039377,15.935710901339563,1488836
2015-04-23,15.585899353027344,16.071743779546757,15.50816509064128,16.01344308275721,1232647
2015-04-24,15.06118869781494,15.644200987252333,14.983452668568589,15.644200987252333,1263121
2015-04-27,14.49760913848877,15.158357499355834,14.34213883227285,15.158357499355834,1221422
2015-04-28,14.769681930541992,14.847417961149135,14.381006183012062,14.419873317214476,750132
2015-04-29,15.06118869781494,15.255526127627403,14.789115238756125,14.808548805517145,780779
2015-04-30,15.06118869781494,15.255526127627403,14.789115238756125,15.06118869781494,989727
2015-05-04,15.294392585754396,15.488731769187188,15.13892229632948,15.197222994037997,1088871
2015-05-05,15.080621719360352,15.469296564933364,15.002885692924416,15.33326160252436,942775
2015-05-06,14.439306259155272,15.158356140678562,14.264402400614683,15.061188309379476,1222528
2015-05-07,13.972895622253418,14.43930650710487,13.895160474778177,14.381005807324287,975505
2015-05-08,14.342137336730955,14.672511482714368,14.128366348801164,14.322702889654618,1053843
2015-05-11,14.458741188049316,14.633645052414892,14.108932578217017,14.400438725125928,896237
2015-05-12,14.011764526367188,14.478174559737155,13.953462941782997,14.478174559737155,845029
2015-05-13,14.070064544677734,14.244969289912945,13.895160680543672,14.167234141286563,691683
2015-05-14,14.400440216064451,14.536477841801664,13.856294999723032,14.050633332217458,899846
2015-05-15,14.342137336730955,14.53647563978662,14.20610149380321,14.381005349782532,526288
2015-05-18,14.575343132019045,14.691946292954928,14.303270558337193,14.38100570526074,635218
2015-05-19,14.691946983337402,14.827982836020164,14.458741531608313,14.653078967498637,681709
2015-05-20,14.925151824951172,15.25552598112028,14.653078368505223,14.730813515903904,890794
2015-05-21,14.808547973632812,14.944584695520229,14.419872254740977,14.866848670640769,611714
2015-05-22,14.75024700164795,14.925151743162363,14.65307828820736,14.65307828820736,514973
2015-05-25,14.672511100769045,14.925150976274956,14.633643969830338,14.808547821256676,436587
2015-05-26,14.381007194519045,14.80855010632318,14.186668866534458,14.75024851981768,737018
2015-05-27,14.28383731842041,14.769681777524053,14.089499006118263,14.361571586019892,610583
2015-05-28,14.30327033996582,14.517041329916038,14.147799167391216,14.361571038442548,597395
2015-05-29,14.342137336730955,14.51704119271028,14.22553417867734,14.24496862575368,773629
2015-06-01,14.186667442321776,14.439306450347976,14.10893229515209,14.283837037109732,666983
2015-06-02,13.875726699829102,14.303270445073574,13.817425119822833,14.22553441766447,587009
2015-06-03,12.923470497131348,13.972894460223117,12.301588487945963,13.914592884189943,1839334
2015-06-04,13.56478786468506,13.953463646370754,12.845737888841832,13.214979220617316,2442030
2015-06-05,13.17611026763916,13.564785995774418,12.942904830758003,13.29271254552918,1383573
2015-06-08,12.884601593017578,13.253843707499987,12.593094614157728,13.2344092627686,832133
2015-06-09,12.806869506835938,13.098376555106467,12.593097612697468,12.826303075093652,705486
2015-06-10,13.525918006896973,13.720254537005342,12.787432848557566,12.865167989261549,1558799
2015-06-11,14.20610237121582,14.45874138780095,13.525919590162475,13.700823456944402,1929835
2015-06-12,14.827982902526855,15.527600141953233,13.797991491944428,14.10893297674569,2609132
2015-06-15,14.711379051208496,15.119488329861454,14.225533748801464,14.769680628473512,776096
2015-06-16,14.322705268859863,14.711381939535917,14.0311990875047,14.711381939535917,659871
2015-06-17,14.73081398010254,15.119489729343924,14.108932781316325,14.419873380709433,2113275
2015-06-18,14.905718803405762,15.508166438049372,14.808549204778547,15.508166438049372,2653647
2015-06-19,14.633645057678224,15.080622383307594,14.5170418939918,14.92515208579313,937779
2015-06-22,15.002886772155762,15.33326270552127,14.614211898623456,14.82798290284599,1760299
2015-06-23,14.925151824951172,15.31382668084344,14.769681530153813,15.10005568632292,1334092
2015-06-24,14.65307903289795,15.002886771502256,14.57534388197464,14.964019636591187,694725
2015-06-25,14.808547973632812,15.236091704964378,14.419872254740977,14.653077686076076,993454
2015-06-26,14.65307903289795,15.041753906413325,14.41987358012802,14.84741823185798,1959603
2015-06-29,14.458741188049316,14.750247334958228,13.875727132029196,14.342138024404832,1410369
2015-06-30,16.18834686279297,16.402117845598973,14.49760727924788,14.57534242238672,9896898
2015-07-01,16.59645652770996,17.02400024271086,16.440986246091644,16.479853375945694,5389492
2015-07-02,16.130048751831055,16.654760391301085,15.95514487200771,16.51872364872683,1861257
2015-07-03,15.605335235595703,16.16891577037988,15.48873382470444,16.130048633416127,1785365
2015-07-06,15.896842002868652,16.266085084026663,15.197224739023538,15.527600683913043,2511009
2015-07-07,16.01344108581543,16.596455029815367,15.819103691882768,15.99400752264236,3052523
2015-07-08,15.585899353027344,16.266082959916265,15.35269480366698,15.877406361379428,3015070
2015-07-09,15.508164405822754,15.9357081166729,15.410994819928872,15.87740566025573,1859437
2015-07-10,15.119488716125488,15.760803439121371,15.061188018472116,15.58589958395906,1548730
2015-07-13,15.43043041229248,15.702503878785302,15.04175377984526,15.27496011175406,2040406
2015-07-14,15.857970237731934,16.09117651167594,15.23608919015044,15.274956315073808,3789541
2015-07-15,16.557586669921875,17.023999249775123,16.402116397371465,16.69362514088075,8402209
2015-07-16,15.955142974853516,16.343817825533716,15.87740694739613,16.149480400193614,2259879
2015-07-17,15.877405166625977,16.421552011190794,15.741368455484771,16.032875441901346,1878101
2015-07-20,15.857970237731934,16.110610074137625,15.70249997583656,15.896837362655305,1268291
2015-07-21,15.313825607299805,15.916273177681536,15.216657781239617,15.81910535162135,1275146
2015-07-22,15.857970237731934,16.149477199060996,15.041750041129802,15.041750041129802,1859125
2015-07-23,15.935708045959473,16.168912583987026,15.585898595615006,15.955141610611594,1800086
2015-07-24,15.780240058898926,16.2466492027082,15.605334427217516,16.110614230381863,1454468
2015-07-27,15.391562461853027,15.760803745233655,15.31382643460318,15.760803745233655,1158186
2015-07-28,15.15835666656494,15.566466858786304,15.06118883189483,15.469297261913896,1038000
2015-07-29,15.605335235595703,15.702504840207524,15.158357873905224,15.23609391003517,1258526
2015-07-30,15.605335235595703,15.89684228722873,15.547034530150071,15.78024087633747,1759757
2015-07-31,16.09117889404297,16.266082744295282,15.644199842439503,15.877406150910687,2241191
2015-08-03,16.24665069580078,16.67419450615396,15.974578963941946,16.032879671725443,3090303
2015-08-04,17.257205963134766,17.820786433333552,16.24664818246836,16.343817775944707,7680561
2015-08-05,17.509843826293945,18.151158487433914,16.9462634211942,17.393240680031578,7368338
2015-08-06,16.790794372558594,17.684748955487716,16.557588063010925,17.587579366142496,2525486
2015-08-07,16.81023406982422,17.02400689192078,16.402123760351262,16.79080049730686,2422907
2015-08-10,17.412675857543945,18.01512344648811,16.615890848289396,16.654757979911036,5015827
2015-08-11,17.937387466430664,18.61756925351689,17.16003433518637,17.62644691881376,8390058
2015-08-12,16.615890502929688,17.820785655774387,16.382685955844803,17.490409757250713,3935064
2015-08-13,16.24665069580078,17.52928212686032,15.935711825419611,17.509848557599156,3828593
2015-08-14,16.926830291748047,17.1017341345309,15.87740547284884,16.130045335869674,6508595
2015-08-17,16.499286651611328,16.965697488289276,16.421552393266044,16.965697488289276,1636683
2015-08-18,16.65475845336914,16.96569903958599,16.32438430078902,16.596457754279324,2778052
2015-08-19,16.34381866455078,16.77136243200894,16.13004766192287,16.635325698626694,3268314
2015-08-20,15.469295501708984,16.479853202705893,15.352694113372571,16.34381648744465,2640252
2015-08-21,15.002886772155762,15.274960240949785,14.711380617006531,15.138923506552771,1888957
2015-08-24,13.07894229888916,14.478175093929243,12.631964935753826,14.381007251205766,2625472
2015-08-25,13.17611026763916,13.584219561905904,12.029515768263757,13.584219561905904,2574855
2015-08-26,12.690264701843262,13.409314514822878,12.593095117604664,13.117806643208125,2357856
2015-08-27,12.826301574707031,13.195543733916656,12.74856642966822,13.11780770777674,2539227
2015-08-28,13.07894229888916,13.564787680215106,12.904038419784454,13.059508730344463,2775482
2015-08-31,13.001206398010254,13.253845400784982,12.90403680524211,12.94290481856959,1162873
2015-09-01,12.282156944274902,12.923472623980636,12.22385535864689,12.904038174703828,1741454
2015-09-02,12.18498420715332,12.573660757302978,12.087816391267372,12.35988891905096,2329286
2015-09-03,12.573662757873535,12.748566616498804,12.282155739430676,12.321023753070246,1885209
2015-09-04,12.243287086486816,12.573661196441352,12.010081676912847,12.515359623772609,1521494
2015-09-07,12.437623977661133,12.72913184971225,12.126684303375692,12.126684303375692,1225699
2015-09-08,12.437623977661133,12.65139671086563,12.146117867812087,12.55422712648158,2068855
2015-09-09,12.515361785888672,12.806868818491257,12.47649377036112,12.670832085796564,1841951
2015-09-10,12.495928764343262,12.573663917691718,12.126686565662794,12.301590440421522,1430954
2015-09-11,12.904037475585938,13.117808476138242,12.57366331009496,12.631964011463138,2544602
2015-09-14,13.04007339477539,13.137242105433026,12.748566381701378,12.904036671194037,977932
2015-09-15,12.904037475585938,13.273279656423526,12.709699161055202,13.098375790116672,1111819
2015-09-16,12.573662757873535,13.078940767480113,12.47649316432517,13.00120650240321,1397386
2015-09-18,12.631961822509766,13.137240647850556,12.437623541655306,12.729131403487498,2846285
2015-09-21,13.001206398010254,13.137242241903657,12.359890786365174,12.534794643586054,2253599
2015-09-22,13.503584861755373,14.076943168413898,13.365187750923914,13.4838141020335,4843650
2015-09-23,13.503584861755373,13.64198197258683,13.207019880370584,13.246562296203503,1279769
2015-09-24,13.503584861755373,13.740836667585366,13.384958510645784,13.384958510645784,975883
2015-09-28,13.899003028869627,14.136254808936856,13.365186299621096,13.503583395424249,1586535
2015-09-29,14.01762866973877,14.35373511734921,12.910453751172234,13.562895889801684,4931815
2015-09-30,14.23511028289795,14.432820558783217,14.096714075806306,14.175798006882586,1518915
2015-10-01,14.29442310333252,14.709613481126349,14.175796768883394,14.43281929833776,1831851
2015-10-05,14.41304874420166,14.590987351990108,14.333964818919124,14.551445837543367,1051673
2015-10-06,14.156025886535645,14.551446425309337,14.096713612469784,14.511904012876329,1490687
2015-10-07,14.670069694519045,14.867779934588969,14.21533694910829,14.25487935567786,2617713
2015-10-08,14.55144500732422,14.788696769635656,14.432818677973993,14.768925117151277,1098555
2015-10-09,14.689842224121094,14.907323245552714,14.551446025381953,14.689842224121094,1002558
2015-10-12,14.610756874084473,14.927092548473002,14.531673851876327,14.630528526025495,637548
2015-10-13,14.90732479095459,15.085263419486385,14.314194833996376,14.590989052947322,1349543
2015-10-14,15.381827354431152,15.93541575477648,14.749155921338328,14.749155921338328,3196289
2015-10-15,15.24342918395996,15.69816196866163,15.14457539996705,15.362055517529546,1046574
2015-10-16,15.12480354309082,15.421368494208108,15.025949754570508,15.28297319027967,945012
2015-10-19,15.401596069335938,15.539993151061555,15.065489639192853,15.22365747648242,957263
2015-10-20,15.401596069335938,15.658619477223228,15.282971535952246,15.50045163993366,1020607
2015-10-21,15.184117317199709,15.559765291914708,15.065490980476708,15.559765291914708,770981
2015-10-23,15.915643692016602,16.113354865506473,14.966637409656132,15.421369343848466,3780658
2015-10-26,15.638851165771484,16.37037819985392,15.520224821070338,16.212210337845143,4055697
2015-10-27,15.460907936096191,15.77724539527052,15.32251265072846,15.59930680701979,875093
2015-10-28,15.599306106567385,15.994724775418508,15.223656399103175,15.342282716869656,1194044
2015-10-29,15.401596069335938,15.737702499479022,15.282971535952246,15.539993151061555,649426
2015-10-30,14.966634750366213,15.599306986841109,14.848008425905611,15.421366603761234,991707
2015-11-02,14.610756874084473,15.144574445101355,14.472359792442242,15.045718874563196,1060002
2015-11-03,14.590987205505373,14.927093660484587,14.452591009942145,14.74915505448254,891084
2015-11-04,14.768925666809082,15.00617743795036,14.689841743095322,14.808468076860484,742247
2015-11-05,14.33396339416504,14.709612226015969,14.294421883648612,14.590985901688736,500494
2015-11-06,14.23511028289795,14.551446903592202,14.076942420745388,14.551446903592202,650179
2015-11-09,13.800148963928224,14.037399858253709,13.167477522022605,13.879232894166426,1221142
2015-11-10,13.641980171203612,14.076941309595346,13.582667003480948,13.780376367371083,617573
2015-11-13,13.879232406616213,14.017629503768728,13.464041115158665,13.78037682499922,1461131
2015-11-16,13.661750793457031,13.899002565616671,13.483812188434564,13.721063960594204,917764
2015-11-17,14.096712112426758,14.215337544324552,13.72106326803723,13.780375535791626,1983022
2015-11-18,13.681522369384766,14.314192861843283,13.523353625783828,14.235108938237335,4191191
2015-11-19,13.721063613891602,13.938544623639912,13.661750448253148,13.839689945168509,1251979
2015-11-20,13.83969020843506,13.978086402372064,13.701292221719962,13.721063874901574,2227351
2015-11-23,13.721063613891602,13.958314483667356,13.681522101058652,13.879231458001458,582293
2015-11-24,14.096712112426758,14.393276140365746,13.701291615730094,13.800147188098762,1535901
2015-11-26,14.23511028289795,14.47236207612679,13.938546213653744,14.175798006882586,1804189
2015-11-27,14.254881858825684,14.590988339936764,14.0769423426,14.413049720100208,1538941
2015-11-30,14.472359657287598,14.590985982269965,14.23510790371185,14.23510790371185,1051390
2015-12-01,14.630531311035156,14.927095389935417,14.472362547343526,14.57121724031028,1333564
2015-12-02,14.709613800048828,14.788697725933195,14.393277200122284,14.709613800048828,1351345
2015-12-03,15.045720100402832,15.18411719332087,14.709613643078224,14.709613643078224,2504924
2015-12-04,14.689842224121094,14.986407171856117,14.650299812774856,14.927094003031296,1037781
2015-12-07,14.867782592773438,15.02595045455234,14.768927006869776,14.867782592773438,857004
2015-12-08,14.452590942382812,15.025949168147587,14.31419295468842,14.887552076842248,1735302
2015-12-09,13.800148963928224,14.41304964737157,13.70129337883863,14.274652545357435,1251333
2015-12-10,14.076940536499023,14.156024456989654,13.800147262976328,13.997856616008397,858478
2015-12-11,13.938546180725098,14.373508248811646,13.800149077571277,14.156026318379244,803642
2015-12-14,13.938546180725098,14.195568732018534,13.740835905306904,13.839691491210566,473325
2015-12-15,13.918773651123049,14.076941502963454,13.859461378974698,14.017629230815103,431738
2015-12-16,14.076940536499023,14.333963950385328,13.958314207568575,13.958314207568575,600811
2015-12-17,14.35373592376709,14.432819850964917,14.037399318586704,14.274651996569265,645347
2015-12-18,14.17579746246338,14.610758618483745,14.096713534424303,14.353736076454023,775058
2015-12-21,15.144576072692873,15.421368472946304,14.274651978244457,14.333965147663951,2433306
2015-12-22,15.421368598937988,15.698162794230983,15.164346954261507,15.2236592277765,2296780
2015-12-23,16.765798568725586,16.92396644592529,15.322516913375582,15.421370716138878,6937236
2015-12-24,16.904190063476562,17.39846429124552,16.68670818416929,16.9437315714314,6323535
2015-12-28,16.607627868652344,17.10190217679008,16.48900153272141,17.062360662405812,2444599
2015-12-29,16.172666549682617,16.66694267252983,15.994727934280032,16.66694267252983,1550667
2015-12-30,16.39015007019043,16.94373672837973,16.25175295744851,16.330835997427673,1941155
2015-12-31,16.528547286987305,16.60763212882071,16.25175482251685,16.46923500019619,1201614
2016-01-01,17.398468017578125,17.615949943464784,16.44946086674058,16.587857967001664,4056455
2016-01-04,17.24030113220215,18.14976681794913,17.022820986818445,17.378698240274804,4291697
2016-01-05,18.05091094970703,18.46610043349768,17.08213130437993,17.378696245817885,3848815
2016-01-06,17.99159812927246,18.683581845269902,17.75434544261273,18.031139646123005,4773012
2016-01-07,16.647171020507812,17.754346081619648,16.489003154634695,17.754346081619648,2954065
2016-01-08,17.18099021911621,17.358928859980246,16.46923386288161,16.647172503745644,2117613
2016-01-11,16.82511329650879,17.29961515375516,16.548319052466322,16.88442558046996,1640796
2016-01-12,16.034269332885742,17.022819778555775,15.895872234636371,16.825110406533046,1931642
2016-01-13,15.539992332458496,16.48899930620489,14.946863422061472,16.21220695011227,2533653
2016-01-14,14.74915599822998,15.263201092103213,14.472361796614308,15.263201092103213,1840102
2016-01-15,14.41304874420166,15.16434648258031,14.116483800294874,14.92709381034363,1894579
2016-01-18,14.037398338317873,14.393276434050714,13.543124051945222,14.09671240006054,1328710
2016-01-19,14.729382514953612,15.381825525025455,14.037397993210812,14.195566729061657,1389765
2016-01-20,14.13625431060791,14.670071021038424,13.839690268270116,14.630529507282338,1174345
2016-01-21,14.156025886535645,14.511904012876329,13.87923258506098,14.195568298968654,791153
2016-01-22,14.511905670166016,14.709615962131789,14.314195378200246,14.35373779514908,884961
2016-01-25,14.650300979614258,14.98640836546516,14.551447184348032,14.749156567658778,666346
2016-01-27,14.55144500732422,14.848009037921756,14.432818677973993,14.74915436105591,407369
2016-01-28,14.57121753692627,14.670073128294517,14.432821322511243,14.53167691387949,464223
2016-01-29,14.986408233642578,15.10503547608603,14.393278296149305,14.57121691884163,979767
2016-02-01,15.322514533996582,15.421368321409224,14.867781733563971,15.025949586202351,892493
2016-02-02,15.105032920837402,16.093581454245818,14.848008616939914,15.836558046737318,1866530
2016-02-03,14.195568084716797,14.90732343026663,14.11648415743348,14.90732343026663,1201477
2016-02-04,14.096712112426758,14.630528796939346,13.918772619996556,14.353734628529484,705617
2016-02-05,14.29442310333252,14.4723608122281,14.156025115549172,14.235109039718903,499646
2016-02-08,13.997858047485352,14.788698229655134,13.918774118907285,14.314193761797624,994428
2016-02-09,13.780375480651855,14.057169647954176,13.6419792933897,13.839689540946926,577085
2016-02-10,13.444270133972168,13.760606734944888,13.365186207826255,13.760606734944888,731085
2016-02-11,12.55457592010498,13.44426984609878,12.376637314184032,13.345414268241312,997131
2016-02-12,12.020759582519531,12.772056440159506,11.15083638629009,12.574347071029177,1213671
2016-02-15,12.594117164611816,12.811598176299285,12.297553126553312,12.337094639738831,935461
2016-02-16,12.178927421569824,12.969766689907654,12.119614252347215,12.851140351462435,664870
2016-02-17,11.803278923034668,12.25801174098988,11.48694320556828,12.238240086356395,1448982
2016-02-18,12.020759582519531,12.317323636215027,11.862591728659632,11.961447309613884,1122354
2016-02-19,11.96144676208496,12.238239149086132,11.902132699116214,12.0009882755454,823963
2016-02-22,12.040529251098633,12.218468742888348,12.000987739404698,12.0603000069456,749276
2016-02-23,11.526487350463867,12.099845700429618,11.467173274039752,12.099845700429618,1336391
2016-02-24,11.309004783630373,11.526485817236557,11.26946326645968,11.526485817236557,1502107
2016-02-25,11.091523170471191,11.467171149520956,10.99266848632068,11.32877495026587,932155
2016-02-26,11.111292839050291,11.427628514440409,10.874041082507706,11.210147513512457,1215981
2016-02-29,11.289231300354004,11.546253809505837,11.15083511628085,11.269461441359532,1337387
2016-03-01,11.94167709350586,12.000990269942584,11.289233945480252,11.289233945480252,1663278
2016-03-02,12.356865882873535,12.692972343740523,12.258011199628374,12.277781956999592,1492955
2016-03-03,12.29755401611328,12.574347317601235,12.198698433220558,12.495263389120522,840094
2016-03-04,12.633659362792969,12.8511394744524,12.258010511870918,12.43594911100646,1280444
2016-03-08,12.772055625915527,13.0093073915801,12.495262347501368,12.712743356791153,1094298
2016-03-09,12.93022346496582,13.14770537056514,12.673200943020396,12.851139543106534,989976
2016-03-10,12.93022346496582,13.207017639667834,12.870911195863124,13.167476126932703,629081
2016-03-11,12.98953628540039,13.56289443998552,12.949993880055413,13.127932463135462,1593599
2016-03-14,12.851139068603516,13.22678880405128,12.79182680169081,13.108162477447882,464981
2016-03-15,12.71274471282959,12.93022484892844,12.653430644600272,12.851140918604552,443369
2016-03-16,12.673203468322754,12.890684520869003,12.455723312165707,12.7720581662477,369628
2016-03-17,12.653429985046388,12.930224174946792,12.554576197780635,12.87091190258734,573367
2016-03-18,12.574345588684082,12.752284179202649,12.515032426381568,12.692971016900133,535278
2016-03-21,12.949996948242188,13.127935573480466,12.653431078863132,12.653431078863132,882579
2016-03-22,13.108160972595217,13.207015635823266,12.870909243014555,13.029077062734997,1138958
2016-03-23,12.98953628540039,13.167474868480442,12.910452371099376,13.108161708657445,805287
2016-03-28,12.53480625152588,13.127935288228658,12.495263837671487,13.009308943054622,1201883
2016-03-29,12.732514381408691,12.890682228517283,12.416178687191511,12.594117291091411,2218487
2016-03-30,13.147705078125,13.543123782237233,12.752284581234754,12.87091090957963,1433080
2016-03-31,13.048850059509276,13.246560316345349,12.96976613605266,13.246560316345349,573572
2016-04-01,13.483810424804688,13.562894338514033,12.949993783169372,13.04884845120882,1354965
2016-04-04,13.681522369384766,13.819918563403386,13.523353625783828,13.80014780659916,1339930
2016-04-05,13.029081344604492,13.681524487661491,12.930225752499709,13.64198207154174,1121548
2016-04-06,13.029081344604492,13.16747845643984,12.89068423276914,13.068623760724243,560351
2016-04-07,13.108160972595217,13.22678728557999,12.910451646139112,13.048847816102828,1658683
2016-04-08,13.325643539428713,13.503582133756693,12.890681535083653,12.989537106500526,1399803
2016-04-11,13.30587387084961,13.384957801938938,13.167477663735133,13.325645525913789,781578
2016-04-12,13.384957313537598,13.543125169944895,13.266331869426672,13.305873385333948,1049227
2016-04-13,13.819918632507324,14.07694116141458,13.48381217959868,13.48381217959868,2387638
2016-04-18,14.254881858825684,14.373508202976138,13.523354828139166,13.938546136276637,4862667
2016-04-20,14.096712112426758,14.432818548591014,13.997856540058088,14.235108300242684,1603012
2016-04-21,13.997858047485352,14.373507828717552,13.938545773343629,14.215339075172317,1067418
2016-04-22,13.958313941955566,14.156024187614412,13.839689408060448,13.978085593993749,560655
2016-04-25,13.70129108428955,14.215336992945389,13.64197881883574,13.997855997114495,674860
2016-04-26,13.938546180725098,14.0373999738505,13.56289728490292,13.661751974417452,715361
2016-04-27,14.13625431060791,14.215338234509131,13.859461025148155,13.978086462805466,648428
2016-04-28,14.650300979614258,15.500454375573565,14.195569039443887,14.235110557550376,4909606
2016-04-29,14.709613800048828,15.006177849823407,13.839690615320777,14.788697725933195,2035041
2016-05-02,14.452590942382812,14.70961347167198,14.333964608009934,14.70961347167198,914838
2016-05-03,16.647171020507812,16.884423715706642,14.47236241655785,14.511904831220706,13635382
2016-05-04,16.686710357666016,17.082130867052655,16.35060391071531,16.528542512466974,6246865
2016-05-05,16.666942596435547,17.61594973610204,16.33083433245607,17.61594973610204,14797812
2016-05-06,15.99472713470459,16.350604347719482,15.856330042359218,16.29129207647637,2359489
2016-05-09,16.251750946044922,16.469231071849507,15.895871931849024,16.09358309288391,1866710
2016-05-10,16.251750946044922,16.50877258694522,15.994727512366469,16.21220943094921,1805378
2016-05-11,15.599306106567385,16.19243410984407,15.42136573352874,15.539992051295217,1531482
2016-05-12,15.816790580749512,16.133126320653368,15.658622710797584,15.737705749384372,1363377
2016-05-13,15.362055778503418,15.895871599467991,15.144575657246325,15.658620721076446,2115371
2016-05-16,15.579535484313965,15.816788149157016,15.243429036434708,15.658620303521008,1177972
2016-05-17,15.73770236968994,16.113352100640913,15.579534533704786,15.678390103487246,1440853
2016-05-18,15.935416221618652,16.03427001544903,15.559766426728409,15.698163530869207,1379551
2016-05-19,16.034269332885742,16.686711515505483,15.81678920293856,15.935415543263474,2717653
2016-05-20,15.698163032531738,16.271522189659745,15.59930924183947,16.014498748303424,2106381
2016-05-23,15.44114112854004,15.915642901570568,15.282973273270468,15.717935323456334,1041551
2016-05-24,14.90732479095459,15.539996266969125,14.630531468392814,15.421369917021815,1795575
2016-05-25,15.025949478149414,15.302741873692524,14.927093898669495,15.085261750170478,1420892
2016-05-26,15.322514533996582,15.421368321409224,14.927094006011556,15.164346681358202,1326878
2016-05-27,15.717933654785156,15.974955271825523,15.42136694076382,15.42136694076382,1920788
2016-05-30,15.73770236968994,15.994725775457557,15.59930708188365,15.797016428670602,1295979
2016-05-31,15.717933654785156,15.91564121191006,15.223657590860924,15.638848839157202,1792128
2016-06-01,16.548315048217773,16.706482893287017,15.539993915415035,15.816788092480737,3128386
2016-06-02,18.031139373779297,18.52541370528024,16.27152217994693,16.330834454326887,7659541
2016-06-03,20.186176300048828,21.471291661817897,18.05091120176828,18.16953574577743,29363363
2016-06-06,19.6128158569336,20.166404196466328,19.079000066193903,20.087321172406234,5626491
2016-06-07,20.04777908325196,20.700223035200608,19.61281704621223,19.751214139487512,6818902
2016-06-08,19.35579490661621,20.403655768387733,19.11854224065936,19.96869553543031,5252529
2016-06-09,19.41510581970215,19.770984793763347,19.19762571842416,19.533732144389216,3410404
2016-06-10,18.742895126342773,19.45464957088017,18.62426878799382,19.45464957088017,2332474
2016-06-13,18.980144500732425,19.691900681440547,18.01136669895088,18.58472579472193,6206470
2016-06-14,19.47442626953125,19.948929931223667,18.64404351698561,19.09877641687149,5260711
2016-06-15,19.553503036499023,20.126862115849296,19.41510595552558,19.65235860655948,4305867
2016-06-16,18.92083168029785,19.61281529200377,18.50564043760752,19.61281529200377,2683419
2016-06-17,19.6721305847168,20.265260456388933,19.13831298310064,19.13831298310064,6369542
2016-06-20,20.08732032775879,20.68044836160324,19.474419745952712,19.573273521871148,6727452
2016-06-21,19.533735275268555,20.285033061667843,19.336025897619766,20.16640671796728,3020803
2016-06-22,19.553503036499023,20.1070913603928,19.41510595552558,19.810526442989417,3775481
2016-06-23,19.237171173095703,19.731445535721104,19.118544824087675,19.711674776349486,1242352
2016-06-24,18.367244720458984,18.584726632063703,17.438010181633903,18.584726632063703,4672168
2016-06-27,18.64403915405273,18.86152106858826,18.34747421079748,18.38701751793547,2422571
2016-06-28,18.92083168029785,19.11854102753126,18.545183741276578,18.742893088509987,2397389
2016-06-29,19.29648208618164,19.73144413992307,19.15808678037037,19.17785574556521,5844497
2016-06-30,19.31625366210937,19.69190163019585,19.21739808445488,19.4744215106897,3239653
2016-07-01,19.237171173095703,19.65236249823464,19.098774064716057,19.41510980021858,2244043
2016-07-04,19.988466262817383,20.32457271178162,19.2767100587687,19.39533639157316,7279610
2016-07-05,19.7314453125,20.52228464230957,19.612818964833988,20.16640739208984,5379456
2016-07-07,20.02800941467285,20.5222837502208,19.691902938211378,19.85007079729785,4822946
2016-07-08,19.96869659423828,20.24548899549364,19.69190240020475,20.126864449003417,2164307
2016-07-11,20.00823783874512,20.28503202902977,19.889611501083387,20.205948999107385,1849099
2016-07-12,19.77098655700684,20.14663452710982,19.395336794125736,20.14663452710982,2470985
2016-07-13,19.31625366210937,20.107092905011005,19.23716884143016,19.94892505643068,2121066
2016-07-14,19.395336151123047,19.94892450216213,19.079000462751587,19.395336151123047,1697362
2016-07-15,19.11854362487793,19.53373492397401,19.079002108614933,19.51396416584251,1240634
2016-07-18,18.88129234313965,19.751214646784344,18.584727391758133,19.17785550174299,1922514
2016-07-19,18.62426948547364,19.01968823774105,18.36724604155505,18.940605204398857,1563425
2016-07-20,22.34121322631836,22.34121322631836,20.42342831348701,20.50251134027028,35776593
2016-07-21,24.239229202270508,25.860451093603515,21.51083230340137,22.736635445574866,58903397
2016-07-22,24.911439895629883,25.603423490585584,23.98220365551468,24.23922526286324,19660584
2016-07-25,24.33808326721192,25.16846402285229,24.06128908440576,24.911442389770663,7080774
2016-07-26,23.17159652709961,24.516024265699045,22.97388714555737,24.3380856430332,5421174
2016-07-27,23.072742462158203,24.239229771634857,22.45984177306391,23.349536668738512,6656785
2016-07-28,23.211137771606445,24.318312719582888,23.112282193245324,24.12060156286065,7522841
2016-07-29,22.53892517089844,23.38907670258516,22.45984034855788,23.3297626376352,3291970
2016-08-01,23.30999565124512,24.10083318509697,22.61801011995729,22.7959487443518,8198361
2016-08-02,22.697093963623047,23.665870079810325,22.47961203775522,23.42861918851059,4026269
2016-08-03,21.90625,22.7366324923798,21.7678529179367,22.65754767715306,2789699
2016-08-04,22.77617835998535,23.05297257705416,21.807400393022863,22.10396536948539,4600773
2016-08-05,23.033201217651367,23.40884922190326,22.81571928442909,22.993657907115683,3546880
2016-08-08,23.448387145996094,23.62632574141209,22.657547948159447,23.19136552718544,4276710
2016-08-09,23.824037551879883,24.39739486586361,23.033198331921245,23.527472620298138,6810542
2016-08-10,22.99365425109864,23.86357826011229,22.85525716817473,23.86357826011229,3904307
2016-08-11,22.79594612121582,23.211137392212336,22.55869345413836,22.875030941167672,2759323
2016-08-12,22.875030517578125,23.230907718826256,22.736633429808727,22.8947994812274,2518659
2016-08-16,22.084192276000977,22.91457304666565,21.90625187470742,22.91457304666565,2481082
2016-08-17,21.926025390625,22.5982383396892,21.39220774878608,22.183047039678726,3427326
2016-08-18,22.4796142578125,22.61801137172952,22.06442291606144,22.26213410324484,2712191
2016-08-19,23.112281799316406,23.48793155646354,22.5982367447119,23.01342622264019,5208076
2016-08-22,22.499385833740234,23.2111421892943,22.36098871480532,23.09251583123888,1875427
2016-08-23,22.32144355773925,22.894800908202026,22.084192673045948,22.459840654134595,2104674
2016-08-24,22.281902313232425,22.637779540986774,22.103963699355248,22.420299411309824,1349545
2016-08-25,22.4598388671875,22.736633037955905,22.26212951354351,22.4598388671875,1444753
2016-08-26,22.14350318908692,22.6773189818758,22.04464761585429,22.57846520142121,1060765
2016-08-29,22.044649124145508,22.301672556469008,21.906252029261942,21.945793544149204,1263910
2016-08-30,22.222585678100582,22.677318435571124,22.084190388798145,22.222585678100582,2005271
2016-08-31,22.77617835998535,23.76472708634157,22.14350688827284,22.38075779377587,3950812
2016-09-01,22.360986709594727,23.03320148310928,22.242360362177067,22.75640727006083,1758317
2016-09-02,22.262130737304688,22.657549466329048,22.10396288713932,22.44006934464346,1726961
2016-09-06,22.83548927307129,23.290222090278224,22.61800913996285,22.93434485690869,2970619
2016-09-07,23.092510223388672,23.369304394041027,22.55869263816228,23.05296871123205,2824654
2016-09-08,23.92289352416992,24.29854148760028,23.38907592134163,23.52747301123126,8497626
2016-09-09,24.41716766357422,24.69396004879354,23.567014372979088,24.04151790978402,8108851
2016-09-12,22.657546997070312,23.84380664041901,22.538922466957786,23.606553994638105,4327130
2016-09-14,23.072742462158203,23.38907818602763,22.73663597964422,22.89480204880068,2514418
2016-09-15,22.40052795410156,22.993657891164265,22.30167415977663,22.97388713229928,2699008
2016-09-16,22.657546997070312,22.894797850073296,22.183043498286416,22.69709029988575,2712926
2016-09-19,22.618009567260746,23.013428324524167,22.40052763726543,22.815718945892456,2541074
2016-09-20,22.202816009521484,22.756404364946505,22.14350373977369,22.71686105900324,1395242
2016-09-21,22.183046340942383,22.5784668703226,22.14350482583781,22.32144343658655,1177169
2016-09-22,22.910301208496094,23.389679687047547,22.69058675169209,22.77048407038233,3314552
2016-09-23,23.309783935546875,23.72924077908727,22.990198286524667,23.14999111103577,4259835
2016-09-26,22.89032745361328,23.289810426800145,22.69058687261819,23.269836549820305,1867000
2016-09-27,23.149991989135746,23.30978481970793,22.570742299112784,22.97022528114162,2472468
2016-09-28,23.72923851013184,24.16866918831881,23.46957451593124,23.58941957565432,5107336
2016-09-29,21.552061080932617,24.568152684843124,19.774366132484715,24.008876892775923,7744275
2016-09-30,22.15128517150879,22.49084467820052,21.232474217971948,21.971516669192887,2139042
2016-10-03,22.69058609008789,22.910300540485533,22.37100044703862,22.410948199620627,2296623
2016-10-04,22.97022247314453,23.14998915916306,22.410946728912226,22.870351287046905,2313731
2016-10-05,23.429630279541016,23.8490853346716,23.249861757403053,23.56944742378672,5284013
2016-10-06,23.010168075561523,23.629365386944706,22.77047978697248,23.52949421016807,2144744
2016-10-07,22.85037422180176,23.16995979925928,22.7704787330355,23.030140882722087,1298277
2016-10-10,22.610685348510746,23.030142120669545,22.59071147524552,22.77047995702525,1011584
2016-10-13,21.931570053100582,22.53079359530712,21.69188172293596,22.23118182420385,1230988
2016-10-14,21.831693649291992,22.09135760527018,21.671900863581463,21.97151256318823,1922348
2016-10-17,21.43221664428711,21.99149059445651,21.09265713682773,21.771776151746487,1697850
2016-10-18,21.89161872863769,22.07138539973399,21.47216195528211,21.47216195528211,1374811
2016-10-19,22.291099548339844,22.93027254291535,21.77177341464333,21.97151395665025,3398742
2016-10-20,22.490842819213867,22.69058336937059,22.191231088380583,22.37099776464128,2604558
2016-10-21,22.490842819213867,22.930273478515776,22.390971638537305,22.930273478515776,3849414
2016-10-24,22.63066291809082,22.91030081187055,22.57074128850801,22.73053411192548,1629949
2016-10-25,22.351024627685547,22.750507584738592,22.25115524681974,22.750507584738592,1415758
2016-10-26,22.39097595214844,22.91030220708244,22.211209241255776,22.45089758538041,1754359
2016-10-27,22.11133575439453,22.490844825868503,22.03144025168205,22.430921387637586,775043
2016-10-28,21.991491317749023,22.29110308387826,21.89162193650369,22.25115533138013,1201424
2016-11-01,22.271129608154297,22.45089630882545,21.69188175292428,22.251155731546017,2008575
2016-11-02,21.771774291992188,22.251152698844344,21.65192923748005,22.251152698844344,2389098
2016-11-03,21.272424697875977,22.051414933793623,21.172553504636465,21.771777041680288,1303402
2016-11-04,20.133901596069336,21.352320767554787,19.994080835122524,21.27242525980995,2350071
2016-11-07,20.253740310668945,20.69317093820224,20.05399977495245,20.493430402485743,1117329
2016-11-08,20.03402709960937,20.53337937433692,19.974105478672765,20.353612700330714,827752
2016-11-09,17.557239532470703,18.016644105542166,16.039206872652255,16.039206872652255,3968656
2016-11-10,18.23636245727539,18.775662594891813,17.996672299759137,18.6358436382068,2047292
2016-11-11,16.95801544189453,17.976693931530892,16.87811994209395,17.976693931530892,1359885
2016-11-15,15.240242958068848,17.21768021257335,15.040502388392571,16.97799008000456,2238341
2016-11-16,14.70094394683838,15.759572122226794,14.581098871829052,15.599779292613263,1406026
2016-11-17,14.461252212524414,14.880708117907064,14.341408056242908,14.641019805344053,1217826
2016-11-18,14.241537094116213,14.601071356966106,14.061769509892155,14.4612515210597,1678474
2016-11-21,13.562417984008787,14.361382051214353,13.52246932784938,14.34140817593378,1462724
2016-11-22,13.422598838806152,13.941925927278335,13.043091591936063,13.742185366357054,1427398
2016-11-23,14.321435928344728,14.461253976797911,13.62234206368533,13.80210877283826,1803236
2016-11-24,14.660995483398438,14.84076219272669,13.981876401225769,14.26151340400323,1389021
2016-11-25,15.020529747009276,15.180322578122212,14.601073791737416,14.780840500339876,1399009
2016-11-28,15.220269203186035,15.420009774449774,14.880708783080404,15.180321451172604,1153118
2016-11-29,15.380061149597168,15.819491830396386,15.260217900358146,15.340113399850829,1410911
2016-11-30,16.41871452331543,16.558533451827955,15.479931582728767,15.679672132948204,2510712
2016-12-01,16.238948822021484,16.538562415551844,16.019234360201942,16.518586727025784,1056146
2016-12-02,16.318843841552734,16.918067321728568,15.779543796112357,16.179024908765275,1562674
2016-12-05,16.558534622192383,16.898094124924555,15.899387680845576,16.31884449603054,1726284
2016-12-06,17.15775489807129,17.577209823136894,17.05788372909576,17.177728769627155,2558184
2016-12-07,16.518585205078125,17.39744659377541,15.839466193664386,17.35749884279732,1455761
2016-12-08,16.398740768432617,16.938040801298165,16.29886958699985,16.738300249629045,1270865
2016-12-09,16.75827407836914,17.177730865817033,16.378766850104196,16.638429023213114,1279237
2016-12-12,16.838172912597656,16.9779900432306,16.618456656352738,16.838172912597656,733478
2016-12-13,16.658403396606445,16.918067388696205,16.57850789823819,16.738300706171163,489232
2016-12-14,16.578508377075195,16.898094002171735,16.458663314864864,16.658403877751073,532708
2016-12-15,16.478635787963867,16.798221385868754,16.398740294085826,16.578506966507778,795543
2016-12-16,15.979286193847656,16.57850974307636,15.819493368133111,16.418716917361817,1200659
2016-12-19,15.73959255218506,16.119101560924374,15.699644807432373,15.979282643093708,767672
2016-12-20,15.559828758239746,15.85944052151439,15.499907130063455,15.739595453965212,475048
2016-12-21,15.400035858154297,15.739595371773293,15.320140354336456,15.599778240092071,672780
2016-12-22,15.16034698486328,15.479933535608764,15.120399232019045,15.420010095145775,490687
2016-12-23,15.20029354095459,15.38006021508678,15.120397140718262,15.140371014377797,541059
2016-12-26,14.720916748046877,15.060477186241664,14.58109870295315,15.060477186241664,535416
2016-12-27,15.20029354095459,15.300164720448642,14.581096212723502,14.601070991981226,781930
2016-12-28,15.220269203186035,15.579802593700084,15.180321451172604,15.28019083120618,421902
2016-12-29,15.220269203186035,15.420009774449774,15.180321451172604,15.180321451172604,273301
2016-12-30,15.779541969299316,15.959308630301011,15.260215858494831,15.260215858494831,661539
2017-01-02,16.458662033081055,16.75827375967517,16.019231379996594,16.378766538627357,1410985
2017-01-03,17.79693031311035,18.33623040841826,16.458664296225606,16.638430994661576,2518545
2017-01-04,18.21638298034668,18.456073088023214,17.677082954869057,18.15646135902574,2673768
2017-01-05,18.256330490112305,18.535968341693955,18.096537690807985,18.416123289416625,1442310
2017-01-06,17.57721710205078,18.35620747129883,17.477345891717516,18.336233591471565,1010386
2017-01-09,17.437397003173828,17.85685388598177,17.377475367571332,17.617165532374962,616100
2017-01-10,17.617162704467773,17.816903268943896,17.417420328795124,17.417420328795124,603057
2017-01-11,17.53726577758789,17.776955909187027,17.477342339089823,17.697058594921792,702581
2017-01-12,17.277603149414062,17.6970600075976,17.117810319324626,17.577214932231342,678409
2017-01-13,17.13778305053711,17.457368689342573,17.01793798318591,17.377473185239506,548076
2017-01-16,17.377471923828125,17.856850347238776,17.017936747872792,17.23765299060046,1095201
2017-01-17,17.876829147338867,18.05659587924864,17.29757938025418,17.29757938025418,1187742
2017-01-18,17.71703338623047,18.13649023260643,17.657111755832474,17.95672353021578,973040
2017-01-19,17.437397003173828,18.076568361054417,17.377475367571332,17.617165532374962,756750
2017-01-20,17.05788803100586,17.63713588579787,16.997966401226332,17.477343061855827,744422
2017-01-23,17.177734375,17.37747496693346,16.878122581501426,17.0179397280171,583489
2017-01-24,17.017934799194336,17.377469933980258,16.95801318232814,17.15775552760796,568689
2017-01-25,17.437397003173828,17.57721596410981,17.117811324233536,17.157760892498686,971597
2017-01-27,17.237653732299805,17.657110550031124,17.177732105993847,17.57721323709331,809684
2017-01-30,17.09783363342285,17.43739311518628,17.057885885261605,17.17773094094176,688184
2017-01-31,17.197708129882812,17.377474842454895,16.997967539380138,17.137784684894275,1125772
2017-02-01,18.456073760986328,18.69576206620622,17.17773130328969,17.317548424803363,5391686
2017-02-02,18.376176834106445,18.61586695550965,17.856850652661493,18.49602189480805,3306955
2017-02-03,19.43480491638184,19.69446891314709,18.256331804658824,18.476048051520657,5978965
2017-02-06,19.9141845703125,20.353615279793548,19.654520557619925,19.7543917497009,4549322
2017-02-07,19.35491180419922,20.133902079394822,19.21509103989593,19.91418580542877,1862622
2017-02-08,19.235063552856445,19.5746230352564,18.79563288866975,19.374880671682902,1509970
2017-02-09,19.494728088378903,19.95413268231708,19.29498751181346,19.33493526488722,2726147
2017-02-10,19.21508979797364,19.654520506307453,19.05529878897581,19.614572754057995,1395800
2017-02-13,18.935453414916992,19.934158072187763,18.775660597305805,19.574624685361737,1375997
2017-02-14,18.296281814575195,19.095245888225143,18.13648899984521,18.95542694893684,1284830
2017-02-15,17.477344512939453,18.43610334739081,17.397448999933303,18.33623214493633,2587058
2017-02-16,17.896799087524414,17.956722525767123,17.177732318184383,17.39744676188349,1091015
2017-02-17,17.876829147338867,18.136493210762406,17.776959746942858,17.976698547734873,1259360
2017-02-20,18.17643547058105,18.276306651952176,17.77695436748939,17.936745359768928,1083097
2017-02-21,18.71573829650879,19.0952473934051,18.01664535615789,18.276309379760804,2200990
2017-02-22,18.41612243652344,18.91547649602002,18.35620081875806,18.795631449292987,1421258
2017-02-23,18.21638298034668,18.59589020443874,18.17643523279939,18.5359685831178,769324
2017-02-27,17.97669219970703,18.91547691029944,16.878118316103603,18.076563376032944,2015730
2017-02-28,18.296281814575195,18.595891757396952,17.796929494943544,18.05659168688194,1168395
2017-03-01,19.35491180419922,19.814314607153587,18.336231377621868,18.496024208144128,4518796
2017-03-02,19.69447135925293,20.85296892871622,19.494728962534275,19.69447135925293,8233926
2017-03-03,19.6345443725586,19.934156102372683,19.334932642744505,19.474751570737507,1369964
2017-03-06,19.554649353027344,20.17384670154921,19.31495923886565,19.714442158736325,1512929
2017-03-07,19.334936141967773,19.75439300185979,19.275014509638936,19.6345479260054,1049550
2017-03-08,19.69447135925293,20.07397865286428,18.61586929951973,19.55465240602856,2549263
2017-03-09,19.35491180419922,19.85426417318169,19.27501448333973,19.554652389552864,974509
2017-03-10,18.9953727722168,19.59459621944568,18.89550340514289,19.53467459920133,923704
2017-03-14,19.334936141967773,19.774366879302733,19.294988387081883,19.55465241623361,1108070
2017-03-15,19.774364471435547,20.413537527763147,19.31495991259801,19.31495991259801,3081558
2017-03-16,20.17384910583496,20.39356356067135,19.774366138354573,19.95413283980192,3432266
2017-03-17,19.67449378967285,20.41353617196985,19.494725304122365,20.31366499235251,1979031
2017-03-20,19.25503921508789,19.67449604410925,19.21508965194544,19.554650977075067,1345585
2017-03-21,19.235063552856445,19.5147014129022,18.855554511023943,19.33493292344677,1433888
2017-03-22,19.075273513793945,19.634547503759244,18.93545456350345,19.155169021847552,2128545
2017-03-23,19.21508979797364,19.45477993386357,19.115220417349995,19.175142045724176,882301
2017-03-24,18.79563331604004,19.47475229628157,18.675788257410225,19.3149594885073,1801796
2017-03-27,18.31625938415528,18.95543077198733,18.196414296137537,18.79563792502932,2693762
2017-03-28,18.615867614746094,19.27501275515221,18.5759198634964,19.17514156583143,2467077
2017-03-29,18.5159969329834,18.77566094561738,18.376177988580228,18.695763629731307,1330308
2017-03-30,19.055295944213867,19.275010359981348,18.515994124572085,18.695760794053903,2438167
2017-03-31,19.075273513793945,19.534678118692234,18.975402317530254,19.175142898860955,1819623
2017-04-03,19.834285736083984,20.093949728899155,19.07527125467928,19.1751406279186,2887529
2017-04-05,20.59330368041992,21.05270826775784,19.97410808308268,19.994080148135986,8744920
2017-04-06,20.71314811706543,20.952838247143635,20.253743543746,20.55335530074548,4917396
2017-04-07,20.014055252075195,20.813019334761208,19.85426243553799,20.493433701686804,3180208
2017-04-10,20.633251190185547,20.813017869736584,20.014053843289503,20.093949340336,4430524
2017-04-11,20.912891387939453,21.472165363317828,20.773070630099063,20.773070630099063,5523803
2017-04-12,21.05270767211914,21.312371678414674,20.173848086005105,21.03273379643434,4527933
2017-04-13,21.21250343322754,21.85167478864855,20.932867323628457,21.05271059437229,5771677
2017-04-17,23.13001251220703,23.52949542880723,20.8929132505959,21.33234391549719,15808060
2017-04-18,22.47086906433105,24.528201797896973,22.251154621405203,23.34973045842758,13199208
2017-04-19,23.56944465637207,23.729239281998307,22.05141382488819,22.37099945374759,7390100
2017-04-20,24.10874557495117,24.32846000682506,23.62936715079285,23.869055457273777,7593250
2017-04-21,25.36711883544922,26.48566869776996,24.04882837908469,24.20862121655908,15783063
2017-04-24,25.36711883544922,25.966342428777388,24.96763583616484,25.56685942949301,5705378
2017-04-25,24.687997817993164,25.62678089188775,24.54817886962624,25.56685745047527,3355646
2017-04-26,23.82910919189453,25.107451735918907,23.22988567158396,24.92768504206505,3656386
2017-04-27,24.16867446899414,24.54818179464086,23.46957964385956,23.96893205541462,3296895
2017-04-28,24.568153381347656,24.747920087838008,23.689291914954048,24.0288514506799,4089380
2017-05-02,25.26724433898925,25.347141652909432,24.4083586287276,24.927684830020777,4262548
2017-05-03,25.42703628540039,25.906416530121675,25.167374099238945,25.4669858465915,4697643
2017-05-04,25.32716941833496,25.626781195355367,24.88773869129192,25.447014491382458,2140789
2017-05-05,24.288515090942383,25.46698831980197,24.168671829320058,25.387091000857083,2097943
2017-05-08,26.68540954589844,26.885148317090533,24.088774730057416,24.408360386358154,11647654
2017-05-09,27.484373092651367,28.223413774876565,27.04494237193576,27.104864001998347,12541736
2017-05-10,27.024965286254883,27.68411038346188,26.725353549125074,27.60421307500226,3328655
2017-05-11,26.14610481262207,27.32457611454653,26.026259751573136,27.08488780364516,4287846
2017-05-12,26.4656925201416,26.945070990916296,25.127428301760983,25.966340172817542,6465606
2017-05-15,26.90512084960937,27.22470646842478,26.565561356017565,26.60550910557037,4100699
2017-05-16,27.88385391235352,28.24338731078429,26.3857950668976,27.06491592206271,7662579
2017-05-17,27.823930740356445,28.36323080810189,27.424447799984744,28.08359474215788,10530845
2017-05-18,26.4656925201416,27.48437290253573,26.36582132619813,27.184761131901965,3924179
2017-05-19,26.4057674407959,27.24467920225549,26.00628452840784,26.78527466804761,2969818
2017-05-22,25.726652145385746,26.725358733278497,25.586833186856826,26.585539774749574,2273668
2017-05-23,24.42832946777344,25.786569146003963,24.08877000101489,25.526905172037385,3466098
2017-05-24,23.948955535888672,25.067505321585376,23.62936988283247,24.66802416086346,3310128
2017-05-25,24.947656631469727,25.167372868084843,23.968925937301044,24.028847559361672,2332645
2017-05-26,26.18605232238769,26.32587125712958,24.7678909113731,25.14739815481788,3822014
2017-05-29,25.20732307434082,26.186053863955227,25.06750413136782,25.926389853977287,2427123
2017-05-30,25.147396087646484,25.526905111091267,24.36840597880295,24.927681671796805,2347269
2017-05-31,24.987606048583984,25.50693405258412,24.807839359197988,25.16737454916651,1863314
2017-06-01,24.38838577270508,24.88773811919486,24.26854070241248,24.26854070241248,1849194
2017-06-02,24.96763610839844,25.28722359802863,24.44830983374341,24.66802611966437,1665738
2017-06-05,26.4057674407959,26.765300794107667,24.76788985456019,25.167372766948247,4786739
2017-06-06,25.64675521850586,26.70538157140188,25.387091193955754,26.64545994013493,3885617
2017-06-07,25.62677764892578,26.04623262974961,25.287218164945944,25.72664701998077,1690523
2017-06-08,25.12742805480957,25.786573219247146,25.027556861847632,25.64675427357908,1664290
2017-06-09,25.786571502685547,25.92638862784964,24.947657884522,25.187348007196302,2493650
2017-06-12,24.96763610839844,25.726652547476903,24.80784326918176,25.38709299054105,1737539
2017-06-13,24.60810089111328,25.32716952111977,24.368410744045555,24.8877387922934,1362757
2017-06-14,24.707969665527344,25.32716703835772,24.568150728643403,24.76789129082196,2025711
2017-06-15,25.58683013916016,25.886441898720967,24.588125481421827,24.767892174919,3727902
2017-06-16,25.68670463562012,26.485668826887007,25.4869640406026,25.7666001491484,5972390
2017-06-19,24.987606048583984,25.92638905741926,24.86776279645768,25.84649355600172,2253109
2017-06-20,24.807838439941406,25.447011483579768,24.448305074491955,25.447011483579768,2133444
2017-06-21,24.92768669128418,25.64675532546985,24.60810103413425,24.687998354020085,3329130
2017-06-22,24.38838577270508,25.40706434220064,24.208619072864487,24.84779036616287,2571401
2017-06-23,23.68929100036621,24.76789300886273,23.329757601266248,24.60810018579646,2556606
2017-06-27,23.010168075561523,23.96892485231038,22.870349152552773,23.82910592930163,1592092
2017-06-28,23.110042572021484,23.60939490524233,22.630662303589293,22.87035243780539,2148510
2017-06-29,23.54947662353516,23.769191101789616,23.22988912876991,23.349734212907272,1601928
2017-06-30,23.010168075561523,23.329753667811143,22.890323025668835,23.16996087168633,1439177
2017-07-03,23.78915977478028,23.968926456049164,22.970221866245787,23.01016961515077,2397767
2017-07-04,24.00887489318848,24.648046138776447,23.849082081791487,24.088772204485224,2959825
2017-07-05,24.42832946777344,24.648043884147693,23.72923666105835,24.028846570224577,2605457
2017-07-06,24.64804649353028,25.367115060764384,24.44830592920834,24.727943805976967,4911249
2017-07-07,24.76789283752441,25.327168619985763,24.28851437164181,24.648047768254607,3237543
2017-07-10,24.72794532775879,25.52690944541209,24.64804801039514,25.007583221736606,604678
2017-07-11,24.847789764404297,25.46698716619109,24.20861848658523,24.568151877559306,4290528
2017-07-12,26.48566436767578,27.12483561307637,25.20732187687459,25.2272957518938,18686022
2017-07-13,25.56685447692871,26.72535368260236,25.40706167040784,26.70537799699036,3663890
2017-07-14,26.825225830078125,27.56426831589881,24.967633582883675,25.74662382166856,15044007
2017-07-17,27.66413688659668,28.083595525199588,26.1860537695214,27.00499173724144,12671458
2017-07-18,27.24468231201172,28.602922195727327,26.96504442254136,27.3245778168909,12900137
2017-07-19,27.98372268676757,28.44312723891501,27.324575765028065,27.52431813462015,7914482
2017-07-20,27.58424186706543,28.24338702798746,27.26465622472768,28.04364645432552,3895895
2017-07-21,26.785276412963867,27.724059416476223,26.44571691147157,27.62418822907404,3441474
2017-07-24,26.665433883666992,27.424450270922897,26.48566717822156,26.945071786002856,2726767
2017-07-25,26.4057674407959,27.004989092583376,26.305896259899782,26.925093596823608,2987149
2017-07-26,26.4057674407959,27.124834147419435,26.22599895294361,26.605507991391725,3343326
2017-07-27,25.247270584106445,26.68540775197802,25.167375081000564,26.60551043767557,4279068
2017-07-28,25.486961364746094,25.686701938793004,25.02755677660057,25.16737572179239,2263547
2017-07-31,25.34714126586914,25.88644133460833,25.16737457628941,25.56685570620069,2582357
2017-08-01,25.067501068115234,25.52690559283104,24.98760376280988,25.5069317193038,1619687
2017-08-02,24.92768669128418,25.347143545492216,24.74791998553693,25.20732459408953,1517408
2017-08-03,23.769187927246094,24.96763317496832,23.60939510680336,24.96763317496832,3682201
2017-08-04,23.948955535888672,24.1287222393332,23.42962930247151,23.729241078611285,1685990
2017-08-07,24.288515090942383,24.767893571021705,23.98890331449322,24.04882675650106,2046254
2017-08-08,22.8104305267334,24.4483064491604,22.570740395492265,24.3684091350145,3251524
2017-08-09,22.17125701904297,23.3497301543626,21.392266824345946,22.011464205033235,4997648
2017-08-10,21.03273200988769,22.331050119888022,20.37358692349164,22.291100560715225,3426164
2017-08-11,20.57332992553711,21.172553461356014,19.61457299270551,20.93286513374643,2866393
2017-08-14,21.43221664428711,21.55205989783991,20.83299313173689,20.93286432089411,2021820
2017-08-16,21.81171989440918,21.851667638251914,21.2524460470222,21.572031620156533,1717182
2017-08-17,22.271129608154297,22.9103009044058,21.572036682077965,21.971517836636828,3946158
2017-08-18,21.931570053100582,22.25115570078452,21.651932158577985,22.17125838326521,1544796
2017-08-21,22.271129608154297,23.38967937659441,21.971517836636828,21.971517836636828,3371173
2017-08-22,21.89161872863769,22.730530464152515,21.711852057541403,22.550763793056223,1050139
2017-08-23,22.33105087280273,22.670610364443466,21.991489569965537,22.11133462913181,1337508
2017-08-24,22.311079025268555,22.69058630071361,21.971517691579685,22.371000654697784,1144344
2017-08-28,22.57073974609375,22.8903253710892,22.410946933596023,22.77048212011329,1341411
2017-08-29,21.79174995422364,22.470868966863826,21.73182651645173,22.450895091338708,1319266
2017-08-30,22.15128517150879,22.51081855374749,21.971516669192887,22.011464420286845,1297961
2017-08-31,22.370996475219727,22.8903226001728,22.03143701616594,22.291099173044326,2232885
2017-09-01,23.07009506225586,23.30978521780608,22.450897606814017,22.530794929063006,3349338
2017-09-04,22.33105087280273,23.090065354730733,22.01146344462717,23.0101698560842,1697907
2017-09-05,24.00887489318848,24.208617265832096,22.43092065424361,22.490844090515303,6525020
2017-09-06,24.38838577270508,25.56685716552523,24.008876685311265,24.328462331960456,18103659
2017-09-07,24.747915267944336,25.546879258515947,24.58812246983001,24.668019774485348,6546766
2017-09-08,24.10874557495117,24.987605113643195,23.92897889229136,24.92768348982208,2957949
2017-09-11,24.86776161193848,25.36711390560218,24.12871920304618,24.388383192677743,5279171
2017-09-12,25.047531127929688,25.4869618481243,24.827816673430707,24.92768605674995,5168667
2017-09-13,24.38838577270508,25.28722108310467,24.26854070241248,25.007583189487463,2962235
2017-09-14,24.62807273864746,25.02755568044131,24.46827992416923,24.508229486186192,2198161
2017-09-15,24.40835762023925,24.668021615755503,23.88903144040325,24.468279244806165,3174548
2017-09-18,24.2086181640625,24.82781555759995,24.068799222502765,24.668022740274047,2232626
2017-09-19,24.38838577270508,25.447013906429262,24.22859294938048,24.56815247254567,6337951
2017-09-20,24.308488845825195,24.947660149388312,24.188643773607943,24.548178990259697,3622152
2017-09-21,24.135284423828125,24.740180946882973,23.873164730232155,24.72001620583272,2598708
2017-09-22,22.96582221984864,23.95381772096368,22.84484291770461,23.93365298032461,3015719
2017-09-25,21.83668327331543,23.12712410649312,21.43341959877849,23.04647246858842,2648819
2017-09-26,22.1592960357666,22.502069193046413,21.594727192008307,21.8165228784868,2476918
2017-09-27,21.211626052856445,22.461741083975824,21.030158036780705,22.421415264478515,1848533
2017-09-28,21.69554328918457,21.816522586705908,21.130976281315,21.372933048019668,2071322
2017-09-29,22.179458618164062,22.50206885885234,21.77619673147272,21.77619673147272,1945296
2017-10-03,21.877010345458984,22.66337300176445,21.776195792303103,22.66337300176445,1083128
2017-10-04,21.514074325561523,22.018152577014,21.45358559358888,22.018152577014,1629990
2017-10-05,21.957660675048828,22.300433763417388,21.49390831186264,21.61488758668027,2337530
2017-10-06,22.07864189147949,22.42141500999179,21.877009139605818,22.01815133458226,2238574
2017-10-09,22.865005493164062,23.268267357673523,21.93749881678134,22.03831519707765,4304488
2017-10-10,22.42141342163086,22.96581742511275,22.34075996092741,22.865002884655564,1721437
2017-10-11,21.75603103637696,23.10696250265409,21.45358554880713,22.58272134163836,3009781
2017-10-12,21.614891052246094,22.078643489786792,21.45358593607272,21.95766419557227,1694003
2017-10-13,21.49391365051269,21.8971773906214,21.41326017115571,21.695544606397984,2245512
2017-10-16,21.514074325561523,21.796358731443046,21.372932122620764,21.69554234981738,1379506
2017-10-17,21.635055541992188,22.118970925824883,21.41325984835756,21.43342276080833,1966394
2017-10-18,21.33260726928711,21.715706245839744,21.251953794659286,21.63505459954993,1256087
2017-10-19,21.171300888061523,21.69554204275176,20.969668127663983,21.43342055123769,670636
2017-10-23,22.28027534484864,22.502069203088062,21.211628220593845,21.41325916702406,4872940
2017-10-24,23.550552368164062,24.09495644781564,22.28027435397245,22.441579469610467,9469754
2017-10-25,23.248106002807617,23.953817055425,22.78435354775563,23.732021369600385,3781352
2017-10-26,24.276426315307617,24.498220163798305,22.78435262362788,22.985985389533543,6572992
2017-10-27,23.651371002197266,24.55871122131034,23.44973821720492,24.49822248281551,2747238
2017-10-30,24.800668716430664,24.96197384016616,23.44973716243464,23.46990007435932,5341029
2017-10-31,24.29658889770508,24.88131879157883,24.034467402574755,24.76033949933884,3168694
2017-11-01,25.40555953979492,26.21208503632231,24.316749662398504,24.478054761703984,13907001
2017-11-02,25.284582138061523,26.534697207705587,24.901483184355456,25.808823292695585,8658346
2017-11-03,24.76033973693848,25.62735587325069,24.45789424594313,25.48621366900596,3335434
2017-11-06,24.59903335571289,25.18376505343891,24.377239519508805,24.59903335571289,2739655
2017-11-07,23.691696166992188,24.86115787697088,23.28843243659446,24.51838471171875,3581411
2017-11-08,22.985984802246094,24.03446711348004,22.865005511461284,23.691693979871328,2139657
2017-11-09,23.490062713623047,23.590877264229395,22.824677537931755,23.167450666669097,2550934
2017-11-10,23.248106002807617,23.79251010482272,22.945658670019885,23.18761726758528,3564812
2017-11-13,22.66337013244629,23.30859050430685,22.582718500132565,23.046470870949552,1899918
2017-11-14,22.68353271484375,22.905328357197423,22.58271817589905,22.60288108368799,1641513
2017-11-15,21.31244468688965,22.582722762278,20.96966969984968,22.582722762278,4040964
2017-11-16,21.97782516479492,22.17945608511292,21.05032037165925,21.514072768227084,3436138
2017-11-17,22.582719802856445,22.945655825880188,21.776194291504908,22.48190342831083,11349277
2017-11-20,23.772350311279297,24.074795832139337,22.46174452197455,22.76419187117271,8506469
2017-11-21,23.308591842651367,24.45789229581458,23.207777296470592,23.95381407989732,5898635
2017-11-22,23.167449951171875,23.55055071665805,23.04647249418049,23.409408521830283,2230263
2017-11-23,23.490062713623047,23.91348748284547,22.94565682699725,23.167450666669097,3474767
2017-11-24,24.59903335571289,24.76033846249891,23.429571788598697,23.530388165966656,8308494
2017-11-27,24.76033973693848,25.203929260516496,24.3167520416984,24.720013915250824,5292392
2017-11-28,24.55870819091797,25.12327699389126,24.05462994731348,24.59903401160524,5122252
2017-11-29,25.224092483520508,26.333067220358625,24.59903492627472,24.820830604977527,14995204
2017-11-30,24.840993881225582,25.56686783294622,24.437731996754785,24.92164735512254,6698105
2017-12-01,25.04262351989746,26.71616518984968,24.800666767477345,25.04262351989746,15496338
2017-12-04,24.336917877197266,25.385400337103828,23.893328300311488,25.244259944235694,4512789
2017-12-05,23.97397804260254,24.86115712566405,23.59087906438935,24.09495734089965,5872409
2017-12-06,23.530391693115234,24.33691734794158,23.38924947497836,23.91349069353096,3864960
2017-12-07,24.457897186279297,24.59903757915403,23.651371513875738,23.651371513875738,4576760
2017-12-08,24.39740562438965,25.08295190954992,24.2360986802294,24.59903473374508,3956010
2017-12-11,24.31675148010254,24.72001334434162,24.115120547983,24.437730770709425,2743632
2017-12-12,24.51838111877441,25.304743723728382,24.07479162884232,24.35707601592072,6731477
2017-12-13,23.732023239135746,24.780507530618763,23.530392277506067,24.518386000663465,4006397
2017-12-14,23.40941047668457,24.054630947870454,22.90533221211284,23.792509445824447,2777427
2017-12-15,23.510225296020508,24.094955166400045,23.348918360623152,23.85299841997972,2244055
2017-12-18,23.46989631652832,23.93364870155742,22.19961844195681,23.248102492530816,3587399
2017-12-19,24.43773460388184,24.67969139470976,23.51022961097541,23.651371834099272,3582060
2017-12-20,25.68784713745117,26.111271933440754,24.397406181410545,24.397406181410545,11283530
2017-12-21,27.32106208801269,27.70416107304678,25.54670389029805,25.88947887963251,21594708
2017-12-22,27.84530258178711,28.671991095357097,27.058939891235656,27.56301999231936,18004047
2017-12-26,29.55916976928711,30.12373859721091,27.26057046346047,28.02677023206935,25316893
2017-12-27,28.651826858520508,30.12373761399194,28.067096966785176,29.801125559752485,10579757
2017-12-28,28.913949966430664,29.59949627764849,28.551012070781795,28.95427578983453,8773654
2017-12-29,28.913949966430664,29.397865332291133,28.63166554592755,28.9946016132384,6670729
2018-01-01,29.115577697753903,30.204387607832032,28.81313039893566,29.155905345044072,9503772
2018-01-02,28.57117462158203,29.37770016955021,27.88562653455567,29.35753725939324,6372278
2018-01-03,28.772804260253903,29.23655665806605,28.43003114629228,28.752641351001788,4746869
2018-01-04,29.8212890625,30.24471382373255,28.671988580571483,28.994598793100018,10098098
2018-01-05,31.837602615356445,33.14820632624052,30.143898148698188,30.446345440184945,37495183
2018-01-08,32.20054626464844,32.644134024167926,31.494836969499808,31.85777307395692,11127677
2018-01-09,32.03923416137695,32.805435731662776,31.635972294038844,31.95858251924449,9527747
2018-01-10,33.168365478515625,34.19668469043097,32.05939463978538,32.14004626660028,21202331
2018-01-11,32.58363723754883,33.51114201178246,32.32151576664088,33.188531814513176,6855257
2018-01-12,32.079559326171875,33.18853400950949,31.05123993999253,32.80543506054178,7921280
2018-01-15,32.62396240234375,33.591792974786095,32.05939731092563,32.36184093668064,11316298
2018-01-16,31.25287437438965,32.82559973154405,31.05124160569131,32.765110997937335,6790408
2018-01-17,30.58749008178711,30.930265067535085,29.51884478594152,30.849613420303584,5495007
2018-01-18,28.994600296020508,31.77711672290068,28.26872819437501,30.84961185671993,7747563
2018-01-19,28.75264358520508,29.43818986639821,27.966280921579685,29.15590728659618,5413940
2018-01-22,28.913949966430664,29.19623438693377,28.47036042397406,28.913949966430664,3118367
2018-01-23,28.34938240051269,29.518844054768472,28.22840310432404,29.05509160966025,3663992
2018-01-24,27.623510360717773,28.551013486693893,27.44204231806292,28.22840505512602,2649587
2018-01-25,27.482364654541016,28.75264262019948,27.32105954506594,27.421874095776687,4199625
2018-01-29,27.038774490356445,27.905790575459687,26.93795994209177,27.482363987734534,1973618
2018-01-30,26.716163635253903,27.13958838443478,26.45404215940838,27.13958838443478,2696533
2018-01-31,26.89763641357422,27.482368196407,26.45404684826446,26.514535586486563,3148025
2018-02-01,26.796815872192383,27.522689760150584,26.615347857287293,27.01861153467248,3424443
2018-02-02,23.711856842041016,26.212086980930533,23.449735350596825,26.212086980930533,5064219
2018-02-05,23.490062713623047,23.79250819377997,22.21978292094215,22.98598447557767,3929537
2018-02-06,22.48190689086914,22.865007710475645,21.39309682576668,22.07864498725376,4969330
2018-02-07,23.06663703918457,23.711857502238296,22.824678451370445,22.945657745277508,3407183
2018-02-08,24.094955444335938,24.357076931957906,23.187615349371203,23.32875754821858,3923675
2018-02-09,23.933650970458984,24.195772465035947,22.824678088665728,23.187615964619503,3960705
2018-02-12,25.26442146301269,25.40556367642854,24.155448496177986,24.17561140833196,4475118
2018-02-14,24.921646118164062,25.80882331696856,24.67968753682053,25.566866563962936,3004152
2018-02-15,24.31675148010254,25.405561438888704,23.953815436619784,25.123277036918605,3106869
2018-02-16,23.812673568725582,24.82083007176325,23.4900633414865,24.55870857650477,2097042
2018-02-19,23.369083404541016,24.11512022007837,22.8851680770314,23.87316164215463,2208556
2018-02-20,22.623044967651367,23.732017742258417,22.320597681091467,23.550549735990028,4228451
2018-02-21,22.88516998291016,23.16745257621254,22.582722649486577,22.985986370164028,1780514
2018-02-22,22.76418876647949,23.147289543105767,22.50206727870035,22.82467749673412,1395860
2018-02-23,23.1876163482666,23.328758553194216,22.82467846630789,22.985985410514843,2000467
2018-02-26,23.57071685791016,23.994143500449,23.20778078049862,23.38924881920439,2239600
2018-02-27,22.925498962402344,23.71186177188681,22.744030903034893,23.71186177188681,2082477
2018-02-28,22.52223396301269,22.804516556927663,22.280275364413544,22.703701997793043,2242605
2018-03-01,22.199621200561523,22.70370129395986,22.13913246695596,22.46174270286162,2287051
2018-03-05,21.91733741760254,22.17945707723967,21.47374791039017,22.17945707723967,1948015
2018-03-06,21.35276985168457,22.239948917223803,21.191464733253618,22.098806710054472,1827080
2018-03-07,20.48575210571289,21.25194991909211,20.405098645793263,21.25194991909211,2412357
2018-03-08,20.526079177856445,20.808361734008788,19.84053112576073,20.58656790524528,2239824
2018-03-09,20.344614028930664,20.80836466081629,20.223634728798828,20.566407888890662,1552438
2018-03-12,20.56640625,20.92934229313592,20.12281673709061,20.92934229313592,1471650
2018-03-13,21.110811233520508,21.473747261019977,20.30428388388508,20.405100259673965,3415396
2018-03-14,21.23178672790528,21.756027811206128,20.546240555255107,20.96966527208602,3499161
2018-03-15,22.48190689086914,22.582723280942027,21.251954610999864,21.251954610999864,4056743
2018-03-16,21.776199340820312,22.582725039183487,21.59472945889265,22.461745727344454,2253211
2018-03-19,21.009998321533203,21.977829106651207,20.606736408569763,21.977829106651207,2518946
2018-03-20,20.54624557495117,21.191466089983592,20.445429183850568,20.78820235391928,2349156
2018-03-21,20.505918502807617,21.13097606727554,20.364776295185376,20.66722362175618,1639087
2018-03-22,19.477598190307617,20.848692683364018,19.114662111804307,20.848692683364018,2858819
2018-03-23,18.89286422729492,19.05416933550548,18.328297262726903,18.75172385740632,2821138
2018-03-26,19.61873817443848,19.80020619305886,18.63074461287314,18.95335483005112,3011274
2018-03-27,19.33645248413086,20.06232633840492,19.21547320369556,19.88085833192084,2499112
2018-03-28,18.792049407958984,19.41710692185588,18.67107012145104,19.03400615263704,2003286
2018-04-02,19.51792526245117,19.638904572464075,19.01384693712529,19.31629429798846,1791077
2018-04-03,20.1026554107666,20.16314597494768,19.235641055326223,19.316292703116936,4400949
2018-04-04,19.75988006591797,20.526079776893027,19.618737869553787,20.183304826672675,3542920
2018-04-05,20.16314697265625,20.46559249517501,20.00184001241698,20.10265640548199,2272939
2018-04-06,20.405101776123047,20.647058536324955,19.98167516034725,20.08249154362853,2998706
2018-04-09,20.949506759643555,21.11081186875684,20.384937963578125,20.384937963578125,3667565
2018-04-10,20.808364868164062,21.29228207351348,20.667224482998225,21.05032347083877,2222476
2018-04-11,20.66722297668457,20.8890168226894,20.203470545639988,20.86885391199241,2465772
2018-04-12,20.18330383300781,20.808361316845847,20.08248928938088,20.808361316845847,1923576
2018-04-13,19.800207138061523,20.405101781224456,19.679227843761343,20.24379666493688,2117028
2018-04-16,20.18330383300781,20.324447850761032,19.41710598809206,19.41710598809206,2966825
2018-04-17,20.042165756225582,20.46559054439386,19.961512283793844,20.183306133389703,2566024
2018-04-18,20.08249282836914,20.56640820806852,19.961513526359777,20.18330738976188,3245836
2018-04-19,19.981674194335938,20.24379568119224,19.88085964426649,20.10265348275714,1116357
2018-04-20,19.71955299377441,19.96150972335825,19.618736623250804,19.90102099804673,1198106
2018-04-23,19.638900756835938,19.92118514924181,19.55824728971804,19.578412027750893,1124009
2018-04-24,19.356618881225582,19.901024827127337,19.296130144275647,19.73971970025609,1379926
2018-04-25,19.578413009643555,20.284122197713,18.97351837510521,19.296128603080607,4810184
2018-04-26,19.01384353637696,19.860696726663942,18.9533548063584,19.71955452828278,2638531
2018-04-27,19.01384353637696,19.37678140150189,18.913028986346028,19.175148644764302,1448975
2018-04-30,19.034008026123047,19.31629244631376,18.953356379404568,19.114661501179544,1414294
2018-05-02,18.12666702270508,19.134823530210024,17.985524819120315,19.074334797961384,1769727
2018-05-03,17.178997039794922,18.14682770443087,16.755572266727878,18.12666662246442,3796023
2018-05-04,17.299976348876953,17.703240040418528,16.997530865643142,17.259650528224164,1776261
2018-05-07,17.46128273010254,17.562099117406618,17.19916304845279,17.299977607418835,973075
2018-05-08,17.662914276123047,18.06617614061341,17.46128151553996,17.46128151553996,1515566
2018-05-09,17.9451961517334,18.0863365045971,17.703237604434623,17.703237604434623,1336179
2018-05-10,17.11850929260254,18.02585127846615,17.01769290694947,17.96536254407711,1260254
2018-05-11,17.05801773071289,17.340302101080226,16.73540754410385,17.299974456500824,1033034
2018-05-14,16.43296241760254,17.21932507898281,15.908721252795004,17.138671607599683,1692622
2018-05-15,16.251495361328125,16.937041681436288,16.0095367610911,16.43296339733687,1065669
2018-05-16,16.09018898010254,16.352308643484644,15.969209689436545,16.09018898010254,1317769
2018-05-17,16.695083618164062,16.83622399099066,16.049861343552948,16.412799215835058,1567233
2018-05-18,16.574106216430664,17.1789990825008,16.533780391026944,16.937042301740366,1341278
2018-05-21,15.888554573059082,16.51361204366618,15.767575294929836,16.332144040641168,998883
2018-05-22,16.513612747192383,16.7354084046014,15.78774070416816,15.888555249956084,1439236
2018-05-23,16.7958984375,17.037857022872323,16.392634737992104,16.533778769740906,1769705
2018-05-24,16.43296241760254,17.017692314693964,16.271657303174226,16.937040671648777,772531
2018-05-25,17.622589111328125,17.783896073869823,16.473290258670197,16.533780826707876,2383393
2018-05-28,17.46128273010254,17.804055887263157,17.239488872039207,17.74356715188353,1404933
2018-05-29,16.775733947753906,17.58225944251729,16.715245221273314,17.58225944251729,1421663
2018-05-30,17.158836364746094,17.420956033256584,16.574104638701726,16.795898485647207,1234534
2018-05-31,16.836225509643555,17.259652151330783,16.634594559080238,17.15883759021816,956657
2018-06-01,16.392635345458984,16.916878357080073,15.60627265636535,16.85638779432641,1968942
2018-06-04,17.662914276123047,18.2678070728586,16.937040360367316,16.937040360367316,8398591
2018-06-05,16.6749210357666,17.985526836537822,16.553943557699405,17.884710443143685,1994313
2018-06-06,17.804054260253906,17.985524106485375,16.251493739014023,16.674918504653146,2779694
2018-06-07,17.864545822143555,18.2879724399103,17.54193558813212,17.743566527304775,2081172
2018-06-08,17.743566513061523,17.86454580780319,17.44111919037634,17.642750129387142,1631834
2018-06-11,18.0460147857666,18.34846212437392,17.622588146048752,17.6427510581775,1739438
2018-06-12,18.086339950561523,18.32829854396033,17.763729711588454,17.94519957080655,1868139
2018-06-13,18.146827697753903,18.46943974751841,17.94519859478464,18.20731825698258,2323910
2018-06-14,17.904870986938477,18.22748120910537,17.683077144825447,18.066176098021923,978474
2018-06-15,17.70323944091797,18.02584965189123,17.521771425787737,18.02584965189123,989933
2018-06-18,17.158836364746094,17.501609504724538,17.037857071713134,17.158836364746094,1129904
2018-06-19,16.755573272705078,17.05802060210449,16.61443106376282,17.05802060210449,903021
2018-06-20,17.0176944732666,17.340306571382197,16.69508603182734,16.937042819991326,1029889
2018-06-21,16.634592056274414,16.9975299066872,16.533777510330133,16.93703935078284,864078
2018-06-22,16.43296241760254,16.61443044279215,16.271657303174226,16.61443044279215,1064192
2018-06-25,16.23133087158203,16.5337800407161,16.130516310208748,16.51361530010337,828515
2018-06-26,16.049861907958984,16.291820497989054,15.88855679071826,16.170841202974017,958956
2018-06-27,15.545783042907717,16.1305147558806,15.243336645424336,16.1305147558806,1212979
2018-06-28,15.384478569030762,15.727251715541838,15.082032159022216,15.727251715541838,910352
2018-06-29,15.868392944335938,16.00953514214502,15.3441518012864,15.56594563879332,1098248
2018-07-02,15.404644012451172,15.949048123844507,15.16268541071765,15.848231735065864,891576
2018-07-03,15.44497013092041,15.666763996453884,15.122358960518262,15.424805390110013,699546
2018-07-04,15.34415340423584,15.565947264912776,15.041706067097618,15.565947264912776,1006119
2018-07-05,15.283662796020508,15.465131735430694,15.122357681546324,15.223173149550446,699929
2018-07-06,15.3643159866333,15.586111670889782,15.10219539334938,15.344153075035075,987221
2018-07-09,15.92888069152832,16.029697051697738,15.545779985554564,15.686922158456731,982084
2018-07-10,16.352310180664062,16.49345239498598,15.828068976281278,16.070027580358303,1391205
2018-07-11,15.969209671020508,16.493450825518057,15.767576910697072,16.332145714262047,819532
2018-07-12,15.969209671020508,16.251494072802995,15.848230380494028,16.009535491750036,873054
2018-07-13,15.525620460510254,16.130515096591576,15.404642995964338,16.09018927507627,791478
2018-07-16,15.384478569030762,15.666762982041522,15.142520892522532,15.666762982041522,840301
2018-07-17,15.34415340423584,15.54578435288197,15.102195717359066,15.32399049220503,821993
2018-07-18,15.001379013061523,15.505457257516118,14.920726457382033,15.505457257516118,812411
2018-07-19,14.819912910461426,15.26350156705763,14.43681207866218,15.122359347798763,1277480
2018-07-20,14.698930740356444,14.88039875023673,14.497298907246993,14.840072932116174,725722
2018-07-23,15.162684440612791,15.283662819570358,14.53762689251996,14.719094918040792,974872
2018-07-24,16.372474670410156,16.574105618492702,15.001380201105144,15.16268532523879,2237896
2018-07-25,16.473289489746094,16.977367782061002,16.19100506098156,16.59426879183633,1677198
2018-07-26,16.634592056274414,16.7757342489342,16.029699295595357,16.43296113604806,728534
2018-07-27,16.634592056274414,16.81606006731191,16.372472408481492,16.81606006731191,735085
2018-07-30,16.81606101989746,16.916877399890517,16.372473335938974,16.574104267587185,754221
2018-07-31,17.783893585205078,18.046013248893647,16.654755975452836,16.816061087083455,3486008
2018-08-01,17.68307876586914,18.046014841993507,17.34030560193634,17.88470971612289,1641083
2018-08-02,17.340303421020508,17.642748894193087,16.896713923582713,17.642748894193087,1285332
2018-08-03,17.199161529541016,17.521771746417706,17.078182241127788,17.501608836405147,1085141
2018-08-06,17.299976348876953,17.642749481101447,17.098345417275116,17.34030399786764,866448
2018-08-07,16.61442756652832,17.48144172085764,16.57410175198687,17.27981081981276,1151190
2018-08-08,16.916879653930664,17.098347699427023,16.553943562937942,16.735411608434305,804768
2018-08-09,17.098344802856445,17.38062919395804,16.735408773347444,17.098344802856445,1108940
2018-08-10,16.876554489135742,17.52177504433125,16.755575177952032,17.40079573314754,1913783
2018-08-13,16.352310180664062,16.594268784741086,16.231330878625553,16.392636005230873,659457
2018-08-14,16.513612747192383,16.896713506199873,16.37247238308929,16.896713506199873,669039
2018-08-16,16.73540687561035,16.896711962471564,16.1305123427964,16.170838157427298,1518701
2018-08-17,17.199161529541016,17.32014081795424,16.977365862727122,17.158835709515895,1433367
2018-08-20,17.279813766479492,17.642749815918027,16.937040627749994,17.320141416235497,1394431
2018-08-21,17.541933059692383,17.642747600578634,17.138669411134277,17.46127959864568,1576927
2018-08-23,17.723405838012695,18.046016112466283,17.058022375494442,18.046016112466283,3250676
2018-08-24,18.005687713623047,18.429112495657336,17.521772371056763,17.642749835444885,2783857
2018-08-27,18.12666702270508,18.429112512286213,17.804054965698523,18.14682810511669,1862348
2018-08-28,17.904870986938477,18.187155388418983,17.420955653688132,18.187155388418983,1242416
2018-08-29,18.73155975341797,19.0340070700972,17.501609404372072,18.025850566725044,5892749
2018-08-30,19.01384353637696,19.679226879932543,18.18715508443401,18.751723877958675,8339973
2018-08-31,20.021997451782227,20.56640326583114,18.87269892972221,18.99367820265949,8740627
2018-09-03,20.18330383300781,20.66722095576813,19.57841108623292,20.00183582614157,4438012
2018-09-04,19.134822845458984,20.34461207384224,18.75172389825115,20.163144055252328,2005891
2018-09-05,19.034008026123047,19.27596662295452,18.38878753902315,18.85253999266845,2350038
2018-09-06,19.27596473693848,19.477595662344537,19.114659630946058,19.25580182723165,1187433
2018-09-07,19.09449577331543,19.35661541482933,18.91302776662496,19.275963780005902,1106335
2018-09-10,18.89286422729492,19.25580209202208,18.79204967737449,19.21547444371604,1342371
2018-09-11,18.46944046020508,19.054170366392807,18.24764478170459,18.792050694080363,1138183
2018-09-12,18.086339950561523,18.751725168239226,17.864546096894287,18.751725168239226,2054965
2018-09-14,18.99368095397949,19.195313714194903,18.187155398131544,18.44927688940884,1385201
2018-09-17,20.18330383300781,20.405099485662586,18.67106922356395,18.89286304788097,4866316
2018-09-18,19.981674194335938,21.65521583720532,19.88085964426649,20.344612059599555,5642622
2018-09-19,19.54128074645996,20.5815795077253,19.11292221539379,20.377598197903072,1827427
2018-09-21,17.440288543701172,19.78605712555204,15.70645838561539,19.62287317595457,4131544
2018-09-24,16.501977920532227,17.78705156398063,16.07361942283822,17.54227660075092,2127040
2018-09-25,16.501977920532227,16.930336418226233,15.91043549747388,16.42038503303325,1544157
2018-09-26,16.563173294067383,16.90993890940224,16.25720319826989,16.90993890940224,1001593
2018-09-27,16.318395614624023,16.726356337324717,15.992027776316885,16.56317241817115,1212173
2018-09-28,15.23730182647705,16.522375452208443,14.706954538763112,16.318396010723635,1782121
2018-10-01,15.155709266662598,15.298495424955693,14.400982958437242,15.298495424955693,1189639
2018-10-03,15.788047790527344,16.399988000163876,14.972129052373376,15.461680850155863,1647729
2018-10-04,15.461681365966797,15.665661750922832,15.053721520871608,15.380089396947758,1076358
2018-10-05,14.890536308288574,15.50247648596121,14.706954624913504,15.380088080499965,1447256
2018-10-08,13.911433219909668,15.318894379952534,13.381084986886416,14.870139036456084,2375827
2018-10-09,14.115413665771484,14.60496453170046,13.870636845581746,14.23780115104952,1844523
2018-10-10,15.07411766052246,15.237301581008175,14.074616378751651,14.13580965532121,1811568
2018-10-11,14.788546562194824,15.216904130958582,14.31939255007334,14.31939255007334,574974
2018-10-12,15.420884132385254,15.50247609234884,15.05371985014072,15.15570956889101,999986
2018-10-15,15.645265579223633,15.747254394837045,15.053723050130078,15.645265579223633,972966
2018-10-16,15.82884407043457,16.17560967210389,15.543271745659755,15.726853425976833,1081493
2018-10-17,15.053720474243164,16.236803480355476,14.931332066815372,16.155212441826034,1408805
2018-10-19,14.339791297912598,15.053721244947573,14.278598015882606,14.849740863730354,939859
2018-10-22,14.135809898376465,14.564168390629373,13.911432697463182,14.462178669776351,830616
2018-10-23,13.687055587768556,14.176607393984249,13.544269413084765,14.074617665560194,703311
2018-10-24,14.033823013305664,14.156210510031256,13.62586222470857,13.891035904961454,699154
2018-10-25,13.625862121582031,13.809443827689451,13.421881728827298,13.789046065859054,770280
2018-10-26,13.768646240234377,13.952228855972288,13.279095372717114,13.625860994416223,644225
2018-10-29,14.400983810424805,14.584566421155609,13.483075380854848,13.544268659614971,1346980
2018-10-30,14.258197784423828,14.564167860665988,14.03382059167522,14.482574977172437,832307
2018-10-31,14.604963302612305,14.645759744149627,13.870635678291308,14.421381627736244,1113533
2018-11-01,14.82934284210205,15.216903963236344,14.441779871334186,14.706954438194645,1455440
2018-11-02,15.257699966430664,15.8288436769662,14.972127648754515,15.033320924127896,1689375
2018-11-05,15.07411766052246,15.42088418516719,14.829342704610667,15.380087742637372,899556
2018-11-06,14.910934448242188,15.196504917718537,14.666157646252712,15.114912958660966,646913
2018-11-07,14.931330680847168,15.053719076914524,14.80894320959654,14.849738725074507,173108
2018-11-09,15.053720474243164,15.257700845017212,14.584566453797986,15.053720474243164,835511
2018-11-12,14.237800598144531,15.27809834428508,14.156208636188738,15.17610862304454,1800141
2018-11-13,14.339791297912598,14.441781026112777,14.013423427818536,14.258199330389084,638446
2018-11-14,14.237800598144531,14.502974243296656,14.135809952087191,14.360188078669822,582308
2018-11-15,14.278596878051758,14.52337183629985,14.095014272140508,14.23780043513255,2279799
2018-11-16,14.176606178283691,14.38058654245653,14.074616458605664,14.197004862072724,638608
2018-11-19,14.319392204284668,14.523371641697164,14.115412766872174,14.25819800313421,746669
2018-11-20,14.074617385864258,14.400984325372177,13.829841487620689,14.278597763475656,574387
2018-11-21,14.197004318237305,14.380585991588768,13.891033321290289,14.095013677649384,649754
2018-11-22,14.095014572143556,14.400983738874414,14.013422609385298,14.197005219203982,622351
2018-11-26,14.156208038330078,14.23779999684,13.605462087183916,14.115412521483496,1037482
2018-11-27,13.99302577972412,14.217402998606392,13.87063736504573,14.115414194402511,735951
2018-11-28,13.829841613769531,14.033821993241537,13.7482496469441,13.911433580594965,776586
2018-11-29,13.789044380187988,13.993024748006707,13.70745241802386,13.850238583015283,540505
2018-11-30,13.789044380187988,13.91143278584258,13.666656899350198,13.850238583015283,667758
2018-12-03,15.053720474243164,15.584069623219053,13.707452616621524,13.911432987395573,2360499
2018-12-04,14.727352142333984,15.216903906504909,14.58456597991327,15.196505222718532,1167202
2018-12-05,14.380586624145508,14.727352227910677,14.197004942718864,14.686555784917651,743557
2018-12-06,13.952229499816896,14.380588031489044,13.809443322592845,14.380588031489044,720835
2018-12-07,13.809442520141602,14.115413542711272,13.707452795829594,14.115413542711272,481575
2018-12-10,12.769146919250488,13.666658615776392,12.055216929446107,13.666658615776392,1399734
2018-12-11,13.075115203857422,13.25869689768519,12.442777230876386,12.646757609987011,1269736
2018-12-12,14.033823013305664,14.176608272016034,13.075116177401105,13.238300122913175,1306079
2018-12-13,14.135809898376465,14.645760352275143,13.952228215877671,14.197005025631787,863966
2018-12-14,14.054219245910645,14.400984884002929,13.891035307418171,14.13581121515688,581573
2018-12-17,13.952229499816896,14.278598301250527,13.870637530662703,13.972627260901222,659638
2018-12-18,14.013422966003418,14.15620913566824,13.829841276329695,13.952228761173236,573047
2018-12-19,14.604963302612305,15.053719535439068,13.99302407808652,14.135809311425255,2117116
2018-12-20,14.768148422241213,15.135312726721772,14.523372527526448,14.584566732409346,1349412
2018-12-21,14.666157722473145,15.74725095440023,14.380586326695909,14.686555481139354,1044560
2018-12-24,14.645761489868164,15.012925808201617,14.502975314693106,14.6865570114514,825045
2018-12-26,14.441779136657717,14.64575949118766,14.176605508103853,14.64575949118766,598034
2018-12-27,14.441779136657717,14.686555007203603,14.298993905785167,14.64575949118766,543227
2018-12-28,14.808944702148438,15.01292507454706,14.50297460595891,14.686556293745898,827610
2018-12-31,14.82934284210205,15.012924523146378,14.706954438194645,14.972128080238312,601262
2019-01-01,15.012924194335938,15.400485306981931,14.747750558100051,14.93133131030684,1883400
2019-01-02,14.339791297912598,15.2169051799946,13.727851079077803,15.012925723594243,1841782
2019-01-03,14.074617385864258,14.319393284107829,13.870637008252862,14.074617385864258,1835825
2019-01-04,14.156208038330078,14.380586155436552,14.013421879733524,14.21740131359995,653339
2019-01-07,14.62536334991455,15.053720939517705,14.482576253624378,14.666158870440166,2067383
2019-01-08,14.584566116333008,14.972128164464326,14.482575470897489,14.66615807779135,928686
2019-01-09,14.380586624145508,14.768147746086914,14.319392422064364,14.666158025829532,671903
2019-01-10,14.298995018005373,14.666158389974942,14.19700529521569,14.380586981200477,1402004
2019-01-11,14.217401504516602,14.258197946727773,14.054217585305462,14.258197946727773,743621
2019-01-14,14.197004318237305,14.46217794916906,13.95222752067969,14.135809194031154,433500
2019-01-15,14.380586624145508,14.482575419586102,14.13580981582093,14.15620849972584,612577
2019-01-16,14.360189437866213,14.564169824470897,14.237801945756908,14.482576929975515,566854
2019-01-17,14.156208038330078,14.543770072456397,13.993024121310231,14.380586155436552,829559
2019-01-18,14.074617385864258,14.339791044423915,13.972626734650138,14.23780131802664,516005
2019-01-21,13.972627639770508,14.197006717049687,13.911434354858264,14.07461829759139,524360
2019-01-22,13.99302577972412,14.05421906224645,13.87063736504573,13.91143381154415,532784
2019-01-23,13.972627639770508,14.07461829759139,13.870637906766529,13.931832116495675,519553
2019-01-24,13.931832313537598,14.217403754951038,13.870638102942962,13.931832313537598,438674
2019-01-25,13.503472328186035,14.013422795822214,13.340288400498496,13.993025036065475,640647
2019-01-28,12.973125457763672,13.605463429821198,12.769146003767805,13.483075942387044,682512
2019-01-29,12.973125457763672,13.25869687832126,12.5855633853913,13.136309390887108,539720
2019-01-30,13.09551239013672,13.217900797200214,12.99352266746168,12.99352266746168,278247
2019-01-31,13.625862121582031,13.748250542198257,13.075116078442855,13.115912526920567,405612
2019-02-01,13.829841613769531,14.1766072415734,13.299493366995804,13.646259919616526,897133
2019-02-04,13.054716110229492,13.993025084935052,12.97312507091759,13.993025084935052,735825
2019-02-05,12.891534805297852,13.177106254965103,12.769147305388156,13.054717830238465,563866
2019-02-06,12.687554359436035,12.911931579566703,12.442777528717356,12.911931579566703,704379
2019-02-07,12.687554359436035,12.891533818612436,12.524369497351293,12.687554359436035,435653
2019-02-08,12.891534805297852,13.217902704812966,12.687555330509376,12.687555330509376,1024006
2019-02-11,12.667154312133787,13.177103830079664,12.544765909929383,12.91193019172582,791241
2019-02-12,12.503971099853516,12.871135402423317,12.361184930808768,12.871135402423317,570853
2019-02-14,12.544766426086426,12.809941000167704,12.32038922084093,12.605961554523288,590808
2019-02-15,12.42237949371338,12.769146046370254,12.157205832707294,12.769146046370254,1576095
2019-02-18,11.912428855895996,12.544766822021664,11.708450328630464,12.544766822021664,766674
2019-02-19,12.177603721618652,12.340788581824087,11.953225579255149,11.953225579255149,716430
2019-02-20,12.299991607666016,12.687553668784345,12.157205439125027,12.238797403317475,1431779
2019-02-21,12.483572959899902,12.605961365302903,12.096010909212794,12.299991276612198,612446
2019-02-22,13.136309623718262,13.25869711332164,12.707951098064276,12.83033951248452,2165410
2019-02-25,13.279095649719238,13.76864652744854,13.177104997242814,13.666657724605823,2800220
2019-02-26,13.09551239013672,13.23829855677186,12.503970888841316,12.93232938874674,1305734
2019-02-27,12.809941291809082,13.421880567491044,12.44277698654644,13.095512707176177,939616
2019-02-28,12.809941291809082,12.993522982031989,12.66715512171712,12.830339051874551,371478
2019-03-01,13.340289115905762,13.42188108412511,12.748747577519696,12.871135992257155,900516
2019-03-05,13.972627639770508,14.156210268957954,13.258697659108847,13.401484765021468,1968931
2019-03-06,13.870635986328123,14.36018774674734,13.687054307375114,14.09501410772446,1497422
2019-03-07,13.972627639770508,14.584567887428186,13.768647248945646,13.870637906766529,2030546
2019-03-08,13.727849960327148,13.952228083935342,13.625860240438618,13.952228083935342,709812
2019-03-11,14.135809898376465,14.339790264899294,13.748248774171635,13.768645608562084,1068716
2019-03-12,14.115413665771484,14.60496453170046,14.013423015753483,14.31939311617382,1431889
2019-03-13,14.237800598144531,14.48257555919511,13.993024712277156,14.135809952087191,1531468
2019-03-14,14.48257541656494,14.66615802277008,13.972625890567626,14.564168302533972,2860488
2019-03-15,14.135809898376465,14.645760352275143,13.931830456670427,14.60496390904386,1606602
2019-03-18,13.99302577972412,14.237801684264037,13.809443157706536,14.13581103042642,705073
2019-03-19,14.217401504516602,14.66615774475562,13.952227867002694,13.972625625699893,1488569
2019-03-20,14.115413665771484,14.482576121605591,14.033821700647184,14.176606946002083,860565
2019-03-22,13.850238800048828,14.258198617262206,13.789044596262617,14.19700533829281,753959
2019-03-25,13.544268608093262,13.768645812327147,13.483075329565915,13.768645812327147,651325
2019-03-26,13.707452774047852,13.911433147164558,13.503472400931145,13.748249218597923,1132832
2019-03-27,13.442278861999512,13.809442231782622,13.25869625229115,13.666656990654085,1200022
2019-03-28,13.58506679534912,13.768647579307556,13.442280610827428,13.442280610827428,1384550
2019-04-01,13.870635986328123,13.993024388841317,13.768645342628206,13.93183018758472,593753
2019-04-02,13.789044380187988,14.054218026017203,13.625860455859732,14.01342250734354,973934
2019-04-03,13.809442520141602,14.421382715647296,13.727850555728631,13.829841204857464,2110890
2019-04-04,13.646260261535645,13.87063748231491,13.585066053679084,13.87063748231491,696644
2019-04-05,13.687055587768556,13.829841762452348,13.64626006632568,13.707453348489992,476776
2019-04-08,13.646260261535645,14.135811149937508,13.52387184582252,13.748249991418662,1542685
2019-04-09,13.66665744781494,13.809442693719763,13.421880626682476,13.789044933564336,744073
2019-04-10,13.911433219909668,14.11541359409302,13.62586088101634,13.666657325779743,1381564
2019-04-11,13.768646240234377,13.952228855972288,13.66665743951915,13.9114333356862,475528
2019-04-12,13.768646240234377,13.870636890583272,13.687055199662195,13.829841370297183,511481
2019-04-15,13.768646240234377,13.891034650726317,13.503472583924282,13.503472583924282,488775
2019-04-16,13.707452774047852,13.870636702614489,13.666657254314606,13.870636702614489,395296
2019-04-18,13.544268608093262,13.789044496653071,13.421880201404951,13.585065051928302,729000
2019-04-22,13.115912437438965,13.625862028621365,13.054717302731436,13.544270057039505,593744
2019-04-23,12.871134757995604,13.17710391586498,12.83033831538962,13.17710391586498,533267
2019-04-24,13.034318923950195,13.075114442506727,12.891532759368737,12.891532759368737,394224
2019-04-25,12.850737571716309,13.238298707250188,12.809941127292475,13.238298707250188,353319
2019-04-26,12.809941291809082,12.973125221966516,12.789542606926778,12.871135496822328,364363
2019-04-30,12.340789794921877,13.136310864528124,12.299993344656016,13.034321126088908,951839
2019-05-02,12.381584167480469,12.60596231100772,12.340788645830168,12.60596231100772,318638
2019-05-03,12.0960111618042,12.503970980305311,12.034816957824829,12.279592848925496,627892
2019-05-06,12.177603721618652,12.32038989628787,11.89203229709708,12.034817546949435,373681
2019-05-07,11.95322608947754,12.340789108589572,11.871634118300507,12.279593974185673,390494
2019-05-08,11.54526424407959,11.892030755438864,11.524866486004557,11.871632072547088,564416
2019-05-09,11.810437202453612,11.87163139801849,11.422876121781666,11.422876121781666,374603
2019-05-10,11.647254943847656,11.932827280305345,11.586061664449712,11.83083663167513,272245
2019-05-13,11.17810344696045,11.56566463797854,11.096510546431748,11.422879374095697,370710
2019-05-14,11.055712699890137,11.198497933795904,10.872131024285038,11.014916258190803,384490
2019-05-15,11.15770149230957,11.504467981159788,11.014915345419286,11.137303735558582,462338
2019-05-16,11.17810344696045,11.259695422672198,10.9741230452726,11.035317258260651,278903
2019-05-17,11.239295959472656,11.320887929553487,11.014917810546144,11.014917810546144,287323
2019-05-20,11.790040016174316,11.871631972604298,11.504468631077744,11.810437774077627,585581
2019-05-21,11.50446891784668,11.89203095175394,10.933324283783293,11.790040310061617,524493
2019-05-22,11.8920316696167,12.01441915229195,11.545265131600392,11.749244577664747,477625
2019-05-23,12.361186981201172,12.565167388645284,11.99402261772856,12.055217757260472,1004633
2019-05-24,13.891035079956056,14.074617701366629,12.38158413602599,12.605962278983228,3292210
2019-05-27,14.400983810424805,14.584566421155609,13.95222847543318,13.95222847543318,2069344
2019-05-28,14.46217918395996,14.686556392850678,14.319393014799086,14.564168908439088,1226438
2019-05-29,13.99302577972412,14.564169556983922,13.952229333225702,14.564169556983922,642925
2019-05-30,13.99302577972412,14.40098469580711,13.850239604204956,14.115414194402511,1085835
2019-05-31,13.809442520141602,14.625363089088136,13.666657276031522,14.5641688845742,2128785
2019-06-03,13.829841613769531,14.074617514245825,13.687055440620814,13.850239374271675,544907
2019-06-04,13.727849960327148,14.217401725572236,13.6666566832841,13.87063612306116,613825
2019-06-06,13.217901229858398,13.87063695605138,12.97312533253603,13.789044990277256,784545
2019-06-07,12.769146919250488,13.401484936643424,12.728350470636308,13.401484936643424,559576
2019-06-10,12.503971099853516,13.13630905578011,12.401981375457336,12.952727366903623,633447
2019-06-11,12.524369239807127,12.728349619605863,12.483573718737494,12.585563446228434,343402
2019-06-12,12.42237949371338,12.626358948389797,12.238797799541231,12.483573700043046,264805
2019-06-13,12.116409301757812,12.48357361233944,12.075612856219031,12.29999191945705,398388
2019-06-14,12.055216789245604,12.198002045692377,11.994021654627568,12.07561362609011,278497
2019-06-17,12.19800090789795,12.401981279936056,11.851235292731667,11.953225016342312,473367
2019-06-18,11.85123348236084,12.320387434046326,11.749242849513264,12.320387434046326,325006
2019-06-19,11.48406982421875,12.36118357756394,11.341284595622293,12.034815755371936,582186
2019-06-20,11.790040016174316,11.871631972604298,11.30048827759442,11.626857028131086,346060
2019-06-21,11.830835342407228,12.096009890168144,11.606458159432677,11.810437584830762,364206
2019-06-24,11.830835342407228,12.157204087714256,11.647253674585606,11.89203046477006,445684
2019-06-25,11.871631622314451,11.9736222584551,11.708448639086177,11.830835182894852,151957
2019-06-26,11.912428855895996,12.238797643898105,11.851235575161388,11.912428855895996,440871
2019-06-27,12.503971099853516,12.64675726889826,11.91242866375866,11.91242866375866,963688
2019-06-28,12.136807441711426,12.6467569767281,12.075612313743914,12.48357305153742,427925
2019-07-01,13.115912437438965,13.42188163725826,12.646758369639045,12.646758369639045,1993302
2019-07-02,13.013920783996582,13.258695737809363,12.871134623591818,13.11591050222137,526181
2019-07-03,12.911931991577148,13.21790211492191,12.748748049102195,12.748748049102195,621158
2019-07-04,12.932330131530762,13.197503795643158,12.707951064087933,12.850738163741037,377349
2019-07-05,12.789543151855469,13.340289170806852,12.483573963386364,13.258697202251716,1019730
2019-07-08,12.238798141479492,12.769146403125848,12.157206172365967,12.64675798704712,652212
2019-07-09,12.116409301757812,12.38158388571776,12.0348173354971,12.075612856219031,678668
2019-07-10,12.259194374084473,12.361184091556142,12.116408214734076,12.116408214734076,362117
2019-07-11,12.320390701293944,12.442778198423662,12.238798728268494,12.299992939241813,244146
2019-07-12,12.340789794921877,12.401983083095235,12.238799131665704,12.299993344656016,479676
2019-07-15,12.299991607666016,12.8099411526646,12.238797403317475,12.483573295894814,680511
2019-07-16,12.340789794921877,12.524370584258904,12.259196894390156,12.259196894390156,474423
2019-07-17,12.320390701293944,12.524370171449112,12.21840096621636,12.27959425237276,640001
2019-07-18,12.116409301757812,12.340788364995827,12.0348173354971,12.25919547391827,347543
2019-07-19,11.95322608947754,12.320390422182635,11.912429641480571,12.157206479828572,697602
2019-07-22,11.708449363708496,11.994019833235782,11.42287704454768,11.994019833235782,490356
2019-07-23,11.790040016174316,12.034815885464264,11.484069948357698,11.484069948357698,425451
2019-07-24,11.341285705566406,11.973623654152975,11.28009057689548,11.810438802269744,514077
2019-07-25,11.28009033203125,11.586061344659887,11.218897054322316,11.341285459373772,281399
2019-07-26,11.76964282989502,11.83083610657697,11.178101348252044,11.21889686604001,479467
2019-07-29,11.30048942565918,11.790041213974725,11.218897460939925,11.790041213974725,474639
2019-07-30,10.749743461608888,11.382081421093742,10.647752811821965,11.218897491214864,412118
2019-07-31,11.035314559936523,11.259692669483766,10.484567702528102,10.688548054339249,661114
2019-08-01,10.68854808807373,11.137304308584548,10.586558374254627,10.851732000110983,389248
2019-08-02,10.810937881469728,10.994520499846228,10.52536553609529,10.810937881469728,379930
2019-08-05,10.708948135375977,10.851733382991736,10.4641722361273,10.72934589577582,375870
2019-08-06,10.831336975097656,10.974123165359932,10.647754334124604,10.68855078483538,337046
2019-08-07,10.749743461608888,11.014917116457854,10.668151496669449,10.851733186578976,274720
2019-08-08,10.831336975097656,10.933326714649157,10.62735749599466,10.708949472599253,229197
2019-08-09,11.137303352355955,11.30048725038254,10.77013911938782,10.79053780025363,353360
2019-08-13,10.64775276184082,11.076112194191584,10.545763962166305,10.953723784948508,477534
2019-08-14,10.708948135375977,10.7905401017922,10.4641722361273,10.688549450159284,270192
2019-08-16,10.729345321655272,10.810937283705565,10.443772992070857,10.606956916171438,323523
2019-08-19,10.97412109375,11.05571305495229,10.708947451046754,10.93332465074046,223718
2019-08-20,10.68854808807373,11.116905625967345,10.6069561320551,11.014915912148242,292196
2019-08-21,10.44377326965332,10.953723739634086,10.280590266032336,10.953723739634086,337203
2019-08-22,9.913426399230955,10.402978206005711,9.831834431435166,10.402978206005711,537301
2019-08-23,10.056212425231934,10.443774533371752,9.423874394817007,9.831835190092454,633697
2019-08-26,10.056212425231934,10.525366507463454,9.995019138275858,10.443774533371752,346897
2019-08-27,10.62735652923584,10.688549812509876,10.158202475233622,10.178600236324968,734786
2019-08-28,11.218897819519045,11.382081754173251,10.586559841529768,10.668151808856871,972008
2019-08-29,12.299991607666016,12.687553668784345,10.91292821639442,11.055713460118586,2245607
2019-08-30,12.769146919250488,13.013922836484827,12.238798636167632,12.646758498224862,1200205
2019-09-03,13.136309623718262,13.360687766944132,12.64675781567102,12.707951098064276,1423612
2019-09-04,13.707452774047852,13.850238942747865,13.217900988347946,13.34028847236451,1204857
2019-09-05,13.564667701721191,13.748249392476264,13.46267705146452,13.707452947410228,904726
2019-09-06,13.891035079956056,14.21740295159681,13.50347300117844,13.666657861815684,1111717
2019-09-09,13.870635986328123,14.074616348911189,13.74824850863171,13.870635986328123,989035
2019-09-11,14.339791297912598,14.482576547466104,13.666657797047812,14.054218949171863,1286109
2019-09-12,14.400983810424805,14.66615838431925,14.217402124510814,14.482575773588447,884768
2019-09-13,14.666157722473145,14.849739400102566,14.237800166398909,14.319392125880512,934988
2019-09-16,14.666157722473145,14.849739400102566,14.400983160545348,14.666157722473145,1096637
2019-09-17,14.46217918395996,15.053720695719097,14.197005530387496,14.808944802079091,1052792
2019-09-18,14.564167022705078,14.64575897668741,14.278595646175262,14.64575897668741,421405
2019-09-19,14.400983810424805,14.706954828309476,14.197005289740916,14.706954828309476,518900
2019-09-20,14.36801528930664,14.84487597481168,13.99481968412619,14.513147905774703,1729312
2019-09-23,14.264352798461914,14.74121259910054,13.953355641508663,14.492415813546572,692035
2019-09-24,14.119218826293944,14.409482185252385,13.828956407344052,14.368015588254655,406453
2019-09-25,14.616813659667969,14.865610427917089,13.93262184197646,14.18141861022558,537992
2019-09-26,14.616813659667969,14.824143829871284,14.368015951410278,14.720477804761057,555796
2019-09-27,14.36801528930664,14.948541995144792,14.18141795672068,14.658278642225715,816675
2019-09-30,14.03628635406494,14.513147982085878,13.808223364153385,14.513147982085878,345076
2019-10-01,13.041101455688477,14.036288650906124,12.85450409158734,14.01555581934126,838977
2019-10-03,12.647171020507812,13.352095645916243,12.522773110146645,13.352095645916243,240474
2019-10-04,12.543506622314451,12.978900709697337,12.460573430423072,12.688637358103064,173952
2019-10-07,12.066644668579102,12.895968104708414,12.025178073768814,12.75083549287665,223620
2019-10-09,11.900781631469728,12.211776876152516,11.38245340363946,12.211776876152516,646612
2019-10-10,11.734914779663086,12.211775413749583,11.631249710516412,12.025177161275462,226081
2019-10-11,11.54831886291504,12.191044113635146,11.403188112759382,11.755649983150944,287660
2019-10-14,12.12884521484375,12.191043702810749,11.714183928354172,11.797116185652088,338382
2019-10-15,12.17031192779541,12.398374932500111,12.066645900192992,12.398374932500111,249751
2019-10-16,11.942246437072754,12.377641474888485,11.714183443940946,12.170311310221653,259590
2019-10-17,12.025179862976074,12.25324475835333,11.880049109567532,11.942247601024636,202831
2019-10-18,12.336174964904783,12.4398400400697,11.610517558733417,12.02517785939308,428940
2019-10-22,12.460573196411133,12.564238274315729,12.02517817719653,12.273974928172658,339860
2019-10-23,12.895970344543455,13.02036827056337,12.273976954409257,12.273976954409257,489023
2019-10-24,12.9996337890625,13.393562256611414,12.792303610357983,12.854503039972782,719000
2019-10-25,13.082566261291504,13.227697942321925,13.020366835134388,13.020366835134388,337762
2019-10-27,12.937435150146484,13.227698524993237,12.85450289162007,13.227698524993237,49390
2019-10-29,12.958166122436523,13.310627935652048,12.91669952911257,13.186230035697111,427388
2019-10-30,13.020366668701172,13.31062908704317,12.8752349895259,12.895968757985614,433542
2019-10-31,13.227696418762209,13.683823298024626,13.16549699976919,13.55942446003859,511949
2019-11-01,13.18623161315918,13.39356178455636,12.916701074330838,13.206964442297185,251441
2019-11-04,12.9996337890625,13.559426775578473,12.91670152957897,13.331363767005223,322551
2019-11-05,12.958166122436523,13.144764382381622,12.87523387579708,13.061832135742176,259371
2019-11-06,13.932621002197266,14.01555325328162,13.061832835815787,13.144765086900144,1170394
2019-11-07,13.787490844726562,14.616813390272094,13.600892566972403,14.51314830708104,1008234
2019-11-08,13.704559326171877,13.974088932947051,13.68382555641332,13.974088932947051,380037
2019-11-11,13.704559326171877,13.828957244680186,13.68382555641332,13.828957244680186,189279
2019-11-13,13.725290298461914,13.89115574540025,13.683824641733736,13.89115574540025,416592
2019-11-14,13.68382453918457,13.787490560245203,13.580159458132467,13.746023963819244,514445
2019-11-15,14.24361801147461,14.658279291138273,14.015554072657457,14.26435178046422,536713
2019-11-18,13.99481964111328,14.51314786116872,13.393561049068406,14.51314786116872,780815
2019-11-19,13.932621002197266,14.243617178765726,13.683824248944198,14.036286081050582,514331
2019-11-20,14.01555347442627,14.098485726819174,13.828956141544367,14.01555347442627,251418
2019-11-21,14.24361801147461,14.63754552214866,14.015554072657457,14.015554072657457,553072
2019-11-22,14.119218826293944,14.347283699768614,13.808223578849464,14.30581710277089,415173
2019-11-25,14.24361801147461,14.57534703520554,13.953354645705764,13.953354645705764,651960
2019-11-26,13.891155242919922,14.347283090481762,13.787490164840776,14.305816495245,490546
2019-11-27,14.077753067016602,14.305816998825623,13.766756881823255,13.870422903560064,658825
2019-11-28,13.870424270629885,14.264352748033168,13.766758238675743,14.077754454520896,517279
2019-11-29,13.974088668823242,14.077753755622233,13.766757555216676,13.911889240740413,418629
2019-12-02,13.91188907623291,14.181418674726542,13.82895681977267,13.82895681977267,621194
2019-12-03,13.974088668823242,14.077753755622233,13.787491324583344,13.870423582024252,367936
2019-12-04,14.098485946655272,14.36801553613282,13.849689185597104,13.953354267702538,322439
2019-12-05,13.99481964111328,14.26435110514927,13.932621157114813,14.015553409121296,149547
2019-12-06,13.766758918762209,13.99482194430705,13.72529231593035,13.97409005290414,274451
2019-12-09,13.849689483642578,14.51314846741722,13.642358374961397,13.974088336853,695845
2019-12-10,13.3313627243042,13.891155667036449,13.26916235954574,13.870422838789318,558530
2019-12-11,13.165498733520508,13.538694356615924,13.06183364821956,13.35209607506393,352837
2019-12-12,13.103300094604492,13.414296309224811,13.061834433993052,13.269163677058884,144415
2019-12-13,13.26916217803955,13.393561025837773,13.103298614322792,13.144765210258374,269678
2019-12-16,13.3313627243042,13.600892311542491,13.18623104655722,13.289896127801404,426216
2019-12-17,13.559425354003906,13.787490218683978,13.22769729085688,13.393560852426138,320920
2019-12-18,13.455761909484863,13.746025292497585,13.37282964862532,13.51796134013168,274513
2019-12-19,13.310629844665527,13.600893219537454,13.206964756500668,13.476494361732744,287748
2019-12-20,13.041101455688477,13.455762787029164,12.937436357855477,13.26916448291934,562172
2019-12-23,12.937435150146484,13.227698524993237,12.875235721249524,13.041100238302354,312470
2019-12-24,12.91670036315918,13.186230887147628,12.895968475171214,13.06183297916017,194777
2019-12-26,13.18623161315918,13.352096126280356,12.77157033035624,12.95816767261542,538275
2019-12-27,13.766758918762209,13.99482194430705,13.186233059176947,13.248432493420394,852096
2019-12-30,14.326550483703612,14.409482740888423,13.725290914107314,13.725290914107314,1250608
2019-12-31,14.098485946655272,14.596079468771617,13.953354267702538,14.285083282446765,1125107
2020-01-01,14.4094820022583,14.637544992819578,13.932621312887386,14.098485818754789,964794
2020-01-02,14.575346946716309,15.031474821581396,14.24361792499936,14.471681862431902,1186786
2020-01-03,15.052207946777344,15.798598260335062,14.57534723366888,14.761944577056164,2612949
2020-01-06,13.82895565032959,14.927807720501386,13.746023400882502,14.927807720501386,1380352
2020-01-07,14.264352798461914,14.38875072123458,13.97408941197797,14.077754504289963,829183
2020-01-08,14.326550483703612,14.450948399476536,13.82895694059476,14.05702088285513,415353
2020-01-09,15.632733345031738,15.757132197436562,14.471681775959988,14.513148373431116,2831391
2020-01-10,16.296188354492188,16.7108504920696,15.653463263258097,15.922993746684252,4113965
2020-01-13,15.715665817260742,16.379124805912298,15.529068476082044,16.379124805912298,946678
2020-01-14,15.57053279876709,16.109592887063247,15.466867722559227,15.985194043607024,530179
2020-01-15,16.27545928955078,16.897451699600374,15.487602362155776,15.591268390503108,3079797
2020-01-16,16.233993530273438,16.503522194289616,15.881531668086534,16.337657677965357,1033614
2020-01-17,15.943731307983398,16.835254322613068,15.881532814876952,16.316926026656724,1707160
2020-01-20,15.342472076416016,16.047394886344925,15.238806984956137,15.943730734893672,959904
2020-01-21,15.28027057647705,15.632733365411164,15.238805858968984,15.238805858968984,637574
2020-01-22,14.96927547454834,15.591267863576933,14.658279280034044,15.38393675389788,1016407
2020-01-23,15.28027057647705,15.487601684085856,14.844876472509688,15.093673237635118,777152
2020-01-24,15.301005363464355,15.529069315008211,15.197340272765738,15.259539703188358,653479
2020-01-27,14.948542594909668,15.653466297410011,14.824143741522215,15.197339361676006,964330
2020-01-28,14.616813659667969,15.301004537350908,14.554614232603546,15.052207769101786,810309
2020-01-29,14.59607982635498,14.86561036244419,14.533881339573073,14.84487659350832,360398
2020-01-30,14.699745178222656,14.990008529954238,14.43021559447799,14.575346330335258,478328
2020-01-31,15.031475067138672,15.75713254900113,14.927809041152193,15.259539008296914,2424114
2020-02-03,13.787490844726562,13.974088182472167,13.393561460581743,13.393561460581743,529509
2020-02-04,14.24361801147461,14.347284036396951,13.82895673181095,14.098486328590187,407813
2020-02-05,14.098485946655272,14.554613811932857,13.97408803613046,14.098485946655272,599047
2020-02-06,14.098485946655272,14.430215901408044,13.97408803613046,14.119218775074652,742884
2020-02-07,13.891155242919922,14.098485399078209,13.683824146753128,14.098485399078209,941290
2020-02-10,13.953353881835938,14.139952152475775,13.621625816273877,13.828955974751228,587326
2020-02-11,13.849689483642578,14.202151334391166,13.80822382591148,13.891156081382238,291711
2020-02-12,13.74602508544922,14.015554694180816,13.600893396128894,13.849690174960047,321600
2020-02-13,13.74602508544922,13.8704239448691,13.476494536709012,13.80822451515916,272780
2020-02-14,13.559425354003906,13.994819435643423,13.269162006238556,13.787490218683978,381561
2020-02-17,13.414295196533203,13.911888722647776,13.393561427938684,13.891155894061807,344859
2020-02-18,13.18623161315918,13.476494041116949,12.895969185201407,13.455761211978944,344099
2020-02-19,13.414295196533203,13.55942593664354,13.124031836295426,13.310629173586252,201476
2020-02-20,13.26916217803955,13.372828197874243,13.124031442286322,13.372828197874243,377855
2020-02-24,12.895970344543455,13.103300534579532,12.854503742531046,13.06183487257578,332152
2020-02-25,12.647171020507812,13.020366631608404,12.56423876693085,12.875234952846588,982576
2020-02-26,12.460573196411133,12.750835602545695,12.460573196411133,12.647170524641105,267251
2020-02-27,12.17031192779541,12.605706047696358,11.838581955479697,12.564239448653671,381547
2020-02-28,11.54831886291504,12.170312223622757,11.092192842418449,12.170312223622757,301540
2020-03-02,11.278788566589355,12.045912630792785,11.19585631154103,11.921513778216015,346126
2020-03-03,11.610518455505373,12.273975551809944,11.133657756903174,11.693450710044512,397380
2020-03-04,12.191041946411133,12.315440784439788,11.610517168972237,12.211775712754877,558815
2020-03-05,12.419107437133787,12.439840264539187,12.025178076380234,12.191042575640417,442815
2020-03-06,12.27397632598877,12.398375185648192,11.79711653731728,12.128845576397593,441406
2020-03-09,11.942246437072754,12.025178690941196,11.299521234590191,11.299521234590191,747339
2020-03-11,11.75564956665039,11.900782191681255,11.486119965900851,11.486119965900851,275685
2020-03-12,9.99333953857422,11.444654538036383,9.78600842150451,11.278789080375455,2714734
2020-03-13,9.786006927490234,9.910405766742006,8.106628237642072,8.70788772734487,1545181
2020-03-16,9.14328384399414,9.703076866688898,8.853020447038093,9.578677999419543,668699
2020-03-17,9.267682075500488,9.786008460212049,9.060350957610703,9.060350957610703,298198
2020-03-18,8.396893501281738,10.532400506404816,8.210295199469309,9.371346912928388,1326678
2020-03-19,8.10662841796875,8.376157988998488,7.629768696918747,7.878565440948153,563391
2020-03-20,7.961498260498047,8.355427688345584,7.691968638296143,8.106629957071632,1312209
2020-03-23,6.489450931549072,7.609036512549278,6.427251967606785,7.609036512549278,783047
2020-03-24,6.095520973205566,7.111441683744755,5.390596417729567,6.738246109667238,900300
2020-03-25,6.696781158447266,6.696781158447266,5.825992429950879,6.116254869445368,504077
2020-03-26,7.360238075256348,7.360238075256348,6.530916024669065,7.049242365036649,769163
2020-03-27,7.691967487335205,8.0444293205528,7.380971779790519,7.629769003832229,1042355
2020-03-30,7.982232570648193,8.065164840005417,7.339507248127517,7.629770660882166,333119
2020-03-31,8.210293769836426,8.37615827144911,7.754167330410052,8.293226020642768,308864
2020-04-01,8.18956184387207,8.251760326679763,7.878565669799579,8.127361481047366,233892
2020-04-03,7.961498260498047,8.127362788008243,7.795634672996509,7.878566936751606,162825
2020-04-07,8.10662841796875,8.18956160598703,7.795633192938351,8.002963342958617,267674
2020-04-08,7.774899959564209,8.355426675486083,7.712701474294188,8.106628974371827,439026
2020-04-09,7.795633792877197,8.023696787449138,7.691967769880623,7.89929887586522,298609
2020-04-13,7.422438144683838,7.961497325800923,7.422438144683838,7.920032608804408,262785
2020-04-15,7.360238075256348,7.484636923349341,7.298039591218375,7.463904095336684,331434
2020-04-16,7.380971431732178,7.4639036791672275,7.090708095705266,7.443170382306347,292467
2020-04-17,7.505370616912842,7.671235599776797,7.380972232268091,7.380972232268091,649763
2020-04-20,7.629768848419189,7.795633347732281,7.484636706513863,7.795633347732281,658266
2020-04-21,7.588302135467529,7.671234853837396,7.380971514553464,7.671234853837396,277244
2020-04-22,7.46390438079834,7.588302763644765,7.401704484368706,7.422438253182864,306444
2020-04-23,7.422438144683838,7.463904271693173,7.31877212215409,7.31877212215409,293166
2020-04-24,7.069976806640625,7.40170490647368,7.069976806640625,7.0907091666242685,392165
2020-04-27,6.966310024261475,7.215107247274766,6.821178820008333,6.821178820008333,389752
2020-04-28,6.966310024261475,7.0077761497629805,6.696780443503815,7.0077761497629805,149447
2020-04-29,7.007776260375977,7.152908406928444,6.945577776148341,7.007776260375977,424422
2020-04-30,6.987044334411621,7.235841106734348,6.966310565044955,7.049242822485864,545104
2020-05-04,6.883378982543945,6.945578886729989,6.717514451398517,6.800446716971232,231272
2020-05-05,6.758979320526123,6.945577588184826,6.717513195492272,6.904111463150976,273778
2020-05-06,6.551650047302246,6.987044653769832,6.427251655454981,6.779713530686743,209983
2020-05-07,6.385785102844238,6.676047527968655,6.282119078148993,6.634580930088843,299180
2020-05-08,6.199186325073242,6.5931152132945625,6.136987373251952,6.5931152132945625,533809
2020-05-11,6.219920635223389,6.489450233313701,6.116254609796783,6.489450233313701,452000
2020-05-12,6.199186325073242,6.385784590549851,6.095521248703009,6.385784590549851,252437
2020-05-13,6.219920635223389,6.489450233313701,6.178454507055318,6.489450233313701,793430
2020-05-14,6.178454399108887,6.344318908883277,5.929657164443023,6.344318908883277,230782
2020-05-15,6.199186325073242,6.32358469872007,5.95039051778808,6.32358469872007,143923
2020-05-18,5.991856098175049,6.323585116481963,5.9089247836068735,6.323585116481963,260458
2020-05-19,6.074788093566895,6.219920237890424,5.929656889251877,6.05405526580943,229630
2020-05-20,6.1162543296813965,6.282118834757329,5.950390764613994,6.282118834757329,158765
2020-05-21,6.219920635223389,6.282119122469064,6.136987908882962,6.199186866132924,154543
2020-05-22,6.054055690765381,6.2199206744890345,5.929657305475858,6.2199206744890345,183299
2020-05-26,6.012589931488037,6.116255023925178,5.950391440030934,6.054056062463757,193634
2020-05-27,6.074788093566895,6.157720344605263,6.0333219680477095,6.157720344605263,164204
2020-05-28,6.199186325073242,6.240652449622185,5.9711228750561824,6.095521248703009,233221
2020-05-29,6.219920635223389,6.240652994300994,6.116254609796783,6.219920635223389,211207
2020-06-01,6.219920635223389,6.46871740423181,6.136987908882962,6.240652994300994,1169724
2020-06-02,6.219920635223389,6.3443190197276,6.116254609796783,6.3443190197276,663082
2020-06-03,6.44798469543457,6.53091695936285,6.157721301681262,6.302853468562246,3453452
2020-06-04,6.758979320526123,6.758979320526123,6.323584772668568,6.572381992875921,1542588
2020-06-05,7.422438144683838,7.422438144683838,7.11144242711596,7.132174785614217,1397386
2020-06-08,8.10662841796875,8.14809501197789,7.691967177919739,7.795633192938351,1926277
2020-06-09,8.915218353271484,8.915218353271484,8.25175947813746,8.376157370969308,2143575
2020-06-10,9.350614547729492,9.350614547729492,9.226215686159192,9.288414176935715,292217
2020-06-11,9.806740760803224,9.806740760803224,8.894485106768716,9.806740760803224,2287431
2020-06-12,10.076271057128906,10.262868390776914,9.329879842519814,9.412812095253209,1384081
2020-06-15,9.951873779296877,10.366536048442205,9.72381075327823,10.366536048442205,1236353
2020-06-16,9.951873779296877,10.325069445524198,9.4542801843329,10.138471142406196,1267463
2020-06-17,9.682343482971191,9.91040743327842,9.620144052885836,9.91040743327842,428130
2020-06-18,9.806740760803224,9.951871487573744,9.537210253925544,9.68234192070453,549395
2020-06-19,9.951873779296877,10.07627264804221,9.62014471598756,10.07627264804221,359024
2020-06-22,10.221403121948242,10.449468021596513,10.055538594939186,10.408001419839922,674585
2020-06-23,9.99333953857422,10.24213631505271,9.951872939156836,10.24213631505271,418382
2020-06-24,9.951873779296877,10.15920491386954,9.827474910551542,9.848208682014883,661456
2020-06-25,9.703075408935549,10.034804418471222,9.620143156551627,9.951872166087302,131593
2020-06-26,9.537212371826172,9.889675203703872,9.495745769248751,9.64087840826538,400428
2020-06-29,9.267682075500488,9.57867734232226,9.184749816346296,9.57867734232226,323556
2020-06-30,9.392078399658203,9.723808319963103,9.267680502051254,9.267680502051254,301183
2020-07-01,9.516478538513184,9.703075880442292,9.3298802565755,9.392079683888062,316057
2020-07-02,9.97260570526123,9.97260570526123,9.495744985049804,9.661609501644335,639568
2020-07-03,9.744540214538574,10.470197594558572,9.620142316825444,10.470197594558572,1281203
2020-07-06,9.93113899230957,10.11773631867616,9.661608476437278,9.765274493315156,273248
2020-07-07,9.723809242248535,9.97260506106026,9.55794379635983,9.97260506106026,285412
2020-07-08,9.620142936706545,9.972604766281403,9.53721068621784,9.972604766281403,366923
2020-07-09,9.599411010742188,9.910407214288274,9.53721158203125,9.910407214288274,227029
2020-07-10,9.557945251464844,9.703076951207027,9.537212420075582,9.599411854252043,225753
2020-07-13,9.537212371826172,9.66161029954108,9.495745769248751,9.599411805687962,242171
2020-07-14,9.3091459274292,9.495743239290636,9.226213684378736,9.32987875318971,737605
2020-07-15,9.164015769958496,9.537210416603283,9.122549175882142,9.392078747348766,507095
2020-07-16,9.184749603271484,9.309147519112594,9.018884148802366,9.164016773966065,177529
2020-07-17,9.350614547729492,9.516479069817477,9.10181682458889,9.184750025641508,547717
2020-07-20,9.267682075500488,9.57867734232226,9.205482646132692,9.454279423595272,342456
2020-07-21,9.14328384399414,9.41281346973285,9.122551012785472,9.41281346973285,361786
2020-07-22,9.10181713104248,9.246949767766791,8.853020339533643,9.164017503930513,383394
2020-07-23,9.10181713104248,9.246949767766791,8.956686374335485,9.10181713104248,418764
2020-07-24,9.122550964355469,9.164017566561338,8.935952664442054,9.122550964355469,498331
2020-07-27,9.081084251403809,9.392079501924188,8.97741822788846,9.122549908803103,487582
2020-07-28,8.9774169921875,9.164015244825585,8.915218514649897,9.122548653125424,208814
2020-07-29,8.998152732849121,9.081084994442,8.77008783845791,8.998152732849121,309180
2020-07-30,8.956685066223145,9.0810839138136,8.728621138979655,8.99815166208947,411383
2020-07-31,8.87375259399414,8.977417671071189,8.811553171744512,8.956684843657479,397948
2020-08-03,8.956685066223145,9.288413133111144,8.749353966908558,9.288413133111144,289469
2020-08-04,8.87375259399414,9.039617093320816,8.749353749494885,8.853018826571933,236281
2020-08-05,9.3091459274292,9.3091459274292,8.894484712176885,9.018882606748369,548789
2020-08-06,9.76527500152588,9.76527500152588,9.392079389362117,9.64087709081032,435256
2020-08-07,11.714183807373049,11.714183807373049,9.454279114338137,10.138469994977642,3122130
2020-08-10,11.46538543701172,12.854501827327589,10.864126847478753,12.564238476513282,2491489
2020-08-11,11.734914779663086,12.004444335447811,11.361720154731689,11.423918632214637,1291146
2020-08-12,11.403186798095703,11.610517894428584,11.29952077992501,11.36172114283423,650576
2020-08-13,10.988526344299316,11.776383251629188,10.988526344299316,11.56905214022343,382723
2020-08-14,10.988526344299316,11.403187627102255,10.78119523289356,10.78119523289356,296289
2020-08-17,11.050726890563965,11.672718407738248,10.822661986920966,11.361723119155442,320554
2020-08-18,11.195856094360352,11.403187197963572,10.926326505683852,10.926326505683852,523999
2020-08-19,12.17031192779541,12.792303393366964,11.009259374711895,11.361722176544657,2915838
2020-08-20,11.942246437072754,12.709370490362252,11.797115697809389,11.900781720151349,1854335
2020-08-21,11.983713150024414,12.41910819205516,11.817849580690366,12.087379173369955,991994
2020-08-24,14.36801528930664,14.36801528930664,12.439840659231807,12.439840659231807,3334740
2020-08-25,14.720477104187012,15.860795806061134,14.326549611546715,15.757131665901609,4384676
2020-08-26,15.072940826416016,15.715665075705044,14.741210877738885,15.342470410957128,1377801
2020-08-27,14.388748168945312,15.694931296413838,14.20214990787233,15.363201367842471,1394324
2020-08-28,14.01555347442627,14.741210917866308,13.911888393937272,14.430215676399316,775096
2020-08-31,12.750836372375488,14.388749590201057,12.522773375217817,14.388749590201057,1061138
2020-09-01,12.502038955688477,13.061831842958991,12.232508455145506,12.854500761003507,362637
2020-09-02,13.47649383544922,13.663092114869256,12.647171282499814,12.813036733098256,712644
2020-09-03,13.165498733520508,13.787491125343344,12.895969135734612,13.517960587548878,335244
2020-09-04,12.833767890930176,13.186230660864648,12.77156940800807,13.186230660864648,352052
2020-09-07,13.020366668701172,15.383936372382212,12.43984089200863,12.43984089200863,389149
2020-09-08,12.3983736038208,13.26916175030415,12.294708527336306,13.206963268418548,452454
2020-09-09,12.00444507598877,12.377640663950617,11.79711492490545,12.232508994187205,741948
2020-09-10,12.12884521484375,12.854502701202655,11.797116185652088,12.045912957545834,1295463
2020-09-11,12.149577140808104,12.605704992036442,12.004445466325588,12.128844313027322,379743
2020-09-14,12.211777687072754,12.439841633658164,12.066645999244892,12.149578258002444,602974
2020-09-15,12.066644668579102,12.60570476106188,11.962979591566125,12.33617518482474,709078
2020-09-16,11.900781631469728,12.419107979282916,11.85931503484023,12.419107979282916,440780
2020-09-17,11.81785011291504,12.04591311852567,11.610518996895216,11.94224709051146,264750
2020-09-18,11.75564956665039,12.025179167399928,11.672717309496026,11.983713508827035,173496
2020-09-21,11.112924575805664,11.859315846128416,11.02999231688187,11.75564981746722,358874
2020-09-22,11.15439224243164,11.569053576721972,10.760463739853654,11.11292563899826,294281
2020-09-23,10.843395233154297,11.361722569046757,10.781195802445822,11.361722569046757,216927
2020-09-24,11.092192649841309,11.983713725352567,10.905594362866037,11.36172225546079,1631822
2020-09-25,12.460573196411133,13.144764966601864,11.403186769760463,11.52758561525278,2163074
2020-09-28,13.18623161315918,13.538694408548109,12.439841304113887,12.77157033035624,1470906
2020-09-29,12.854501724243164,13.455760308954442,12.68863722225326,13.186230728222974,714652
2020-09-30,12.854501724243164,13.186230728222974,12.709370049999867,13.12403130497463,460051
2020-10-01,12.97890281677246,13.248432444146726,12.813038286079273,12.937436214094824,643072
2020-10-05,15.031475067138672,15.50833577864902,12.626438680393052,12.854502621551296,5838500
2020-10-06,20.058395385742188,20.058395385742188,18.185621780492404,19.12200764310864,578056
2020-10-07,21.0440616607666,21.0440616607666,21.0440616607666,21.0440616607666,19481
2020-10-08,22.07901763916016,22.07901763916016,21.044064421706235,22.07901763916016,487332
2020-10-09,20.994779586791992,21.73403241562293,20.994779586791992,21.73403241562293,298170
2020-10-12,19.95982551574707,20.69907831262659,19.95982551574707,20.20624311470691,49231
2020-10-13,18.974157333374023,19.61484278940657,18.974157333374023,18.974157333374023,162015
2020-10-14,18.185623168945312,18.924876112723293,18.03777107617575,18.727741242375515,176177
2020-10-15,19.072723388671875,19.072723388671875,18.18562036873724,18.18562036873724,61651
2020-10-16,18.727739334106445,20.009110220748926,18.629171908976115,20.009110220748926,150710
2020-10-19,18.826305389404297,19.46699078610823,18.28418553064164,18.72773797144589,81725
2020-10-20,19.220571517944336,20.896211838182165,18.8755865249522,19.66412392036522,400230
2020-10-21,19.417709350585938,19.66412697239532,18.727739257512777,19.269857273486505,259957
2020-10-22,18.974157333374023,19.71341021649249,18.72773970566787,19.466992588786336,197260
2020-10-23,18.974157333374023,19.417709815252024,18.875589906288106,19.22057496108018,163672
2020-10-26,18.678455352783203,19.61484113088044,18.481320515280025,19.61484113088044,144822
2020-10-27,18.481319427490234,18.97415461222331,18.234901835123697,18.97415461222331,91230
2020-10-28,17.9392032623291,18.678456113029192,17.298515954375247,18.333471073365708,180355
2020-10-29,17.692781448364258,17.93919900680935,17.0520942923936,17.742064208046568,74141
2020-10-30,17.840635299682617,18.33347051856878,17.742067879901953,17.742067879901953,63031
2020-11-02,18.33346939086914,18.530602338287576,17.93920161601522,18.18561921030105,109513
2020-11-03,17.791349411010742,18.67845424725239,17.64349923164281,18.67845424725239,66802
2020-11-04,17.889915466308594,18.57988542435493,17.397080319137466,18.185617682621405,83966
2020-11-05,18.13633728027344,18.23490470875667,17.69278667212489,17.69278667212489,234105
2020-11-06,17.791349411010742,18.62916960078506,17.64349923164281,18.62916960078506,177683
2020-11-09,17.59421730041504,18.38275288115493,16.50997946688485,18.38275288115493,251530
2020-11-10,17.692781448364258,17.988481766491656,17.544929409283785,17.93919900680935,182620
2020-11-11,17.7420711517334,17.889921368661007,17.495653496848213,17.64350371377582,158184
2020-11-12,17.7420711517334,17.93920602764855,17.397086058890636,17.397086058890636,216366
2020-11-13,17.692781448364258,17.84063160742796,17.544929409283785,17.742064208046568,88490
2020-11-14,17.7420711517334,17.93920602764855,17.544936275818245,17.93920602764855,74140
2020-11-17,17.9392032623291,18.1363362278388,17.692785645429073,18.1363362278388,211069
2020-11-18,19.713409423828125,20.156961887871148,17.791351252997995,18.18562094548833,696039
2020-11-19,22.62113571166992,23.65608884670652,19.61483995939075,19.61483995939075,2715400
2020-11-20,21.241195678710938,23.508238653155068,20.99477808670725,23.064686235541625,866617
2020-11-23,25.38101577758789,25.4795832051548,22.670421859593063,23.0646896898434,4611383
2020-11-24,26.514535903930664,27.401638972237272,25.578150062947067,26.859520952721365,2335680
2020-11-25,25.87384414672852,27.59876708984375,24.937456654173523,27.056649202585685,837700
2020-11-26,25.923131942749023,26.810236846963537,25.13459633902188,26.810236846963537,415690
2020-11-27,26.021697998046875,26.61310060982416,25.72599763216677,26.41596577922604,363183
2020-12-01,26.021697998046875,26.71166802512322,25.52886280156865,26.71166802512322,438701
2020-12-02,25.9724178314209,26.41596842466055,24.986747339754203,26.41596842466055,452983
2020-12-03,26.56381607055664,27.204501407245548,25.67671127204605,26.2681138443808,602454
2020-12-04,26.90880012512207,27.894470486921666,26.465249590322465,27.05665218340562,933316
2020-12-07,26.76095199584961,27.50020482380135,26.66238457611928,27.50020482380135,533527
2020-12-08,25.52886199951172,26.90880013029292,24.54319163752272,26.81023459810763,871077
2020-12-09,26.21883201599121,27.204502378396764,25.67671218865794,25.92312977925933,842962
2020-12-10,25.62743186950684,26.465252133551846,25.331731484557867,26.21883451942197,416175
2020-12-11,25.47957801818848,26.563815740667824,25.13459303194274,25.87384576817635,679762
2020-12-14,25.5781478881836,26.0216984446157,25.085312683247626,25.725998073660964,464932
2020-12-15,25.282445907592773,25.775281117799327,25.134595720534232,25.725998348785524,302512
2020-12-16,25.9724178314209,26.317402879507693,25.13459753750076,25.430297932993856,1166470
2020-12-17,25.82456588745117,27.05665391872237,25.62743105044093,26.317401099959653,1841535
2020-12-18,24.59247589111328,26.120264175804483,24.39534106985513,26.07098141049844,995927
2020-12-21,24.24749183654785,25.972415009554062,23.50823904811661,24.64175961437444,2080641
2020-12-22,24.17827033996582,25.11771117581026,22.398273901366903,24.22771389958625,576182
2020-12-23,24.425493240356445,24.919936408087136,23.980493634938423,24.22771521880377,395834
2020-12-24,23.931047439575195,25.46382033643422,23.683825882910785,24.623266666545067,674570
2020-12-28,26.156044006347656,26.30437657761588,23.931049778871422,23.931049778871422,1636010
2020-12-29,27.194372177124023,28.084369434781543,26.25492947472667,28.03492587619257,2642593
2020-12-30,26.848262786865234,27.34270593905852,26.00770905090646,27.34270593905852,795226
2020-12-31,26.79881858825684,27.144929163784408,26.699929582941685,26.699929582941685,427605
2021-01-01,26.551597595214844,26.947151738922976,26.45270858775008,26.897708178266058,336364
2021-01-04,26.551597595214844,27.44159489009587,26.3043760196284,27.14492975385251,669866
2021-01-05,26.551597595214844,27.046040746387742,26.25493057282054,26.502152148406992,609495
2021-01-06,26.40326499938965,26.996595271253828,25.95826540934058,26.848262703287784,725241
2021-01-07,26.699928283691406,27.19437140005606,26.15604161015061,26.94714984187373,799754
2021-01-08,26.40326499938965,26.996595271253828,26.30437599202864,26.996595271253828,446624
2021-01-11,29.02381134033203,29.02381134033203,26.50215031235842,26.60103931297224,3782795
2021-01-12,31.19936180114746,31.891582960962044,27.58992720760209,28.67770250753176,3839954
2021-01-13,30.11158943176269,32.08936208708633,29.81492240177356,31.34769734133997,1349424
2021-01-14,33.078243255615234,33.078243255615234,29.27103111068864,30.408249832900296,1875444
2021-01-15,34.21546936035156,35.9954679725487,32.633252563179,33.77047347960468,1805988
2021-01-18,32.63324737548828,34.21546392113669,32.53436025599843,34.21546392113669,1408156
2021-01-19,34.26491165161133,34.26491165161133,33.12769090274559,33.27602535600698,1200939
2021-01-20,35.946014404296875,35.946014404296875,34.75935389818061,34.85824101625638,1267730
2021-01-21,36.73712539672852,37.72601163866143,35.00657447334591,37.72601163866143,4897869
2021-01-22,38.56656265258789,38.56656265258789,35.94601265573501,36.53934665223269,1773725
2021-01-25,39.2093391418457,40.49489044092394,37.6765625217086,39.75322579465171,2943679
2021-01-27,37.429344177246094,39.8521163169405,37.281013498674064,39.209342498524784,1826045
2021-01-28,38.71490097045898,39.25878769246976,36.143794272850506,36.24268516831734,1216638
2021-01-29,40.54433822631836,40.6432253472179,38.8137872044633,38.8137872044633,872255
2021-02-01,39.60489654541016,41.73100365220164,38.51712309728081,41.33544761344445,1491616
2021-02-02,39.65434265136719,41.23656313560788,38.91267786033936,40.04989871550291,892194
2021-02-03,39.70379257202149,40.00045775327532,38.17101555298885,39.70379257202149,703571
2021-02-04,40.297119140625,41.236561936400605,39.20934565433878,39.753232397481895,679516
2021-02-05,40.89044952392578,41.53322716758302,39.55545444531717,39.55545444531717,975113
2021-02-08,42.917667388916016,42.917667388916016,41.23655990643739,41.23655990643739,993904
2021-02-09,45.04376983642578,45.04376983642578,43.80766197169236,44.20321799732778,621821
2021-02-10,42.86822128295898,46.97210109836886,42.81877772047373,46.42821436642709,1830241
2021-02-11,42.71989059448242,44.20322010281652,40.84100504167176,41.08822662639411,736073
2021-02-12,42.62099838256836,43.5604411299966,42.02766810645679,42.81877639870618,369546
2021-02-15,41.4343376159668,43.313219328800166,40.692672888513705,41.1871160401491,710285
2021-02-16,40.049896240234375,42.27489047580295,39.65434020054584,41.03878256715375,443860
2021-02-17,40.1982307434082,41.335447757263445,40.09933984722385,40.5443394492985,247669
2021-02-18,41.13766860961914,41.731002653556125,39.90156073346109,40.24767320216647,419045
2021-02-19,43.16489028930664,43.16489028930664,40.29711839176913,41.13767027261529,1057649
2021-02-22,45.290992736816406,45.290992736816406,44.49988443466061,44.79654957643129,274199
2021-02-23,47.51598358154297,47.51598358154297,46.4776537729897,47.31820557698481,347936
2021-02-24,47.91154479980469,49.88931751581477,45.34043800561032,49.88931751581477,1487220
2021-02-25,46.72488021850586,49.34543056507834,46.52710219327928,48.65320936293635,826022
2021-02-26,48.99931716918945,49.04876073150367,44.99432826490551,44.99432826490551,799462
2021-03-01,51.42208862304688,51.42208862304688,50.087093600407776,51.42208862304688,1558992
2021-03-02,50.97708511352539,53.20207916207957,49.69153375104331,51.42208467769656,1308860
2021-03-03,53.49874496459961,53.49874496459961,51.81764134648932,51.91652846321285,653829
2021-03-04,56.16874313354492,56.16874313354492,53.89430531507553,56.16874313354492,1080454
2021-03-05,58.937618255615234,58.937618255615234,58.937618255615234,58.937618255615234,379392
2021-03-08,58.09706878662109,61.854835885593246,56.91040449949784,59.333176633144944,3502512
2021-03-09,55.822635650634766,58.93762541423224,55.2293015725909,58.29485154506232,1616332
2021-03-10,58.34429168701172,58.591513261956685,53.39986018811242,56.76207511628469,1406501
2021-03-12,55.57541275024414,59.234292942149374,55.42707829115666,58.83873689945076,807019
2021-03-15,55.27874755859375,56.66318616228845,52.85597528675055,54.784304391780935,871347
2021-03-16,56.36652374267578,56.712632467262566,54.14152938441226,55.377637361225325,802640
2021-03-17,53.79541778564453,56.81152033346368,53.54819620349047,55.37763440250973,577646
2021-03-18,51.37264251708984,55.42707471802056,51.125420949415975,54.19096687965122,627048
2021-03-19,53.74596786499024,53.89430231606526,48.8509837917395,49.543201170618175,1168430
2021-03-22,53.49874496459961,55.427073919122144,53.35041428951431,54.38874410431823,314182
2021-03-23,56.16874313354492,56.16874313354492,53.89430531507553,53.89430531507553,479764
2021-03-24,55.27874755859375,58.34429368391242,54.38874834940989,58.34429368391242,547335
2021-03-25,53.49874496459961,55.27874324403684,52.55930603882093,55.27874324403684,666193
2021-03-26,54.8831901550293,55.42707687057371,54.14152542320458,54.24041254519378,566511
2021-03-30,55.17985534667969,55.37763336315132,54.339303492052615,55.17985534667969,252415
2021-03-31,53.74596786499024,55.17985372694224,53.597637186217,55.17985372694224,205074
2021-04-01,55.32818984985352,56.41596328293333,53.89430394457418,54.78430313331361,1061775
2021-04-05,53.25152587890625,55.72374163507278,52.75708272767295,55.47652005945612,483435
2021-04-06,52.707637786865234,55.080966359560456,51.57042083218768,54.09208008298774,298928
2021-04-07,52.36153030395508,53.99319043446757,51.76819626097628,53.39986016379064,257282
2021-04-08,52.60874938964844,53.79541364715813,52.41097138467988,53.39985763722101,317520
2021-04-09,52.65819549560547,53.39986022089568,52.4604174810677,53.20208220635792,173504
2021-04-12,50.03764724731445,51.61986765318531,50.03764724731445,50.77931200160648,475351
2021-04-13,49.14765548706055,50.72987223914889,48.0598781692353,49.93876386310472,298366
2021-04-15,50.680419921875,51.52097171897569,46.77431851002138,47.71376119474085,770500
2021-04-16,49.88931655883789,50.68042487560646,49.49376051430259,50.43320329084741,196624
2021-04-19,47.51598358154297,48.70264783659028,47.41709646541473,47.763205144165255,500039
2021-04-20,49.39487457275391,49.8893177541182,47.31821094764259,47.862101464985,1116716
2021-04-22,50.92764663696289,51.718754956474726,49.44431712326495,49.93876029449759,372416
2021-04-23,48.90042495727539,50.92764097967596,48.45542539813829,50.92764097967596,223919
2021-04-26,48.55431365966797,50.23542104929329,48.45542654299071,48.900426112641775,226717
2021-04-27,50.136531829833984,50.977083603242114,48.257646513354985,48.75208962060719,304995
2021-04-28,50.97708511352539,52.60874892471912,50.6309764371154,51.224306674475855,997861
2021-04-29,49.88931655883789,51.81764567441893,49.44431695181118,51.520976754866446,260379
2021-04-30,52.21319580078125,52.3615302544612,48.20820704674297,49.24653690559706,783724
2021-05-03,51.6198616027832,53.3998560499892,50.53208449393952,52.114304714357175,427458
2021-05-04,52.50986099243164,53.49874729189214,49.88931456224244,52.01541784270139,379169
2021-05-05,54.98207473754883,55.130409185983375,52.16375039570624,52.410971961562666,1002975
2021-05-06,52.707637786865234,55.37763148807191,52.312085539617215,55.37763148807191,598855
2021-05-07,51.17486572265625,53.20208187121898,50.53208812253307,52.41097359035326,191422
2021-05-10,50.28486251831055,52.65819094297069,49.44431074457341,51.174861620633486,462710
2021-05-11,49.88931655883789,51.61986765215128,49.543204076794005,50.63098131311506,453507
2021-05-12,50.03764724731445,51.02653358637048,49.543204077786434,50.38375972936527,192447
2021-05-14,49.69154357910156,50.72987358599544,49.59265644408401,50.33432127362284,279696
2021-05-17,49.09820938110352,50.82876051456414,48.752096891030135,48.752096891030135,300381
2021-05-18,49.69154357910156,50.43320840864039,49.49376553676406,49.54320910427283,189512
2021-05-19,52.16375350952149,52.16375350952149,49.740981265045406,50.23542442627309,1199021
2021-05-20,54.73485565185547,54.73485565185547,50.97708843502498,52.16375275936669,1057823
2021-05-21,57.45429611206055,57.45429611206055,57.45429611206055,57.45429611206055,334496
2021-05-24,60.32206344604492,60.32206344604492,60.32206344604492,60.32206344604492,191575
2021-05-25,59.48151016235352,63.338168092693785,57.454290307612105,63.338168092693785,4961089
2021-05-26,59.28373336791992,61.70650551358922,58.98706823774245,59.87706362827486,2475845
2021-05-27,59.82761764526367,60.91539100262054,59.13539652135401,59.33317452422843,541687
2021-05-28,57.30596160888672,61.65705904799872,56.86096202121683,61.65705904799872,805914
2021-05-31,59.43206405639648,60.12428520845621,57.45429149182686,58.73984667663855,1297501
2021-06-01,56.860965728759766,61.21206722388136,56.46540967563886,59.2837380664456,816152
2021-06-02,59.62984085083008,59.67928440947529,57.1576251955527,58.83873259560166,1133064
2021-06-03,62.39872360229492,62.596501615427925,59.085956028449054,59.43206472220543,2518142
2021-06-04,65.51371765136719,65.51371765136719,62.59650229960065,62.74483675414714,1528445
2021-06-07,64.67316436767578,68.62870949665162,62.794278922491536,66.45315514895276,2145375
2021-06-08,63.882057189941406,65.66205565140463,63.53594847371361,65.66205565140463,523640
2021-06-09,61.706504821777344,64.96982498944516,60.81650566892121,64.77205075307869,392571
2021-06-10,62.34928131103516,63.28872406331031,61.06372985795955,62.94261536250984,164948
2021-06-11,61.063724517822266,63.63482719912572,60.32205984756531,63.28871852859312,202722
2021-06-14,59.33317947387695,62.84372517162095,58.09707156817118,60.32206579844157,617957
2021-06-15,59.58039855957031,60.61872840241367,58.54206871672696,59.33317698878371,212377
2021-06-16,57.8004035949707,60.3220628446729,57.65206914462866,59.135398558841935,200561
2021-06-17,56.61373901367188,59.184841809302206,56.36651744592658,59.184841809302206,135143
2021-06-18,56.11930084228516,58.24540802188288,53.89430653576284,56.61374402151234,152124
2021-06-21,57.602630615234375,58.344295387104346,53.39986357463788,56.31707909845351,123648
2021-06-22,57.45429611206055,59.08596011796279,56.36652262299379,57.60263057525243,203634
2021-06-23,57.35540390014648,58.73984619286383,56.86096076307626,57.94873415571005,92097
2021-06-24,57.00929641723633,57.998182712263485,55.72374121585955,55.72374121585955,101903
2021-06-25,57.40484619140625,58.34428888554916,56.366516380954266,57.9487328757095,86527
2021-06-28,56.51485824584961,58.34429654381094,55.87208058856472,57.45429729100143,151500
2021-06-29,57.05874252319336,57.3554076704768,55.47652211717831,55.47652211717831,84918
2021-06-30,59.08595657348633,59.877064861014055,56.95984951422256,57.0587404078522,346771
2021-07-01,58.34429168701172,58.93762195795889,56.86096223734193,57.40484894776048,149578
2021-07-02,58.29484939575195,59.333179278668254,56.51485477185229,57.602628216373766,360949
2021-07-05,61.16261291503906,61.16261291503906,58.83873174172359,58.83873174172359,522069
2021-07-06,64.17872619628906,64.17872619628906,63.68428301687944,64.17872619628906,236309
2021-07-07,65.21704864501953,66.20593494771644,62.29983706990516,65.26649597799587,799524
2021-07-08,63.58539581298828,67.14538519150956,62.34928409365769,65.46427385678828,473594
2021-07-09,63.783164978027344,65.1676072771688,61.459283731934654,64.27760811739189,207383
2021-07-12,66.94760131835938,66.94760131835938,63.33817226058412,65.1676104565669,557122
2021-07-13,70.0625991821289,70.26038098677736,67.83760480591349,69.41982152007913,1118018
2021-07-14,69.66705322265625,72.18871689930997,69.22205730070819,69.22205730070819,350349
2021-07-15,71.54592895507812,73.12814567341914,67.19482732118702,70.70537703076613,842511
2021-07-16,69.81537628173828,71.54592743094017,68.43093385345591,71.54592743094017,178671
2021-07-19,67.63982391357422,70.70536991129714,66.89815919422495,66.89815919422495,233206
2021-07-20,66.20592498779297,67.59036711221592,64.32704733100748,66.45314652627555,473699
2021-07-22,68.38148498535156,68.8264807753829,66.3542651760904,67.54093319051276,160003
2021-07-23,67.19482421875,68.38149236116969,66.84871550643744,68.38149236116969,315390
2021-07-26,68.233154296875,68.7275974439538,65.46426965539221,66.20593437601042,178242
2021-07-27,67.24427032470703,69.37037743948252,67.19482299045023,69.37037743948252,211230
2021-07-28,65.1181640625,68.72760071698931,64.27761218135691,67.73871437573767,307960
2021-07-29,65.51371765136719,66.74982553158166,63.28872346698113,64.7720529232385,131873
2021-07-30,64.1292724609375,66.25537942915186,63.783163778810376,64.52482847391282,163202
2021-08-02,65.85981750488281,66.79926389445397,61.8053857111518,63.78315805390866,542409
2021-08-03,69.12315368652344,69.12315368652344,65.31594295104117,66.15649479478083,868746
2021-08-04,71.79313659667969,72.53480124653093,69.32092109717554,69.41980820823511,1019610
2021-08-05,69.91425323486328,71.59536434761667,68.23314966671306,70.90313946191709,266421
2021-08-06,68.18370819091797,70.21092814825126,67.24426921240965,70.16148081481236,396429
2021-08-09,66.30482482910156,69.024261965283,65.26649126835464,68.18370263296255,438875
2021-08-10,63.43706130981445,67.04649802174794,62.99206169470864,67.04649802174794,379776
2021-08-11,63.33816909790039,64.67316406373502,60.27261937397002,63.28872176617914,262091
2021-08-12,62.69538879394531,64.17871814611466,61.11316855491703,63.288719025892405,296203
2021-08-13,62.003173828125,63.78316847290856,59.92651026562586,62.69539501562472,106610
2021-08-16,61.50872421264648,63.38760578480498,60.9648375410296,62.94260999949218,151184
2021-08-17,58.44318008422852,63.140390110750666,58.44318008422852,63.140390110750666,322404
2021-08-18,59.58039855957031,60.02539814144655,56.36651813934453,59.2342898693898,297055
2021-08-20,57.35540390014648,59.23428932993406,57.0587387723647,57.10818233161137,173869
2021-08-23,57.8004035949707,58.64095542077085,54.88318832589092,57.35540401624637,166336
2021-08-24,56.46540451049805,58.29484637345746,55.87207425739333,58.29484637345746,76026
2021-08-25,56.811519622802734,59.28373541341816,56.36652002603157,56.46540714873542,116132
2021-08-26,59.62984085083008,59.62984085083008,56.41596049896948,57.355403202435234,178852
2021-08-27,62.10205459594727,62.596497711794456,58.34428766996891,61.31094636505208,303307
2021-08-30,65.16761016845703,65.16761016845703,60.47040013609288,64.03038938854283,712163
2021-08-31,63.83261489868164,66.60149206465908,63.288724405480494,65.16760992018897,595401
2021-09-01,63.18984222412109,66.05761428193213,62.39873008934409,64.47539001237814,222520
2021-09-02,64.42594146728516,65.06871904639674,61.80539136450928,63.18983363999497,256220
2021-09-03,62.84372329711914,65.16760835391035,62.794279736826105,62.794279736826105,177039
2021-09-06,65.1181640625,65.46427277301727,61.50873118031271,64.67316822677837,415714
2021-09-07,66.0081558227539,66.65093338088488,64.07983069296417,65.21704382126914,336663
2021-09-08,69.22203826904297,69.27148559993365,65.26649322509766,65.26649322509766,977499
2021-09-09,70.309814453125,71.59536966155241,67.24426843064853,69.22204103154996,724188
2021-09-13,67.04650115966797,70.40870889510839,66.79927955885003,70.40870889510839,567329
2021-09-14,66.60149383544922,68.5792665257052,65.51372036472924,67.68926730616919,200183
2021-09-15,67.19482421875,67.88704918797917,65.31594619630928,66.60149391984218,356388
2021-09-16,66.45316314697266,68.23316168708628,65.81039302183588,67.590384017345,299869
2021-09-17,64.77204132080078,66.9475877824371,63.83260251795838,66.3542576151365,400676
2021-09-20,61.90427780151367,64.52482787549266,61.55816912259645,63.18983294561004,399894
2021-09-21,64.9203872680664,64.96982705642917,60.07484287689411,62.59650219380954,959465
2021-09-22,68.08965301513672,68.13917578522963,65.06894538620148,66.25742386340671,1176311
2021-09-23,71.30842590332031,71.45698663517477,67.99060482043004,69.12956035649728,1755968
2021-09-24,70.36756134033203,72.74450307817068,70.3180385724131,72.00170689606773,661850
2021-09-27,72.94258117675781,73.78441527606753,70.61515482356754,71.40746615863605,996317
2021-09-28,76.55752563476562,76.55752563476562,73.88345498139186,73.93297774679463,1519844
2021-09-29,76.8546371459961,80.3705418080434,75.27000693232756,76.45847770355074,1769390
2021-09-30,75.17097473144531,79.23159232698036,74.77481525858771,77.69647720319973,548773
2021-10-01,75.81472778320312,76.75559985576409,73.2892179267941,75.76520501891552,428742
2021-10-04,77.00321197509766,78.88496400403994,76.06233973868365,77.94408421151167,446974
2021-10-05,74.92337036132812,77.59743337847695,74.18057423921869,76.55752334119147,445422
2021-10-06,73.68538665771484,78.14216398512364,72.19979421524525,75.2700170851263,887667
2021-10-07,77.30033874511719,77.3498539652745,74.82435105380804,76.06234489946262,1236939
2021-10-08,76.45848846435547,78.83543789744772,75.76521500958911,77.25080746075753,413046
2021-10-11,77.89456176757812,79.62775287309144,76.75560610130381,76.75560610130381,673176
2021-10-12,74.03202056884766,77.89456228366242,74.03202056884766,77.89456228366242,705704
2021-10-13,72.7445068359375,75.170979023153,71.80363464578313,74.27962204736187,310803
2021-10-14,72.49690246582031,74.2300935123294,72.05122779059188,73.09114544094265,192642
2021-10-18,72.34835815429688,75.1709824079717,71.80363787897619,75.1709824079717,158917
2021-10-19,69.57524108886719,73.58634341963868,69.327642366131,71.55603087075664,219643
2021-10-20,66.70308685302734,71.80362147599278,66.15837425825629,69.82283191803437,257149
2021-10-21,66.6535873413086,69.12957487172697,65.26703281305144,68.33725583954738,145386
2021-10-22,67.49541473388672,69.03052231313319,66.70309578219506,66.70309578219506,186001
2021-10-25,64.3261489868164,68.83244903223563,64.12807301924111,68.83244903223563,390095
2021-10-26,64.82134246826172,65.3660626797046,61.89968056790208,65.3660626797046,273081
2021-10-27,64.4747085571289,65.36606550708461,63.5833516071732,65.36606550708461,79622
2021-10-28,61.70159912109375,65.36606086456716,61.40448141822976,65.36606086456716,207251
2021-10-29,60.61216735839844,62.642476105004654,58.92849530826525,62.34535839687683,250813
2021-11-01,63.63287353515625,63.63287353515625,60.7112077689813,61.40448496777724,1116852
2021-11-02,65.3660659790039,65.86126344854182,62.39488116177645,65.31654320960462,598515
2021-11-03,65.06893920898438,68.08964655115352,64.47470380485147,68.08964655115352,298749
2021-11-04,66.4059829711914,67.099256398621,65.46510325554993,67.099256398621,120227
2021-11-08,67.84205627441406,68.33725376546818,64.96990931507737,64.96990931507737,173250
2021-11-09,70.86275482177734,71.20939150943336,67.34685006784882,68.83244234875725,1120730
2021-11-10,74.27961730957031,74.37865528809373,69.52571877931244,71.4074705957109,1087779
2021-11-11,72.84355163574219,74.18058330776825,72.39786937432429,74.18058330776825,203733
2021-11-12,71.95219421386719,74.18058283851894,71.55603472492857,74.18058283851894,232696
2021-11-15,68.63436889648438,73.93298004653312,68.38677017399506,73.8834572795899,436114
2021-11-16,67.04973602294922,69.27812469137075,66.15838660047173,69.27812469137075,218750
2021-11-17,67.09925079345703,68.73340380001844,66.35645465921212,67.04972802872882,90330
2021-11-18,66.8516616821289,68.33725416395399,65.66319071911448,68.23821617638848,293934
2021-11-22,64.22711944580078,67.2973426834872,63.53384591204136,67.19830468668083,185020
2021-11-23,64.3261489868164,65.36606670687125,63.23671605292465,63.43479957661376,103304
2021-11-24,67.49541473388672,67.49541473388672,64.87086670703584,65.21750341485837,237399
2021-11-25,70.61515808105469,70.86275680145654,67.69348864664481,67.79252662358289,422200
2021-11-26,67.09925079345703,70.61515551799482,67.09925079345703,70.61515551799482,600555
2021-11-29,65.06893920898438,68.38676803127653,64.12806711545005,67.64397188708213,442691
2021-11-30,64.52423858642578,67.34686294879195,64.078556283243,65.26703486894922,129819
2021-12-01,64.1280746459961,65.86126585264464,62.39488343934755,65.31654559382378,315658
2021-12-02,66.5545425415039,67.2973388089587,62.09776871483233,62.09776871483233,352455
2021-12-03,65.66317749023438,67.44588357560183,64.57373717815625,65.3660560312835,209508
2021-12-06,68.93148803710938,68.93148803710938,67.84205508707979,68.83245005185466,453633
2021-12-07,72.34835815429688,72.34835815429688,71.35796314906962,72.34835815429688,742200
2021-12-08,75.81472778320312,75.96328096384005,74.62624944531707,75.27000760049124,1551542
2021-12-09,74.62625122070312,77.69647377675282,73.28921967037168,77.69647377675282,1097777
2021-12-10,76.8546371459961,78.19166865265039,74.7748095182991,74.97288546146532,766868
2021-12-13,78.73638916015625,80.66765606050737,76.90416023180286,78.3897524801077,4066018
2021-12-14,76.95368194580078,79.97438946185176,76.45848448783266,79.82582871323861,659841
2021-12-15,73.14066314697266,78.14216050284918,73.14066314697266,78.14216050284918,752258
2021-12-16,72.49690246582031,75.61664786075933,71.80362906966201,75.61664786075933,663293
2021-12-17,69.72380065917969,74.47769152196337,68.8819665272807,73.28922069529575,516602
2021-12-20,66.60404968261719,70.81322754360043,66.25741301705285,70.81322754360043,620200
2021-12-21,69.82283782958984,69.92187580465031,66.85165324109666,66.90117600668347,554599
2021-12-22,73.28922271728516,73.28922271728516,70.41707599146616,70.71419748438701,301897
2021-12-23,73.73490142822266,76.2604115876622,72.54643050384749,75.0224178930573,707026
2021-12-24,70.56564331054688,75.17098154308961,70.31804456208882,75.17098154308961,652116
2021-12-27,74.08154296875,74.08154296875,68.33724941570875,70.31803925384524,947965
2021-12-28,75.07193756103516,77.6964780402507,72.59595027414235,74.92337681259889,655276
2021-12-29,74.42817687988281,76.4089666435198,73.88345667243732,75.27001101820588,297482
2021-12-30,73.09114837646484,74.77481672396294,72.54642814609649,74.77481672396294,248274
2021-12-31,76.6070556640625,76.7060936579143,72.59596024220565,73.7349085056731,1688897
2022-01-03,75.76520538330078,77.84503303946292,75.2700079624949,77.25079764571845,465687
2022-01-04,74.42817687988281,76.4089666435198,73.63585795198269,76.35944387698356,335717
2022-01-05,73.73490142822266,76.2604115876622,72.79402924276847,74.42818243086973,355993
2022-01-06,73.6358642578125,74.67578199522092,71.80363508076744,72.84355281817585,203930
2022-01-07,75.12145233154297,75.41857382666906,72.84354857465918,73.78442071570261,453717
2022-01-10,74.32913970947266,76.26040672752968,73.78441949611639,75.51761055810569,482583
2022-01-11,74.62625122070312,76.75560168180817,73.98249305021372,74.97288791062415,583964
2022-01-12,78.3402328491211,78.3402328491211,74.82433558785577,75.61664695163759,2043765
2022-01-13,77.10224914550781,80.91526837967243,75.4185806699902,80.02391892564204,928069
2022-01-14,80.91526794433594,80.91526794433594,76.01281574908798,76.01281574908798,2038012
2022-01-17,78.38975524902344,82.40084992746031,78.24119450772285,82.40084992746031,997724
2022-01-18,77.64696502685547,82.15325748293375,77.00320680281177,80.07342961427348,934863
2022-01-19,77.69647216796875,79.03351124672858,77.25079751245745,77.7459949324091,308466
2022-01-20,81.55902099609375,81.55902099609375,77.894562776559,77.94407798940404,826673
2022-01-21,82.1037368774414,85.17395948727157,79.38015096360424,82.89604824598062,1959047
2022-01-24,78.09263610839844,81.85613973901832,78.04312089722208,80.42006260486262,1096272
2022-01-25,79.1325454711914,80.56861489858309,74.23008671221913,74.23008671221913,1174516
2022-01-27,82.79700469970703,83.0446034024909,77.20127250556878,79.08302415794883,1893824
2022-01-28,80.51911926269531,84.08453987281189,80.22199773013791,83.58934235595918,1417995
2022-01-31,80.76670837402344,82.15325521070474,78.78591854320607,81.31142104383008,670937
2022-02-01,79.33063507080078,81.11334902767385,78.38976287785405,81.11334902767385,681042
2022-02-02,79.52871704101562,81.01430945730274,78.83543604641338,79.92486897380118,305321
2022-02-03,77.89456176757812,79.82582883413325,77.39936430886003,79.23159339489425,336245
2022-02-04,76.95368194580078,78.63735783656054,76.75560598505896,78.24119835896333,316820
2022-02-07,76.55752563476562,77.54792049391595,75.27000929542496,76.95367753353526,344456
2022-02-08,74.13105010986328,76.8546358407649,73.58633749735061,76.75559787086375,437296
2022-02-09,73.43778228759766,74.92337461618246,72.94258484473606,73.58634303167881,275782
2022-02-10,73.09114837646484,74.37865724334173,72.89306485809743,73.9329825502139,450045
2022-02-11,70.91227722167969,73.88346208479012,70.31804176028037,73.88346208479012,238116
2022-02-14,66.1088638305664,69.42668544791887,64.77183214072156,69.32764746276627,377497
2022-02-15,72.69499206542969,72.69499206542969,62.19680315180268,66.85166025080335,1307921
2022-02-16,74.42817687988281,79.9248639403075,72.34834913928663,75.27001101820588,2381001
2022-02-17,74.57674407958984,77.39936822590838,73.58634911203148,75.22049476361161,748465
2022-02-18,72.39786529541016,75.86424742705469,71.40747040065457,74.27961710666844,414152
2022-02-21,71.55603790283203,74.92338237418812,69.82284667335168,71.40747714336804,789481
2022-02-22,68.73341369628906,72.39787213039594,67.34685920150582,67.34685920150582,844616
2022-02-23,68.73341369628906,71.50651512974143,68.43629217736618,69.17908841855927,1093883
2022-02-24,64.27662658691406,66.75261368536135,62.890072300561,66.75261368536135,1719750
2022-02-25,70.46659851074219,70.66467446791599,64.47470635481695,64.47470635481695,2108018
2022-02-28,72.49690246582031,74.72529095418913,68.43628495379312,70.21899876693351,1382543
2022-03-02,69.12957763671875,71.75411847904518,68.58485733579369,71.30844372818983,585873
2022-03-03,68.58484649658203,71.01131096751755,68.33724777276765,69.8228401156539,352067
2022-03-04,67.14878845214844,68.33725950810438,66.20790860641152,67.99062274646012,220591
2022-03-07,64.3261489868164,66.95069711581506,62.98911731539862,66.95069711581506,483464
2022-03-08,66.25741577148438,67.54492451940617,63.63286795548311,64.02902739950247,604738
2022-03-09,68.63436889648438,69.32764229700912,66.80213230517273,67.34685251709458,481492
2022-03-10,67.99060821533203,71.01130798534275,67.64397152777187,70.81323203705496,427366
2022-03-11,67.00021362304688,68.73340462372231,66.40597821975221,66.65357693413442,187495
2022-03-14,66.60404968261719,67.8915659331277,63.97950197572277,67.34684577573188,253743
2022-03-15,64.72230529785156,68.0896494739687,64.37566859357041,67.0497318050118,752001
2022-03-16,65.96028900146484,66.55452434170803,65.06893221304391,65.86125103744303,213306
2022-03-17,65.76222229003906,67.59445132762377,65.1679868665134,67.24781462690991,460384
2022-03-21,64.6232681274414,67.0992554120177,64.37566939898377,67.0992554120177,288035
2022-03-22,65.31654357910156,65.71270306819572,64.17759543761231,65.61366508495063,280270
2022-03-23,64.7718276977539,66.5545339765592,64.47470620656298,65.36606312402233,311789
2022-03-24,64.1280746459961,65.2175076075238,63.78143791588919,64.37567338980303,258063
2022-03-25,63.43479537963867,64.82134217315661,63.18719288043762,63.68239410078306,455560
2022-03-28,61.60256576538086,64.47470881250706,61.40448602259981,62.89007842637239,843729
2022-03-29,62.98911666870117,65.26702805299927,61.899683745994416,63.18719641229973,1600773
2022-03-30,63.48431396484375,64.82134561887358,62.44440003636979,64.07854941595548,919175
2022-03-31,65.26702880859375,66.45549972783024,62.59296168419782,64.17759587327465,1633900
2022-04-01,65.2175064086914,67.44589506199144,64.77183170047695,64.77183170047695,696559
2022-04-04,64.9203872680664,66.1583808654276,64.37566706278217,65.36606194067113,620686
2022-04-05,66.1088638305664,67.89157778776882,64.87087012587415,66.05934105993315,1264471
2022-04-06,66.4059829711914,67.4458931123358,65.51462602441504,66.3564602023263,1049688
2022-04-07,67.79253387451172,72.05123534336958,66.50502492438113,67.34685915256539,1568238
2022-04-08,67.14878845214844,69.52573056406031,66.85166691010211,68.78293426505918,399043
2022-04-11,66.30693817138672,67.84205334992542,65.86126347109548,67.84205334992542,1028150
2022-04-12,64.9203872680664,66.35645681856009,63.8804696238377,66.35645681856009,445287
2022-04-13,63.93000030517578,66.05934351137458,63.73191677140585,66.05934351137458,526770
2022-04-18,62.39487838745117,63.97950870829075,61.99871891821293,63.880470730009534,496528
2022-04-19,61.70159912109375,64.07854452206224,60.90928398743758,63.08815343853447,575522
2022-04-20,60.01792907714844,62.34535934534668,59.62177338630343,61.7016011528956,743025
2022-04-21,61.30544662475586,62.295841537737005,59.67129350711426,60.85976815830298,977080
2022-04-22,60.36457061767578,61.99871995498293,59.81985417190673,61.65208324714538,783464
2022-04-25,58.2352180480957,60.21600780332383,57.93810034042281,59.91889009565094,614681
2022-04-26,57.7895393371582,59.42369238908056,57.44290264277788,58.9284949525049,585867
2022-04-27,60.85976791381836,62.84055773182347,56.94770726764692,57.54194270182576,1495003
2022-04-28,62.939598083496094,64.17759554446226,58.82946132307144,61.354967680594974,2685680
2022-04-29,62.44440078735352,65.06894513572725,61.70160457550223,63.88047421921072,1437344
2022-05-02,59.47322082519531,62.24632615495038,58.631386560503366,62.24632615495038,897733
2022-05-04,58.28473663330078,61.05784529388822,57.64098223413746,60.16648839897703,717140
2022-05-05,57.44290542602539,59.8198547479802,56.997226955901766,59.225615528463095,611778
2022-05-06,56.35347366333008,56.94770911680442,55.56115468795512,56.45251164622351,531928
2022-05-09,52.49093246459961,56.35347428925518,49.56926660010957,56.254432527204806,2120552
2022-05-10,51.153900146484375,53.92700522201981,50.65870267663673,51.7481355990788,438834
2022-05-11,50.26254653930664,53.38229231848645,46.20192852715693,51.89669980993552,1133956
2022-05-12,48.18271255493164,50.51013901807108,47.8360720791501,50.51013901807108,789348
2022-05-13,51.153900146484375,52.19381407755305,48.57887103644251,48.57887103644251,1069854
2022-05-16,51.35197067260742,53.67940080119637,50.75773528295637,52.490926243837805,1115487
2022-05-17,53.332763671875,54.17460160083777,51.55005361356664,51.79765233772216,736746
2022-05-18,58.08666229248047,58.92849644475427,53.233725779925074,53.28324476922529,3148540
2022-05-19,54.6697998046875,56.84866936297942,54.47172006701428,56.35347190782475,726808
2022-05-20,56.50203323364258,57.93810671991864,55.462119253255445,55.66019900619991,1022303
2022-05-23,56.45251083374024,57.34386777917992,55.6106766570914,57.29434501038907,501325
2022-05-24,53.927005767822266,56.50203112586944,53.48132728483724,56.303951380314224,719148
2022-05-25,50.6587028503418,54.422202878477286,50.16350537879615,54.32316111733403,980525
2022-05-26,49.32167053222656,51.35197953846389,48.67791604530392,51.104380787018926,612107
2022-05-27,51.84716796875,52.34236538498661,49.56926060967291,49.56926060967291,552287
2022-05-30,52.49093246459961,53.48132741676187,52.14429574256559,53.233728678721306,885613
2022-05-31,53.13468933105469,53.97652350756462,52.19381339503624,52.83756783058594,531570
2022-06-01,53.184207916259766,54.17460283545247,52.193812997067056,53.48132563640622,348876
2022-06-02,54.02604293823242,54.22412268080564,53.18420875486731,53.48132647969872,295595
2022-06-03,53.184207916259766,55.21451674499345,52.63949146631513,54.47172055559893,310698
2022-06-06,53.184207916259766,53.877485115306015,52.44141172686523,53.184207916259766,296331
2022-06-07,53.38228988647461,53.77844560387237,52.144296185749845,52.34237215542025,259953
2022-06-08,52.88709259033203,53.92700654695032,52.14429636731084,53.43180906493619,238635
2022-06-09,53.72892379760742,53.97652252478534,52.1938124447157,52.1938124447157,221121
2022-06-10,53.62988662719727,54.17460307959672,52.7385296846841,53.283246137083566,244784
2022-06-13,50.75774002075195,52.54045013416212,50.55966027969375,52.54045013416212,234345
2022-06-14,50.31206130981445,51.847172684152106,49.8663828390566,50.95581952069321,231169
2022-06-15,50.16350936889648,51.20342338624768,48.727435831574745,51.05486262174443,333996
2022-06-16,47.78655242919922,51.15389649501828,47.340873982538376,50.55965730678496,547874
2022-06-17,47.93511199951172,49.02454481756841,46.20192102111284,47.3408728257982,424786
2022-06-20,42.93362045288086,49.27214977425968,42.58698372448575,49.27214977425968,831012
2022-06-21,45.40960693359375,46.64760062074796,43.37929804227223,43.37929804227223,756451
2022-06-22,46.4990463256836,49.02455283745629,44.36969554980355,45.310571561891415,655698
2022-06-23,49.76734924316406,50.51014550052472,46.59808445614716,47.04376296617499,920286
2022-06-24,50.6587028503418,51.59957502383301,49.96542563456652,50.75774083342817,863230
2022-06-27,52.54045104980469,53.08516751366511,51.50053711369718,51.74813584982073,530779
2022-06-28,52.39189529418945,53.43180925449706,51.79765604683013,52.887092777960405,168612
2022-06-29,52.83756637573242,53.92700303198821,51.74813349753335,52.29284993663289,356199
2022-06-30,50.55965805053711,53.679403444999096,49.717823910726935,53.382285735540016,251594
2022-07-01,53.1109733581543,53.85551971364245,49.735695031824605,49.88460581770568,380697
2022-07-04,53.95479202270508,54.10370281128106,51.67151724861155,52.61461007335589,268130
2022-07-05,56.58552169799805,58.8191607123927,53.1109721200508,54.30224701845298,2511510
2022-07-06,55.79133987426758,57.92570377827188,55.39424697786939,57.08188610712389,325723
2022-07-07,58.52133941650391,59.0673392742524,56.08915410076068,56.33733619855166,905343
2022-07-08,58.17388534545898,59.61334234768603,57.081885571056944,58.57097823812799,652156
2022-07-11,61.74771118164063,62.93898609512717,57.67752220947481,58.322797225476265,1110769
2022-07-12,59.8118896484375,62.29371079567557,59.56370753371369,61.5988001170572,467760
2022-07-13,59.96080017089844,61.35061773512334,58.968071716327,60.30825361521504,709597
2022-07-14,59.26588821411133,60.75498086377765,57.77679556444501,60.25861664722221,674231
2022-07-15,60.208980560302734,60.75498043728921,58.57097714238488,59.7622520111471,482937
2022-07-18,60.90388488769531,62.095159706749136,60.30824937164753,60.95352433649784,694688
2022-07-19,62.49225997924805,62.74044210483128,60.55643864230714,60.80462076789037,998247
2022-07-20,70.08662414550781,71.47644543259155,63.5346181623036,63.5346181623036,7460309
2022-07-21,70.68225860595703,72.71735484272624,68.5975304938499,69.49098756301484,3458426
2022-07-22,72.61808776855469,73.4122659856948,68.10117028301167,70.33480929970321,2440941
2022-07-25,76.73790740966797,78.87226738439267,69.68952979686438,71.97280811846505,5536059
2022-07-26,73.11444854736328,78.27663322410233,72.46917356929174,77.1349940435014,2082144
2022-07-27,74.85173034667969,77.3335515944216,73.06481601873855,73.06481601873855,1681150
2022-07-28,73.11444854736328,75.9437229869975,72.71735567055643,75.69554088573281,771284
2022-07-29,73.36263275146484,75.24881828992474,72.96553986327588,73.46190408003287,613694
2022-08-01,74.80208587646484,75.84445376018967,73.80935744393335,74.25608978292264,1069198
2022-08-02,75.99336242675781,78.42554398926323,73.46190196462632,74.00790561690305,1954900
2022-08-03,75.34809112548828,77.9291835894642,72.91590187038408,76.1919087960685,1537325
2022-08-04,73.26337432861328,77.92919575847033,72.46918841233547,76.4401028458881,1707529
2022-08-05,72.36990356445312,74.10717830501447,71.97281068039861,73.5115427658911,754777
2022-08-08,69.78881072998047,72.81662785684325,69.5406286257827,72.22099232155195,1171965
2022-08-10,69.98735809326172,72.07208639402224,69.59026518504132,69.83844730593941,1337273
2022-08-11,68.64717102050781,70.98008126766884,68.05153548968833,70.48371706299982,1538009
2022-08-12,67.05880737304688,71.27790313114888,66.46316426571084,69.14353552697276,889908
2022-08-16,67.45589447021484,68.3989910325899,65.86753048095628,66.46316603018862,960479
2022-08-17,66.71134948730469,68.39899241377817,65.96680314225031,67.9522600623953,578197
2022-08-18,66.01643371582031,68.00189036892769,65.61934087041563,66.81061940662968,767870
2022-08-19,65.07335662841797,67.50553843969287,64.52735292029465,66.26462780661028,1148932
2022-08-22,63.882080078125,65.91717661609087,63.53462660366972,65.32154100646501,798258
2022-08-23,71.72462463378906,72.46917091026438,63.683526362638894,63.73315823672076,4000285
2022-08-24,74.10718536376953,76.8371887875433,70.53336421470374,71.42681382153205,3369149
2022-08-25,80.31172943115234,86.81409593565546,74.20644822927791,74.40499088059227,10461420
2022-08-26,81.25482177734375,84.03446445526676,79.02118277420037,81.40373255900337,3214514
2022-08-29,77.92918395996094,81.4037335632713,77.03572683289772,77.53209106194205,2000018
2022-08-30,86.56591796875,87.36010375976926,77.92918346752144,78.72336925854069,7708713
2022-09-01,85.92064666748047,89.84192084611436,84.63009670863259,86.16882876926532,5285213
2022-09-02,93.0186538696289,94.85520758365598,84.63010139441235,86.86374043414757,7467544
2022-09-05,94.706298828125,97.436302157388,90.43756332007416,93.86248113204536,5595247
2022-09-06,92.3237533569336,97.68448893760358,90.4375676337826,95.20266761080428,3043314
2022-09-07,94.06101989746094,98.28011577676658,90.7353811309093,91.33101668143964,5671721
2022-09-08,92.3733901977539,94.90484333506792,91.33102224044276,94.85521145428768,2498187
2022-09-09,94.90483856201172,96.0961172495853,91.72811054298288,92.91938165663944,3541162
2022-09-12,91.72810363769533,95.99683111854588,91.13246812570644,95.25228483508069,2590671
2022-09-13,90.6361083984375,93.06829001458526,89.3951978649097,92.5222863502663,1898608
2022-09-14,91.47992706298828,93.81283737716076,88.55137362697016,90.04046628375049,1506565
2022-09-15,89.79228973388672,93.91211452084634,89.34556493875986,92.02592885735572,848115
2022-09-16,85.52355194091797,90.73537596572594,82.89282020408874,89.79227945498221,910598
2022-09-19,84.97754669189453,89.04773148140306,83.63736491136221,85.97027505879497,778733
2022-09-20,86.9630126953125,89.14701987964239,84.5308309667203,85.77174155761779,1040667
2022-09-21,84.03446197509766,88.35282907227375,83.14100488542614,87.31046120533753,751276
2022-09-22,88.74993133544922,90.33829545504004,83.53810659765846,84.63010645650729,1686250
2022-09-23,88.8988265991211,92.869739991396,87.36009463004808,89.04772979219842,3877083
2022-09-26,85.07682037353516,88.84919130195577,81.90009254090896,88.84919130195577,1455010
2022-09-27,84.77900695800781,87.85646348624552,83.63736778210378,86.2680995594696,1055494
2022-09-28,81.40373229980469,84.33227817614551,80.5599146383096,84.33227817614551,1018864
2022-09-29,82.44609832763672,84.63009782252219,79.8649983759689,82.39645887705973,1164514
2022-09-30,96.34429931640624,97.7341130903646,82.4461009854866,82.4461009854866,7279873
2022-10-03,93.31647491455078,99.76920988204633,92.52228911975374,95.35157128002004,5016000
2022-10-04,100.9108428955078,104.1372101801842,94.95447252379756,95.301925947364,7251717
2022-10-06,103.0948486328125,106.02340212213537,99.81884927261709,101.5561240704822,5200734
2022-10-07,102.1517562866211,104.0379418059379,100.76193497902362,102.74739182590092,2026960
2022-10-10,100.16629791259766,102.25102605525149,97.33702346371626,100.26556923864466,1780105
2022-10-11,100.51374816894533,105.08029718825732,99.47138034355264,100.41447684603088,3324372
2022-10-12,100.2159423828125,102.94594584872677,96.89030331184594,101.01012823882736,2272502
2022-10-13,99.71956634521484,101.55611997371952,98.18084184495652,100.36484133031784,1167327
2022-10-14,100.46411895751952,104.23649020399284,99.32248726680004,101.80430846213322,2236133
2022-10-17,107.3139419555664,108.2073990589096,100.06702894826478,100.81157527206462,6350700
2022-10-18,104.88176727294922,109.10086338721524,103.54158531614232,108.70377047344202,3414717
2022-10-19,100.11666107177734,105.17957457128708,98.7764792004243,104.88176058538468,4956600
2022-10-20,107.76067352294922,109.10085538141382,100.06702823208128,100.96047775511316,8296040
2022-10-21,105.62631225585938,110.09359043569812,104.78249455889552,108.2074048005383,4192750
2022-10-24,107.51248931884766,108.20739617296056,105.82484648556158,106.8672143406476,1081484
2022-10-25,105.2788543701172,108.1081289168196,104.23648647579247,108.1081289168196,1661824
2022-10-27,109.29940032958984,109.99431478575713,105.229215218016,106.221943663469,2669284
2022-10-28,113.91558074951172,114.66012702892029,109.69648516619648,109.69648516619648,5565769
2022-10-31,112.92285919189452,116.049955268915,111.93013075943831,114.56086262023068,2161083
2022-11-01,113.02213287353516,113.91558999613136,109.20012984378606,113.4192257695687,5306705
2022-11-02,109.20013427734376,114.01486595569772,99.62030280095694,112.67468400435014,2122623
2022-11-03,109.64685821533205,111.6819546405716,108.20740494064268,109.05122263869912,958899
2022-11-04,114.01485443115234,114.80904017518785,109.59721611148596,110.19285163255428,2172883
2022-11-07,113.61776733398438,116.34777055372896,111.9797714612712,114.85867788841372,1274421
2022-11-09,114.56086730957033,117.04268849229967,113.2703172649842,114.41195652382312,3832231
2022-11-10,113.81632232666016,117.09232178300051,112.72432250788005,113.66741153911804,1325633
2022-11-11,115.75213623046876,116.89377546743948,113.46886533044436,115.1565006728066,1367831
2022-11-14,114.56086730957033,116.79450637402674,113.17104593245844,116.14923135173366,772693
2022-11-15,117.48941040039062,119.47486729798544,114.01486082959968,114.4615931759087,2051059
2022-11-16,112.52576446533205,117.63831732372007,111.28485394503964,117.14195311560312,2132232
2022-11-17,111.1855926513672,112.3272319478388,108.8526821774836,112.17832115718296,1134662
2022-11-18,105.92413330078124,112.17832619802591,104.23649779462583,111.1855976476009,1853110
2022-11-21,101.45684814453124,105.9241263273438,99.71957329565971,105.62631232617332,2735928
2022-11-22,101.01011657714844,105.72557656477944,100.3152097138011,101.90357366853556,2139326
2022-11-23,100.16629791259766,103.2437544635549,98.9253874022184,101.75466185109978,1902224
2022-11-24,103.0948486328125,105.57666977261982,99.27284559229264,100.26557404821556,4817368
2022-11-25,102.99557495117188,104.9810318177005,101.15902886441629,103.04521440240184,2638283
2022-11-28,100.06703186035156,103.44230256733564,99.47138872484418,102.84666700574532,1739084
2022-11-29,98.67720794677734,101.55612192285632,97.68447951184784,100.61302536532315,1655390
2022-11-30,100.71229553222656,101.95320606157344,98.42902470257836,98.57793548088335,1598215
2022-12-01,102.20140075683594,104.18685784836391,100.61303659839707,101.25831166792725,1645049
2022-12-02,101.1590347290039,102.99558092223133,100.46412024108184,102.4495772227152,1121194
2022-12-05,100.56340026855467,103.09485340396158,99.76921443749522,101.6554001058234,1052178
2022-12-06,99.57067108154295,101.30794594785364,98.72684580162964,100.26557799850028,1000128
2022-12-07,100.36485290527344,102.00285649516177,98.97503144797676,100.1166707726818,1091109
2022-12-08,100.46411895751952,102.20139379425277,99.52102993285982,100.91085131702984,836645
2022-12-09,101.40721130371094,103.14448606759368,97.88302232455344,101.2583005234519,2144964
2022-12-12,101.1590347290039,102.39994534252476,99.02466695896456,101.80430976281822,1278463
2022-12-13,106.51976776123048,108.45558524635834,100.26557537649605,100.26557537649605,6221168
2022-12-14,108.90230560302734,113.17104087616887,106.81757741746024,107.21467030373891,6515839
2022-12-15,104.88176727294922,109.845409760321,104.0875814454028,108.65413101900135,2527923
2022-12-16,101.90357971191406,105.77522228825434,100.96048311410756,104.28612957227094,2214093
2022-12-19,102.74739074707033,103.8890299368211,100.2655697145324,102.94593340010664,2333799
2022-12-20,105.17957305908205,107.90957621381337,102.15175592273008,102.35029857714385,5315592
2022-12-21,104.53430938720705,112.92286180609284,103.4423020270914,106.22194473188512,9784738
2022-12-22,100.7619400024414,108.70376778588506,98.28011882011526,105.7255823670937,5519521
2022-12-23,89.24628448486328,100.86120371057956,87.85646321303756,100.36483951163584,4145742
2022-12-26,94.40847778320312,97.9326669484993,87.36010702652807,89.69301746074848,3772532
2022-12-27,97.38665771484376,100.11666090425736,94.80556530509062,94.80556530509062,3366426
2022-12-28,99.81884002685548,100.76192894306142,96.2946513051917,97.28737966916276,4197903
2022-12-29,104.48467254638672,105.47740102663742,99.27284802507052,99.81885171877528,4416179
2022-12-30,111.2848663330078,115.00759830829077,106.37086315520136,106.37086315520136,13566865
2023-01-02,107.56212615966795,111.97977231132144,106.2219442654942,111.18558652089114,3368115
2023-01-03,108.35631561279295,110.88776870426418,106.519769431,107.4132190080385,3312731
2023-01-04,110.4906768798828,111.97976951937494,108.70376268292551,108.70376268292551,4079606
2023-01-05,112.5754165649414,113.071780828831,109.6965023195983,110.73887030333348,4258256
2023-01-06,115.65286254882812,116.49668020285594,111.93013092171992,113.17104146408931,3914910
2023-01-09,114.8586883544922,117.8368739564989,113.02214208137156,117.04269567364771,2560056
2023-01-10,111.03667449951172,115.25577036952292,110.24249629185977,114.85867747873849,1644605
2023-01-11,111.53304290771484,113.46886798276272,110.73886467024052,111.03667866907443,1336239
2023-01-12,110.63957977294922,113.1214008317764,109.59721947259187,112.12867240824554,1757847
2023-01-13,113.86595153808594,114.26304443758652,110.88776615270704,111.0366769367594,1578905
2023-01-16,114.11412811279295,117.58867756036372,113.22067859969388,114.36231021619088,2175293
2023-01-17,118.7303237915039,119.62378093150188,111.58268181935448,114.610499116009,3567622
2023-01-18,119.12741088867188,122.10559616088868,118.2835932429938,119.3259535439196,3809497
2023-01-19,121.01360321044922,121.80778144999168,117.29087141095172,118.5317820107842,2426181
2023-01-20,119.87196350097656,124.3392416438701,118.63105290572835,123.29687371429472,6827714
2023-01-23,117.48941040039062,120.96395997118157,115.35504272069278,120.96395997118157,1855073
2023-01-24,116.54631805419922,119.9215961978924,114.36231098526044,118.08504256126392,1331324
2023-01-25,112.62503814697266,116.54632001743414,112.02940259956192,116.14922712785469,1236033
2023-01-27,106.02339935302734,113.5184944551391,101.35757118770096,112.67467680442677,2592713
2023-01-30,106.7183074951172,109.49795016176608,103.69048271801452,106.61903616571908,1529668
2023-01-31,110.63957977294922,112.42649396487153,105.72557710603812,107.8103052806696,1737643
2023-02-01,102.30066680908205,113.36958264360796,89.94119342382982,112.17831156802748,3001242
2023-02-02,102.35030364990234,105.77522141266356,99.8684824771408,102.3006717707974,1339986
2023-02-03,99.6699447631836,103.93867284799762,96.54284841540746,103.04522324056232,2605208
2023-02-06,103.34302520751952,104.63357516061158,98.67720474434051,99.66993314705238,1480995
2023-02-07,103.0948486328125,104.68321264750575,102.25103096006144,102.74739518802288,1157313
2023-02-08,106.47012329101562,107.6117624914369,102.74739170741368,102.8466630348597,1232001
2023-02-09,107.2643051147461,108.15775460282865,105.22920889429918,106.47011937654328,841031
2023-02-10,106.42048645019533,107.71103646039354,106.22194379043418,106.71830801375395,442582
2023-02-13,102.99557495117188,106.81757790445609,102.10211784645062,106.12267103073782,957985
2023-02-14,103.491943359375,106.07303587561675,100.4641184857209,102.69775755103116,1159716
2023-02-15,105.57667541503906,106.122679124544,102.89631147036512,103.24376493372398,585979
2023-02-16,108.90230560302734,109.69649137558474,105.4277561024432,106.02339921881968,1222842
2023-02-17,111.63231658935548,112.12868083843917,107.4628599266194,107.81031338619452,949550
2023-02-20,114.70977783203124,116.4966845351447,112.17831720189074,112.22795665499828,2031424
2023-02-21,115.10686492919922,116.54632577833796,112.82359395560944,114.70977959390866,3121516
2023-02-22,111.08631134033205,116.69522840930976,110.19285425054429,113.96522526346294,2480869
2023-02-23,111.58267974853516,112.22795475844256,109.1008586134428,111.08631552151668,696208
2023-02-24,107.21467590332033,112.62504309294874,105.87449396931224,111.97977563970144,1192347
2023-02-27,103.1444854736328,108.20739895586706,100.2655715095649,107.46285263277623,1213663
2023-02-28,103.98831176757812,106.02340824939844,102.44957954240496,104.13722255935576,838779
2023-03-01,106.86721801757812,108.0088572376863,103.74012191864422,104.13721480919276,1256861
2023-03-02,111.83086395263672,112.92286375770804,106.51976813903563,106.86722158966056,2312680
2023-03-03,114.56086730957033,115.90104923346072,111.23522843949642,112.1783174593667,2324858
2023-03-06,115.10686492919922,116.74486844598324,114.41195801852348,115.15650438306918,1443530
2023-03-08,114.31268310546876,116.04995790167978,113.02213308443088,114.16377232243867,1490492
2023-03-09,117.8368682861328,119.67342204479525,114.21341537052103,114.21341537052103,4122008
2023-03-10,115.30541229248048,119.57414013163512,114.41195516254486,116.99304764709,2120772
2023-03-13,109.44831085205078,116.14922784299266,108.25703974989456,115.6528636214414,1500376
2023-03-14,110.78849792480467,112.02940853680724,106.32121972159548,109.64685864697888,1250780
2023-03-15,113.61776733398438,114.66013522927182,110.6892214550979,111.33449645818456,1541445
2023-03-16,112.8235855102539,113.9652246985506,110.73885736036073,113.02212816303737,817184
2023-03-17,116.69523620605467,117.58868578161965,113.91559342409164,113.91559342409164,1916154
2023-03-20,112.7243194580078,116.6455938383251,110.4410409745844,116.29814039273904,1504580
2023-03-21,121.5099639892578,122.10559954542772,111.93013291664208,113.31995426364983,3824242
2023-03-22,120.66614532470705,123.34650909231736,119.47486664827814,121.5595948646325,2915656
2023-03-23,118.7303237915039,121.31141630511802,118.13468822281098,120.12014516773218,1062772
2023-03-24,116.8937759399414,119.02814363961548,115.950686934324,118.92887230859002,1485976
2023-03-27,114.75940704345705,117.14195683280596,113.41922515379731,117.0923173808524,1055397
2023-03-28,114.75940704345705,121.8077775075967,113.6674072657312,121.8077775075967,1099252
2023-03-29,117.1916046142578,118.08505422158905,113.76668668179052,114.809054655567,2645963
2023-03-31,121.26178741455078,122.89979094926562,117.78723767530244,118.1346911344438,2661129
2023-04-03,124.73633575439452,127.0692461812194,121.60923950937013,122.8501501166086,2365577
2023-04-05,132.33070373535156,133.0256106119667,124.19032600429895,124.88524045483103,4598533
2023-04-06,134.61399841308594,135.60672697026848,130.39490204506018,132.72780506573773,3038970
2023-04-10,134.167236328125,137.44324305638162,132.4796010886695,135.11034042025682,1486344
2023-04-11,136.79800415039062,138.23745759125293,132.1818070703113,134.96145018070806,1720627
2023-04-12,140.42141723632812,140.96742083956892,135.30887246923712,136.20232189429876,2495298
2023-04-13,140.61997985839844,141.21562299166212,137.24470916412858,140.3717977441776,1012397
2023-04-17,141.4638214111328,142.6054532090006,138.88272106660236,139.9747285541735,1207696
2023-04-18,137.8899688720703,141.41415772601258,136.25197306916988,140.96743297502456,1440184
2023-04-19,134.51470947265625,138.8827087395718,134.01834523105973,137.14543389398398,985350
2023-04-20,134.66360473632812,136.00379416865636,132.57888413339197,134.96142629327147,1167640
2023-04-21,138.48561096191406,138.88269626037768,133.32342634272118,133.32342634272118,1619694
2023-04-24,139.23016357421875,141.76162412331675,138.28707458670524,141.76162412331675,1017208
2023-04-25,139.8754425048828,141.21563206693682,133.62126494285772,139.3790782445421,1181333
2023-04-26,139.08126831054688,144.44199612834112,137.14543562561062,138.78344673226172,3859306
2023-04-27,141.1659698486328,142.40688029939054,139.7761562029172,139.9250593978751,666290
2023-04-28,140.5703582763672,143.3003615856708,139.97471513156717,141.960172083788,388794
2023-05-02,140.1236114501953,142.4068898624858,139.2301619247847,141.4638008861449,549452
2023-05-03,137.04617309570312,140.7192655333198,135.5074408839376,139.72653702867558,506612
2023-05-04,138.28707885742188,138.9819857566382,136.0038003475674,137.04616827030904,1453276
2023-05-05,134.316162109375,139.77616857603388,132.97597264478878,138.28707590330873,794764
2023-05-08,142.30763244628906,143.34998522307924,134.66361109759887,134.91179321546974,1771900
2023-05-09,139.8754425048828,147.12236373542444,136.35126837473172,142.85362806692717,2045222
2023-05-10,141.81124877929688,142.4565161382116,138.03887807499032,140.42142002095642,1317655
2023-05-11,139.47833251953125,142.75433908870238,136.54978693036023,142.55579644920192,1346316
2023-05-12,138.8826904296875,140.32215865880977,137.09579151378713,138.98196932405196,471151
2023-05-15,141.56307983398438,142.20834725278678,137.1950656638722,139.18052251905948,687171
2023-05-16,145.68289184570312,148.21435228042506,140.2725251269966,141.56307506899535,2448442
2023-05-17,144.88870239257812,146.92379857812546,141.46379254988432,146.27853119755736,829427
2023-05-18,144.78945922851562,149.05817970283144,143.34999077088804,143.94563393596394,1429886
2023-05-19,144.19381713867188,145.7325493700629,142.55582114425127,145.53400669616877,500622
2023-05-22,142.6550750732422,144.19380719855954,140.02435074286677,144.19380719855954,492810
2023-05-23,142.45652770996094,144.34270564141238,141.61270249714485,143.44925612605823,182196
2023-05-24,139.8754425048828,143.30036801950192,139.2301750255739,143.30036801950192,411244
2023-05-25,142.7543487548828,143.39961616390977,138.18779199799943,139.82580296741418,612276
2023-05-26,145.98072814941406,147.81726677558382,142.754360542209,143.34998855022295,648261
2023-05-29,149.80271911621094,150.89472648543662,144.8887162503639,146.824533725051,1483525
2023-05-30,149.6041717529297,150.299078626135,147.17199012279426,150.299078626135,372101
2023-05-31,150.94436645507812,152.08599813313177,149.25673109054193,150.4480022215184,788208
2023-06-01,150.74581909179688,151.88745073426074,149.40562964383165,151.39108651617494,335459
2023-06-02,154.915283203125,155.7590933271607,151.04363302069228,151.24219083607437,1370654
2023-06-05,157.14892578125,159.33292546838362,154.36928293042774,155.51091465502364,1474730
2023-06-06,159.5811004638672,159.82928257967413,152.63200122127265,157.84382565321854,1591490
2023-06-07,163.40310668945312,163.80019200487686,158.14164294700242,159.5810961502058,1099769
2023-06-08,162.5096435546875,164.39583669048673,157.34745866587846,163.40310824464524,986457
2023-06-09,161.8643798828125,166.18273963380292,160.42492663248237,160.82201196090645,655021
2023-06-12,166.87767028808594,168.2674841570931,162.2118341253439,162.80747729653842,2914566
2023-06-13,167.3243865966797,169.45874674739048,166.62947969745997,167.77111137847564,1010957
2023-06-14,167.37400817871094,171.1463638424993,166.7783651013587,168.46600029007973,1422710
2023-06-15,162.90673828125,167.37401613011974,160.82200255931076,167.27473722990038,7869650
2023-06-16,166.2820281982422,169.40911699776163,164.89221432019693,165.33893912758035,1382792
2023-06-19,167.9696502685547,169.70692505148443,166.8776580651278,167.12584017697492,1138866
2023-06-20,168.51565551757812,169.6572871836004,164.8922027099126,168.9623802935071,1030400
2023-06-21,166.579833984375,170.65001146846805,165.19000509033071,168.76383350606318,1001428
2023-06-22,165.4381866455078,168.26746872749294,162.11255549682102,166.5798334276394,758908
2023-06-23,163.84983825683594,166.7783842361781,161.51692027535086,166.57984157022574,650559
2023-06-26,165.4878387451172,168.664566931381,162.50965323027583,162.80747481132695,827116
2023-06-27,172.5574188232422,173.20462751945155,166.1848334751088,168.2758411286256,1532873
2023-06-28,175.44497680664062,176.98833806757045,171.4123280904707,173.2544068847103,1659818
2023-06-30,176.59007263183594,179.17892268151897,174.49906492061731,176.59007263183594,2319331
2023-07-03,185.3523406982422,186.19870452343804,177.2870583349278,177.3368471234814,2411592
2023-07-04,176.3411407470703,185.9995736558548,175.24584811896443,185.45192734180185,1136869
2023-07-05,179.9257049560547,181.71799506939288,176.34113992278412,176.34113992278412,822389
2023-07-06,180.5729217529297,181.22013042709293,178.58149174823637,180.22441542474627,481890
2023-07-07,177.73513793945312,181.8673493548007,176.24156535172665,180.6227055316953,695239
2023-07-10,176.29135131835938,179.77635396720927,174.74798996375898,178.0836414335919,364179
2023-07-11,183.7094116210937,185.1034064991223,176.44068931501994,177.23726432820968,1355624
2023-07-12,182.1660614013672,185.75064158085664,180.2244201347294,184.20728024820409,1362587
2023-07-13,181.31971740722656,186.1489263029888,178.03385469040944,183.21156993242727,611007
2023-07-14,182.912841796875,184.15748554235373,179.2784881374391,181.3197069187053,476457
2023-07-17,186.8957061767578,188.58841867172748,182.21584862240448,184.00813869671572,721327
2023-07-18,192.2227935791016,195.95672501928067,184.20728438216923,187.1944295343125,2360350
2023-07-19,195.807373046875,197.15159454156668,189.68373111196183,192.72066527868256,1352937
2023-07-20,196.8528594970703,199.69065342585844,194.1146431492033,196.504368350658,1203823
2023-07-21,193.9652862548828,196.5541361550724,190.2811437704636,196.1060674409439,483467
2023-07-24,188.98670959472656,195.85713700122497,187.19441956025585,193.16870954622144,936543
2023-07-25,190.629638671875,193.0691374466745,190.1815699488964,192.1730000007173,409400
2023-07-26,193.9652862548828,195.16014122369376,190.5798461176124,191.5755611238557,843268
2023-07-27,199.74044799804688,201.53272295926035,193.86572000198308,194.1644375599873,1070174
2023-07-28,199.69064331054688,204.12157195578413,198.3962107911707,202.13014198548385,1018317
2023-07-31,200.78591918945312,201.6820717854868,195.7575707064512,200.1884993188355,893838
2023-08-01,202.92672729492188,204.519862235846,199.1927959114042,200.88550843325103,2415983
2023-08-02,198.09750366210932,206.51129268988555,192.67085974668493,204.1215826773665,1341312
2023-08-03,193.0691375732422,200.1387203392032,192.2227889167068,200.1387203392032,488730
2023-08-04,193.91549682617188,197.0519930081292,193.16871057395292,195.0605630022121,309127
2023-08-07,196.40478515625,197.15157141159696,195.1601413973384,195.1601413973384,640703
2023-08-08,194.3635711669922,198.14729132648048,193.16871616752368,197.7490113911262,596100
2023-08-09,193.91549682617188,195.40906933060967,189.3849905240296,194.86142304030145,863199
2023-08-10,187.99099731445312,194.5627072779656,185.7008497480481,193.16871233845225,675041
2023-08-11,190.2313537597656,195.9069262202219,180.5231325112413,187.1944199715462,1370296
2023-08-14,188.7875823974609,191.6253612166086,185.45193085241743,191.1772924760491,525461
2023-08-16,202.9765167236328,204.1713717314345,188.7875774216492,188.7875774216492,1979927
2023-08-17,199.34214782714844,205.8640843731781,196.15586274010204,202.2795041543724,1218380
2023-08-18,196.0065155029297,201.4829483291457,194.9610116519709,200.6365844513681,697995
2023-08-21,201.53271484375,202.1301499357005,196.15585978981773,196.85285726815627,745744
2023-08-22,200.08892822265625,203.0262844635021,197.69921827599643,201.93100706853528,1921060
2023-08-23,203.17564392089844,208.0048524391548,200.63656769304987,200.93528522457407,1411833
2023-08-24,205.416015625,206.9095881837953,202.7275880578496,204.1215830353629,985865
2023-08-25,211.0417938232422,219.35602025350389,204.5696462431408,204.5696462431408,2968244
2023-08-28,212.7345123291016,218.55945139348853,210.59373106935223,212.88387870122256,1564293
2023-08-29,218.06158447265625,221.84530450218705,213.8297957328901,214.8752995190428,1848869
2023-08-30,215.52252197265625,219.5551710094706,212.28644802353708,219.5551710094706,1255987
2023-08-31,218.55946350097656,223.1397590184508,215.8212469878664,216.5680333096237,3270995
2023-09-01,219.8538818359375,220.99894804397763,214.1285204089256,219.05730677262864,1722147
2023-09-04,221.5963897705078,225.92774116798225,217.6135295281924,222.8908223879416,1486165
2023-09-05,217.76287841796875,223.13974880454683,215.522519555246,222.7414536684637,802980
2023-09-06,216.1199493408203,218.6590256947304,215.1740231052004,218.6590256947304,423301
2023-09-07,217.8126678466797,221.0487417689732,217.06588155691963,217.26502152884112,868418
2023-09-08,218.2607269287109,221.84530703838425,217.5637294611093,218.75858443319865,773248
2023-09-11,230.9561004638672,237.0797570752358,225.0315990152012,225.0315990152012,3804868
2023-09-12,217.1156616210937,232.39987795444304,212.0872977668145,232.3003155691873,3628445
2023-09-13,220.9989471435547,223.1397435670628,212.087300693022,218.0615908533888,1890066
2023-09-14,221.29766845703125,224.932022289087,218.4598745051918,222.54231226162648,1004580
2023-09-15,221.1483154296875,228.01874309627408,218.31052150156373,222.04445288414465,2068445
2023-09-18,220.75003051757807,225.3303259695857,219.15689550331064,222.5423207028596,1911736
2023-09-20,218.2109375,226.52516387793693,216.7671537798986,219.65473641350664,1624022
2023-09-21,214.32765197753903,220.2521531398632,213.0830082378321,216.0701532131288,1100000
2023-09-22,212.38601684570312,217.41438073635544,210.0958692605797,215.57230187163745,1018313
2023-09-25,213.68045043945312,215.074445397072,209.1499440370837,213.08301534709904,567257
2023-09-26,213.6306610107422,217.11566358777412,212.2366508638861,213.929378556026,571047
2023-09-27,220.9989471435547,222.3929572970169,212.7345093830328,214.72593943648843,2064295
2023-09-28,217.4143829345703,223.23930674554623,216.46844150109908,222.7912380206105,629582
2023-09-29,218.65902709960932,221.79552337297608,217.0658769710832,219.0573070350381,375022
2023-10-03,220.8495941162109,223.04016411797423,215.07444397090373,218.65902411444765,720496
2023-10-04,217.86245727539065,221.5465999436373,215.0744520801153,221.5465999436373,597467
2023-10-05,234.5904541015625,235.48659150137283,219.6049406946124,219.6049406946124,5189882
2023-10-06,233.19644165039065,236.58188164577945,231.2548005082701,235.98444658970945,1229040
2023-10-09,224.7826538085937,229.01444241850083,221.7457201204501,228.0187274514639,1170886
2023-10-10,231.2050323486328,236.880605114033,226.52517463658023,226.52517463658023,2461783
2023-10-11,227.22216796875,234.9887482811295,225.8281729969869,233.395598147624,3696353
2023-10-12,230.65737915039065,232.00160050967585,228.4170203471856,229.21359540478403,601286
2023-10-13,233.59474182128903,234.29173927289256,227.67022549914665,229.9105842179184,1185799
2023-10-16,238.62310791015625,243.203403260803,232.2007488156453,235.43682275872663,2001309
2023-10-17,237.6771697998047,240.6145260400241,234.04281609140867,239.9673173610183,1062492
2023-10-18,238.8720245361328,239.9673171231858,232.59903213535463,239.4694596187809,1511554
2023-10-19,234.7895965576172,240.7638864690405,234.49087902336504,237.9758814716953,798093
2023-10-20,236.4325408935547,238.0256910866956,231.00589678786585,234.78961710152075,605549
2023-10-23,222.5920867919922,242.7553151346652,219.05729557471915,237.9758801925358,1693284
2023-10-25,231.2050323486328,232.9973224833397,219.0573117364732,226.02731710990648,2776268
2023-10-26,229.163818359375,230.8067573486346,221.0985353705412,228.01875210085984,1857991
2023-10-27,240.06689453125,241.90895818019936,230.01016687203693,230.01016687203693,2758376
2023-10-30,239.2703094482422,241.61023050307944,235.53637832449743,240.56474194315464,1078413
2023-10-31,241.8591766357422,246.9373294065456,239.17074907201336,240.46518166000303,3003469
2023-11-01,237.87631225585932,243.50211123620863,236.13381097045485,243.0540425157857,783660
2023-11-02,233.5449676513672,242.30726311636104,229.31317869547755,240.2660442283684,927599
2023-11-03,240.86346435546875,242.3570369294632,231.3046089979481,235.58618674874657,1974096
2023-11-06,242.50640869140625,247.8334752076437,236.930398213899,241.95876236342508,1213315
2023-11-07,245.4437713623047,246.68841523331028,239.96733832988,242.95448362029347,1026353
2023-11-08,246.73817443847656,250.9201743048769,245.39395314162425,246.73817443847656,939452
2023-11-09,246.73817443847656,249.42660183877643,244.69695569612497,247.833451797574,639477
2023-11-10,246.4892578125,251.01976422108973,245.24461402955808,246.19054026591283,788615
2023-11-13,247.9330291748047,250.3725278288076,246.3398791348737,247.83345159978225,610718
2023-11-15,249.5261993408203,254.8034769877568,247.03691169852723,248.9287642293076,1183171
2023-11-16,251.56739807128903,253.8077569049897,249.22747684991185,249.8746855467297,854913
2023-11-17,257.4421081542969,258.8859070986097,249.97426064293484,251.9159019074933,1902883
2023-11-20,252.91162109375,259.88162639948325,251.9656948409388,258.6867561923472,616927
2023-11-21,252.2644195556641,255.0026360035241,247.7837017318932,253.85755455473887,708024
2023-11-22,253.8575439453125,262.420684090153,250.67125888692053,252.3141826096116,903709
2023-11-23,251.66696166992188,256.3966078338472,250.9699642212876,254.85324657325376,440822
2023-11-24,249.77511596679688,253.40946967056465,248.9287521321853,251.66696840563927,337673
2023-11-28,252.5631103515625,258.33827573637046,247.9330415564844,251.2686929720563,956254
2023-11-29,258.53741455078125,261.87306614751327,254.454991837149,255.89877566506047,1809037
2023-11-30,267.2001342773437,268.5941292414571,258.3880501877966,261.07649292250966,2442952
2023-12-01,263.3168334960937,273.52291184265846,262.0721897952932,268.8430393729247,1248830
2023-12-04,267.0009765625,270.2370503778256,261.7734727069741,268.34519791699745,1232793
2023-12-05,270.5357971191406,272.1289169243136,265.00956023945463,268.2456342222826,1195785
2023-12-06,268.9924011230469,273.2241898722667,266.85161995080364,271.83019494988577,727251
2023-12-07,276.9581298828125,278.2027736719558,266.35377087667354,270.2370534214385,1489276
2023-12-08,278.2027587890625,282.78305376544216,274.8173339410635,277.30662138618186,2042273
2023-12-11,287.01483154296875,293.5367522472443,281.6877505349743,284.17703788573726,2704631
2023-12-12,283.1315612792969,288.65776727604384,280.8413985880429,288.65776727604384,871429
2023-12-13,286.8157043457031,290.54963573565834,281.5384268026243,283.77878563659743,900345
2023-12-14,295.12994384765625,296.9720228243484,289.7530884891379,292.24237619093464,3373969
2023-12-15,296.7728271484375,308.47247775005513,295.12990356684867,306.72997659662275,5169933
2023-12-18,293.98486328125,297.51963949112644,293.43723216821945,296.8226572006159,1065444
2023-12-19,301.9008178710937,303.69309282154524,294.3831509478502,296.9222425789373,2422984
2023-12-20,289.3049621582031,305.68448499077067,283.8285300166747,303.4441263874181,2734841
2023-12-21,301.054443359375,301.95058080294484,286.1187180105072,286.1187180105072,2417090
2023-12-22,301.8510131835937,305.684522226995,296.0260740279645,300.75572054450595,1883384
2023-12-26,297.7685546875,305.2862210709278,296.07585744180034,304.7883635774615,823642
2023-12-27,294.3831481933594,299.76000338121565,292.491295677404,299.511074618937,1032781
2023-12-28,290.99774169921875,297.2209611538641,289.8028714092014,295.9265436620234,783006
2023-12-29,293.83551025390625,296.7230777519828,289.75307256988924,291.8938537984557,1091211
2024-01-01,297.07159423828125,298.3162380633228,293.98487147481575,296.62351030654145,530163
2024-01-02,303.1454772949219,307.6759688892123,299.0132352803246,301.9008334078296,2179168
2024-01-03,308.52227783203125,309.4184151936859,300.7059095365829,303.7926319038896,2196466
2024-01-04,307.9248962402344,313.7498356822062,303.9918094205165,310.6631127791532,3060254
2024-01-05,317.3343811035156,320.81938358648006,309.1695059887034,309.6673634862698,2880456
2024-01-08,316.63739013671875,320.1223928583493,309.7669622771524,318.9275226276368,2125936
2024-01-09,317.3343811035156,322.21337850230384,314.4965872900254,315.84080861081657,1843663
2024-01-10,317.93182373046875,321.6159818068204,315.5421135343443,318.2803300977151,1041125
2024-01-11,318.77813720703125,322.51206829344846,316.13949864999154,318.62878604093635,856153
2024-01-12,326.54473876953125,330.62714586462914,319.9730138458277,320.6202225033328,2676220
2024-01-15,326.54473876953125,330.22886595130365,321.61593748005123,324.60308241020647,2053504
2024-01-16,318.4794616699219,329.08382077017643,312.75410018904887,326.4451819911364,2526800
2024-01-17,314.8948669433594,317.5833095826591,308.8209994008448,314.5463606179968,1142075
2024-01-18,317.3343811035156,319.5747398425642,306.48106334712105,314.8948672107164,1315835
2024-01-19,315.1935729980469,322.6116619475528,313.8991556449568,321.91464928862086,886994
2024-01-23,310.3145751953125,319.5249389905066,306.18236400239834,317.88201530980706,971526
2024-01-24,313.3016967773437,315.3927042085744,300.7556825767681,309.3686410342941,1356596
2024-01-25,314.5961608886719,316.5377868725417,311.16093204418024,314.64593448307505,1054256
2024-01-29,309.5677795410156,317.63307691303453,308.67164214119344,314.7455095639143,812321
2024-01-30,315.5918884277344,318.6288070905922,311.509450759524,311.5592243559075,1401717
2024-01-31,316.7369689941406,318.3301191792266,312.6545311407367,317.3344041118994,704216
2024-02-01,313.4013366699219,319.72413381274623,310.41419128466447,318.6288410941223,615297
2024-02-02,321.566162109375,327.4906479560327,315.64164587590784,315.64164587590784,1365901
2024-02-05,325.1507263183594,333.46495277927767,322.1138076742997,326.3953700883528,2413797
2024-02-06,325.89752197265625,333.1662600309879,320.07261327066294,329.5816797927378,1677945
2024-02-07,321.8648681640625,334.5602341937355,319.7240870285776,333.81344795669594,1901685
2024-02-08,341.87872314453125,347.3053512151,330.62712633997234,332.5687825846357,7955639
2024-02-09,344.716552734375,347.25561388548,333.4151811585176,342.5259675314842,2699845
2024-02-12,341.2315368652344,354.076254069943,335.1576693909243,348.3010889358409,3558303
2024-02-13,333.7138671875,339.2898771147298,316.18927758198186,335.25724362803123,2263143
2024-02-14,339.98687744140625,349.4959429363763,327.68979189035724,330.82628786498867,2626435
2024-02-15,343.8204040527344,350.6908623958696,335.7551362356846,340.4847828530765,1374586
2024-02-16,352.7320556640625,356.86426703484653,340.3353911648986,345.5628951655657,3507270
2024-02-19,344.6667175292969,358.15867308586604,342.92421639882843,354.6736708249292,2444876
2024-02-20,343.7706298828125,348.1019965394371,341.0821870237179,347.5045614166591,1629221
2024-02-21,338.2444152832031,348.6994233280928,335.0083413645468,346.3096828940971,950031
2024-02-22,338.09503173828125,340.4847721582982,332.41947420777035,338.7920444252548,1077625
2024-02-23,348.599853515625,353.4788513012944,346.1105658304046,346.55861938165674,2312143
2024-02-26,352.7818298339844,354.42478397488,349.04789839887945,351.6865675891364,1128952
2024-02-27,347.40496826171875,354.37497347918384,345.9611996987592,353.32948485128856,678246
2024-02-28,338.1946105957031,349.9938400134919,335.0581142661167,348.50026743875435,919908
2024-02-29,348.5002746582031,358.4574253627232,330.97568334088527,338.19461760166234,2707694
2024-03-01,353.1303405761719,363.23684237568347,349.6453378600084,356.4659921104336,2996845
2024-03-04,356.6153259277344,358.4076311837191,347.70369479099315,349.39639208147736,2086864
2024-03-05,352.53289794921875,360.7973510178054,349.2968240674568,356.4659845140848,1020764
2024-03-06,347.10626220703125,353.37925468115634,339.0907380603037,349.4959721787546,1034787
2024-03-07,345.9612121582031,352.18443132649134,343.5714716881306,350.2427747912605,654618
2024-03-11,335.0083312988281,347.20584031804424,333.56453236223734,346.7577564034303,1101781
2024-03-12,317.58331298828125,334.21173533910894,315.7412341517341,333.56452666324384,2229559
2024-03-13,285.3221435546875,319.97304651435337,280.7916521027896,317.58333640360706,3947236
2024-03-14,296.2252197265625,305.1368813486911,279.7959218257615,279.7959218257615,2667054
2024-03-15,297.5196533203125,304.1411829022158,287.5625025346687,298.71452356931485,1643094
2024-03-18,294.83123779296875,301.2038081525529,289.7530848674145,297.0715966965828,1062243
2024-03-19,287.8114318847656,299.6604656530289,286.01915689446014,295.7273789300424,723123
2024-03-20,288.35906982421875,293.1384896652989,281.0903320985136,290.7487797447588,1297258
2024-03-21,306.182373046875,307.77552317911534,292.74022008384145,292.74022008384145,1165394
2024-03-22,301.4029846191406,307.6759778378069,296.0759025500875,305.3858451736753,1354702
2024-03-26,299.95916748046875,302.29910399294863,293.43724586922843,302.29910399294863,1218001
2024-03-27,309.8167419433594,313.65025108959475,302.8965403498196,304.0913802171208,1450302
2024-03-28,310.015869140625,314.64593778060413,308.17379032625627,313.0527877144796,616973
2024-04-01,322.66143798828125,324.503516840723,312.654514256762,312.654514256762,1418690
2024-04-02,329.0340576171875,336.9997781912523,323.10954078550185,323.10954078550185,1465087
2024-04-03,327.4408874511719,333.61430228740727,324.9515999236228,327.5902386254627,710163
2024-04-04,323.6571655273437,332.46924981570845,321.6159618252826,329.5319086441281,754771
2024-04-05,328.3370361328125,330.57739498436314,322.6614482208262,323.5576160708958,809718
2024-04-08,336.1036071777344,339.5886098963349,328.785125778123,332.8675332247482,2140766
2024-04-09,342.0281066894531,344.51739421994404,333.8632314347186,338.04524664066764,1865090
2024-04-10,343.96978759765625,347.5045639877926,338.8418306104492,344.7165739099509,2666768
2024-04-12,336.90020751953125,348.50028226617115,335.05812852161887,344.5174218974149,1958635
2024-04-15,331.0752258300781,333.46493566848227,319.6742773272209,328.53616482430044,1339530
2024-04-16,331.6726989746094,335.0581241666874,327.2417547172342,328.5859761515805,852537
2024-04-18,332.7181701660156,342.17746292170045,330.72674011218726,337.0495366104546,802186
2024-04-19,338.8916015625,341.5302401980383,324.0554543484604,328.4863678040749,1124178
2024-04-22,349.794677734375,353.4788354985207,342.52597017321443,343.4719116060336,1570594
2024-04-23,358.5072021484375,369.9081519611856,351.5371965933142,353.4788531526808,3338245
2024-04-24,362.5398254394531,366.42310773207794,356.7646604007207,362.4402478654249,5436571
2024-04-25,357.8599853515625,373.3931463156562,356.01790641904284,368.5639222126113,5142031
2024-04-26,362.589599609375,370.405968187467,358.7560909042665,363.4359634097459,3085151
2024-04-29,366.07464599609375,366.9210098981876,356.9638590189966,363.53558467662526,2725855
2024-04-30,361.3449401855469,366.42309238013314,359.45308790551104,365.377603863663,764092
2024-05-02,358.0591125488281,362.44025237934846,353.4788175677712,361.4445374002843,983838
2024-05-03,355.9183654785156,361.1458696188147,350.4917061686229,359.40336823871496,924590
2024-05-06,365.3278503417969,367.4188580503401,354.97241976950204,361.0462877279135,3060172
2024-05-07,357.2127685546875,369.4102777248476,351.5371807044599,367.1201453006849,1673100
2024-05-08,357.6608581542969,362.14157587979264,348.5002675385586,356.4162143416592,966391
2024-05-09,364.2325439453125,375.6832667313989,363.43598408013526,366.5227067346164,6020903
2024-05-10,367.21966552734375,372.3973954801877,357.6608262094921,366.4231057131258,1923800
2024-05-13,371.20257568359375,376.3803063382098,360.9964959482322,367.4188704730143,7043458
2024-05-14,372.3974304199219,380.3631508567116,369.7587916025976,374.88671805641866,2402907
2024-05-15,380.2137756347656,381.3588417977886,371.4514654762552,373.3931218646756,2082810
2024-05-16,374.4884338378906,383.0515892870704,371.2025559631295,382.2052254229587,1137607
2024-05-17,383.89788818359375,386.33740197449646,372.64632136328686,375.88239496230005,1625196
2024-05-21,386.2378540039063,390.7185716382597,382.0558691105964,386.7357115188344,1808090
2024-05-22,386.3374328613281,388.1297077662696,378.620641354433,386.9348679585791,2227605
2024-05-23,382.9520263671875,388.3288817291517,381.0601737899721,387.3331666477948,606005
2024-05-24,378.81976318359375,386.038696538724,377.3759643578443,383.3502540310555,445648
2024-05-27,380.5124816894531,385.5408606783689,376.4300441065463,381.6575478636463,1828957
2024-05-28,374.2892456054688,380.3631129099262,370.4059633573103,380.3631129099262,890716
2024-05-29,372.5467529296875,376.3802616722296,366.0248319787153,372.2978241851953,536702
2024-05-30,368.8626403808594,373.39313155567726,367.56819262604654,372.4969941173058,436395
2024-05-31,383.84814453125,385.3417170780642,368.4643351443392,370.8540755286909,2161562
2024-06-03,397.1907043457031,406.6499967724244,391.2662183736848,404.2602868682989,1910120
2024-06-04,333.6142883300781,395.19926526249145,317.78242639458114,395.19926526249145,4359100
2024-06-05,353.57843017578125,354.47456766836683,322.6116851813226,343.5217018134454,1671712
2024-06-06,376.5296630859375,379.7657371961602,357.51149839157347,357.51149839157347,1701467
2024-06-07,389.17523193359375,391.5151683698205,375.3845724646264,376.52963869053815,1173438
2024-06-10,398.2860107421875,405.20624233355744,389.3743490971066,391.11685039410366,2179677
2024-06-11,421.735107421875,424.72225264376095,401.3727523914399,402.2688898806432,2415313
2024-06-12,418.9471130371094,430.14890750334223,416.6569805454045,425.6681897168491,2543339
2024-06-13,412.7736511230469,423.0793077007708,409.7367324539932,420.2415138044684,1029398
2024-06-14,422.6810302734375,424.8716154943612,412.7736535693121,412.7736535693121,1190208
2024-06-18,440.952392578125,447.474313654924,426.9128050405377,428.1574487870116,2497944
2024-06-19,440.0064697265625,451.0589127385787,428.55574677624537,443.0931924253146,1857054
2024-06-20,437.91546630859375,445.08462681469615,436.2725425554321,441.7987793083728,848966
2024-06-21,438.8116149902344,445.0846073688973,434.978106142469,439.0605437415592,1145180
2024-06-24,447.2752380371094,449.0675130742546,428.7549309770834,437.118931795117,1359421
2024-06-25,440.1558227539063,448.0717695031872,438.5128990097569,447.67348956321337,1900391
2024-06-26,438.2639770507813,447.07606139846985,434.1317656341489,443.9893386388463,1202205
2024-06-27,435.5755615234375,444.0889130607976,431.2939685690153,440.10605285397423,578268
2024-06-28,427.8587646484375,438.31377256369,426.6141208490027,438.1146174010558,592473
2024-07-01,441.74896240234375,444.6863338651153,428.7548935502832,432.1403185398228,803862
2024-07-02,479.536376953125,486.9046622887207,454.3945717940448,460.0203557819816,7648494
2024-07-03,485.3115234375,492.8789641154226,481.5278182919451,483.8179508189684,1613782
2024-07-04,488.497802734375,495.8660879233436,477.0968534175575,486.85487900235273,1801620
2024-07-05,512.3450927734375,517.7717511663462,487.9003039836724,487.9003039836724,2881369
2024-07-08,541.9677124023438,549.6347307652069,523.5967568008466,527.7787723418289,3245519
2024-07-09,524.4430541992188,546.1496270389329,518.767467068886,546.1496270389329,1421076
2024-07-10,502.6867065429688,527.4800031131133,500.0480679610578,525.787275516592,2216893
2024-07-11,501.8403930664063,514.7846889193096,499.8987365337458,506.818968394446,1272525
2024-07-12,494.9898986816406,506.9059651690151,491.1508290713773,505.0612142725624,652523
2024-07-15,485.9656066894531,498.5796661570489,483.4727083586679,498.5796661570489,980778
2024-07-16,481.5780944824219,491.79897727293474,479.63362168162814,486.613736758076,899514
2024-07-18,477.6891479492188,484.8687070433464,472.3543700673329,481.57809354322177,1011349
2024-07-19,479.3345031738281,494.0924491184312,466.7204132764475,477.3900303036305,1920723
2024-07-22,508.50140380859375,539.213898474941,495.1893208946023,508.55124960188607,7913285
2024-07-23,513.836181640625,524.505798458427,478.6364700761311,519.520001895134,3325756
2024-07-24,516.9274291992188,533.4802499945251,509.4487036749493,515.3319377288982,1806932
2024-07-25,513.1880493164062,517.4758220607491,504.7620412031,512.4401798541916,872704
2024-07-26,535.723876953125,540.9589636985952,508.8504194873552,514.5342401262214,2045349
2024-07-29,556.2154541015625,563.3950133466535,539.1640541485241,559.8052641549954,3894743
2024-07-30,557.51171875,559.2567474575939,546.6427193169066,556.2154238824273,1100756
2024-07-31,553.5231323242188,560.5032477929316,548.7866253990207,560.5032477929316,790958
2024-08-01,531.685302734375,557.9105777746643,528.1453997126266,548.4375652834054,1119041
2024-08-02,520.0186157226562,527.4474652624784,514.0855052501092,523.5086735462983,1185201
2024-08-05,498.8289489746094,517.4758403989888,495.58818119016667,499.57681846332696,1956390
2024-08-06,497.831787109375,518.8219784796387,492.3972566801426,498.5796565942664,1307091
2024-08-07,508.2022399902344,513.7863382534508,501.5711366161781,510.1965586248911,873894
2024-08-08,518.3233642578125,530.9374530731664,509.1993632367637,509.2990852476098,1204913
2024-08-09,518.3233642578125,543.4019436568083,513.5868578360286,543.4019436568083,1276048
2024-08-12,512.7891845703125,527.1483032423197,509.8475523795181,514.5342133948104,742381
2024-08-13,506.1081848144531,520.9658825610014,504.562600089301,514.7336370065387,807329
2024-08-14,517.7749633789062,522.1125819628406,498.57964697054047,509.1993873648357,1893925
2024-08-16,584.4849243164062,602.6830808027723,521.01571310281,522.4117604108561,6890740
2024-08-19,605.5250244140625,612.0564060826491,584.5846777484466,588.3240253673065,3938774
2024-08-20,591.8638916015625,605.5249862129749,588.7727221096969,605.5249862129749,961378
2024-08-21,592.66162109375,614.250144847466,587.077553212574,596.3012769785465,1648849
2024-08-22,583.5874633789062,604.2785182530837,582.1415702635371,596.4009356671218,1431756
2024-08-23,584.4849243164062,602.234346963631,580.5959788595428,585.3823311329178,1782972
2024-08-26,610.06201171875,635.0408385435718,585.6316103043465,590.0191353112332,3281098
2024-08-27,605.42529296875,626.1661942236868,600.3895898174165,613.2529691242444,1025832
2024-08-28,607.519287109375,617.2415900216711,597.1488063248837,607.3696888737078,1498738
2024-08-29,598.4950561523438,612.3555346491427,591.6644780636966,608.7657853211978,1238789
2024-08-30,594.2072143554688,608.7657148876816,590.3182689819943,601.2870206015922,1299491
2024-09-02,591.6644897460938,604.9766038954389,589.5206336107713,598.0961798756175,731708
2024-09-03,602.68310546875,609.2144867136064,591.315465100192,593.5092277332894,1048805
2024-09-04,610.01220703125,614.2002882996919,593.409480198481,597.1488276057015,1165960
2024-09-05,622.7260131835938,627.7118099264568,610.7601010007224,613.252999372154,1568744
2024-09-06,611.6575317382812,627.013748259791,607.2700065254082,627.013748259791,1015420
2024-09-09,606.87109375,613.6518253231561,592.4122846596725,613.6518253231561,841009
2024-09-10,607.8184814453125,623.2246058748956,603.2814184868989,609.7629543879978,1359182
2024-09-11,618.1390991210938,633.1961808082003,599.8411887176809,609.4638006919962,1472445
2024-09-12,635.58935546875,648.1535381716764,620.2330780658195,626.1163422185487,2218597
2024-09-13,644.0153198242188,658.1251484888022,631.0522487176211,640.0765892158646,1364312
2024-09-16,645.909912109375,658.0752672809333,638.9297972737662,648.1535204493922,990183
2024-09-17,647.7546997070312,661.1166595540412,641.9711875574963,645.9099792249324,1209920
2024-09-18,661.9143676757812,678.0683613991156,645.5110841136972,647.6550010716552,2628639
2024-09-19,677.1708984375,683.0541630184281,649.2005905037724,675.0768881218626,1677286
2024-09-20,720.7965698242188,746.8723096528008,682.1068014698328,682.8048251465359,12652411
2024-09-23,739.2938842773438,745.8751109112645,716.3093151246862,727.876398816308,3673355
2024-09-24,717.8550415039062,743.8808762338656,715.9604143913076,741.1885338124064,1178551
2024-09-25,721.0957641601562,728.9234402338268,703.5457241572985,718.203977877447,1175370
2024-09-26,727.5773315429688,731.9149502960621,701.6511888894298,723.289497722386,948837
2024-09-27,719.500244140625,724.2865963647815,709.9773854824214,724.2865963647815,1089264
2024-09-30,702.3990478515625,711.9717529583941,694.0228852367538,711.9717529583941,798574
2024-10-01,725.5330810546875,731.9149249081327,699.7565375398939,702.7480154346138,911726
2024-10-03,699.6567993164062,723.4390226494223,698.0114622392773,712.8192524863598,894039
2024-10-04,719.001708984375,725.9319783677961,668.9942060575592,699.5571024209519,1613663
2024-10-07,662.6621704101562,745.6756783478495,654.1863167468483,734.1086553402787,3041207
2024-10-08,726.3308715820312,737.8978953262189,651.6436143184919,662.6622126101298,2529489
2024-10-09,736.5517578125,743.6315646566092,717.1569968200698,733.7098172266836,1291075
2024-10-10,753.1544189453125,759.8353985325865,737.9477393815041,741.8865308507144,1274664
2024-10-11,748.0689086914062,764.8211725274762,739.6927463424848,754.1515559926131,715069
2024-10-14,763.2257690429688,767.6132335406312,739.7925249870384,747.8196453529915,659909
2024-10-15,774.9921875,780.7756990241207,752.5561041947092,765.8681559444733,857615
2024-10-16,777.036376953125,793.9880848879382,762.9265486509096,779.279985356262,958010
2024-10-17,762.9765014648438,780.8754631188928,760.2841590458382,780.7757715285424,694271
2024-10-18,764.8710327148438,769.5576936206186,732.9120891624939,761.181531114052,768711
2024-10-21,732.1143798828125,774.1446084147751,723.4889274794056,768.6602321924821,576162
2024-10-22,687.0926513671875,740.9891031151749,678.3176610881275,729.8209668664318,1477548
2024-10-23,688.388916015625,724.8351380521449,676.6224481470559,697.9616820575097,1356155
2024-10-24,688.4886474609375,697.9118149718064,678.5669003025282,690.0342321959582,651845
2024-10-25,658.723388671875,693.4744257091136,642.170569153315,689.0370547902805,1445881
2024-10-28,679.215087890625,684.3504218165781,633.295853006844,662.0140898047893,1231958
2024-10-29,681.4088134765625,702.6982019911175,665.1551283393594,699.9560137947195,1081936
2024-10-30,690.7821044921875,697.0143501119294,681.0598013253903,685.4473265863979,484206
2024-10-31,738.695556640625,746.82242883337,693.0256753847468,693.0256753847468,2365311
2024-11-01,755.0490112304688,765.818319171463,745.8751337763729,745.8751337763729,418727
2024-11-04,724.9846801757812,757.1430686335591,714.065773317762,755.0490583810187,875707
2024-11-05,747.3709106445312,755.7470732806543,713.0187598841787,723.4390869547797,894580
2024-11-06,764.0234985351562,767.8126918550729,738.8950709929986,755.2983543095305,869363
2024-11-07,745.974853515625,777.4851241462927,742.833838214403,767.5135310723676,660914
2024-11-08,733.8095703125,750.8609703950888,730.4192042687949,750.4620823210853,434158
2024-11-11,730.9177856445312,747.8694941792612,717.0074008804419,726.8793025483183,589877
2024-11-12,727.9761352539062,739.6927570363301,723.0401845434241,733.8593994723435,391162
2024-11-13,672.2847900390625,725.9319464357217,668.1465547359634,713.1184741984262,1598955
2024-11-14,672.9828491210938,692.9758813060754,661.1166288735257,672.2848254250413,810485
2024-11-18,649.8486938476562,679.0654476306288,648.1535109543446,676.0739698877626,940076
2024-11-19,651.59375,691.579813170615,646.7076451359619,658.0752853827832,1054520
2024-11-21,670.5896606445312,677.4201778246014,649.0510431008822,653.1393720775732,597989
2024-11-22,674.7279052734375,680.0128377089624,664.9058490605935,677.7193833533698,835027
2024-11-25,671.1380615234375,697.0143577941592,665.4542412832333,688.0897697959707,786465
2024-11-26,660.1693115234375,677.8688893432401,655.6820946113749,677.8688893432401,955929
2024-11-27,669.5426025390625,673.9799734531427,655.0837931559107,662.1137538215715,529707
2024-11-28,665.8530883789062,678.0682891765724,656.1307857032127,670.0910151862598,1181883
2024-11-29,671.5369262695312,677.569727714057,658.1749676328895,667.7975789863411,1357675
2024-12-02,708.481689453125,712.6199249325714,672.3346644810267,677.5199050631722,1764989
2024-12-03,713.6171264648438,727.8764932630994,705.0415193780389,717.6556097352137,1211813
2024-12-04,720.1983032226562,727.9262877847547,710.4261542713252,716.3093576144393,881403
2024-12-05,727.87646484375,735.1058699836467,715.1626833908282,723.8878275251863,1135756
2024-12-06,737.99755859375,744.4292481204526,721.9433185345822,727.9761200046783,1311030
2024-12-09,738.0474853515625,740.7896734455554,730.7681737217257,740.7896734455554,620508
2024-12-10,735.8536987304688,756.2456180647088,731.316636204213,744.8779779916139,899909
2024-12-11,724.9846801757812,737.6984616590887,722.940515717487,736.9007463658246,432530
2024-12-12,750.6614990234375,756.046183517532,722.691193197596,726.4305405235581,1635707
2024-12-13,757.2926635742188,761.9793245866407,731.3166752606714,747.8694957553463,915682
2024-12-16,784.9638061523438,787.7558399951619,755.8965884711042,757.2926358233998,1608452
2024-12-17,803.8101196289062,841.6024829595988,788.8028837342687,791.3456278789122,5968706
2024-12-18,797.8271484375,809.2944806297202,783.817072148925,802.7132534554169,1184390
2024-12-19,835.2705688476562,838.5113367932595,770.604747323706,777.7843069447827,2090072
2024-12-20,844.8931274414062,871.5172949633281,829.5369095620943,847.5854699300102,4394440
2024-12-23,828.4898071289062,871.5172566744187,824.7006138374595,856.4102684411301,2125672
2024-12-24,818.7675170898438,836.8161378231629,814.0310101822635,832.7277479753434,652188
2024-12-26,816.5737915039062,829.6864000450211,799.8713728936773,821.659279691266,685239
2024-12-27,821.808837890625,828.8886443730424,814.0309468840829,820.5623888013423,579854
2024-12-30,842.0512084960938,877.500210509669,809.6933760611946,824.9499016397463,979487
2024-12-31,852.920166015625,861.5456181344813,825.6478840455445,847.5853882110058,1145593
2025-01-01,853.7179565429688,862.5427919774506,847.7350007604662,855.5626768978643,509196
2025-01-02,866.9302978515625,890.3635408092472,849.7293003613472,856.0612374115872,2056138
2025-01-03,876.6027221679688,887.3720913696585,865.63396979436,867.9274848891702,955371
2025-01-06,853.7179565429688,877.7494712579779,848.582561818278,876.6027137216222,1118027
2025-01-07,882.1370239257812,887.0729139103295,846.6381153292652,850.8760424735817,1292689
2025-01-08,932.892333984375,945.2072873685592,882.4859455386728,887.4717418411512,6513726
2025-01-09,902.5787963867188,933.3411375256254,893.9533437945761,932.8924036525368,1544009
2025-01-10,882.6355590820312,917.3865355683632,869.1739088318434,896.2467467068246,2547175
2025-01-13,822.6564331054688,879.6939579731361,813.7318450830605,876.6027275862206,1715104
2025-01-14,827.5425415039062,842.499931258561,804.7075688004235,827.642233090894,1505754
2025-01-15,892.7068481445312,897.3935089471894,813.1833953218265,833.1764267744906,3276535
2025-01-16,884.6797485351562,909.808175220972,880.2922232436518,894.3522059765814,1865621
2025-01-17,896.9447631835938,904.3237661248102,873.9104083959612,885.1782959723279,1359901
2025-01-20,916.9876708984376,921.873775828936,885.6769052943243,904.4234880225472,1398925
2025-01-21,863.2408447265625,925.3638588544582,858.5541837000953,923.369540193134,1931163
2025-01-22,834.2234497070312,863.4901118079093,816.3244888826699,862.5427982963852,1922885
2025-01-23,847.0867919921875,869.4730295679844,822.855834128744,831.5809776601527,1067571
2025-01-24,807.6990356445312,853.518517801906,801.0679019331104,848.9814551444057,1207696
2025-01-27,666.2020874023438,795.0849237192223,655.3829336113611,794.7359423176185,8554691
2025-01-28,532.981689453125,650.8459405279305,532.981689453125,602.6831545700974,12067018
2025-01-29,586.2798461914062,586.2798461914062,541.1085402566724,565.3893458436975,10539773
2025-01-30,559.8052368164062,620.2330640495118,549.4846018863008,598.2955601763779,6707318
2025-01-31,596.6004028320312,610.2614975475251,553.423416893589,564.1428794730595,3416949
2025-02-01,636.5864868164062,643.167713493492,599.2927066815329,602.9822080630744,2983714
2025-02-03,588.5234375,633.1961624585813,574.4634546984221,633.1961624585813,4118191
2025-02-04,569.9263916015625,612.1062182528219,567.1343577052148,603.4808267362159,1981898
2025-02-05,582.6900024414062,597.2984102761753,573.1671434649503,582.341021037206,1915624
2025-02-06,594.50634765625,617.4410100449277,581.5432776104757,586.2797839733548,3580793
2025-02-07,616.7430419921875,620.2330996267431,579.7484554106079,595.8026961848537,3020669
2025-02-10,631.1520385742188,637.1848406205712,608.7159526368747,621.2302906206821,3128769
2025-02-11,588.8724365234375,631.8001339715274,581.3937414676109,631.1520169170882,2490765
2025-02-12,578.3025512695312,585.8809376449502,549.9832026548677,582.0917444572408,3510799
2025-02-13,595.9024047851562,607.7686254261278,571.9207345268335,580.3467432288866,2269493
2025-02-14,553.8721313476562,599.2927241414284,541.4574862043188,596.0519564984006,1919557
2025-02-17,517.5755004882812,556.1157301394795,510.8945212899637,532.5328893523782,4256149
2025-02-18,509.1495361328125,535.3748435418074,491.5995266607739,528.3448219052119,3846200
2025-02-19,538.71533203125,551.7282492119865,498.57966870083294,505.5597840626446,2453127
2025-02-20,541.4574584960938,546.2438105977385,523.5584382574326,537.2693775839912,1632841
2025-02-21,515.0825805664062,553.2737663456439,510.54551830847953,541.5571455641505,2111232
2025-02-24,512.9387817382812,520.168186853179,492.0482816821872,507.4045292193787,1423969
2025-02-25,507.5042419433594,521.4146264613386,503.5156047116391,511.89170638118713,1079305
2025-02-27,481.5281982421875,513.2378808155707,474.2489478516984,508.3517761204607,1690256
2025-02-28,461.93402099609375,480.6307568701936,452.9595877765258,472.6534828972444,2238300
2025-03-03,449.0208435058594,470.8586576337211,417.56047815956566,465.9227066747632,4376232
2025-03-04,448.8712768554688,470.36007918018527,438.75011550444174,438.75011550444174,3352056
2025-03-05,461.9839172363281,470.6592158016375,449.7687151313068,449.7687151313068,1609782
2025-03-06,462.88134765625,476.1435538422234,459.7901478173798,466.67054072913214,1462116
2025-03-07,499.7762451171875,507.4045075506191,460.0394415791914,462.8813516236543,4493921
2025-03-10,484.76898193359375,513.5370334879813,479.9826295219827,504.3631558630258,2559664
2025-03-11,511.34326171875,514.5341835565715,460.1391575254162,475.2461143866849,3398076
2025-03-12,495.9870300292969,516.5285177077114,489.0567911487004,512.4900347126603,1776489
2025-03-13,489.156494140625,504.4628958478488,482.1265330798611,495.3388941208293,1315715
2025-03-17,489.40576171875,496.58532069635294,483.6222500757654,493.1949852356073,1007855
2025-03-18,489.40576171875,489.40576171875,489.40576171875,489.40576171875,0
2025-03-19,522.2123413085938,526.0015345032767,508.6010924217614,511.5427245501061,2055195
2025-03-20,519.1710205078125,533.3805407139475,515.1324766019125,524.1069104163136,1471803
2025-03-21,538.8150024414062,552.4262512066402,514.6338894598881,517.0270961202942,2487287
2025-03-24,538.1170043945312,556.4646977633524,534.4773488496347,548.238134091693,2721699
2025-03-25,521.0655517578125,544.6982380573218,513.5370116238365,543.4517889999823,2105346
2025-03-26,496.8346252441406,525.3533571101333,495.2391642650568,520.4673130176718,2373823
2025-03-27,508.4017028808594,513.7365115125928,485.6166055487104,498.5796771547335,2503230
2025-03-28,490.2035217285156,512.539884133771,484.61942351948,507.75353162939024,1786809
2025-04-01,475.9939880371094,491.5496788796175,473.899947464503,485.2675571617983,991467
2025-04-02,485.2177429199219,492.1978583285454,465.9725493204698,478.63648516275634,1952257
2025-04-03,482.97412109375,491.898678719016,475.9441296530076,476.6421533470004,1263225
2025-04-04,455.2032165527344,484.1208360051534,447.874089674306,482.4755292604172,1890634
2025-04-07,415.4165649414063,426.1858730658267,375.0814596204823,375.0814596204823,2960128
2025-04-08,433.9138488769531,439.5976688702654,420.8012106042537,438.7002316162913,1504794
2025-04-09,414.219970703125,432.16883825778905,411.427936811421,432.0192704476776,1347287
2025-04-11,437.952392578125,445.28148935359314,425.8368823000583,441.74158588286895,2491644
2025-04-15,475.0965576171875,480.43133549334055,445.7302042477496,448.721682128607,7384243
2025-04-16,468.6648864746094,481.5282357831605,465.374272848313,477.1407408044693,1737447
2025-04-17,470.5096435546875,474.2988368976026,462.1833569283762,467.8671773736371,1517550
2025-04-21,492.1978454589844,505.9087860817074,463.4796388415848,474.0495336987341,6998235
2025-04-22,504.2634582519531,523.5086201142759,501.5711160332967,518.3233797045991,10477936
2025-04-23,495.6878967285156,509.5484049853849,488.6080595750266,508.55124568012974,2550580
2025-04-24,486.7134704589844,497.13376710046384,483.6721162726972,495.5881823259271,1808287
2025-04-25,457.2972717285156,488.50834637387794,454.5052073648837,486.7134717643834,2979548
2025-04-28,451.214599609375,464.6762506474447,448.322843620708,457.6961352943715,2117975
2025-04-29,464.6263732910156,474.1492321320387,453.9069111555384,455.3029280451443,2586105
2025-04-30,450.6163024902344,465.6235689100309,448.7217058185116,464.67625535872537,1474696
2025-05-02,449.4695739746094,460.38848095566567,445.1319247452492,450.7160231536848,818989
2025-05-05,459.9397277832031,463.0807734965208,447.9239703733625,452.4610330225006,1174746
2025-05-06,441.7415771484375,465.17482108294826,439.0492348219047,460.68760415931854,1287206
2025-05-07,447.6746826171875,454.2060638993681,429.0776372149077,429.7756609014877,1328210
2025-05-08,437.0050659179688,454.10634193217504,430.2742406014912,446.7273691528808,1342971
2025-05-09,427.5320739746094,430.7728418822886,412.8738192659816,417.8097702515716,3124290
2025-05-12,449.8185729980469,456.6491203906892,445.8299357387973,453.7074882396377,2379682
2025-05-13,458.7431335449219,472.4540742113985,450.5664453696284,450.71601318163056,2826345
2025-05-14,458.094970703125,463.1804891567935,454.2060555671032,462.0836078540985,1472693
2025-05-15,472.2546691894531,474.5481234975403,456.3001197602884,460.5878927470212,2334968
2025-05-16,512.6395874023438,515.6310653934761,476.1435802552388,476.6421599204275,7792295
2025-05-19,518.9217529296875,528.2950143540102,505.50994742630223,518.1738834130873,3030551
2025-05-20,506.7065124511719,524.2565229184522,502.16944962727615,521.4644889392684,2011260
2025-05-21,514.08544921875,518.4231285581413,497.6323212719879,506.30761908899865,2003912
2025-05-22,518.3732299804688,525.5029432131744,508.00280993317375,513.0384521502433,2067764
2025-05-23,511.0441284179688,518.5228229801829,508.551230230564,518.5228229801829,1002532
2025-05-26,520.7664184570312,525.5029248958458,509.3489328690084,513.5370138925248,1958362
2025-05-27,519.5698852539062,530.2893486400156,518.2735902260813,521.6639564789577,1701571
2025-05-28,515.232177734375,524.2066106549444,511.9415645025199,520.5171093930232,1432911
2025-05-29,543.30224609375,548.8365291613184,515.9302706966598,519.5200200026393,6566528
2025-05-30,559.6058349609375,567.383665656991,544.4490007886064,548.4376381570211,6359926
2025-06-02,578.2527465820312,584.2357028390134,533.9290001391998,563.5944915800694,6400242
2025-06-03,579.4991455078125,593.8083569691612,575.909335548114,583.3381844281432,4510521
2025-06-04,569.2782592773438,581.0945724417461,560.5531155469872,580.3467029791441,2157470
2025-06-05,568.9292602539062,581.5931962888742,566.8850957397771,570.3751534971899,1636431
2025-06-06,574.164306640625,584.3353435644426,566.6856119704316,569.3779542240558,2586010
2025-06-09,584.1358642578125,602.4836184186947,572.3693975263153,579.2996663411916,3127357
2025-06-10,575.6102294921875,592.6117840809268,572.469153223873,588.3240110877274,1742671
2025-06-11,572.3196411132812,582.7399688574337,566.4862221947776,577.0561481913707,1775229
2025-06-12,555.16845703125,577.3552521258981,546.3436213046058,572.3694554754154,1551005
2025-06-13,543.2025146484375,549.9831855409924,502.1195403769264,502.1195403769264,3141898
2025-06-16,550.9803466796875,554.4205583598504,525.6525375450599,543.9005401532544,2084197
2025-06-17,532.6825561523438,557.2126527022554,529.4916339449151,550.9804065400035,1702135
2025-06-18,525.90185546875,543.9504150135831,521.913218145094,532.7822183349913,1651478
2025-06-19,513.5869140625,533.4304095887925,510.89457162932695,527.4972992490798,1945436
2025-06-20,510.4957275390625,525.4531173827985,506.00851058594174,513.636742889182,2985302
2025-06-23,517.3262329101562,522.9103615098381,504.3631620040794,508.5512432383975,2035064
2025-06-24,538.2665405273438,546.443258390949,527.5470787979592,528.4943922394216,3708422
2025-06-25,564.6414184570312,568.2810740200495,539.8620357400929,543.4517846518005,3421846
2025-06-26,562.6471557617188,577.3552559787951,561.40070659078,569.3779812847876,2560319
2025-06-27,552.42626953125,569.3779781630753,550.5316424571005,565.38934083794,1808175
2025-06-30,564.8408813476562,573.1671369175274,552.7752176489863,554.420554791187,2327868
2025-07-01,563.3451538085938,579.1501042314469,561.4505268103596,568.3807960574499,2052555
2025-07-02,551.9775390625,564.8409188600685,548.4376355869756,564.3921849858694,1184591
2025-07-03,543.7509765625,552.9248546735324,542.0557935101718,552.4262750029521,1176210
2025-07-04,545.3963012695312,547.3407741124037,537.369180930263,543.7509640497682,881328
2025-07-07,542.2053833007812,549.4347884114583,540.5102002748881,543.4518324577945,571984
2025-07-08,548.8365478515625,550.8308666143054,532.2338198070163,542.0558153688137,1366962
2025-07-09,546.1441650390625,553.1242801934663,544.5486736295629,550.4319378901272,800443
2025-07-10,552.8251342773438,561.8992594643571,546.9418701263529,547.440449770953,2092244
2025-07-11,559.7055053710938,577.3552372308154,551.8778291764909,556.4148918390242,3082505
2025-07-14,569.8765258789062,573.1172935238869,549.6342047610738,560.4035127628089,2239125
2025-07-15,605.4751586914062,614.7487283086216,567.5332582730995,572.0703210623084,13950965
2025-07-16,605.105712890625,618.9829353309282,599.0157438686401,608.9993395997842,4827734
2025-07-17,600.4134521484375,612.9428521971631,598.3168605519581,608.000960283713,1870937
2025-07-18,588.2334594726562,602.0108090856194,586.0869620645906,601.9609032950895,1719729
2025-07-21,581.9937133789062,591.3782566123876,580.0469000643176,589.5313158140783,2227805
2025-07-22,568.8652954101562,594.5730554498666,566.0699006802239,584.2400578273368,2158079
2025-07-23,561.8268432617188,572.0600287675964,557.1345411354318,572.0600287675964,1964178
2025-07-24,561.427490234375,568.5657856663594,556.8350605011623,563.9733559331466,1470646
2025-07-25,572.50927734375,605.5050472012649,569.21470312389,581.0452390290786,14715797
2025-07-28,562.17626953125,580.9953846575597,559.0813791279484,574.2564573198567,2431027
2025-07-29,577.451171875,580.0468822580813,546.5020266942762,559.0813322969458,2468347
2025-07-30,578.848876953125,586.8357536573697,572.0600439415238,579.9471090609787,1741746
2025-07-31,563.6737670898438,576.7523135130235,556.1860706038733,567.068213870829,1722601
2025-08-01,562.9249877929688,571.0616422089435,560.2294658522434,561.9765950023582,1134453
2025-08-04,561.52734375,567.4675952877038,557.0846315444048,565.0216021915868,1117957
2025-08-05,558.632080078125,572.659019720848,556.0862753850025,563.474160509193,1774301
2025-08-06,542.3088989257812,567.5673823840093,539.2639146021955,559.231104835582,1661672
2025-08-07,545.7033081054688,549.0977549647178,533.1240020930169,539.1141594199047,1234117
2025-08-08,533.0740966796875,548.5486697851029,530.5282920009641,546.1026766878858,817938
2025-08-11,537.8662109375,541.1108794953597,525.6363063732598,534.1223626015081,1126606
2025-08-12,535.5700073242188,543.1076099443442,534.3220578528393,538.7148034310753,527929
2025-08-13,536.0691528320312,543.1075752135093,535.1206991074283,538.7647357048394,678290
2025-08-14,534.8711547851562,541.060996481576,532.1256658898521,536.867873981741,655134
2025-08-18,542.5086059570312,547.7998994056342,539.1141590997978,545.1043164231288,801324
2025-08-19,541.3604736328125,546.7516396529612,540.6117039597381,543.8064667518621,716951
2025-08-20,537.5667114257812,544.7549123666535,536.4185735702486,541.4103713159889,575998
2025-08-21,551.84326171875,558.9315904124944,538.5151856062047,538.5151856062047,2050387
2025-08-22,546.2025146484375,555.6869308807776,544.7049752433312,554.9881279064222,906361
2025-08-25,538.1657104492188,550.9946673995812,536.1190855313105,548.6484858646354,643888
2025-08-26,530.877685546875,538.8146560791517,529.1305563513752,536.1190731333745,606054
2025-08-28,516.7508544921875,531.4267513765137,514.9538195733988,529.0307251298049,818615
2025-08-29,515.5029296875,524.0389525949631,510.4612261429082,517.1502473203514,809376
2025-09-01,520.2951049804688,526.1354839865728,514.7042549273725,517.5496162120379,710256
2025-09-02,537.317138671875,539.7131651052135,519.6461619014752,522.1420608539319,1073790
2025-09-03,543.1076049804688,546.8514533603893,535.1207284366384,539.1141667085535,832465
2025-09-04,532.9742431640625,547.1010557476176,530.9775239825019,547.1010557476176,694291
2025-09-05,534.3719482421875,541.7098665483808,525.2869007264214,532.6248190326147,657580
2025-09-08,527.4832763671875,541.1109094383102,526.3851051685407,536.518479599379,613277
2025-09-09,517.7991943359375,529.9292260580341,516.451372410129,529.9292260580341,830701
2025-09-10,531.9758911132812,538.3155111656115,519.6461743664015,519.6461743664015,1168470
2025-09-11,527.9324951171875,536.0192436849443,524.1387411775746,533.7229680708102,679251
2025-09-12,532.4251708984375,538.1158328952833,527.0340655343482,527.9325526275121,858610
2025-09-15,588.4830322265625,603.0091510796373,535.1706093961722,535.1706093961722,34625724
2025-09-16,594.1737060546875,608.8995093056158,578.1499866505682,590.9789433318867,16525557
2025-09-17,585.9871826171875,601.5615680884941,583.1418211805794,598.0174036760852,2467905
2025-09-18,584.53955078125,596.9691400941776,582.2932416621078,587.0354498025192,2189706
2025-09-19,639.3494873046875,646.7373114958342,579.1983237482023,585.1385143887426,23024363
2025-09-22,676.4884033203125,687.570230830869,642.4443672097078,643.3429151742232,26143356
2025-09-23,665.107177734375,682.8779664280994,661.6129191342312,677.8362626348988,5072389
2025-09-24,675.9892578125,707.6372691802961,656.6211182187155,663.9091310796508,24359780
2025-09-25,676.6881103515625,683.8264057142903,666.0556173979235,675.8894348754961,5096720
2025-09-26,678.5850219726562,701.3476083189919,665.1071675779141,678.1357479724915,14805383
2025-09-29,698.0031127929688,718.7190737236608,684.3754803850309,694.8582557957425,17400528
2025-09-30,697.0047607421875,712.8287356110816,690.2158668931036,704.8418590216016,6086696
2025-10-01,697.9032592773438,706.4891883132847,683.077643738267,696.8549938947381,3973896
2025-10-03,718.6192016601562,730.499704840478,698.1029248160995,699.8500540523215,11266163
2025-10-06,703.843505859375,721.2149869737473,694.209311511542,719.817259183843,5342939
2025-10-07,734.3932495117188,742.4300925158334,695.9564074173732,698.8516744426477,9564387
2025-10-08,698.8017578125,718.818853990079,694.858225523743,718.818853990079,8326793
2025-10-09,697.204345703125,712.0799269098843,685.2240314754088,699.850022802424,5775140
2025-10-10,693.0612182617188,703.3942153265901,686.0727013465315,699.350871298381,4515600
2025-10-13,684.4254150390625,698.8517235187055,678.884531418171,690.315761082734,3114171
2025-10-14,656.3215942382812,688.4188172926202,652.9271473855061,688.3689115019977,3737050
2025-10-15,661.463134765625,679.1341117116108,657.2700122968266,660.9140491776352,5519034
2025-10-16,632.3109741210938,661.9123580993997,628.9664941216015,661.9123580993997,7792565
2025-10-17,619.9812622070312,641.1964020168532,617.9845431661068,634.5572868317678,7822710
2025-10-20,634.9566650390625,637.5024696694301,617.9845529232384,623.9747101405882,4171994
2025-10-21,642.9934692382812,644.7405984867779,638.5008511707185,638.9501251644813,1178713
2025-10-23,626.3707885742188,646.8371587784015,624.9730608691897,646.0384224126537,2680588
2025-10-24,616.4371337890625,630.8634418820529,614.6400987351852,626.9698151527915,2371265
2025-10-27,629.7152709960938,633.9582989814023,614.0410142515949,616.9861870401679,2807467
2025-10-28,623.7750244140625,631.9615847766908,620.0311761630157,631.9615847766908,1481217
2025-10-29,634.5573120117188,639.748793911132,622.3773741267896,626.4706239490977,2611765
2025-10-30,642.1947631835938,652.0285801113439,632.1612621642333,634.7569725500775,4226463
2025-10-31,643.3428955078125,652.9271224728519,639.4492690273114,642.6440316606676,2188499
2025-11-03,649.1334228515625,651.8789117462526,633.4092591819735,642.943581156527,1854621
2025-11-04,644.3911743164062,656.1718046472201,641.4460014999452,649.9320575509172,1743841
2025-11-06,622.2775268554688,644.3413105893413,620.4804917614288,644.3413105893413,1697604
2025-11-07,618.8331298828125,622.277482446016,600.6630351969827,615.9878295982265,3044621
2025-11-10,626.6204223632812,642.3445859390496,623.0262912706569,634.0581525764908,3662394
2025-11-11,613.8413696289062,628.4673619985979,610.7963850659595,628.4673619985979,1764600
2025-11-12,618.98291015625,624.4738875850554,613.2922486339365,614.9894720262097,1328106
2025-11-13,614.3905029296875,623.3757390476613,610.24728634572,618.9829325715278,1346526
2025-11-14,615.0892944335938,625.6220364350195,610.2971807801902,612.8429854459016,1504973
2025-11-17,632.3609619140625,641.8952834079964,625.5720682413892,625.671940757182,4483128
2025-11-18,620.2308959960938,633.4591605787066,618.982946507168,632.6604850928009,1204700
2025-11-19,616.5369262695312,619.9812788948421,612.3937707091109,619.9812788948421,999938
2025-11-20,617.784912109375,627.5189182695071,616.4371510150629,619.2325457253246,1159562
2025-11-21,609.4486083984375,616.6368094505799,607.2022993780824,613.691636547997,960048
2025-11-24,569.813720703125,615.7881664020213,565.4209142509804,610.6965570036539,3023350
2025-11-25,593.4249267578125,595.7710472704123,570.6622808120252,573.9069492722327,3526422
2025-11-26,604.1073608398438,613.991145110762,589.0820612643838,593.3749952952247,6960205
2025-11-27,586.5861206054688,608.0009443802519,584.0403160302913,608.0009443802519,1907837
2025-11-28,575.50439453125,586.0370759581418,573.0584013628167,586.0370759581418,1604637
2025-12-01,571.7605590820312,582.5428306499855,569.9635239765447,578.150024005432,1384284
2025-12-02,554.7883911132812,570.5624591620775,553.091167761664,570.5624591620775,1694727
2025-12-03,552.4422607421875,565.870209560283,546.2524799651034,555.0879380583859,1646548
2025-12-04,539.4635620117188,552.0928347761811,538.6149807626576,552.0928347761811,1358590
2025-12-05,525.4366455078125,543.8563923223501,524.1387902142887,539.8629539207174,1984423
2025-12-08,502.3246154785156,531.1272953916607,497.2829117976127,525.8360018163066,3342660
2025-12-09,503.8221435546875,513.106905700704,483.2060248285431,502.274698430776,4915480
2025-12-10,508.065185546875,524.6379607133401,501.1765105196894,506.1683084332321,4678893
2025-12-11,504.0717468261719,516.9505793396478,501.825437766815,509.5128187347317,2736690
2025-12-12,549.5470581054688,555.6370273368734,505.4195512693638,506.5676587244228,18532409
2025-12-15,549.6468505859375,556.086282017128,539.114169280519,545.1043267169692,4713751
2025-12-16,538.3654174804688,546.6018842291269,535.3703386627749,546.1027044261779,1363555
2025-12-17,524.5880737304688,544.4054877837792,522.4914819705871,537.2172863435361,1744306
2025-12-18,530.7279052734375,534.0225404921852,516.7009659714544,523.240208749066,1579485
2025-12-19,550.6951293945312,555.187747581548,529.2803647844452,532.1256652622088,3779244
2025-12-22,560.3792114257812,563.0747944372212,549.4971287326059,553.8898742558488,1536309
2025-12-23,557.334228515625,563.6737873947679,550.6951130182285,561.4774450944562,1099872
2025-12-24,565.8701782226562,572.9585675569786,554.0895477723406,556.1860784439533,1880938
2025-12-26,553.7401733398438,564.0731707665989,550.6951278292713,564.0731707665989,1343631
2025-12-29,534.7213745117188,555.6869259990234,531.9758856264765,553.5903952243065,1585830
2025-12-30,543.4071044921875,547.5004153107575,523.1404173064444,536.1190917816043,1917005
2025-12-31,546.4021606445312,557.783483703505,539.3138323287865,545.1043054376381,1726877
2026-01-01,551.5936279296875,555.2875702946839,545.453692584151,547.0511043572723,759230
2026-01-02,583.0919189453125,587.0354515979861,551.094505581783,551.5936853875636,5453591
2026-01-05,587.0853271484375,597.6679750468526,580.1467160185158,586.0370617973056,3207511
2026-01-06,584.2400512695312,592.2768338785161,579.1483807383793,587.0354459680867,1523635
2026-01-07,590.57958984375,594.2236266383736,575.6541021257491,581.0951739544893,1382276
2026-01-08,570.1631469726562,607.402009048001,566.1697085461343,585.0387294854643,4682045
2026-01-09,550.1959228515625,574.5060144206427,546.1026730763735,566.0698640480874,2224233
2026-01-12,567.5175170898438,571.0616814221529,532.1256576888244,544.1059726836946,3239215
2026-01-13,565.62060546875,575.5542954347253,555.1877357148868,569.0649581921829,1590845
2026-01-14,551.094482421875,566.968423952605,547.2508224529093,565.0216106048691,1062194
2026-01-15,551.094482421875,551.094482421875,551.094482421875,551.094482421875,0
2026-01-16,550.6452026367188,566.9184512631051,546.1026788298026,551.5936564048737,1969499
2026-01-19,541.3604736328125,549.1975718369788,535.1207263571923,547.8498107994576,1351672
2026-01-20,517.3499145507812,542.4087140851655,514.4546475738075,541.8097227482195,2040054
2026-01-21,520.64453125,531.6763926398148,512.1584746524449,520.8941211499281,3037227
2026-01-22,536.8179321289062,546.4021592546939,522.3916247156394,534.9210246455589,3356845
2026-01-23,500.5774841308594,535.9194069443015,496.983383572243,535.869501152626,2901719
2026-01-27,489.345947265625,506.1683124616507,484.7035812625866,506.1683124616507,2447533
2026-01-28,488.84674072265625,504.720651252,477.715037989446,492.8901151240792,3517408
2026-01-29,488.84674072265625,502.1748466221344,485.4523243936637,492.5905889827616,1943319
2026-01-30,503.47271728515625,514.1551768355419,477.2158728687166,486.2011089687552,3160804
2026-02-02,557.2843017578125,569.6140175776369,536.418563209616,537.1174270675276,27815781
2026-02-03,565.62060546875,586.0370709803708,559.3808581201515,584.0403518288193,8717839
2026-02-04,554.2393188476562,565.7204534715361,547.3007079096967,559.0314324167044,3536780
2026-02-05,546.6517944335938,557.384160283601,542.6583559777771,553.8899016347614,2452298
2026-02-06,546.8514404296875,553.9897355459586,536.11907532769,544.8048155507313,1844489
2026-02-09,563.374267578125,572.060007629665,556.1860668135736,562.2261906857848,3825935
2026-02-10,564.6222534179688,581.8439563296226,560.4790976843011,574.0567637217945,5162882
2026-02-11,563.1246948242188,566.0698676985455,554.0895530382588,565.0715081435217,1758090
2026-02-12,547.9496459960938,563.074818418039,546.1027050969278,559.9299612815839,1892370
2026-02-13,532.175537109375,543.3072702811634,528.8310570463871,543.1075861874708,2090615
2026-02-16,542.7581787109375,545.1042992144972,524.138749244709,529.1305468565632,1950303
2026-02-17,543.357177734375,549.0977450691893,533.6730780434214,542.7581863864934,1904520
2026-02-18,555.2376708984375,568.5158403149106,538.1656865615183,543.5069465494993,5762584
2026-02-19,544.854736328125,575.0551133760879,540.2123399450863,555.3375118323765,5545616
2026-02-20,547.7999267578125,556.0862992818275,539.2139976046487,541.1109052257639,2099811
2026-02-23,546.7516479492188,552.4422488029064,541.1108919524539,552.1926589080944,1225217
2026-02-24,543.0078125,547.6002423002453,535.1207472614977,547.6002423002453,1169338
2026-02-25,536.6681518554688,547.7998849618285,534.1223472471844,546.0028499992178,1341423
2026-02-26,535.0209350585938,546.1027022662163,534.1223870428257,537.1174658486734,1074853
2026-02-27,528.930908203125,537.0176575900425,523.040623076147,533.6232105483683,1633800
2026-03-02,508.2648620605469,518.5479838893979,502.6740423873629,504.4710774223967,2143411
2026-03-04,488.497314453125,501.1764928946369,484.204380585456,499.1797737994392,2517876
2026-03-05,490.99322509765625,500.32789318508304,480.0112698106874,493.88849222914286,2218265
2026-03-06,488.3475646972656,496.8835570762336,486.300939819729,489.8950402704779,1049282
2026-03-09,472.42376708984375,478.2142404870224,461.7912131517662,477.91474479898494,2211447
2026-03-10,484.5538330078125,489.1961990069259,474.7698907471639,484.2044010578756,1255460
2026-03-11,471.7748107910156,492.989952021114,470.22736561770927,484.5538317889496,1477633
2026-03-12,468.8296508789063,474.9695560192835,457.2486740027995,466.2339099548195,2016171
2026-03-13,449.2618103027344,472.2739863990123,447.2650911458333,468.8296641338679,1589366
2026-03-16,441.2250061035156,447.1652270215658,426.4492667912964,447.1652270215658,2841055
2026-03-17,448.2135314941406,449.8108823977569,434.785583379568,443.121891703196,1647512
2026-03-18,470.0276794433594,472.2240827127509,450.0604877853149,451.15868942001066,2159124
2026-03-19,447.0653991699219,461.2421171212613,445.3182699384019,457.2486788777872,1551358
2026-03-20,465.0858154296875,469.22900158421504,452.7560685498756,454.0539238140594,2239014
2026-03-23,441.4246826171875,455.2519689066493,439.2782156116792,454.2536093257137,1717859
2026-03-24,448.56292724609375,456.25030785872826,441.674252542605,456.25030785872826,1825779
2026-03-25,455.00238037109375,468.97941454596,452.8059770994652,453.9541149949854,2135406
2026-03-27,436.5826110839844,452.7560476867005,433.6873745351689,452.7560476867005,3151476
2026-03-30,405.0344848632813,429.2447041445228,402.3389018697037,428.2962503774265,4152398
2026-04-01,447.4647521972656,451.9074338119947,419.66043327626215,424.3027989834011,5712979
2026-04-02,451.0089416503906,454.5531059832708,426.3993840212993,428.7455351350094,2452336
2026-04-06,454.80267333984375,457.1987605944714,437.4811598060721,449.2617901154262,2040997
2026-04-07,458.6963195800781,461.7413041011984,445.8673929293848,450.2601689721956,1589197
2026-04-08,484.4040832519531,486.89998221663234,473.9213076003003,485.2027587336438,2223420
2026-04-09,475.9679260253906,486.80013347678687,470.6766324799701,484.204392495678,1922429
2026-04-10,487.29931640625,493.0398839831775,479.1127556747556,479.2125977261185,1912472
2026-04-13,484.5038757324219,488.64709222443474,464.3869369638263,473.3721728823816,1860626
2026-04-15,502.5242919921875,508.8139450503618,492.1912644244589,493.88848786810127,2786215
2026-04-16,509.1633911132813,512.0086915719597,498.18143561868106,507.66585172765394,1997409
2026-04-17,512.5578002929688,518.1485892129699,508.4644897131205,509.6625333202719,1445420
2026-04-20,505.9686279296875,515.8524122428391,501.376198190566,510.4612460838413,1940004
2026-04-21,513.55615234375,525.187003984225,507.4661228188618,508.4644823211357,2080621
2026-04-22,517.5496215820312,520.2951103789488,509.5627146143916,512.158455570435,1063103
2026-04-23,509.4129638671875,519.1469695461784,506.867159184304,517.0504388508699,1204779
2026-04-24,461.6414489746094,513.5062092208917,446.6161499618424,509.9620450119381,7150693
2026-04-27,500.0783081054688,509.0635443358356,465.2355648167718,465.2355648167718,13763024
2026-04-28,492.2911071777344,505.868803343729,490.6937257815851,500.0782995911275,2118322
2026-04-29,490.0946960449219,498.58075220335866,488.3975030937438,494.1879762854357,1318300
2026-04-30,486.1012573242188,493.9882916517467,480.4106261870221,487.0996168711847,1245703
2026-05-01,486.1012573242188,486.1012573242188,486.1012573242188,486.1012573242188,0
2026-05-04,509.5128173828125,512.1584641744207,491.192913009386,492.1912725886733,2861685
2026-05-05,519.5962524414062,524.8376402045643,509.2632247576772,511.3597859564436,3501412
2026-05-06,555.7368774414062,558.7818619342804,524.2385843490416,525.137132333511,6328940
2026-05-07,554.9880981445312,563.9233673678073,549.1975640072835,560.1795190558097,4346939
2026-05-08,559.929931640625,563.9233698577215,547.1010357422151,555.087912176408,2279805
2026-05-11,537.66650390625,559.9798755980523,535.8694689686288,559.9299088743452,3887455
2026-05-12,501.6257629394531,552.1926370672824,499.1797698800349,542.808093954556,4790746
2026-05-13,497.1830749511719,510.41133949555547,493.9384062893419,502.1748728924487,2553741
2026-05-14,493.5889587402344,507.1666548048921,482.3574137273308,503.1732165780819,2217788
2026-05-15,487.3991394042969,498.2812522920893,485.4523261151325,498.1814102446295,1076313
2026-05-18,475.46875,480.3607058487539,463.23884514435696,479.21259842519686,2123184
2026-05-19,481.6585693359375,488.7968339100992,476.4171817827571,479.2125762907806,1533816
2026-05-20,487.8983154296875,489.1961706341599,471.2256990598438,476.2174967193761,1197705
2026-05-21,509.4129638671875,512.1584526484413,489.1961828415912,495.1863401825086,2044302
2026-05-22,503.1233215332031,516.8008599391658,501.4760038554471,509.1633847932538,1419443
2026-05-25,506.66748046875,513.2067234483847,505.1699411176109,513.2067234483847,912547
2026-05-26,502.9735412597656,514.0553690936299,501.7755280513192,505.8188721395398,1070652
2026-05-27,507.4661560058594,509.5627171912473,499.1797837820832,503.1732220523399,897810
2026-05-28,507.4661560058594,507.4661560058594,507.4661560058594,507.4661560058594,0
2026-05-29,513.3065795898438,527.1338347835439,503.1732059297465,509.9620385846497,3429985
2026-06-01,537.7664184570312,548.0495100647987,516.1519089221576,521.1437068807859,8827842
2026-06-02,551.294189453125,562.3260509691072,545.1043476771106,559.0813822329338,9361239
2026-06-03,547.1010131835938,558.08296782779,539.6133168352782,549.0977322098113,2655115
2026-06-04,588.3831787109375,591.9773096659595,541.1108782082683,541.9095536643739,13503181
2026-06-05,569.1148681640625,597.8177061784353,565.5707038310335,594.2236360532576,4258654
2026-06-08,536.4185791015625,557.0846341690329,530.6281058438011,556.0862746095902,3763712
2026-06-09,539.8629150390625,551.9930076844098,534.1223477501588,539.9128208284818,2494493
2026-06-10,518.4979858398438,542.8080764081919,516.1518653712585,540.4618950045782,1783778
2026-06-11,512.4080200195312,527.3335069250796,509.4628472693348,513.1567896542407,1727954
2026-06-12,533.872802734375,535.1207522498831,519.6461782575824,519.6461782575824,2003498
2026-06-15,536.4185791015625,545.9029949162682,534.1722700928163,544.1059598962777,1621264
2026-06-16,539.8130493164062,547.2508405428324,534.8212513033732,540.1125450101814,1493144
2026-06-17,530.0291137695312,541.1108804904334,527.6829322469763,540.1125209323329,1620936
2026-06-18,527.8826293945312,537.4169512230665,524.138780959109,531.1272980385638,1620107
2026-06-19,519.3466796875,526.1355128272969,516.0521051717933,526.1355128272969,1660399
2026-06-22,531.4267578125,534.0225291133233,520.2451190540223,522.1420265071229,1651719
2026-06-23,521.9423828125,537.9161362937397,520.2451593181115,531.0773974585975,1939150
2026-06-24,527.7328491210938,529.929252382049,516.1519023779233,519.146981115126,1345998
2026-06-25,521.6927490234375,533.6730631264426,519.6461242178465,529.5798135152606,1046702
2026-06-26,521.6927490234375,521.6927490234375,521.6927490234375,521.6927490234375,0
2026-06-29,512.9072265625,522.8409164221038,511.16009732360095,520.4947348831344,851636
2026-06-30,520.3948974609375,522.1420266130846,510.4113023058116,513.2066967622411,851082
2026-07-01,516.0520629882812,525.0372987157497,512.1584364656998,522.1420317184425,876099
2026-07-02,536.76806640625,541.1109063172547,517.1502757792213,517.1502757792213,2163827
2026-07-03,553.7900390625,555.8366638956758,531.5765396971137,540.1125014235485,4106068
2026-07-06,549.9962768554688,560.0297777151842,543.2073834589182,555.9864338982874,1983441
2026-07-07,537.21728515625,554.08958704571,534.8711644319624,551.6934995925793,1257210
2026-07-08,543.8563842773438,571.3611786747167,527.3335453220099,531.1272995604348,10130986
2026-07-09,568.515869140625,571.0616738562995,547.2008557669623,547.2008557669623,3209123
2026-07-10,584.888916015625,588.0836787518278,568.7654458986669,574.0567393087676,4488608
2026-07-13,588.1835327148438,590.2800633226122,571.0616426562947,579.0485187773618,2623045
2026-07-14,572.708984375,587.8840008967647,570.0633071743464,582.0436218610226,1367955
2026-07-15,572.2597045898438,583.640966865867,564.0731441165443,564.0731441165443,1138367
2026-07-16,573.0084838867188,584.8889261360952,570.0633109862109,574.7556131235416,1633835
2026-07-17,591.128662109375,594.0239291633432,560.0797046397234,572.8087888360808,4283442
2026-07-20,599.8143920898438,602.0107952379167,581.5444249188831,594.0239190158549,3798674
2026-07-21,607.8511962890625,610.9960532903049,597.1687977001498,602.0108172125063,3674074
2026-07-22,615.3388671875,626.7201901155821,605.3552719646312,618.9829038178589,7842106
2026-07-23,586.1868286132812,617.9346498160542,584.5395109973465,613.9911174438396,2847352
2026-07-24,585.5877685546875,590.679438704969,575.0550877286087,579.2482099303024,3000923
2026-07-27,615.8880615234375,618.5835836950137,585.3382212069098,587.0354447136671,4640775
2026-07-28,608.9494018554688,623.9747004554296,601.7612011192164,615.5884561072969,1921603
2026-07-29,612.393798828125,619.9314015695965,606.4535470617215,610.9461652310131,1555849
2026-07-30,608.5999755859375,614.8896896878806,601.7612368370411,612.8929705279071,3018560
2026-07-31,624.5,632.4000244140625,608.5,613.0999755859375,4084776
2026-08-03,626.1500244140625,641.7000122070312,621.1500244140625,626.0,2760905
2026-08-04,630.4000244140625,634.0,623.3499755859375,626.25,1481640
2026-08-05,628.2000122070312,639.0,624.2999877929688,633.5,1258171
2026-08-06,617.4000244140625,632.2000122070312,615.2999877929688,629.7000122070312,1198644
2026-08-07,615.9000244140625,627.2999877929688,613.5,616.9500122070312,1039127
2026-08-10,604.25,628.3499755859375,593.2999877929688,620.0,2698569
2026-08-11,606.25,613.0,597.3499755859375,604.7999877929688,1211984
2026-08-12,614.6500244140625,620.2000122070312,600.1500244140625,609.0,1700060
2026-08-13,627.0499877929688,631.4500122070312,606.0499877929688,614.0,2146807
2026-08-14,629.9500122070312,631.4500122070312,618.5,629.9000244140625,1472651
2026-08-17,627.5499877929688,634.4000244140625,622.75,629.0,1000410
2026-08-18,627.0499877929688,633.0,621.9500122070312,623.0,1119254
2026-08-19,631.5499877929688,640.5,621.0,627.0,4252327
2026-08-20,633.8499755859375,649.0,630.5499877929688,633.7000122070312,3857969
2026-08-21,625.0,642.9500122070312,623.0,637.0499877929688,1207841
2026-08-24,614.5999755859375,631.0,612.5999755859375,625.0,1020259
2026-08-25,613.1500244140625,616.4000244140625,609.0,614.0,821262
2026-08-26,606.3499755859375,617.6500244140625,598.25,613.1500244140625,1356485
2026-08-27,605.25,610.75,603.0,608.7000122070312,823699
2026-08-28,606.1500244140625,611.9000244140625,603.2000122070312,605.25,615598
2026-08-31,603.9000244140625,606.4000244140625,590.9000244140625,603.0,1596650
2026-09-01,587.7999877929688,604.75,584.5999755859375,603.9000244140625,1114268
2026-09-02,588.8499755859375,594.8499755859375,571.3499755859375,583.0,1282254
2026-09-03,628.2999877929688,640.25,598.0,598.0,22186819
2026-09-04,625.4500122070312,646.4000244140625,622.0999755859375,633.0,4215356
2026-09-07,638.25,644.7999877929688,615.2000122070312,622.0,5173652
2026-09-08,625.8499755859375,641.0,623.0499877929688,641.0,1005063
2026-09-09,613.5999755859375,625.7999877929688,612.5,622.0,2109667
2026-09-10,608.8499755859375,615.9500122070312,605.2999877929688,610.0499877929688,1181722
2026-09-11,598.3499755859375,604.4500122070312,585.0499877929688,602.0,2041960
2026-09-14,598.3499755859375,598.3499755859375,598.3499755859375,598.3499755859375,0
2026-09-15,585.9000244140625,605.2999877929688,583.0499877929688,601.0499877929688,1793456
2026-09-16,583.5,594.9000244140625,576.8499755859375,585.0,2951237
2026-09-17,596.9000244140625,600.2000122070312,579.4000244140625,582.0,1898147
2026-09-18,600.5499877929688,605.75,595.0,595.0,894833
