Date,Open,High,Low,Close,Volume
2010-02-25,50.0,50.0,40.900001525878906,42.20000076293945,37219000
2010-02-26,42.0,42.70000076293945,37.84000015258789,40.11000061035156,22626865
2010-03-02,40.5,41.20000076293945,38.93000030517578,40.22999954223633,5066365
2010-03-03,40.400001525878906,40.70000076293945,39.619998931884766,40.02999877929688,1104795
2010-03-04,40.400001525878906,43.5,39.81999969482422,42.70000076293945,8896670
2010-03-05,43.02000045776367,43.380001068115234,41.45000076293945,42.91999816894531,1803490
2010-03-08,43.400001525878906,44.959999084472656,42.52999877929688,44.63999938964844,3922555
2010-03-09,44.20000076293945,44.77999877929688,43.20000076293945,43.560001373291016,778210
2010-03-10,43.58000183105469,44.400001525878906,43.02000045776367,43.68999862670898,549470
2010-03-11,43.31999969482422,43.84999847412109,43.0,43.16999816894531,181790
2010-03-12,43.400001525878906,43.59999847412109,41.459999084472656,42.0,194175
2010-03-15,41.900001525878906,42.369998931884766,41.0,41.650001525878906,279850
2010-03-16,42.09000015258789,42.650001525878906,41.02999877929688,41.560001373291016,312390
2010-03-17,41.400001525878906,42.70000076293945,41.400001525878906,41.7599983215332,200900
2010-03-18,42.16999816894531,42.400001525878906,41.59999847412109,42.119998931884766,176815
2010-03-19,41.7400016784668,42.20000076293945,40.220001220703125,41.61000061035156,398860
2010-03-22,40.400001525878906,43.38999938964844,40.400001525878906,40.93000030517578,411735
2010-03-23,41.77999877929688,41.77999877929688,40.650001525878906,41.02000045776367,227380
2010-03-25,41.380001068115234,41.97999954223633,40.43999862670898,40.630001068115234,59730
2010-03-26,41.20000076293945,42.290000915527344,40.79999923706055,41.02999877929688,376135
2010-03-29,40.70000076293945,41.400001525878906,40.11000061035156,40.61000061035156,371460
2010-03-30,40.54999923706055,41.70000076293945,40.41999816894531,41.2599983215332,183130
2010-03-31,40.86000061035156,42.16999816894531,40.400001525878906,41.5,173385
2010-04-01,41.5,42.79999923706055,41.5,42.040000915527344,234625
2010-04-05,42.790000915527344,43.34000015258789,41.61000061035156,41.93000030517578,311520
2010-04-06,42.79999923706055,42.95000076293945,41.25,41.54999923706055,49950
2010-04-07,41.400001525878906,42.20000076293945,41.400001525878906,41.880001068115234,77000
2010-04-08,42.20000076293945,42.560001373291016,41.0,41.650001525878906,2487640
2010-04-09,41.70000076293945,42.79999923706055,40.79999923706055,41.34999847412109,256115
2010-04-12,41.45000076293945,41.79999923706055,41.119998931884766,41.58000183105469,48150
2010-04-13,41.20000076293945,41.75,40.97999954223633,41.02999877929688,48510
2010-04-15,41.13999938964844,42.369998931884766,41.119998931884766,42.040000915527344,203365
2010-04-16,41.900001525878906,43.86000061035156,41.79999923706055,43.400001525878906,503605
2010-04-19,42.040000915527344,44.97999954223633,42.040000915527344,43.95000076293945,708085
2010-04-20,44.20000076293945,45.959999084472656,43.68000030517578,44.97999954223633,1040600
2010-04-21,45.20000076293945,45.20000076293945,42.91999816894531,43.93000030517578,343895
2010-04-22,44.79999923706055,44.79999923706055,42.79999923706055,43.040000915527344,107555
2010-04-23,43.58000183105469,44.5,42.59999847412109,43.08000183105469,116785
2010-04-26,43.43999862670898,43.97999954223633,42.59999847412109,42.65999984741211,1214105
2010-04-27,44.0,44.0,42.84999847412109,43.619998931884766,123580
2010-04-28,43.58000183105469,43.58000183105469,41.79999923706055,41.880001068115234,86635
2010-04-29,42.59000015258789,42.97999954223633,41.79999923706055,42.220001220703125,608960
2010-04-30,42.72999954223633,42.900001525878906,41.79999923706055,41.959999084472656,36130
2010-05-03,41.59999847412109,42.0,41.400001525878906,41.59000015258789,34755
2010-05-04,41.9900016784668,43.20000076293945,40.79999923706055,42.34000015258789,141495
2010-05-05,40.900001525878906,42.59999847412109,40.900001525878906,42.119998931884766,168740
2010-05-06,42.0,43.0,41.40999984741211,42.34999847412109,87000
2010-05-07,41.400001525878906,41.77000045776367,40.20000076293945,40.56999969482422,52975
2010-05-10,41.150001525878906,41.58000183105469,40.83000183105469,41.18000030517578,33095
2010-05-11,41.20000076293945,41.959999084472656,40.95000076293945,41.09000015258789,44780
2010-05-12,41.790000915527344,41.95000076293945,40.59999847412109,41.310001373291016,703220
2010-05-13,41.04999923706055,43.130001068115234,41.04999923706055,41.7599983215332,1498270
2010-05-14,42.18999862670898,42.18999862670898,40.619998931884766,40.869998931884766,562815
2010-05-17,40.400001525878906,40.869998931884766,39.11000061035156,40.47999954223633,238505
2010-05-18,40.97999954223633,41.560001373291016,39.70000076293945,39.959999084472656,132745
2010-05-19,41.0,41.0,37.900001525878906,38.56999969482422,2153590
2010-05-20,38.20000076293945,40.619998931884766,38.20000076293945,40.04999923706055,424310
2010-05-21,39.0,40.54999923706055,38.220001220703125,39.400001525878906,2596000
2010-05-24,39.65999984741211,40.09000015258789,38.81999969482422,39.119998931884766,1028855
2010-05-25,38.959999084472656,38.959999084472656,37.02000045776367,37.34000015258789,1474670
2010-05-26,37.84999847412109,38.20000076293945,36.11000061035156,37.02999877929688,685245
2010-05-27,37.56999969482422,38.95000076293945,37.45000076293945,37.75,858455
2010-05-28,38.9900016784668,38.9900016784668,37.79999923706055,38.119998931884766,24140
2010-05-31,38.220001220703125,38.79999923706055,36.900001525878906,37.31999969482422,23160
2010-06-01,37.79999923706055,37.79999923706055,36.40999984741211,36.58000183105469,800050
2010-06-02,36.75,37.20000076293945,36.70000076293945,36.84000015258789,20260
2010-06-03,37.04999923706055,38.0,36.900001525878906,37.060001373291016,20145
2010-06-04,36.84999847412109,39.150001525878906,36.5099983215332,37.25,216615
2010-06-07,43.0,43.0,36.400001525878906,37.18999862670898,204305
2010-06-08,37.02000045776367,38.18000030517578,37.02000045776367,37.77000045776367,109500
2010-06-09,38.52000045776367,38.59999847412109,37.20000076293945,37.40999984741211,37130
2010-06-10,37.34000015258789,37.95000076293945,37.13999938964844,37.72999954223633,107605
2010-06-11,37.79999923706055,38.380001068115234,36.79999923706055,37.2400016784668,14265
2010-06-14,37.5099983215332,37.79999923706055,37.0,37.16999816894531,31680
2010-06-15,37.16999816894531,37.54999923706055,36.59999847412109,36.63999938964844,568000
2010-06-16,36.91999816894531,37.5,36.209999084472656,36.86000061035156,112605
2010-06-17,36.900001525878906,37.15999984741211,36.209999084472656,36.68000030517578,21450
2010-06-18,36.36000061035156,36.77999877929688,35.599998474121094,35.91999816894531,75585
2010-06-21,36.0,36.560001373291016,35.599998474121094,36.209999084472656,31850
2010-06-22,35.70000076293945,36.70000076293945,35.70000076293945,36.34999847412109,16760
2010-06-23,36.0,37.58000183105469,35.20000076293945,36.52999877929688,54170
2010-06-24,36.79999923706055,38.18000030517578,36.400001525878906,37.220001220703125,75800
2010-06-25,37.68999862670898,37.68999862670898,36.70000076293945,36.72999954223633,52545
2010-06-28,37.150001525878906,38.400001525878906,36.25,38.04999923706055,3580240
2010-06-29,38.79999923706055,39.79999923706055,35.0,35.099998474121094,26720580
2010-06-30,35.400001525878906,37.36000061035156,35.2599983215332,36.650001525878906,8701125
2010-07-01,36.68000030517578,36.900001525878906,36.09999847412109,36.47999954223633,1429680
2010-07-02,36.59999847412109,36.7400016784668,35.29999923706055,35.43000030517578,493535
2010-07-05,35.849998474121094,36.08000183105469,34.40999984741211,34.58000183105469,325965
2010-07-06,34.810001373291016,35.27000045776367,34.5,34.779998779296875,568360
2010-07-07,34.79999923706055,35.20000076293945,34.04999923706055,34.2400016784668,205220
2010-07-08,34.70000076293945,35.939998626708984,34.04999923706055,35.20000076293945,2212700
2010-07-09,35.58000183105469,36.880001068115234,35.310001373291016,36.5099983215332,2133855
2010-07-12,37.20000076293945,37.79999923706055,36.20000076293945,36.40999984741211,1387330
2010-07-13,36.65999984741211,36.79999923706055,35.810001373291016,36.56999969482422,237330
2010-07-14,36.59999847412109,36.77999877929688,35.619998931884766,35.7599983215332,341000
2010-07-15,36.0,36.0,35.29999923706055,35.540000915527344,155915
2010-07-16,35.400001525878906,36.18000030517578,35.099998474121094,35.97999954223633,299080
2010-07-19,35.779998779296875,36.869998931884766,35.459999084472656,35.619998931884766,470960
2010-07-20,36.13999938964844,36.400001525878906,34.90999984741211,35.209999084472656,947415
2010-07-21,35.2400016784668,35.9900016784668,35.130001068115234,35.380001068115234,160745
2010-07-22,35.11000061035156,35.790000915527344,35.040000915527344,35.209999084472656,224865
2010-07-23,35.36000061035156,36.36000061035156,35.220001220703125,35.810001373291016,1039355
2010-07-26,35.619998931884766,36.79999923706055,35.619998931884766,36.369998931884766,831440
2010-07-27,36.560001373291016,36.95000076293945,36.02000045776367,36.16999816894531,283360
2010-07-28,36.119998931884766,36.59000015258789,35.400001525878906,35.5,113500
2010-07-29,35.2599983215332,35.79999923706055,35.0099983215332,35.16999816894531,244575
2010-07-30,34.81999969482422,35.65999984741211,34.79999923706055,34.90999984741211,110120
2010-08-02,35.15999984741211,36.77999877929688,35.0099983215332,36.43000030517578,4159730
2010-08-03,36.400001525878906,37.40999984741211,35.900001525878906,36.95000076293945,1292840
2010-08-04,36.59999847412109,40.47999954223633,36.59999847412109,39.9900016784668,6077150
2010-08-05,40.59999847412109,40.59999847412109,38.79999923706055,39.040000915527344,1996845
2010-08-06,39.34000015258789,46.84999847412109,39.34000015258789,42.38999938964844,29022050
2010-08-09,42.59999847412109,44.34000015258789,42.0,43.86000061035156,7258360
2010-08-10,44.06999969482422,44.06999969482422,42.220001220703125,42.66999816894531,2019940
2010-08-11,43.0,43.400001525878906,39.7400016784668,40.15999984741211,1351055
2010-08-12,40.709999084472656,43.20000076293945,39.20000076293945,42.59000015258789,3150475
2010-08-13,42.59000015258789,43.0,41.209999084472656,42.18000030517578,1139395
2010-08-16,41.59999847412109,43.77999877929688,41.02000045776367,42.33000183105469,1463600
2010-08-17,43.0,44.04999923706055,42.04999923706055,43.869998931884766,1457900
2010-08-18,43.869998931884766,44.79999923706055,43.0099983215332,43.7400016784668,820840
2010-08-19,43.29999923706055,44.20000076293945,42.900001525878906,43.36000061035156,684635
2010-08-20,43.400001525878906,43.959999084472656,42.400001525878906,42.68000030517578,562365
2010-08-23,42.79999923706055,43.5,42.40999984741211,42.70000076293945,290090
2010-08-24,43.09000015258789,43.09000015258789,41.06999969482422,41.68000030517578,723425
2010-08-25,40.91999816894531,42.959999084472656,40.43000030517578,40.7400016784668,522130
2010-08-26,41.20000076293945,41.7400016784668,40.11000061035156,40.52999877929688,295920
2010-08-27,40.97999954223633,41.400001525878906,40.41999816894531,40.79999923706055,1429610
2010-08-30,40.59999847412109,42.880001068115234,40.59999847412109,41.95000076293945,857535
2010-08-31,41.0099983215332,41.970001220703125,40.06999969482422,41.040000915527344,679155
2010-09-01,41.15999984741211,41.54999923706055,40.68000030517578,41.290000915527344,409705
2010-09-02,41.77999877929688,42.400001525878906,41.5,42.220001220703125,485780
2010-09-03,42.11000061035156,44.70000076293945,42.0,44.31999969482422,5097775
2010-09-06,44.59999847412109,45.20000076293945,43.400001525878906,44.470001220703125,1098065
2010-09-07,44.400001525878906,44.400001525878906,42.650001525878906,43.150001525878906,313605
2010-09-08,43.0,44.0,42.68999862670898,42.83000183105469,344550
2010-09-09,43.34000015258789,48.0,42.7599983215332,44.5099983215332,2154300
2010-09-13,44.79999923706055,45.400001525878906,43.43999862670898,43.970001220703125,551830
2010-09-14,43.59999847412109,45.5,42.81999969482422,43.209999084472656,467560
2010-09-15,43.58000183105469,44.400001525878906,42.9900016784668,43.93000030517578,362265
2010-09-16,43.59999847412109,44.400001525878906,42.61000061035156,42.84000015258789,196005
2010-09-17,42.400001525878906,43.77999877929688,42.400001525878906,42.81999969482422,163880
2010-09-20,43.38999938964844,43.38999938964844,42.22999954223633,42.4900016784668,191615
2010-09-21,42.59999847412109,43.70000076293945,41.619998931884766,42.18999862670898,380790
2010-09-22,42.02000045776367,42.68000030517578,40.79999923706055,41.810001373291016,287965
2010-09-23,42.0,43.20000076293945,41.43000030517578,41.869998931884766,302695
2010-09-24,41.0,42.59999847412109,41.0,42.25,298565
2010-09-27,42.33000183105469,42.41999816894531,41.2599983215332,41.959999084472656,315715
2010-09-28,42.0,42.09999847412109,41.540000915527344,41.77999877929688,145345
2010-09-29,41.900001525878906,42.560001373291016,41.0,41.2400016784668,100650
2010-09-30,41.790000915527344,41.790000915527344,40.63999938964844,40.81999969482422,249450
2010-10-01,41.0,42.95000076293945,41.0,42.5099983215332,382445
2010-10-04,43.36000061035156,43.36000061035156,41.400001525878906,41.52000045776367,159705
2010-10-05,42.02000045776367,42.02000045776367,40.63999938964844,40.810001373291016,581390
2010-10-06,41.77000045776367,41.77000045776367,40.43000030517578,40.83000183105469,361895
2010-10-07,41.20000076293945,41.81999969482422,40.0,40.2400016784668,718195
2010-10-08,40.79999923706055,40.900001525878906,39.59999847412109,39.79999923706055,196095
2010-10-11,40.369998931884766,40.97999954223633,39.47999954223633,39.83000183105469,78980
2010-10-12,40.040000915527344,40.900001525878906,39.11000061035156,39.43000030517578,455790
2010-10-13,39.400001525878906,40.060001373291016,39.0,39.65999984741211,258965
2010-10-14,39.70000076293945,40.09999847412109,38.20000076293945,38.56999969482422,4727885
2010-10-15,39.18000030517578,39.4900016784668,36.81999969482422,37.25,335890
2010-10-18,37.59000015258789,37.59000015258789,36.41999816894531,36.84999847412109,134280
2010-10-19,37.59999847412109,38.38999938964844,36.59999847412109,37.880001068115234,208580
2010-10-20,38.15999984741211,38.15999984741211,37.119998931884766,37.2599983215332,53010
2010-10-21,38.0,38.0,37.0,37.41999816894531,61860
2010-10-22,37.380001068115234,38.400001525878906,36.900001525878906,37.290000915527344,1394270
2010-10-25,37.79999923706055,37.79999923706055,37.09999847412109,37.220001220703125,124605
2010-10-26,37.400001525878906,37.880001068115234,37.040000915527344,37.150001525878906,64310
2010-10-27,38.880001068115234,38.880001068115234,36.31999969482422,36.77000045776367,169325
2010-10-28,36.91999816894531,37.0,36.41999816894531,36.77000045776367,88405
2010-10-29,36.66999816894531,37.20000076293945,36.02999877929688,36.81999969482422,202290
2010-11-01,36.81999969482422,39.18000030517578,36.81999969482422,37.540000915527344,905445
2010-11-02,37.790000915527344,38.09999847412109,37.41999816894531,37.63999938964844,993465
2010-11-03,37.959999084472656,38.68000030517578,37.79999923706055,38.220001220703125,653790
2010-11-04,38.5,39.77999877929688,37.20000076293945,38.36000061035156,285800
2010-11-08,38.38999938964844,38.7400016784668,38.0099983215332,38.31999969482422,34775
2010-11-09,38.77999877929688,38.959999084472656,38.20000076293945,38.43999862670898,126060
2010-11-10,39.08000183105469,40.93999862670898,38.84999847412109,40.130001068115234,1310630
2010-11-11,40.0,40.400001525878906,39.400001525878906,39.52999877929688,231025
2010-11-12,39.0,39.880001068115234,39.0,39.40999984741211,171355
2010-11-15,39.45000076293945,41.09999847412109,38.83000183105469,39.470001220703125,394425
2010-11-16,39.56999969482422,39.97999954223633,38.20000076293945,38.84000015258789,459700
2010-11-18,39.4900016784668,39.650001525878906,36.59999847412109,38.20000076293945,2138845
2010-11-19,37.40999984741211,38.20000076293945,37.0,37.38999938964844,2645925
2010-11-22,37.38999938964844,37.79999923706055,36.0,36.400001525878906,264845
2010-11-23,36.209999084472656,38.81999969482422,35.619998931884766,35.81999969482422,343590
2010-11-24,36.560001373291016,36.560001373291016,34.720001220703125,35.849998474121094,506260
2010-11-25,35.220001220703125,36.0,35.06999969482422,35.400001525878906,1538550
2010-11-26,34.70000076293945,36.02000045776367,32.25,34.0,672875
2010-11-29,33.61000061035156,34.91999816894531,32.25,33.0,648285
2010-11-30,33.0,33.58000183105469,32.0,33.18000030517578,1127260
2010-12-01,33.58000183105469,34.779998779296875,32.709999084472656,32.83000183105469,1308765
2010-12-02,33.599998474121094,33.7400016784668,31.6200008392334,32.20000076293945,586190
2010-12-03,31.6200008392334,32.5,30.489999771118164,30.63999938964844,336670
2010-12-06,30.799999237060547,32.0,29.809999465942383,30.489999771118164,5817980
2010-12-07,31.88999938964844,32.34000015258789,30.8799991607666,31.489999771118164,1191370
2010-12-08,31.790000915527344,31.790000915527344,30.31999969482422,31.09000015258789,332600
2010-12-09,32.16999816894531,34.04999923706055,30.0,30.209999084472656,370395
2010-12-10,30.899999618530277,31.959999084472656,30.0,31.75,223580
2010-12-13,31.600000381469727,32.58000183105469,31.600000381469727,32.2400016784668,119340
2010-12-14,32.09000015258789,33.400001525878906,32.04999923706055,33.15999984741211,167315
2010-12-15,31.200000762939453,34.20000076293945,31.11000061035156,33.529998779296875,257310
2010-12-16,33.20000076293945,34.099998474121094,33.20000076293945,33.95000076293945,89375
2010-12-20,33.060001373291016,35.34000015258789,33.04999923706055,35.119998931884766,127835
2010-12-21,35.95000076293945,35.95000076293945,34.41999816894531,34.560001373291016,41625
2010-12-22,34.25,35.0,33.439998626708984,33.970001220703125,173700
2010-12-23,33.650001525878906,34.20000076293945,33.5,33.72999954223633,18805
2010-12-24,33.060001373291016,33.79999923706055,33.02000045776367,33.2599983215332,22540
2010-12-27,32.900001525878906,33.7400016784668,32.900001525878906,33.150001525878906,25260
2010-12-28,32.93000030517578,33.380001068115234,31.65999984741211,31.950000762939453,99345
2010-12-29,31.809999465942383,32.77000045776367,31.809999465942383,32.40999984741211,50545
2010-12-30,32.209999084472656,33.20000076293945,32.209999084472656,32.959999084472656,101140
2010-12-31,32.810001373291016,33.58000183105469,32.79999923706055,33.400001525878906,40005
2011-01-03,33.59000015258789,34.20000076293945,33.5,33.59000015258789,111565
2011-01-04,33.900001525878906,33.900001525878906,33.0099983215332,33.369998931884766,63695
2011-01-05,33.0,33.59000015258789,32.61000061035156,32.91999816894531,16390
2011-01-06,33.38999938964844,33.38999938964844,31.979999542236328,32.130001068115234,24735
2011-01-07,32.20000076293945,32.59000015258789,30.799999237060547,30.989999771118164,147190
2011-01-10,30.420000076293945,31.399999618530277,30.420000076293945,30.729999542236328,131465
2011-01-11,30.020000457763672,31.299999237060547,29.799999237060547,30.1299991607666,2763635
2011-01-12,30.96999931335449,31.0,30.21999931335449,30.899999618530277,29620
2011-01-13,30.600000381469727,31.290000915527344,30.31999969482422,30.38999938964844,11725
2011-01-14,30.020000457763672,30.34000015258789,29.600000381469727,29.670000076293945,214270
2011-01-17,29.51000022888184,30.899999618530277,28.8799991607666,29.1200008392334,190570
2011-01-18,29.68000030517578,29.899999618530277,29.0,29.18000030517578,75320
2011-01-19,29.6200008392334,29.899999618530277,29.100000381469727,29.36000061035156,28760
2011-01-20,30.799999237060547,30.799999237060547,28.81999969482422,28.93000030517578,41995
2011-01-21,28.81999969482422,29.57999992370605,28.6299991607666,28.84000015258789,47100
2011-01-24,29.190000534057617,29.200000762939453,27.899999618530277,28.600000381469727,776810
2011-01-25,28.6200008392334,29.0,28.040000915527344,28.40999984741211,93805
2011-01-27,28.76000022888184,28.76000022888184,27.0,27.670000076293945,71020
2011-01-28,27.600000381469727,27.600000381469727,25.799999237060547,26.440000534057617,69725
2011-01-31,26.0,26.90999984741211,25.399999618530277,26.11000061035156,82600
2011-02-01,26.11000061035156,26.989999771118164,25.82999992370605,26.46999931335449,91720
2011-02-02,26.5,27.13999938964844,26.229999542236328,26.75,223565
2011-02-03,27.100000381469727,31.399999618530277,26.809999465942383,28.899999618530277,3177850
2011-02-04,28.799999237060547,31.0,28.46999931335449,28.96999931335449,1441800
2011-02-07,29.299999237060547,30.100000381469727,28.0,28.270000457763672,226225
2011-02-08,28.0,28.82999992370605,25.11000061035156,26.549999237060547,1085860
2011-02-09,26.0,26.200000762939453,23.21999931335449,24.11000061035156,199845
2011-02-10,23.31999969482422,24.11000061035156,22.81999969482422,23.790000915527344,78415
2011-02-11,24.0,24.56999969482422,23.6200008392334,24.15999984741211,116930
2011-02-14,25.780000686645508,26.15999984741211,24.15999984741211,25.540000915527344,182065
2011-02-15,26.600000381469727,27.200000762939453,24.799999237060547,25.850000381469727,229105
2011-02-16,26.149999618530277,26.149999618530277,25.600000381469727,25.93000030517578,32455
2011-02-17,25.600000381469727,26.5,25.1200008392334,25.96999931335449,37990
2011-02-18,26.0,26.8799991607666,24.25,25.030000686645508,64165
2011-02-21,25.200000762939453,25.56999969482422,24.32999992370605,25.149999618530277,35120
2011-02-22,24.520000457763672,25.18000030517578,24.309999465942383,25.01000022888184,34135
2011-02-23,24.649999618530277,25.38999938964844,24.270000457763672,24.43000030517578,23470
2011-02-24,24.729999542236328,24.729999542236328,23.06999969482422,23.46999931335449,50045
2011-02-25,23.600000381469727,25.399999618530277,23.32999992370605,24.020000457763672,618690
2011-02-28,24.799999237060547,25.399999618530277,23.0,23.559999465942383,194500
2011-03-01,23.940000534057617,24.600000381469727,23.200000762939453,23.350000381469727,284760
2011-03-03,23.200000762939453,23.5,22.1200008392334,22.36000061035156,200560
2011-03-04,22.600000381469727,22.920000076293945,21.850000381469727,21.940000534057617,114465
2011-03-07,21.790000915527344,21.799999237060547,20.809999465942383,21.0,135335
2011-03-08,21.0,21.38999938964844,20.34000015258789,20.68000030517578,108440
2011-03-09,21.350000381469727,21.350000381469727,20.420000076293945,20.82999992370605,75370
2011-03-10,20.799999237060547,21.399999618530277,20.600000381469727,21.190000534057617,102260
2011-03-11,21.0,22.18000030517578,19.440000534057617,19.76000022888184,387995
2011-03-14,20.559999465942383,20.559999465942383,19.43000030517578,19.670000076293945,87910
2011-03-15,20.299999237060547,20.299999237060547,18.799999237060547,19.61000061035156,125180
2011-03-16,19.600000381469727,20.3799991607666,19.399999618530277,19.96999931335449,381530
2011-03-17,20.190000534057617,20.190000534057617,19.399999618530277,19.51000022888184,308425
2011-03-18,19.899999618530277,19.899999618530277,19.0,19.209999084472656,31630
2011-03-21,19.299999237060547,19.700000762939453,18.600000381469727,18.729999542236328,112210
2011-03-22,19.190000534057617,20.200000762939453,19.049999237060547,19.670000076293945,1278535
2011-03-23,19.979999542236328,21.5,18.700000762939453,20.96999931335449,4431335
2011-03-24,21.15999984741211,21.15999984741211,19.6299991607666,19.76000022888184,959625
2011-03-25,20.0,20.040000915527344,19.1200008392334,19.229999542236328,1274120
2011-03-28,19.040000915527344,21.18000030517578,19.040000915527344,20.15999984741211,2674890
2011-03-29,20.309999465942383,20.31999969482422,19.450000762939453,19.71999931335449,1816765
2011-03-30,19.649999618530277,20.479999542236328,18.82999992370605,19.020000457763672,2348005
2011-03-31,19.43000030517578,20.920000076293945,19.26000022888184,19.420000076293945,23904970
2011-04-01,19.57999992370605,20.200000762939453,19.43000030517578,20.0,1444910
2011-04-04,20.18000030517578,20.559999465942383,19.799999237060547,20.31999969482422,1646200
2011-04-05,20.399999618530277,22.18000030517578,19.920000076293945,21.940000534057617,5932195
2011-04-06,22.479999542236328,22.88999938964844,21.649999618530277,21.899999618530277,4168570
2011-04-07,21.899999618530277,22.3799991607666,21.600000381469727,21.979999542236328,1231260
2011-04-08,22.040000915527344,22.670000076293945,21.780000686645508,21.920000076293945,1987700
2011-04-11,21.65999984741211,21.959999084472656,20.68000030517578,21.25,532655
2011-04-13,20.850000381469727,21.76000022888184,20.850000381469727,21.549999237060547,483360
2011-04-15,21.600000381469727,25.200000762939453,21.600000381469727,23.850000381469727,10872305
2011-04-18,24.43000030517578,27.770000457763672,23.299999237060547,25.5,28923075
2011-04-19,25.670000076293945,26.299999237060547,25.229999542236328,25.68000030517578,6846135
2011-04-20,25.799999237060547,26.25,25.100000381469727,25.88999938964844,3437200
2011-04-21,26.0,26.170000076293945,25.299999237060547,25.3799991607666,1203010
2011-04-25,25.399999618530277,26.709999084472656,25.0,25.51000022888184,1366410
2011-04-26,25.690000534057617,25.690000534057617,24.739999771118164,25.3700008392334,849920
2011-04-27,25.690000534057617,26.989999771118164,24.6200008392334,25.21999931335449,728970
2011-04-28,25.68000030517578,25.68000030517578,24.61000061035156,24.76000022888184,358940
2011-04-29,24.6200008392334,25.18000030517578,24.01000022888184,24.670000076293945,444625
2011-05-02,25.040000915527344,25.049999237060547,22.5,23.670000076293945,566045
2011-05-03,23.34000015258789,24.0,22.209999084472656,23.600000381469727,431955
2011-05-04,23.200000762939453,23.75,22.86000061035156,23.459999084472656,150585
2011-05-05,23.5,23.799999237060547,22.07999992370605,22.3799991607666,170925
2011-05-06,22.61000061035156,23.26000022888184,22.489999771118164,22.649999618530277,218670
2011-05-09,22.799999237060547,23.18000030517578,22.530000686645508,22.770000457763672,215635
2011-05-10,22.07999992370605,25.11000061035156,22.07999992370605,23.920000076293945,2628050
2011-05-11,24.479999542236328,25.0,23.049999237060547,23.299999237060547,2490125
2011-05-12,23.299999237060547,23.299999237060547,22.3799991607666,22.530000686645508,502590
2011-05-13,22.26000022888184,23.520000457763672,22.100000381469727,22.51000022888184,736050
2011-05-16,22.57999992370605,22.84000015258789,22.1200008392334,22.26000022888184,246180
2011-05-17,22.399999618530277,22.790000915527344,21.280000686645508,21.850000381469727,311810
2011-05-18,22.09000015258789,22.09000015258789,21.3799991607666,21.489999771118164,242345
2011-05-19,21.61000061035156,21.959999084472656,21.299999237060547,21.399999618530277,194260
2011-05-20,21.40999984741211,21.700000762939453,21.1200008392334,21.530000686645508,196570
2011-05-23,21.559999465942383,21.600000381469727,20.6200008392334,21.32999992370605,243465
2011-05-24,21.5,22.59000015258789,21.420000076293945,22.26000022888184,828875
2011-05-25,22.3799991607666,22.57999992370605,21.799999237060547,22.01000022888184,256395
2011-05-26,21.959999084472656,22.959999084472656,21.959999084472656,22.65999984741211,447325
2011-05-27,22.0,23.57999992370605,22.0,22.780000686645508,212080
2011-05-30,22.799999237060547,23.18000030517578,22.399999618530277,22.68000030517578,164175
2011-05-31,22.799999237060547,23.170000076293945,22.0,22.200000762939453,458920
2011-06-01,22.600000381469727,22.799999237060547,22.25,22.36000061035156,142195
2011-06-02,22.0,23.200000762939453,21.61000061035156,22.780000686645508,262415
2011-06-03,23.15999984741211,23.18000030517578,22.21999931335449,22.34000015258789,183005
2011-06-06,22.399999618530277,22.5,21.729999542236328,21.850000381469727,128120
2011-06-07,21.84000015258789,22.5,21.81999969482422,22.020000457763672,836175
2011-06-08,22.020000457763672,22.780000686645508,22.0,22.459999084472656,377980
2011-06-09,22.399999618530277,22.700000762939453,22.100000381469727,22.18000030517578,78260
2011-06-10,22.200000762939453,23.34000015258789,22.11000061035156,22.950000762939453,451375
2011-06-13,22.600000381469727,22.989999771118164,22.25,22.38999938964844,50275
2011-06-14,22.780000686645508,23.280000686645508,22.40999984741211,22.940000534057617,210625
2011-06-15,22.989999771118164,24.520000457763672,22.82999992370605,23.290000915527344,1393480
2011-06-16,23.5,23.6200008392334,22.559999465942383,22.690000534057617,158645
2011-06-17,23.0,23.600000381469727,22.6200008392334,23.0,339810
2011-06-20,23.100000381469727,23.100000381469727,20.700000762939453,22.549999237060547,630675
2011-06-21,22.780000686645508,22.979999542236328,22.1200008392334,22.290000915527344,117785
2011-06-22,22.61000061035156,22.61000061035156,21.600000381469727,21.82999992370605,86345
2011-06-23,21.8799991607666,22.600000381469727,21.26000022888184,22.11000061035156,169050
2011-06-24,22.399999618530277,22.979999542236328,22.020000457763672,22.459999084472656,199170
2011-06-27,22.399999618530277,22.68000030517578,21.90999984741211,22.21999931335449,180925
2011-06-28,22.36000061035156,22.850000381469727,22.1200008392334,22.600000381469727,89835
2011-06-29,22.600000381469727,24.59000015258789,22.540000915527344,24.15999984741211,641740
2011-06-30,24.200000762939453,25.299999237060547,24.200000762939453,24.6200008392334,2081135
2011-07-01,25.0,25.34000015258789,24.200000762939453,24.3799991607666,294845
2011-07-04,24.739999771118164,24.940000534057617,24.020000457763672,24.3700008392334,3715720
2011-07-05,24.290000915527344,24.530000686645508,23.84000015258789,23.979999542236328,135340
2011-07-06,24.34000015258789,24.34000015258789,23.200000762939453,23.420000076293945,215760
2011-07-07,23.1299991607666,24.520000457763672,23.1200008392334,23.84000015258789,302215
2011-07-08,23.450000762939453,24.100000381469727,23.059999465942383,23.13999938964844,332385
2011-07-11,23.040000915527344,23.559999465942383,22.709999084472656,22.850000381469727,85885
2011-07-12,22.65999984741211,22.950000762939453,22.40999984741211,22.5,93480
2011-07-13,22.88999938964844,23.959999084472656,22.440000534057617,22.84000015258789,444655
2011-07-14,22.76000022888184,23.399999618530277,22.700000762939453,22.75,268485
2011-07-15,23.049999237060547,23.13999938964844,22.6200008392334,22.690000534057617,64880
2011-07-18,23.18000030517578,24.200000762939453,22.81999969482422,22.950000762939453,1563690
2011-07-19,23.31999969482422,23.520000457763672,22.850000381469727,22.989999771118164,679060
2011-07-20,23.350000381469727,23.350000381469727,22.82999992370605,22.899999618530277,162155
2011-07-21,22.86000061035156,23.13999938964844,22.31999969482422,22.3799991607666,136565
2011-07-22,22.540000915527344,23.0,22.540000915527344,22.90999984741211,233840
2011-07-25,22.709999084472656,23.90999984741211,22.709999084472656,23.459999084472656,468720
2011-07-26,23.459999084472656,23.459999084472656,22.68000030517578,23.0,144530
2011-07-27,23.0,23.229999542236328,22.850000381469727,23.11000061035156,46390
2011-07-28,22.84000015258789,23.07999992370605,22.520000457763672,22.600000381469727,105210
2011-07-29,23.299999237060547,23.299999237060547,22.049999237060547,22.13999938964844,118280
2011-08-01,22.559999465942383,22.899999618530277,22.1299991607666,22.170000076293945,91345
2011-08-02,22.13999938964844,22.170000076293945,21.549999237060547,21.81999969482422,84830
2011-08-03,21.81999969482422,21.950000762939453,21.15999984741211,21.61000061035156,82050
2011-08-04,21.709999084472656,21.979999542236328,20.81999969482422,20.989999771118164,151165
2011-08-05,20.799999237060547,20.799999237060547,19.649999618530277,20.280000686645508,186825
2011-08-08,19.989999771118164,20.09000015258789,18.899999618530277,19.440000534057617,307205
2011-08-09,18.82999992370605,19.959999084472656,18.5,19.670000076293945,184150
2011-08-10,19.8700008392334,20.399999618530277,19.200000762939453,19.75,185595
2011-08-11,19.440000534057617,19.600000381469727,18.899999618530277,19.200000762939453,289715
2011-08-12,19.01000022888184,19.200000762939453,18.559999465942383,18.700000762939453,169575
2011-08-16,18.809999465942383,19.0,17.31999969482422,17.920000076293945,185580
2011-08-17,18.200000762939453,18.200000762939453,16.1200008392334,17.399999618530273,356905
2011-08-18,17.18000030517578,17.389999389648438,16.510000228881836,17.079999923706055,96455
2011-08-19,16.309999465942383,16.799999237060547,15.489999771118164,15.739999771118164,293050
2011-08-22,15.8100004196167,17.600000381469727,15.4399995803833,16.780000686645508,175070
2011-08-23,17.600000381469727,17.799999237060547,16.850000381469727,17.530000686645508,138770
2011-08-24,17.799999237060547,17.799999237060547,16.799999237060547,16.950000762939453,63885
2011-08-25,17.100000381469727,17.579999923706055,16.799999237060547,16.950000762939453,43370
2011-08-26,16.690000534057617,17.200000762939453,16.200000762939453,16.90999984741211,104535
2011-08-29,17.209999084472656,17.479999542236328,16.899999618530273,17.34000015258789,50480
2011-08-30,17.420000076293945,17.780000686645508,17.309999465942383,17.670000076293945,45355
2011-09-02,17.75,17.850000381469727,17.1200008392334,17.31999969482422,80315
2011-09-05,16.989999771118164,17.579999923706055,16.610000610351562,17.049999237060547,115165
2011-09-06,17.299999237060547,17.5,16.6200008392334,17.06999969482422,155185
2011-09-07,17.139999389648438,18.0,17.139999389648438,17.59000015258789,396360
2011-09-08,18.0,18.010000228881836,16.65999984741211,16.829999923706055,305140
2011-09-09,17.0,17.0,16.329999923706055,16.610000610351562,192855
2011-09-12,16.3799991607666,16.959999084472656,16.200000762939453,16.5,85415
2011-09-13,16.559999465942383,16.649999618530273,16.219999313354492,16.3799991607666,230685
2011-09-14,16.59000015258789,16.600000381469727,16.0,16.200000762939453,115640
2011-09-15,16.459999084472656,16.459999084472656,16.0,16.059999465942383,53400
2011-09-16,16.25,18.09000015258789,16.100000381469727,17.280000686645508,3301995
2011-09-19,17.25,17.799999237060547,16.790000915527344,17.540000915527344,537720
2011-09-20,17.5,17.709999084472656,17.200000762939453,17.600000381469727,294320
2011-09-21,17.700000762939453,17.8799991607666,17.31999969482422,17.700000762939453,380445
2011-09-22,17.5,17.579999923706055,16.520000457763672,16.700000762939453,151060
2011-09-23,16.420000076293945,16.770000457763672,15.720000267028809,16.530000686645508,113315
2011-09-26,16.610000610351562,17.799999237060547,16.489999771118164,17.670000076293945,558655
2011-09-27,18.13999938964844,21.209999084472656,18.030000686645508,20.540000915527344,5571630
2011-09-28,20.68000030517578,21.18000030517578,18.600000381469727,18.8799991607666,3087700
2011-09-29,18.940000534057617,18.950000762939453,17.799999237060547,17.959999084472656,720190
2011-09-30,18.040000915527344,18.40999984741211,17.1200008392334,17.329999923706055,831565
2011-10-03,17.010000228881836,17.100000381469727,16.579999923706055,16.860000610351562,226640
2011-10-04,16.610000610351562,16.940000534057617,16.43000030517578,16.649999618530273,373455
2011-10-05,16.700000762939453,16.860000610351562,16.079999923706055,16.15999984741211,174765
2011-10-07,16.299999237060547,17.360000610351562,16.299999237060547,16.889999389648438,521110
2011-10-10,16.469999313354492,17.479999542236328,16.469999313354492,17.209999084472656,223375
2011-10-11,17.360000610351562,17.959999084472656,16.799999237060547,17.309999465942383,228030
2011-10-12,16.670000076293945,19.26000022888184,16.670000076293945,18.38999938964844,2375845
2011-10-13,18.940000534057617,21.989999771118164,18.61000061035156,20.40999984741211,29602095
2011-10-14,20.6200008392334,24.5,20.43000030517578,24.489999771118164,35162780
2011-10-17,24.399999618530277,26.940000534057617,24.31999969482422,24.920000076293945,15548195
2011-10-18,24.51000022888184,24.51000022888184,22.51000022888184,23.46999931335449,5302270
2011-10-19,23.61000061035156,25.190000534057617,23.100000381469727,24.36000061035156,4233200
2011-10-20,23.61000061035156,24.8799991607666,23.299999237060547,24.3700008392334,1972900
2011-10-21,24.030000686645508,24.76000022888184,23.040000915527344,23.290000915527344,982025
2011-10-24,23.96999931335449,24.32999992370605,22.600000381469727,22.8700008392334,1124965
2011-10-25,23.07999992370605,23.07999992370605,20.6200008392334,22.149999618530277,1772895
2011-10-28,24.71999931335449,25.100000381469727,23.200000762939453,23.32999992370605,2532240
2011-10-31,23.459999084472656,23.93000030517578,22.920000076293945,23.75,1018950
2011-11-01,23.399999618530277,23.940000534057617,22.600000381469727,23.270000457763672,946950
2011-11-02,23.07999992370605,23.600000381469727,22.799999237060547,23.26000022888184,1602435
2011-11-03,23.32999992370605,23.61000061035156,22.5,22.84000015258789,393495
2011-11-04,23.100000381469727,24.68000030517578,22.850000381469727,24.209999084472656,2410480
2011-11-08,24.6200008392334,24.979999542236328,23.6200008392334,24.270000457763672,1576945
2011-11-09,24.479999542236328,24.63999938964844,23.26000022888184,23.43000030517578,619340
2011-11-11,23.450000762939453,24.290000915527344,23.07999992370605,23.8700008392334,1309315
2011-11-14,23.670000076293945,23.979999542236328,22.93000030517578,23.6200008392334,1325195
2011-11-15,22.86000061035156,23.40999984741211,22.270000457763672,22.959999084472656,1518215
2011-11-16,23.0,24.399999618530277,22.1299991607666,23.59000015258789,1420285
2011-11-17,24.07999992370605,24.07999992370605,22.020000457763672,22.46999931335449,1957220
2011-11-18,22.399999618530277,22.899999618530277,21.200000762939453,21.989999771118164,1438630
2011-11-21,21.40999984741211,22.3700008392334,20.51000022888184,21.43000030517578,585675
2011-11-22,21.420000076293945,21.799999237060547,21.200000762939453,21.6299991607666,975270
2011-11-23,21.399999618530277,21.57999992370605,20.0,20.979999542236328,612755
2011-11-24,21.0,21.440000534057617,20.1200008392334,20.739999771118164,770215
2011-11-25,20.600000381469727,21.600000381469727,20.200000762939453,20.690000534057617,349880
2011-11-28,21.200000762939453,21.959999084472656,20.899999618530277,21.530000686645508,731980
2011-11-29,21.780000686645508,22.700000762939453,21.040000915527344,21.299999237060547,1700100
2011-11-30,21.3700008392334,21.3700008392334,20.420000076293945,20.690000534057617,664490
2011-12-01,21.100000381469727,24.540000915527344,21.030000686645508,21.420000076293945,1003965
2011-12-02,22.34000015258789,24.09000015258789,22.020000457763672,23.040000915527344,10100425
2011-12-05,23.040000915527344,24.200000762939453,22.46999931335449,23.81999969482422,2757185
2011-12-07,24.0,24.68000030517578,23.6299991607666,24.170000076293945,2430025
2011-12-08,23.59000015258789,24.100000381469727,20.600000381469727,22.899999618530277,1463600
2011-12-09,21.989999771118164,23.1200008392334,21.96999931335449,22.61000061035156,690585
2011-12-12,22.700000762939453,23.34000015258789,21.86000061035156,22.149999618530277,1318900
2011-12-13,20.600000381469727,24.200000762939453,20.600000381469727,22.61000061035156,5072055
2011-12-14,23.200000762939453,23.420000076293945,22.399999618530277,22.809999465942383,3570330
2011-12-15,22.51000022888184,22.799999237060547,21.799999237060547,22.540000915527344,928310
2011-12-16,22.71999931335449,22.84000015258789,22.020000457763672,22.600000381469727,1090745
2011-12-19,23.200000762939453,23.399999618530277,20.799999237060547,22.100000381469727,1492140
2011-12-20,22.200000762939453,22.61000061035156,21.850000381469727,22.38999938964844,986610
2011-12-21,22.770000457763672,22.899999618530277,22.350000381469727,22.540000915527344,428260
2011-12-22,22.1299991607666,23.040000915527344,22.100000381469727,22.65999984741211,977295
2011-12-23,22.899999618530277,23.190000534057617,22.11000061035156,22.25,684565
2011-12-26,22.450000762939453,22.76000022888184,22.270000457763672,22.6299991607666,1021010
2011-12-27,22.6299991607666,22.799999237060547,22.25,22.709999084472656,309920
2011-12-28,22.459999084472656,22.790000915527344,22.350000381469727,22.709999084472656,265650
2011-12-29,22.399999618530277,22.57999992370605,21.84000015258789,22.40999984741211,153085
2011-12-30,22.229999542236328,22.979999542236328,21.700000762939453,22.09000015258789,250925
2012-01-02,22.09000015258789,22.3799991607666,22.020000457763672,22.270000457763672,248595
2012-01-03,22.43000030517578,24.770000457763672,22.399999618530277,24.1200008392334,3030220
2012-01-04,24.11000061035156,24.11000061035156,23.06999969482422,23.25,434760
2012-01-05,23.25,23.76000022888184,22.700000762939453,22.809999465942383,327475
2012-01-06,22.950000762939453,22.959999084472656,21.90999984741211,22.3799991607666,679250
2012-01-09,22.670000076293945,23.200000762939453,22.399999618530277,22.84000015258789,315010
2012-01-10,22.989999771118164,23.8799991607666,22.8700008392334,23.290000915527344,459855
2012-01-11,23.399999618530277,23.559999465942383,22.850000381469727,22.959999084472656,326425
2012-01-12,23.020000457763672,23.600000381469727,22.600000381469727,22.76000022888184,4335670
2012-01-13,22.8700008392334,24.959999084472656,22.86000061035156,23.76000022888184,10776900
2012-01-16,24.450000762939453,28.299999237060547,24.450000762939453,26.450000762939453,26374685
2012-01-17,26.6200008392334,26.76000022888184,24.899999618530277,25.15999984741211,4691240
2012-01-18,24.81999969482422,28.280000686645508,24.5,27.36000061035156,9641990
2012-01-19,27.899999618530277,29.36000061035156,27.0,27.75,8193380
2012-01-20,28.020000457763672,28.34000015258789,26.71999931335449,27.170000076293945,2834010
2012-01-23,27.21999931335449,27.950000762939453,26.600000381469727,27.31999969482422,2074285
2012-01-24,27.350000381469727,27.68000030517578,26.0,26.34000015258789,1239515
2012-01-25,26.200000762939453,27.0,26.190000534057617,26.549999237060547,854630
2012-01-27,26.600000381469727,27.200000762939453,26.420000076293945,26.65999984741211,2569910
2012-01-30,26.600000381469727,27.799999237060547,26.020000457763672,26.3700008392334,2983945
2012-01-31,26.600000381469727,27.920000076293945,26.600000381469727,27.450000762939453,1808915
2012-02-01,27.6299991607666,27.8799991607666,27.0,27.540000915527344,505580
2012-02-02,27.729999542236328,28.59000015258789,27.01000022888184,28.170000076293945,1440475
2012-02-03,28.299999237060547,30.34000015258789,28.299999237060547,29.290000915527344,4070825
2012-02-06,30.399999618530277,30.780000686645508,29.6299991607666,30.38999938964844,1519135
2012-02-07,30.600000381469727,30.600000381469727,28.899999618530277,29.649999618530277,1631985
2012-02-08,29.700000762939453,31.200000762939453,29.049999237060547,30.6299991607666,1024975
2012-02-09,30.399999618530277,34.560001373291016,30.0,33.22999954223633,2707530
2012-02-10,33.790000915527344,37.77999877929688,32.5099983215332,36.84000015258789,9777820
2012-02-13,35.959999084472656,38.7599983215332,32.630001068115234,33.900001525878906,8570295
2012-02-14,34.400001525878906,35.279998779296875,33.220001220703125,34.13999938964844,3257625
2012-02-15,34.2400016784668,34.79999923706055,33.63999938964844,34.209999084472656,1143020
2012-02-16,34.0,34.79999923706055,33.02000045776367,33.439998626708984,1976395
2012-02-17,33.880001068115234,34.70000076293945,33.369998931884766,33.52000045776367,2219400
2012-02-21,33.43000030517578,34.29999923706055,32.849998474121094,33.16999816894531,870225
2012-02-22,33.400001525878906,33.439998626708984,32.02000045776367,32.279998779296875,2348620
2012-02-23,32.18000030517578,32.189998626708984,30.299999237060547,30.729999542236328,1668370
2012-02-24,31.020000457763672,32.06999969482422,30.299999237060547,31.21999931335449,1243770
2012-02-27,31.38999938964844,31.489999771118164,29.399999618530277,30.420000076293945,515370
2012-02-28,30.559999465942383,31.920000076293945,30.399999618530277,30.790000915527344,1181285
2012-02-29,31.600000381469727,33.79999923706055,31.200000762939453,33.27000045776367,2191285
2012-03-01,33.400001525878906,35.0,33.279998779296875,34.58000183105469,2832245
2012-03-02,35.599998474121094,35.68000030517578,33.97999954223633,34.150001525878906,2526805
2012-03-05,34.0,35.2599983215332,33.060001373291016,34.06999969482422,1465640
2012-03-06,34.06999969482422,35.939998626708984,33.97999954223633,35.2599983215332,2143955
2012-03-07,35.599998474121094,35.959999084472656,34.29999923706055,35.119998931884766,1757830
2012-03-09,35.400001525878906,36.16999816894531,34.720001220703125,35.58000183105469,898470
2012-03-12,35.650001525878906,37.59000015258789,29.0,35.86000061035156,128795780
2012-03-13,36.5,36.84999847412109,34.25,34.709999084472656,2402555
2012-03-14,34.959999084472656,35.27000045776367,33.599998474121094,34.04999923706055,795415
2012-03-15,34.08000183105469,34.47999954223633,32.06999969482422,32.709999084472656,1083645
2012-03-16,32.619998931884766,34.7400016784668,31.239999771118164,32.220001220703125,2363635
2012-03-19,32.47999954223633,33.79999923706055,31.899999618530277,33.4900016784668,1243210
2012-03-20,33.599998474121094,34.0,30.420000076293945,32.779998779296875,770190
2012-03-21,33.0,33.9900016784668,32.61000061035156,33.650001525878906,902140
2012-03-22,33.54999923706055,34.29999923706055,32.38999938964844,32.66999816894531,684970
2012-03-23,32.77000045776367,33.18000030517578,32.119998931884766,32.810001373291016,451375
2012-03-26,32.959999084472656,33.29999923706055,32.33000183105469,32.849998474121094,354145
2012-03-27,33.029998779296875,33.310001373291016,31.90999984741211,32.459999084472656,591810
2012-03-28,32.04999923706055,33.099998474121094,32.02000045776367,32.900001525878906,343690
2012-03-29,32.599998474121094,32.97999954223633,32.220001220703125,32.560001373291016,426655
2012-03-30,32.75,33.59000015258789,32.400001525878906,32.9900016784668,846130
2012-04-02,33.18000030517578,35.900001525878906,33.029998779296875,35.470001220703125,1621235
2012-04-03,35.59000015258789,38.77999877929688,35.59000015258789,36.43999862670898,4373790
2012-04-04,36.4900016784668,36.97999954223633,35.5099983215332,35.650001525878906,936435
2012-04-09,35.20000076293945,36.79999923706055,34.95000076293945,35.900001525878906,691565
2012-04-10,35.900001525878906,36.34999847412109,34.689998626708984,35.459999084472656,669700
2012-04-11,35.0,35.36000061035156,33.599998474121094,34.09000015258789,453325
2012-04-12,33.720001220703125,34.36000061035156,31.209999084472656,31.71999931335449,2737425
2012-04-13,32.0,33.31999969482422,31.96999931335449,33.099998474121094,1485330
2012-04-16,32.70000076293945,33.5,32.209999084472656,33.09000015258789,274400
2012-04-17,33.0,33.7400016784668,32.560001373291016,32.7400016784668,450980
2012-04-18,33.06999969482422,34.59000015258789,33.06999969482422,34.029998779296875,1138620
2012-04-19,34.33000183105469,35.369998931884766,34.220001220703125,34.779998779296875,1127845
2012-04-20,34.75,34.810001373291016,33.220001220703125,33.630001068115234,391240
2012-04-23,33.5099983215332,34.08000183105469,31.489999771118164,32.09000015258789,1031775
2012-04-24,32.290000915527344,32.7400016784668,31.239999771118164,31.43000030517578,386105
2012-04-25,31.26000022888184,31.799999237060547,30.6200008392334,30.940000534057617,400935
2012-04-26,31.799999237060547,31.799999237060547,30.600000381469727,30.959999084472656,519470
2012-04-27,31.13999938964844,31.780000686645508,31.0,31.299999237060547,837185
2012-04-30,32.599998474121094,32.599998474121094,30.920000076293945,31.1299991607666,767170
2012-05-02,31.350000381469727,37.34999847412109,31.350000381469727,37.09999847412109,14873565
2012-05-03,37.0,38.09999847412109,35.540000915527344,36.95000076293945,9028675
2012-05-04,36.77000045776367,37.650001525878906,33.79999923706055,34.61000061035156,2992980
2012-05-07,33.95000076293945,34.119998931884766,32.540000915527344,33.2400016784668,1204610
2012-05-08,33.400001525878906,35.400001525878906,33.27000045776367,33.56999969482422,1292210
2012-05-09,33.599998474121094,34.400001525878906,32.310001373291016,32.72999954223633,555935
2012-05-10,32.939998626708984,34.86000061035156,32.40999984741211,34.36000061035156,1585685
2012-05-11,34.29999923706055,34.560001373291016,32.90999984741211,33.25,1027765
2012-05-14,33.400001525878906,33.90999984741211,32.72999954223633,33.310001373291016,724105
2012-05-15,32.7599983215332,34.36000061035156,32.459999084472656,33.93000030517578,646645
2012-05-16,32.70000076293945,33.75,32.70000076293945,33.119998931884766,228310
2012-05-17,33.470001220703125,34.20000076293945,33.119998931884766,33.25,203625
2012-05-18,32.20000076293945,33.70000076293945,32.16999816894531,32.88999938964844,315010
2012-05-21,33.0099983215332,34.70000076293945,32.79999923706055,34.119998931884766,494060
2012-05-22,34.79999923706055,35.15999984741211,32.97999954223633,33.31999969482422,510055
2012-05-23,33.0,33.16999816894531,32.45000076293945,32.68000030517578,808535
2012-05-24,32.77000045776367,33.58000183105469,32.77000045776367,33.38999938964844,179360
2012-05-25,33.02000045776367,34.31999969482422,33.02000045776367,34.040000915527344,250340
2012-05-28,34.150001525878906,35.130001068115234,34.150001525878906,34.34000015258789,336965
2012-05-29,34.540000915527344,34.540000915527344,33.5,34.119998931884766,154240
2012-05-30,34.0,34.060001373291016,32.91999816894531,33.189998626708984,93855
2012-05-31,32.9900016784668,33.08000183105469,32.189998626708984,32.880001068115234,197195
2012-06-01,32.70000076293945,33.58000183105469,32.25,32.380001068115234,114950
2012-06-04,32.0,32.70000076293945,31.0,32.52000045776367,140990
2012-06-05,32.779998779296875,34.2400016784668,32.41999816894531,33.849998474121094,1964505
2012-06-06,33.849998474121094,34.849998474121094,33.540000915527344,34.2400016784668,506110
2012-06-07,34.66999816894531,35.52000045776367,34.189998626708984,34.88999938964844,685490
2012-06-08,34.79999923706055,34.93000030517578,33.36000061035156,33.880001068115234,446575
2012-06-11,34.150001525878906,35.709999084472656,34.150001525878906,34.540000915527344,1286190
2012-06-12,33.95000076293945,35.720001220703125,33.95000076293945,35.4900016784668,628535
2012-06-13,35.650001525878906,37.380001068115234,35.599998474121094,36.79999923706055,1714950
2012-06-14,36.79999923706055,37.150001525878906,35.5099983215332,35.810001373291016,583160
2012-06-15,35.9900016784668,36.970001220703125,34.63999938964844,35.209999084472656,943855
2012-06-18,35.33000183105469,36.09999847412109,34.869998931884766,35.0,264800
2012-06-19,35.11000061035156,35.5099983215332,34.599998474121094,34.970001220703125,199570
2012-06-20,35.20000076293945,35.70000076293945,34.7400016784668,35.0099983215332,464905
2012-06-21,33.0,35.540000915527344,33.0,35.0099983215332,822870
2012-06-22,34.79999923706055,35.400001525878906,34.400001525878906,34.86000061035156,215505
2012-06-25,34.86000061035156,35.349998474121094,34.63999938964844,34.88999938964844,687315
2012-06-26,34.77000045776367,35.34000015258789,34.11000061035156,34.369998931884766,298635
2012-06-27,34.54999923706055,34.900001525878906,34.13999938964844,34.310001373291016,145030
2012-06-28,34.43000030517578,35.7599983215332,34.060001373291016,35.43000030517578,438335
2012-06-29,34.68000030517578,36.29999923706055,34.68000030517578,35.66999816894531,339230
2012-07-02,35.52000045776367,36.59000015258789,35.400001525878906,35.63999938964844,199385
2012-07-03,35.779998779296875,36.560001373291016,35.540000915527344,35.810001373291016,335295
2012-07-04,35.91999816894531,38.77999877929688,35.630001068115234,37.380001068115234,2729710
2012-07-05,37.59999847412109,38.34000015258789,37.29999923706055,37.84000015258789,683660
2012-07-06,38.08000183105469,38.29999923706055,37.45000076293945,37.75,322445
2012-07-09,37.40999984741211,40.77000045776367,37.02999877929688,39.9900016784668,2120725
2012-07-10,40.20000076293945,41.18000030517578,38.65999984741211,39.13999938964844,2932185
2012-07-11,39.2400016784668,40.27999877929688,38.79999923706055,39.02999877929688,1135935
2012-07-12,38.79999923706055,40.08000183105469,37.900001525878906,39.25,1129480
2012-07-13,39.400001525878906,40.66999816894531,38.63999938964844,39.119998931884766,1832505
2012-07-16,39.36000061035156,40.0,38.459999084472656,38.81999969482422,772980
2012-07-17,39.25,39.59999847412109,37.90999984741211,38.060001373291016,626425
2012-07-18,38.20000076293945,38.34000015258789,37.0,37.7599983215332,546580
2012-07-19,37.9900016784668,39.959999084472656,37.290000915527344,39.150001525878906,1206995
2012-07-20,39.20000076293945,40.0,39.20000076293945,39.61000061035156,1117980
2012-07-23,39.400001525878906,40.880001068115234,38.709999084472656,39.95000076293945,2079685
2012-07-24,40.63999938964844,41.59999847412109,39.20000076293945,39.34999847412109,1601280
2012-07-25,39.02000045776367,39.720001220703125,38.59999847412109,39.220001220703125,626305
2012-07-26,39.38999938964844,39.400001525878906,36.400001525878906,38.67000198364258,692720
2012-07-27,39.0,39.0099983215332,36.79999923706055,36.970001220703125,675510
2012-07-30,36.84000015258789,37.95000076293945,36.84000015258789,37.220001220703125,507875
2012-07-31,37.63999938964844,38.20000076293945,36.880001068115234,37.77999877929688,586220
2012-08-01,37.29999923706055,37.84999847412109,37.2400016784668,37.59999847412109,361125
2012-08-02,37.29999923706055,37.650001525878906,36.81999969482422,37.0,235225
2012-08-03,36.790000915527344,37.36000061035156,36.54999923706055,37.02000045776367,349190
2012-08-06,37.34000015258789,38.18000030517578,37.0,37.47999954223633,611010
2012-08-07,37.560001373291016,37.77000045776367,37.20000076293945,37.43999862670898,325335
2012-08-08,37.560001373291016,38.380001068115234,35.529998779296875,36.93999862670898,482905
2012-08-09,36.79999923706055,37.29999923706055,36.02000045776367,36.63999938964844,395325
2012-08-10,36.79999923706055,37.400001525878906,35.84000015258789,36.150001525878906,313595
2012-08-13,36.369998931884766,36.97999954223633,35.5,36.2599983215332,343410
2012-08-14,36.400001525878906,37.380001068115234,36.040000915527344,37.12000274658203,241255
2012-08-16,37.369998931884766,38.0099983215332,36.75,36.900001525878906,300200
2012-08-17,37.150001525878906,37.20000076293945,36.59999847412109,36.810001373291016,1045620
2012-08-21,36.9900016784668,37.59999847412109,36.08000183105469,37.12999725341797,975295
2012-08-22,36.65999984741211,36.86000061035156,35.189998626708984,35.62000274658203,448765
2012-08-23,36.22999954223633,37.959999084472656,35.400001525878906,36.709999084472656,3980415
2012-08-24,36.4900016784668,36.79999923706055,35.5,35.66999816894531,421100
2012-08-27,35.41999816894531,35.97999954223633,35.02000045776367,35.02000045776367,1060135
2012-08-28,35.04999923706055,35.31999969482422,34.29999923706055,34.92999649047852,183215
2012-08-29,35.08000183105469,35.13999938964844,34.060001373291016,34.810001373291016,166310
2012-08-30,35.0,37.18000030517578,34.599998474121094,35.84000015258789,2188975
2012-08-31,35.7400016784668,37.20000076293945,35.0,36.42000198364258,1212140
2012-09-03,36.380001068115234,37.27999877929688,35.79999923706055,36.84999847412109,595600
2012-09-04,36.95000076293945,38.90999984741211,36.540000915527344,38.22999954223633,1773425
2012-09-05,38.0,40.150001525878906,37.9900016784668,39.82999801635742,3407640
2012-09-06,40.0,44.56999969482422,39.400001525878906,42.61000061035156,9940950
2012-09-07,43.52000045776367,43.52000045776367,41.06999969482422,41.650001525878906,5552625
2012-09-10,42.95000076293945,43.540000915527344,42.310001373291016,42.61000061035156,1705160
2012-09-11,42.52999877929688,43.56999969482422,41.93000030517578,42.5,3359285
2012-09-12,42.68999862670898,44.47999954223633,42.47999954223633,43.82999801635742,6340380
2012-09-13,44.619998931884766,45.34999847412109,42.220001220703125,42.59999847412109,4325325
2012-09-14,43.06999969482422,44.97999954223633,42.79999923706055,43.70000076293945,4073230
2012-09-17,45.11000061035156,45.90999984741211,42.880001068115234,44.02000045776367,4701805
2012-09-18,44.27000045776367,45.56999969482422,43.02000045776367,44.15999984741211,1605325
2012-09-20,43.290000915527344,43.77999877929688,42.81999969482422,43.15999984741211,547585
2012-09-21,43.33000183105469,44.31999969482422,43.2400016784668,44.02000045776367,762455
2012-09-24,44.13999938964844,44.34000015258789,43.29999923706055,44.07000350952149,1093165
2012-09-25,43.220001220703125,44.459999084472656,43.220001220703125,43.62000274658203,492565
2012-09-26,43.400001525878906,44.380001068115234,43.20000076293945,43.29999923706055,483920
2012-09-27,43.540000915527344,44.7599983215332,43.2400016784668,44.37000274658203,779540
2012-09-28,44.59999847412109,46.369998931884766,43.79999923706055,45.29999923706055,2613760
2012-10-01,45.369998931884766,47.560001373291016,44.79999923706055,46.61000061035156,2267865
2012-10-03,46.88999938964844,47.380001068115234,45.7400016784668,46.47999954223633,1194375
2012-10-04,46.04999923706055,48.09999847412109,46.04999923706055,47.09999847412109,1209250
2012-10-05,47.27000045776367,47.290000915527344,44.220001220703125,44.67999649047852,1200985
2012-10-08,44.79999923706055,45.29999923706055,44.20000076293945,44.38999938964844,402920
2012-10-09,44.65999984741211,45.33000183105469,44.060001373291016,44.87999725341797,338855
2012-10-10,44.41999816894531,44.70000076293945,43.31999969482422,43.45000076293945,317540
2012-10-11,43.59999847412109,44.459999084472656,42.400001525878906,44.220001220703125,1255625
2012-10-12,44.25,45.97999954223633,43.79999923706055,44.52000045776367,563295
2012-10-15,44.59999847412109,44.93999862670898,43.20000076293945,43.37000274658203,494485
2012-10-16,43.65999984741211,45.18000030517578,43.52000045776367,44.43999862670898,498085
2012-10-17,44.22999954223633,48.18999862670898,44.22999954223633,46.970001220703125,1636510
2012-10-18,47.79999923706055,49.93000030517578,47.0,48.77999877929688,6200615
2012-10-19,48.79999923706055,49.34000015258789,46.2599983215332,46.7599983215332,1485820
2012-10-22,46.59999847412109,48.560001373291016,46.060001373291016,46.5099983215332,1177805
2012-10-23,46.900001525878906,47.75,46.5,47.07999801635742,594765
2012-10-25,47.20000076293945,47.75,46.79999923706055,47.43999862670898,671725
2012-10-29,46.18000030517578,46.79999923706055,44.63999938964844,45.02000045776367,722735
2012-10-30,44.97999954223633,47.380001068115234,44.95000076293945,46.0,925935
2012-10-31,46.27999877929688,47.0,45.70000076293945,46.88999938964844,794975
2012-11-01,46.95000076293945,47.880001068115234,46.41999816894531,47.25,911615
2012-11-02,47.540000915527344,48.20000076293945,46.84000015258789,47.22999954223633,492670
2012-11-05,46.63999938964844,47.619998931884766,46.59999847412109,47.07999801635742,332130
2012-11-06,47.0,48.34999847412109,46.77000045776367,47.82999801635742,1042960
2012-11-07,47.83000183105469,49.0,47.5099983215332,48.67999649047852,1288890
2012-11-08,47.83000183105469,48.5,47.310001373291016,47.54999923706055,423185
2012-11-09,47.970001220703125,48.52999877929688,47.4900016784668,47.7400016784668,622035
2012-11-12,48.09000015258789,49.7400016784668,47.27999877929688,48.40999984741211,802615
2012-11-15,48.18000030517578,51.97999954223633,47.5,50.959999084472656,1942835
2012-11-16,51.27000045776367,54.7400016784668,50.47999954223633,53.0,2799220
2012-11-19,53.59999847412109,55.0,52.380001068115234,53.07999801635742,1598640
2012-11-20,53.58000183105469,53.59999847412109,51.400001525878906,51.70000076293945,827065
2012-11-21,51.70000076293945,53.130001068115234,50.04999923706055,52.540000915527344,973440
2012-11-22,52.59999847412109,53.29999923706055,51.400001525878906,51.95000076293945,551225
2012-11-23,52.0,52.79999923706055,51.0,52.09000015258789,442960
2012-11-26,52.209999084472656,54.68000030517578,52.209999084472656,53.209999084472656,1245140
2012-11-27,53.34000015258789,54.34999847412109,53.20000076293945,54.02000045776367,1109930
2012-11-29,54.13999938964844,55.619998931884766,53.75,54.18000030517578,1037015
2012-11-30,54.34999847412109,55.38999938964844,54.0,54.31999969482422,601155
2012-12-03,53.20000076293945,55.959999084472656,53.20000076293945,55.59000015258789,759800
2012-12-04,55.130001068115234,56.88999938964844,55.0,56.11000061035156,601775
2012-12-05,55.59999847412109,57.77999877929688,55.310001373291016,55.84000015258789,634040
2012-12-06,56.09000015258789,56.290000915527344,54.36000061035156,55.04999923706055,525860
2012-12-07,55.0099983215332,56.79999923706055,55.0,55.75,486360
2012-12-10,55.93999862670898,55.93999862670898,54.86000061035156,55.220001220703125,340650
2012-12-11,55.0,56.0,53.63999938964844,54.09999847412109,315200
2012-12-12,53.27999877929688,55.869998931884766,53.27999877929688,54.9900016784668,705455
2012-12-13,55.06999969482422,55.79999923706055,54.68999862670898,55.02999877929688,244575
2012-12-14,55.09000015258789,55.79999923706055,55.0,55.2599983215332,192485
2012-12-17,55.02000045776367,55.5,53.59999847412109,55.04999923706055,466090
2012-12-18,54.130001068115234,60.709999084472656,54.130001068115234,59.040000915527344,2415750
2012-12-19,59.79999923706055,61.36000061035156,59.29999923706055,60.220001220703125,1490725
2012-12-20,60.0099983215332,60.709999084472656,59.400001525878906,59.84999847412109,624570
2012-12-21,59.0,59.86000061035156,55.25,55.97999954223633,677695
2012-12-24,56.11000061035156,56.70000076293945,54.619998931884766,54.90999984741211,615515
2012-12-26,55.0,55.97999954223633,54.220001220703125,54.43999862670898,491275
2012-12-27,54.59999847412109,55.59999847412109,54.02999877929688,54.13999938964844,420415
2012-12-28,54.25,55.91999816894531,54.25,55.369998931884766,711810
2012-12-31,55.5,57.86000061035156,55.20000076293945,56.93999862670898,1133645
2013-01-01,57.34000015258789,58.540000915527344,57.220001220703125,58.150001525878906,655805
2013-01-02,58.540000915527344,58.66999816894531,57.5,58.060001373291016,344315
2013-01-03,57.79999923706055,58.95000076293945,57.31999969482422,58.2599983215332,293685
2013-01-04,58.25,58.34999847412109,56.88999938964844,57.59999847412109,240190
2013-01-07,57.0,60.41999816894531,57.0,58.38999938964844,731175
2013-01-08,58.400001525878906,58.65999984741211,57.02999877929688,57.59999847412109,376485
2013-01-09,57.79999923706055,58.880001068115234,56.630001068115234,57.2400016784668,533375
2013-01-10,57.54999923706055,58.5,57.22999954223633,57.90999984741211,801465
2013-01-11,55.0,58.09000015258789,54.790000915527344,56.90999984741211,188735
2013-01-14,56.220001220703125,56.970001220703125,55.22999954223633,55.619998931884766,400305
2013-01-15,55.54999923706055,56.369998931884766,54.79999923706055,55.1099967956543,337155
2013-01-16,55.150001525878906,56.380001068115234,54.65999984741211,54.97999954223633,967195
2013-01-17,54.9900016784668,55.79999923706055,54.66999816894531,54.83000183105469,168305
2013-01-18,55.0,55.79999923706055,54.70000076293945,55.310001373291016,288830
2013-01-21,55.43999862670898,56.68000030517578,55.27000045776367,55.77000045776367,602585
2013-01-22,56.09999847412109,58.0,55.810001373291016,56.84000015258789,1348625
2013-01-23,56.84999847412109,57.34000015258789,53.45000076293945,54.63999938964844,977820
2013-01-24,54.91999816894531,56.400001525878906,51.04999923706055,54.41999816894531,885040
2013-01-25,54.540000915527344,56.290000915527344,53.02999877929688,53.91999816894531,2059770
2013-01-28,53.25,54.52000045776367,51.619998931884766,52.2400016784668,440590
2013-01-29,52.540000915527344,52.90999984741211,51.06999969482422,51.209999084472656,463055
2013-01-30,51.540000915527344,52.560001373291016,49.91999816894531,50.84000015258789,513400
2013-01-31,50.95000076293945,51.540000915527344,48.52999877929688,50.880001068115234,379745
2013-02-01,50.95000076293945,51.40999984741211,50.40999984741211,51.08000183105469,362820
2013-02-04,51.33000183105469,52.13999938964844,50.83000183105469,51.59999847412109,603855
2013-02-05,51.310001373291016,51.310001373291016,50.0,50.09000015258789,398210
2013-02-06,50.400001525878906,52.630001068115234,50.220001220703125,51.30999755859375,292160
2013-02-07,50.83000183105469,52.29999923706055,49.9900016784668,51.75,655810
2013-02-08,51.400001525878906,51.77999877929688,50.310001373291016,51.25,287510
2013-02-11,51.25,51.52999877929688,50.31999969482422,50.709999084472656,253560
2013-02-12,50.2599983215332,51.09999847412109,48.79999923706055,50.18999862670898,540235
2013-02-13,50.369998931884766,52.65999984741211,49.72999954223633,49.83000183105469,1166820
2013-02-14,50.150001525878906,50.45000076293945,48.33000183105469,48.93999862670898,428740
2013-02-15,48.93999862670898,48.93999862670898,46.4900016784668,47.4900016784668,4362250
2013-02-18,47.63999938964844,52.36000061035156,47.59999847412109,51.06999969482422,2211070
2013-02-19,51.20000076293945,53.560001373291016,49.66999816894531,51.47999954223633,1228625
2013-02-20,52.0,52.880001068115234,50.2599983215332,50.709999084472656,882675
2013-02-21,50.20000076293945,50.5099983215332,49.0,50.0099983215332,343485
2013-02-22,50.13999938964844,50.43000030517578,49.09999847412109,49.65999984741211,140425
2013-02-25,49.93999862670898,51.150001525878906,49.11000061035156,50.7400016784668,439050
2013-02-26,50.369998931884766,51.59999847412109,45.560001373291016,50.52999877929688,1703270
2013-02-27,50.650001525878906,51.36000061035156,49.619998931884766,50.04999923706055,443170
2013-02-28,50.52000045776367,51.900001525878906,47.459999084472656,48.380001068115234,883020
2013-03-01,48.400001525878906,49.20000076293945,47.22999954223633,47.869998931884766,388955
2013-03-04,47.060001373291016,49.11000061035156,46.86000061035156,47.310001373291016,165625
2013-03-05,47.220001220703125,48.63999938964844,47.209999084472656,47.970001220703125,159145
2013-03-06,48.31999969482422,50.20000076293945,48.15999984741211,49.59000015258789,5254510
2013-03-07,49.18999862670898,50.380001068115234,49.0,49.40999984741211,293170
2013-03-08,49.43999862670898,52.18999862670898,49.43999862670898,51.42000198364258,522310
2013-03-11,50.79999923706055,52.709999084472656,50.79999923706055,52.18999862670898,264590
2013-03-12,52.54999923706055,52.77999877929688,51.2400016784668,51.54999923706055,120365
2013-03-13,51.0,51.900001525878906,50.209999084472656,50.58000183105469,84715
2013-03-14,50.20000076293945,51.02000045776367,49.52999877929688,49.75,204745
2013-03-15,49.619998931884766,52.59999847412109,49.619998931884766,51.970001220703125,903540
2013-03-18,51.59999847412109,53.97999954223633,51.20000076293945,52.369998931884766,677035
2013-03-19,52.56999969482422,53.880001068115234,50.59999847412109,51.59999847412109,1156740
2013-03-20,50.59999847412109,51.7400016784668,50.20000076293945,51.0,411200
2013-03-21,50.650001525878906,52.29999923706055,50.290000915527344,52.0099983215332,299420
2013-03-22,52.16999816894531,52.900001525878906,50.900001525878906,52.40999984741211,398075
2013-03-25,52.41999816894531,53.20000076293945,51.119998931884766,51.45000076293945,2214715
2013-03-26,50.59999847412109,54.400001525878906,50.59000015258789,53.15999984741211,570955
2013-03-28,53.209999084472656,54.70000076293945,52.0,53.77999877929688,1480930
2013-04-01,54.0,55.79999923706055,54.0,54.790000915527344,411800
2013-04-02,55.0099983215332,56.38999938964844,54.52000045776367,55.470001220703125,410445
2013-04-03,54.34000015258789,57.060001373291016,53.060001373291016,54.470001220703125,517150
2013-04-04,53.650001525878906,54.77000045776367,52.470001220703125,53.150001525878906,133860
2013-04-05,52.79999923706055,53.400001525878906,52.29999923706055,52.59000015258789,106205
2013-04-08,52.20000076293945,53.36000061035156,51.220001220703125,51.560001373291016,150775
2013-04-09,51.75,53.400001525878906,50.43000030517578,50.90999984741211,131245
2013-04-10,51.34000015258789,52.400001525878906,49.20000076293945,51.63999938964844,390015
2013-04-11,51.9900016784668,52.959999084472656,50.400001525878906,52.70000076293945,318660
2013-04-12,51.20000076293945,53.58000183105469,51.20000076293945,53.16999816894531,550090
2013-04-15,52.97999954223633,54.97999954223633,52.59999847412109,53.86000061035156,300065
2013-04-16,53.59000015258789,54.27999877929688,53.02999877929688,53.45000076293945,110535
2013-04-17,53.400001525878906,55.0,53.209999084472656,54.84999847412109,222780
2013-04-18,54.59000015258789,54.91999816894531,53.29999923706055,53.67000198364258,214865
2013-04-22,50.83000183105469,53.380001068115234,50.83000183105469,51.970001220703125,1386200
2013-04-23,51.75,52.70000076293945,50.45000076293945,50.81999969482422,259090
2013-04-25,51.060001373291016,51.880001068115234,50.45000076293945,51.59999847412109,631365
2013-04-26,51.400001525878906,51.7599983215332,50.27000045776367,50.45000076293945,107290
2013-04-29,50.34999847412109,51.27999877929688,50.040000915527344,50.43000030517578,323520
2013-04-30,50.5,51.150001525878906,49.27999877929688,50.59999847412109,1060650
2013-05-02,50.970001220703125,51.52000045776367,50.220001220703125,50.38999938964844,93855
2013-05-03,50.400001525878906,51.20000076293945,50.2599983215332,50.630001068115234,188925
2013-05-06,50.20000076293945,52.20000076293945,50.20000076293945,51.790000915527344,410455
2013-05-07,52.02000045776367,55.7599983215332,52.02000045776367,54.9900016784668,880120
2013-05-08,55.34000015258789,57.0,55.34000015258789,56.0,1907445
2013-05-09,56.040000915527344,58.0,55.04999923706055,56.86000061035156,1516250
2013-05-10,56.880001068115234,57.7599983215332,55.9900016784668,56.970001220703125,4063125
2013-05-13,57.22999954223633,58.0099983215332,56.0,56.41999816894531,724760
2013-05-14,56.0,59.119998931884766,56.0,57.86000061035156,926260
2013-05-15,58.20000076293945,58.900001525878906,57.400001525878906,57.9900016784668,2198020
2013-05-16,57.619998931884766,60.400001525878906,56.79999923706055,58.22999954223633,2655755
2013-05-17,58.77999877929688,58.77999877929688,56.93000030517578,57.650001525878906,2334045
2013-05-20,58.20000076293945,59.2400016784668,56.5,57.07999801635742,274910
2013-05-21,57.400001525878906,58.18999862670898,56.11000061035156,56.29999923706055,157375
2013-05-22,56.29999923706055,57.79999923706055,55.02000045776367,56.43000030517578,2697040
2013-05-23,56.20000076293945,56.72999954223633,53.43999862670898,53.880001068115234,155660
2013-05-24,54.0099983215332,54.95000076293945,51.650001525878906,54.09999847412109,449595
2013-05-27,54.02000045776367,55.2599983215332,54.02000045776367,54.83000183105469,163170
2013-05-28,55.220001220703125,55.70000076293945,54.630001068115234,54.810001373291016,150000
2013-05-29,55.33000183105469,56.18999862670898,54.02999877929688,55.04999923706055,2792590
2013-05-30,57.400001525878906,58.70000076293945,55.40999984741211,56.06999969482422,766365
2013-05-31,56.59000015258789,56.59000015258789,55.68000030517578,56.0099983215332,1525480
2013-06-03,56.0,56.20000076293945,54.720001220703125,55.150001525878906,144640
2013-06-04,55.52999877929688,55.7400016784668,54.560001373291016,55.02999877929688,169220
2013-06-05,54.59999847412109,56.0,54.060001373291016,55.37000274658203,264555
2013-06-06,55.29999923706055,56.119998931884766,54.900001525878906,55.220001220703125,506975
2013-06-07,55.209999084472656,55.47999954223633,54.43999862670898,54.84999847412109,926315
2013-06-10,54.79999923706055,55.33000183105469,53.84999847412109,54.07000350952149,68990
2013-06-11,54.59999847412109,55.7599983215332,53.02999877929688,55.15999984741211,341425
2013-06-12,54.25,55.400001525878906,54.060001373291016,54.310001373291016,60055
2013-06-13,54.400001525878906,54.400001525878906,52.97999954223633,53.84999847412109,134130
2013-06-14,53.77999877929688,54.959999084472656,53.77999877929688,54.63999938964844,52580
2013-06-17,54.79999923706055,55.209999084472656,53.209999084472656,53.61000061035156,236800
2013-06-18,53.79999923706055,54.83000183105469,53.70000076293945,54.13999938964844,130820
2013-06-19,54.13999938964844,54.70000076293945,53.61000061035156,53.86000061035156,214540
2013-06-20,53.20000076293945,54.33000183105469,53.02000045776367,53.369998931884766,229945
2013-06-21,53.33000183105469,53.33000183105469,52.400001525878906,52.84999847412109,475600
2013-06-24,52.84999847412109,53.0099983215332,51.540000915527344,52.62999725341797,188565
2013-06-25,52.20000076293945,55.0,47.52999877929688,54.29999923706055,1127015
2013-06-26,54.400001525878906,54.400001525878906,51.2400016784668,52.1099967956543,90430
2013-06-27,52.68000030517578,53.93999862670898,52.0099983215332,53.2599983215332,174975
2013-06-28,53.29999923706055,56.0,53.29999923706055,55.400001525878906,174870
2013-07-01,55.7400016784668,57.97999954223633,55.54999923706055,57.2400016784668,296675
2013-07-02,56.310001373291016,57.0,55.59999847412109,56.970001220703125,106725
2013-07-03,57.13999938964844,57.13999938964844,54.70000076293945,55.12000274658203,365410
2013-07-04,55.54999923706055,56.47999954223633,55.22999954223633,56.12999725341797,25965
2013-07-05,56.119998931884766,56.5,55.470001220703125,56.27999877929688,33500
2013-07-08,55.970001220703125,56.400001525878906,55.040000915527344,55.31999969482422,67225
2013-07-09,55.400001525878906,56.150001525878906,55.13999938964844,55.369998931884766,52600
2013-07-10,55.79999923706055,55.93000030517578,55.0,55.25,12660
2013-07-11,55.40999984741211,55.970001220703125,55.2400016784668,55.47999954223633,32940
2013-07-12,55.709999084472656,56.47999954223633,55.400001525878906,56.05999755859375,44095
2013-07-15,55.0,59.20000076293945,55.0,58.650001525878906,174150
2013-07-16,58.18000030517578,58.59999847412109,57.0099983215332,57.369998931884766,90170
2013-07-17,56.9900016784668,57.59999847412109,55.59999847412109,56.93999862670898,173635
2013-07-18,56.380001068115234,57.59999847412109,56.20000076293945,56.720001220703125,29035
2013-07-19,56.20000076293945,56.79999923706055,55.11000061035156,56.43000030517578,43040
2013-07-22,56.93999862670898,58.0,56.59999847412109,57.27000045776367,176805
2013-07-23,57.18999862670898,57.47999954223633,56.5099983215332,56.95000076293945,192575
2013-07-24,56.79999923706055,56.79999923706055,55.0,55.970001220703125,143185
2013-07-25,55.02000045776367,55.97999954223633,54.0,55.40999984741211,153880
2013-07-26,55.20000076293945,55.97999954223633,54.5099983215332,54.970001220703125,2749135
2013-07-29,54.40999984741211,54.5,52.43000030517578,53.07000350952149,941155
2013-07-30,52.08000183105469,52.79999923706055,50.59999847412109,52.540000915527344,809765
2013-07-31,51.59999847412109,55.0,50.709999084472656,54.55999755859375,610000
2013-08-01,53.59999847412109,54.5,52.59999847412109,53.57000350952149,523640
2013-08-02,52.59999847412109,53.36000061035156,50.400001525878906,50.900001525878906,529820
2013-08-05,50.400001525878906,51.20000076293945,47.70000076293945,49.88999938964844,1178440
2013-08-06,49.79999923706055,49.79999923706055,48.31999969482422,49.0,138230
2013-08-07,48.0,49.0,47.0,48.11000061035156,381720
2013-08-08,47.27999877929688,49.0,47.27999877929688,48.58000183105469,326635
2013-08-12,48.400001525878906,51.0,48.400001525878906,50.90999984741211,70815
2013-08-13,50.900001525878906,53.59999847412109,50.040000915527344,53.2400016784668,294500
2013-08-14,53.47999954223633,55.11000061035156,52.400001525878906,54.29999923706055,142755
2013-08-16,54.209999084472656,54.52000045776367,53.0,53.7599983215332,73510
2013-08-19,53.7599983215332,54.400001525878906,52.060001373291016,53.62999725341797,159050
2013-08-20,54.18999862670898,55.380001068115234,52.060001373291016,53.52999877929688,325840
2013-08-21,54.209999084472656,55.36000061035156,53.58000183105469,54.09999847412109,134655
2013-08-22,53.400001525878906,54.20000076293945,51.79999923706055,52.97999954223633,531460
2013-08-23,52.400001525878906,55.79999923706055,51.81999969482422,55.3599967956543,143385
2013-08-26,55.61000061035156,56.630001068115234,54.04999923706055,54.45000076293945,65045
2013-08-27,52.29999923706055,54.0,52.29999923706055,53.5099983215332,18120
2013-08-28,53.5099983215332,53.5099983215332,50.61000061035156,52.060001373291016,408080
2013-08-29,50.61000061035156,55.0,50.25,52.19000244140625,409015
2013-08-30,53.20000076293945,54.209999084472656,52.2400016784668,52.900001525878906,305550
2013-09-02,53.59999847412109,56.40999984741211,52.63999938964844,56.04999923706055,203865
2013-09-03,54.29999923706055,55.59999847412109,53.209999084472656,53.90999984741211,38970
2013-09-04,53.45000076293945,55.59999847412109,50.369998931884766,54.90999984741211,75560
2013-09-05,54.20000076293945,55.95000076293945,54.20000076293945,54.82999801635742,196455
2013-09-06,54.20000076293945,55.77999877929688,53.5,55.540000915527344,649795
2013-09-10,55.0099983215332,56.33000183105469,54.310001373291016,54.43000030517578,499475
2013-09-11,53.40999984741211,55.20000076293945,53.40999984741211,54.70000076293945,394230
2013-09-12,55.13999938964844,56.20000076293945,53.619998931884766,54.13999938964844,1328180
2013-09-13,54.09999847412109,54.880001068115234,53.40999984741211,54.619998931884766,81685
2013-09-16,54.79999923706055,55.59999847412109,52.310001373291016,53.2400016784668,67245
2013-09-17,52.79999923706055,53.75,52.119998931884766,52.68999862670898,68950
2013-09-18,53.63999938964844,54.79999923706055,52.25,52.97999954223633,407120
2013-09-19,53.0,54.400001525878906,53.0,54.0,227975
2013-09-20,53.59999847412109,54.79999923706055,53.150001525878906,53.91999816894531,257200
2013-09-23,53.400001525878906,55.70000076293945,53.09999847412109,54.6099967956543,473415
2013-09-24,54.20000076293945,54.400001525878906,53.619998931884766,53.8900032043457,3180285
2013-09-25,53.65999984741211,54.880001068115234,52.81999969482422,54.2599983215332,315660
2013-09-26,54.20000076293945,55.09999847412109,53.869998931884766,54.75,389125
2013-09-27,54.400001525878906,55.540000915527344,53.93000030517578,54.91999816894531,484655
2013-09-30,54.02999877929688,57.7400016784668,53.900001525878906,57.34000015258789,745395
2013-10-01,56.79999923706055,56.79999923706055,55.58000183105469,55.79999923706055,213760
2013-10-03,55.0,56.20000076293945,54.47999954223633,54.650001525878906,81875
2013-10-04,54.59000015258789,55.38999938964844,54.060001373291016,54.40999984741211,81905
2013-10-07,53.88999938964844,54.59999847412109,53.290000915527344,53.59999847412109,93670
2013-10-08,54.790000915527344,54.790000915527344,53.04999923706055,54.04999923706055,163985
2013-10-09,54.0099983215332,54.59000015258789,53.400001525878906,53.90999984741211,50955
2013-10-10,53.400001525878906,54.63999938964844,53.400001525878906,53.75,33055
2013-10-11,53.470001220703125,55.5,53.400001525878906,53.75,76345
2013-10-14,53.75,54.36000061035156,53.43999862670898,53.59999847412109,33730
2013-10-15,53.52000045776367,54.0,52.220001220703125,52.52000045776367,329320
2013-10-17,52.59999847412109,53.56999969482422,52.119998931884766,53.0,1296000
2013-10-18,52.20000076293945,53.79999923706055,52.20000076293945,53.630001068115234,120185
2013-10-21,53.52999877929688,54.79999923706055,53.0,54.34000015258789,88070
2013-10-22,53.59999847412109,54.34000015258789,53.290000915527344,53.33000183105469,53145
2013-10-23,53.20000076293945,53.97999954223633,52.810001373291016,53.2400016784668,83670
2013-10-24,52.209999084472656,53.70000076293945,52.209999084472656,52.44000244140625,39725
2013-10-25,52.43999862670898,53.130001068115234,52.20000076293945,52.69000244140625,29490
2013-10-28,52.79999923706055,53.20000076293945,52.20000076293945,52.38999938964844,43695
2013-10-29,53.59999847412109,55.97999954223633,51.38999938964844,55.08000183105469,329440
2013-10-30,54.02999877929688,56.540000915527344,53.93999862670898,55.22999954223633,128260
2013-10-31,54.09999847412109,58.18000030517578,54.09999847412109,57.34999847412109,245320
2013-11-01,56.20000076293945,57.95000076293945,56.06999969482422,57.0,78520
2013-11-05,54.66999816894531,56.59999847412109,54.66999816894531,56.04999923706055,36885
2013-11-06,56.0,56.45000076293945,55.400001525878906,55.5,26565
2013-11-07,55.0,55.59999847412109,54.11000061035156,54.5099983215332,16980
2013-11-08,54.0099983215332,54.38999938964844,53.11000061035156,53.57999801635742,206525
2013-11-11,53.20000076293945,54.400001525878906,52.400001525878906,52.810001373291016,179450
2013-11-12,52.400001525878906,53.7599983215332,52.400001525878906,52.9900016784668,21395
2013-11-13,53.0,53.650001525878906,52.400001525878906,52.97999954223633,39975
2013-11-14,53.20000076293945,53.58000183105469,52.400001525878906,52.540000915527344,34335
2013-11-18,52.400001525878906,52.9900016784668,51.90999984741211,52.15999984741211,133370
2013-11-19,52.29999923706055,52.79999923706055,51.59999847412109,52.16999816894531,108445
2013-11-20,52.13999938964844,52.34000015258789,50.79999923706055,51.02999877929688,135350
2013-11-21,51.02999877929688,51.36000061035156,49.20000076293945,49.65999984741211,164585
2013-11-22,50.0,52.18000030517578,49.70000076293945,52.02999877929688,1079230
2013-11-25,52.20000076293945,53.09999847412109,51.720001220703125,52.36000061035156,232350
2013-11-26,51.43999862670898,53.70000076293945,51.0099983215332,51.720001220703125,107345
2013-11-27,52.84999847412109,52.84999847412109,51.59999847412109,52.560001373291016,60240
2013-11-28,53.560001373291016,53.560001373291016,51.61000061035156,51.97999954223633,100105
2013-11-29,52.0099983215332,53.79999923706055,50.5,52.30999755859375,498310
2013-12-02,52.400001525878906,53.20000076293945,51.72999954223633,52.060001373291016,29510
2013-12-03,51.59999847412109,52.18000030517578,51.0,51.41999816894531,136235
2013-12-04,51.11000061035156,52.43000030517578,50.970001220703125,51.380001068115234,418190
2013-12-05,52.29999923706055,52.29999923706055,48.400001525878906,49.11000061035156,407085
2013-12-06,49.79999923706055,50.400001525878906,49.0,49.540000915527344,111580
2013-12-09,50.790000915527344,50.93999862670898,49.45000076293945,50.630001068115234,104170
2013-12-10,50.43000030517578,51.59999847412109,50.20000076293945,50.619998931884766,137300
2013-12-11,50.0,51.34999847412109,50.0,50.47999954223633,84845
2013-12-12,50.47999954223633,50.88999938964844,50.0,50.02999877929688,279975
2013-12-13,50.0,50.0,48.70000076293945,49.20000076293945,143200
2013-12-16,48.79999923706055,51.33000183105469,48.79999923706055,50.97999954223633,97365
2013-12-17,51.58000183105469,51.58000183105469,49.91999816894531,51.0,336560
2013-12-18,50.59999847412109,51.38999938964844,50.59000015258789,51.0,336960
2013-12-19,51.56999969482422,55.400001525878906,51.56999969482422,54.470001220703125,992115
2013-12-20,54.79999923706055,58.380001068115234,54.5099983215332,57.970001220703125,1774380
2013-12-23,57.70000076293945,57.810001373291016,54.86000061035156,55.82000350952149,628525
2013-12-24,54.52000045776367,55.400001525878906,54.45000076293945,54.83000183105469,103780
2013-12-26,54.59999847412109,56.79999923706055,54.40999984741211,54.97999954223633,108215
2013-12-27,55.68000030517578,56.20000076293945,54.84999847412109,55.15999984741211,87195
2013-12-30,54.720001220703125,56.93999862670898,53.84000015258789,55.720001220703125,158170
2013-12-31,56.59000015258789,57.790000915527344,55.630001068115234,56.75,498650
2014-01-01,56.5,57.13999938964844,55.2400016784668,55.38999938964844,80155
2014-01-02,55.02999877929688,57.4900016784668,55.02999877929688,55.36000061035156,223320
2014-01-03,55.91999816894531,55.91999816894531,54.81999969482422,55.09999847412109,59270
2014-01-06,54.40999984741211,57.09999847412109,54.40999984741211,56.54999923706055,233300
2014-01-07,56.20000076293945,56.93999862670898,55.04999923706055,55.400001525878906,102480
2014-01-08,56.380001068115234,56.380001068115234,54.59999847412109,54.93000030517578,64325
2014-01-09,54.220001220703125,55.310001373291016,53.400001525878906,53.9900016784668,564495
2014-01-10,53.59999847412109,54.0,52.79999923706055,53.16999816894531,47660
2014-01-13,52.2400016784668,53.15999984741211,51.83000183105469,51.97999954223633,33565
2014-01-14,51.400001525878906,52.79999923706055,51.20000076293945,51.4900016784668,39720
2014-01-15,51.47999954223633,52.900001525878906,51.47999954223633,51.87000274658203,77615
2014-01-16,51.70000076293945,52.540000915527344,51.20000076293945,51.63999938964844,26880
2014-01-17,51.20000076293945,52.34000015258789,51.20000076293945,51.880001068115234,1291190
2014-01-20,52.0,52.02000045776367,51.20000076293945,51.84000015258789,28740
2014-01-21,51.79999923706055,52.400001525878906,50.5,50.7400016784668,79505
2014-01-22,50.72999954223633,52.880001068115234,50.470001220703125,51.29999923706055,423585
2014-01-23,51.29999923706055,51.970001220703125,51.0,51.22999954223633,629830
2014-01-24,51.18999862670898,52.20000076293945,51.0,51.55999755859375,41230
2014-01-27,51.0,52.7599983215332,50.72999954223633,51.31999969482422,252720
2014-01-28,50.0,51.9900016784668,49.310001373291016,51.42000198364258,29740
2014-01-29,52.20000076293945,52.20000076293945,51.2400016784668,51.630001068115234,156780
2014-01-30,51.20000076293945,51.79999923706055,50.0,50.220001220703125,1625260
2014-01-31,52.20000076293945,53.369998931884766,50.59999847412109,51.0,2328310
2014-02-03,52.18000030517578,52.18000030517578,50.02000045776367,50.290000915527344,39510
2014-02-04,50.65999984741211,50.77999877929688,50.0,50.369998931884766,19575
2014-02-05,51.13999938964844,51.13999938964844,50.0,50.45000076293945,30325
2014-02-06,50.43999862670898,51.380001068115234,49.79999923706055,50.09999847412109,33605
2014-02-07,50.9900016784668,52.88999938964844,50.52999877929688,51.959999084472656,355155
2014-02-10,52.79999923706055,53.20000076293945,52.09999847412109,53.130001068115234,96380
2014-02-11,52.9900016784668,53.0,51.27000045776367,51.75,53070
2014-02-12,52.66999816894531,53.15999984741211,51.650001525878906,52.25,172785
2014-02-13,52.0,52.400001525878906,50.41999816894531,51.380001068115234,129280
2014-02-14,51.0,51.619998931884766,50.2400016784668,50.56999969482422,246490
2014-02-17,50.650001525878906,51.77999877929688,50.459999084472656,50.959999084472656,833510
2014-02-18,50.5099983215332,51.290000915527344,49.27000045776367,49.869998931884766,2950560
2014-02-19,50.77999877929688,51.880001068115234,48.41999816894531,49.61000061035156,229550
2014-02-20,49.61000061035156,50.52999877929688,48.79999923706055,49.15999984741211,3053750
2014-02-21,48.81999969482422,50.79999923706055,48.81999969482422,49.88999938964844,100410
2014-02-24,49.5,49.59999847412109,48.59999847412109,48.880001068115234,90930
2014-02-25,48.84000015258789,48.84000015258789,48.040000915527344,48.45000076293945,142960
2014-02-26,49.150001525878906,49.380001068115234,48.5,48.90999984741211,2831005
2014-02-28,49.97999954223633,49.97999954223633,48.09999847412109,48.88999938964844,114800
2014-03-03,49.09000015258789,50.97999954223633,49.04999923706055,50.68000030517578,192835
2014-03-04,51.0,51.09000015258789,49.02999877929688,49.34000015258789,61140
2014-03-05,49.43000030517578,49.83000183105469,49.040000915527344,49.400001525878906,2734400
2014-03-06,49.97999954223633,51.400001525878906,49.81999969482422,50.70000076293945,267495
2014-03-07,50.79999923706055,50.79999923706055,49.59999847412109,50.0,662045
2014-03-10,50.400001525878906,50.66999816894531,49.02000045776367,49.52000045776367,67000
2014-03-11,49.650001525878906,49.93999862670898,49.09999847412109,49.40999984741211,24710
2014-03-12,49.220001220703125,50.79999923706055,49.20000076293945,49.29999923706055,208100
2014-03-13,50.20000076293945,50.5,49.29999923706055,49.59999847412109,288770
2014-03-14,50.20000076293945,50.20000076293945,48.79999923706055,48.900001525878906,122675
2014-03-18,48.79999923706055,49.88999938964844,48.79999923706055,49.52999877929688,69335
2014-03-19,49.43000030517578,50.36000061035156,49.20000076293945,49.88999938964844,959725
2014-03-20,49.9900016784668,49.9900016784668,48.380001068115234,48.68999862670898,141335
2014-03-21,49.18999862670898,50.27000045776367,48.79999923706055,49.97999954223633,319505
2014-03-24,49.540000915527344,49.63999938964844,49.18999862670898,49.25,46530
2014-03-25,49.79999923706055,50.29999923706055,48.4900016784668,49.7599983215332,462410
2014-03-26,49.59999847412109,50.0,49.08000183105469,49.65999984741211,183445
2014-03-27,50.31999969482422,50.31999969482422,48.84000015258789,49.27000045776367,110690
2014-03-28,49.119998931884766,49.720001220703125,48.58000183105469,48.810001373291016,131860
2014-03-31,48.900001525878906,49.79999923706055,48.220001220703125,48.470001220703125,219825
2014-04-01,51.59999847412109,51.97999954223633,49.400001525878906,49.57999801635742,1402655
2014-04-02,49.79999923706055,51.209999084472656,49.45000076293945,49.95000076293945,4480900
2014-04-03,50.68000030517578,51.20000076293945,48.41999816894531,48.83000183105469,882415
2014-04-04,48.91999816894531,49.70000076293945,48.70000076293945,49.15999984741211,232475
2014-04-07,49.59999847412109,49.59999847412109,48.15999984741211,48.470001220703125,174730
2014-04-09,49.0,49.93000030517578,48.630001068115234,48.86000061035156,730610
2014-04-10,49.18999862670898,49.7599983215332,48.20000076293945,48.619998931884766,292895
2014-04-11,48.79999923706055,48.900001525878906,48.0,48.12999725341797,228980
2014-04-15,47.90999984741211,48.400001525878906,46.43000030517578,46.84000015258789,453875
2014-04-16,46.84000015258789,47.310001373291016,44.0,45.560001373291016,675710
2014-04-17,45.209999084472656,49.33000183105469,45.209999084472656,48.150001525878906,2444195
2014-04-21,48.400001525878906,49.0,47.20000076293945,48.7599983215332,281925
2014-04-22,48.79999923706055,48.79999923706055,47.810001373291016,48.0,1464090
2014-04-23,48.0,49.0,47.900001525878906,48.40999984741211,228840
2014-04-24,48.40999984741211,48.40999984741211,48.40999984741211,48.40999984741211,0
2014-04-25,48.41999816894531,48.93999862670898,47.380001068115234,47.959999084472656,228930
2014-04-28,47.400001525878906,48.77999877929688,47.400001525878906,48.47999954223633,192560
2014-04-29,48.43999862670898,49.79999923706055,47.63999938964844,49.0,692545
2014-04-30,48.70000076293945,49.54999923706055,48.400001525878906,48.95000076293945,566030
2014-05-02,48.5099983215332,49.75,48.5099983215332,49.0,592740
2014-05-05,48.119998931884766,49.0,48.119998931884766,48.5,403260
2014-05-06,48.2599983215332,49.34999847412109,48.2599983215332,49.0,1218035
2014-05-07,48.61000061035156,49.20000076293945,48.209999084472656,49.02000045776367,466415
2014-05-08,48.59999847412109,49.38999938964844,48.08000183105469,48.650001525878906,341940
2014-05-09,48.459999084472656,49.18999862670898,47.810001373291016,48.9900016784668,1157170
2014-05-12,49.150001525878906,49.97999954223633,48.630001068115234,49.54999923706055,196250
2014-05-13,49.79999923706055,50.34999847412109,48.959999084472656,50.040000915527344,709410
2014-05-14,50.0,50.04999923706055,48.900001525878906,49.18999862670898,393055
2014-05-15,49.22999954223633,49.79999923706055,48.16999816894531,48.790000915527344,94720
2014-05-16,49.79999923706055,50.400001525878906,48.29999923706055,50.11000061035156,222765
2014-05-19,50.119998931884766,50.97999954223633,49.04999923706055,50.04999923706055,108495
2014-05-20,49.09999847412109,54.7400016784668,49.09999847412109,54.22999954223633,1209275
2014-05-21,54.400001525878906,56.20000076293945,52.41999816894531,55.68000030517578,607070
2014-05-22,55.79999923706055,62.59999847412109,54.310001373291016,60.06999969482422,901345
2014-05-23,60.06999969482422,60.79999923706055,58.52999877929688,59.77000045776367,483560
2014-05-26,60.20000076293945,61.20000076293945,54.11000061035156,55.1400032043457,251290
2014-05-27,55.540000915527344,55.540000915527344,52.83000183105469,53.97999954223633,198705
2014-05-28,53.59999847412109,56.0,52.0,54.650001525878906,670420
2014-05-29,55.400001525878906,59.7400016784668,54.84000015258789,58.05999755859375,772045
2014-05-30,58.060001373291016,69.66999816894531,57.41999816894531,65.68000030517578,2445380
2014-06-02,64.94000244140625,66.76000213623047,61.0,62.09000015258789,705735
2014-06-03,62.38999938964844,65.80000305175781,62.09000015258789,63.540000915527344,497685
2014-06-04,64.37999725341797,65.5999984741211,62.02000045776367,63.380001068115234,346725
2014-06-05,63.0,63.77000045776367,62.02999877929688,62.380001068115234,123455
2014-06-06,63.0,65.08999633789062,62.7599983215332,64.79000091552734,567240
2014-06-09,65.19999694824219,74.0199966430664,64.8499984741211,70.55000305175781,2178780
2014-06-10,70.4800033569336,71.66000366210938,69.0,71.11000061035156,385310
2014-06-11,70.4000015258789,70.80000305175781,66.33999633789062,66.87000274658203,128910
2014-06-12,66.81999969482422,68.19999694824219,64.12000274658203,64.31999969482422,172160
2014-06-13,64.30000305175781,65.5999984741211,60.5099983215332,61.220001220703125,162925
2014-06-16,62.93999862670898,62.93999862670898,60.83000183105469,61.060001373291016,132975
2014-06-17,61.970001220703125,63.20000076293945,61.150001525878906,62.88999938964844,151765
2014-06-18,62.88999938964844,64.80000305175781,62.88999938964844,63.43000030517578,226480
2014-06-19,63.52000045776367,65.97000122070312,62.5099983215332,63.79999923706055,224675
2014-06-20,63.79999923706055,63.79999923706055,60.83000183105469,61.58000183105469,478325
2014-06-23,61.70000076293945,62.41999816894531,58.0,58.47999954223633,284250
2014-06-24,58.47999954223633,61.56999969482422,58.47999954223633,60.810001373291016,225850
2014-06-25,60.810001373291016,61.27999877929688,59.290000915527344,60.59000015258789,190325
2014-06-26,63.900001525878906,64.4000015258789,60.59000015258789,63.880001068115234,377940
2014-06-27,64.0,64.0,61.790000915527344,62.150001525878906,65830
2014-06-30,62.150001525878906,63.400001525878906,62.150001525878906,63.27999877929688,47785
2014-07-01,63.0,65.08000183105469,62.20000076293945,63.22999954223633,174760
2014-07-02,64.79000091552734,67.0,63.20000076293945,65.43000030517578,581045
2014-07-03,64.83000183105469,64.83000183105469,63.22999954223633,63.630001068115234,73425
2014-07-04,64.0999984741211,64.44999694824219,62.97999954223633,63.81999969482422,45050
2014-07-07,62.09999847412109,66.55999755859375,62.0,64.51000213623047,161040
2014-07-08,65.76000213623047,65.76000213623047,62.11000061035156,62.880001068115234,1752170
2014-07-09,63.0,63.59999847412109,60.09999847412109,62.0,1349030
2014-07-10,61.79999923706055,64.19999694824219,60.79999923706055,63.36000061035156,372765
2014-07-11,65.33999633789062,65.33999633789062,62.34999847412109,63.27999877929688,116305
2014-07-14,62.77999877929688,63.20000076293945,61.18000030517578,62.9900016784668,317460
2014-07-15,63.0,64.0,62.09999847412109,63.18999862670898,23305
2014-07-16,63.95000076293945,65.19999694824219,62.619998931884766,64.0,103510
2014-07-17,64.88999938964844,64.88999938964844,63.59999847412109,64.41000366210938,1967675
2014-07-18,65.0,65.0,63.59000015258789,64.0,58095
2014-07-21,63.400001525878906,66.0,63.400001525878906,64.08999633789062,3812555
2014-07-22,64.63999938964844,64.9800033569336,63.40999984741211,64.38999938964844,1225505
2014-07-23,65.0,66.69999694824219,63.310001373291016,64.27999877929688,688250
2014-07-24,64.5199966430664,64.5199966430664,62.59999847412109,63.63999938964844,98060
2014-07-25,64.0,65.30999755859375,62.0,62.459999084472656,80425
2014-07-28,62.0,62.400001525878906,61.20000076293945,61.540000915527344,28460
2014-07-30,61.630001068115234,62.380001068115234,59.20000076293945,62.0099983215332,98835
2014-07-31,61.79999923706055,65.0,61.650001525878906,64.04000091552734,173635
2014-08-01,63.40999984741211,64.33000183105469,62.400001525878906,62.709999084472656,19500
2014-08-04,61.470001220703125,64.16999816894531,61.470001220703125,63.86000061035156,252270
2014-08-05,64.0,65.0,63.0,63.79999923706055,616395
2014-08-06,64.0,64.94000244140625,61.0099983215332,61.61000061035156,213620
2014-08-07,61.02000045776367,63.65999984741211,58.43999862670898,59.400001525878906,950000
2014-08-08,58.400001525878906,58.59999847412109,56.400001525878906,57.43000030517578,359675
2014-08-11,58.400001525878906,58.619998931884766,56.400001525878906,57.0,151835
2014-08-12,57.38999938964844,58.0,56.630001068115234,57.61000061035156,67670
2014-08-13,56.59999847412109,56.790000915527344,52.060001373291016,54.91999816894531,1452015
2014-08-14,54.959999084472656,55.20000076293945,53.0099983215332,54.86000061035156,378370
2014-08-18,55.41999816894531,55.41999816894531,51.400001525878906,53.02999877929688,148630
2014-08-19,53.20000076293945,54.79999923706055,52.02000045776367,53.9900016784668,3866630
2014-08-20,54.68000030517578,58.15999984741211,54.02000045776367,55.9900016784668,1265995
2014-08-21,55.79999923706055,57.0,55.54999923706055,55.9900016784668,617270
2014-08-22,56.38999938964844,56.560001373291016,54.400001525878906,55.130001068115234,94140
2014-08-25,55.400001525878906,57.59999847412109,54.31999969482422,57.06999969482422,558100
2014-08-26,55.630001068115234,57.20000076293945,55.400001525878906,57.0099983215332,338025
2014-08-27,57.0,57.66999816894531,55.0,55.79999923706055,117275
2014-08-28,56.209999084472656,56.4900016784668,53.34000015258789,54.75,680415
2014-09-01,54.20000076293945,54.20000076293945,53.209999084472656,53.400001525878906,1138415
2014-09-02,53.869998931884766,57.400001525878906,53.400001525878906,55.369998931884766,395020
2014-09-03,55.08000183105469,57.970001220703125,54.54999923706055,56.04999923706055,707965
2014-09-04,56.209999084472656,59.04999923706055,55.040000915527344,58.79999923706055,426110
2014-09-05,59.36000061035156,59.369998931884766,58.0099983215332,58.77000045776367,209075
2014-09-08,62.79999923706055,62.79999923706055,57.58000183105469,59.119998931884766,409620
2014-09-09,58.040000915527344,58.68000030517578,56.79999923706055,57.09999847412109,129985
2014-09-10,56.83000183105469,61.63999938964844,56.83000183105469,60.380001068115234,1516850
2014-09-11,60.95000076293945,62.18000030517578,58.619998931884766,59.33000183105469,240355
2014-09-12,59.0,61.0,58.13999938964844,59.540000915527344,165590
2014-09-15,58.540000915527344,59.79999923706055,58.310001373291016,58.66999816894531,482715
2014-09-16,58.66999816894531,59.58000183105469,56.0,56.61000061035156,96250
2014-09-17,57.59000015258789,57.59000015258789,55.0099983215332,55.45000076293945,155450
2014-09-18,55.790000915527344,57.400001525878906,54.02000045776367,56.16999816894531,951320
2014-09-19,56.209999084472656,56.720001220703125,53.59999847412109,54.79999923706055,1567215
2014-09-22,54.79999923706055,58.38999938964844,54.0,56.91999816894531,371550
2014-09-23,56.060001373291016,58.959999084472656,55.63999938964844,58.310001373291016,1394265
2014-09-24,58.70000076293945,60.900001525878906,57.060001373291016,57.47999954223633,104355
2014-09-25,57.400001525878906,57.59999847412109,56.0,56.59999847412109,54240
2014-09-26,56.0,56.59999847412109,54.59999847412109,55.34999847412109,437915
2014-09-29,56.59000015258789,58.79999923706055,55.900001525878906,58.060001373291016,99360
2014-09-30,57.20000076293945,58.77000045776367,56.70000076293945,58.27000045776367,61670
2014-10-01,57.20000076293945,59.20000076293945,56.11000061035156,58.47999954223633,279300
2014-10-07,58.79999923706055,61.97999954223633,56.29999923706055,60.959999084472656,985850
2014-10-08,60.59999847412109,62.79999923706055,57.61000061035156,61.0099983215332,22284790
2014-10-09,61.5,63.59999847412109,60.02999877929688,61.560001373291016,433665
2014-10-10,60.59999847412109,60.59999847412109,58.59999847412109,58.900001525878906,319375
2014-10-13,57.02000045776367,59.59999847412109,57.02000045776367,59.54999923706055,74920
2014-10-14,58.45000076293945,63.29999923706055,58.45000076293945,60.130001068115234,1280695
2014-10-15,60.130001068115234,60.130001068115234,60.130001068115234,60.130001068115234,0
2014-10-16,60.56999969482422,60.77999877929688,58.5,59.70000076293945,992030
2014-10-17,59.09999847412109,61.209999084472656,59.0099983215332,60.060001373291016,1016180
2014-10-20,60.84000015258789,61.900001525878906,60.20000076293945,60.61000061035156,83075
2014-10-21,59.29999923706055,61.79999923706055,59.29999923706055,61.04999923706055,107515
2014-10-22,60.59999847412109,62.15999984741211,59.90999984741211,61.54999923706055,70345
2014-10-27,61.0,62.9900016784668,59.619998931884766,60.060001373291016,798390
2014-10-28,60.060001373291016,61.79999923706055,59.810001373291016,61.29999923706055,163400
2014-10-29,60.400001525878906,61.88999938964844,60.04999923706055,60.47999954223633,55010
2014-10-30,60.040000915527344,61.7599983215332,59.720001220703125,60.470001220703125,156250
2014-10-31,60.400001525878906,62.79999923706055,60.400001525878906,61.7400016784668,137550
2014-11-03,61.7400016784668,61.7400016784668,60.41999816894531,61.02000045776367,24805
2014-11-05,62.84000015258789,63.59999847412109,61.29999923706055,61.95000076293945,188270
2014-11-07,63.36000061035156,69.12000274658203,62.0,64.5,978865
2014-11-10,64.4000015258789,65.08999633789062,62.310001373291016,62.93999862670898,113795
2014-11-11,62.52999877929688,65.94999694824219,62.47999954223633,62.65999984741211,285325
2014-11-12,63.08000183105469,64.80000305175781,63.0099983215332,63.97999954223633,206960
2014-11-13,63.9900016784668,66.19999694824219,63.9900016784668,64.44000244140625,652780
2014-11-14,64.02999877929688,66.5999984741211,61.58000183105469,65.37999725341797,492450
2014-11-17,66.54000091552734,69.94999694824219,64.55999755859375,69.06999969482422,437760
2014-11-18,68.5999984741211,72.0,67.61000061035156,70.11000061035156,455905
2014-11-19,70.19999694824219,75.80000305175781,69.97000122070312,71.72000122070312,636860
2014-11-20,71.80000305175781,74.2300033569336,70.0199966430664,70.4800033569336,740085
2014-11-21,70.94000244140625,73.12999725341797,70.4000015258789,71.4800033569336,215700
2014-11-24,71.79000091552734,71.98999786376953,69.05999755859375,69.98999786376953,173185
2014-11-25,69.98999786376953,72.58000183105469,69.25,69.98999786376953,558260
2014-11-26,69.98999786376953,71.5999984741211,69.80000305175781,70.05000305175781,533300
2014-11-27,70.2300033569336,71.37000274658203,70.11000061035156,70.26000213623047,60260
2014-11-28,69.83000183105469,72.94999694824219,69.81999969482422,71.79000091552734,874390
2014-12-01,71.12000274658203,75.19999694824219,71.0199966430664,72.41000366210938,359040
2014-12-02,72.04000091552734,75.7300033569336,70.51000213623047,74.06999969482422,274465
2014-12-03,74.06999969482422,76.4000015258789,73.25,73.95999908447266,319840
2014-12-04,74.4000015258789,75.58999633789062,73.41999816894531,73.88999938964844,168185
2014-12-05,73.44999694824219,74.98999786376953,72.29000091552734,72.86000061035156,108400
2014-12-08,72.8499984741211,75.95999908447266,72.68000030517578,73.05999755859375,76480
2014-12-09,73.7699966430664,73.77999877929688,71.0199966430664,71.26000213623047,47805
2014-12-10,71.54000091552734,73.80000305175781,68.61000061035156,73.38999938964844,178165
2014-12-11,74.0,74.33000183105469,71.55000305175781,71.87000274658203,121100
2014-12-12,72.0,72.73999786376953,69.11000061035156,69.75,88870
2014-12-15,69.98999786376953,71.26000213623047,69.25,70.4800033569336,70475
2014-12-16,70.4800033569336,70.4800033569336,68.80999755859375,70.04000091552734,866680
2014-12-17,70.04000091552734,71.8499984741211,66.0999984741211,66.80000305175781,1709670
2014-12-18,67.01000213623047,68.95999908447266,64.4000015258789,65.5,1124080
2014-12-19,65.54000091552734,66.5199966430664,63.20000076293945,65.11000061035156,525770
2014-12-22,64.80000305175781,68.4000015258789,64.80000305175781,66.55000305175781,666485
2014-12-23,66.16000366210938,67.16999816894531,65.77999877929688,66.44000244140625,176145
2014-12-24,66.01000213623047,72.26000213623047,66.01000213623047,69.5999984741211,8547125
2014-12-26,70.7699966430664,71.80000305175781,69.27999877929688,69.9800033569336,409735
2014-12-29,70.73999786376953,70.73999786376953,68.63999938964844,69.22000122070312,260920
2014-12-30,68.87000274658203,70.01000213623047,68.86000061035156,69.9000015258789,522200
2014-12-31,70.37999725341797,71.12000274658203,69.69999694824219,69.98999786376953,151070
2015-01-01,70.5999984741211,70.86000061035156,69.19999694824219,69.73999786376953,106785
2015-01-02,70.06999969482422,70.36000061035156,69.4800033569336,69.7300033569336,206710
2015-01-05,70.33999633789062,70.4000015258789,69.19999694824219,69.51000213623047,358430
2015-01-06,69.5,69.5,65.0999984741211,66.5,639546
2015-01-07,66.9000015258789,68.4000015258789,65.80000305175781,66.4000015258789,1372429
2015-01-08,67.0999984741211,68.5,63.54999923706055,65.05000305175781,917635
2015-01-09,66.80000305175781,66.9000015258789,64.75,65.0,282430
2015-01-12,65.80000305175781,65.80000305175781,63.79999923706055,65.05000305175781,102676
2015-01-13,65.80000305175781,65.80000305175781,64.5,65.05000305175781,145360
2015-01-14,65.5999984741211,65.6500015258789,64.5,65.1500015258789,64426
2015-01-15,64.80000305175781,68.0999984741211,63.70000076293945,64.75,11373881
2015-01-16,65.0,67.80000305175781,65.0,66.05000305175781,986260
2015-01-19,66.94999694824219,66.94999694824219,64.0999984741211,64.5,1124672
2015-01-20,65.25,66.0,63.75,64.30000305175781,481930
2015-01-21,64.0999984741211,64.80000305175781,62.79999923706055,63.400001525878906,205548
2015-01-22,63.70000076293945,65.9000015258789,62.20000076293945,64.8499984741211,1335985
2015-01-23,65.4000015258789,65.4000015258789,63.09999847412109,63.59999847412109,317065
2015-01-27,63.59999847412109,64.5,62.150001525878906,64.0,201444
2015-01-28,63.5,64.4000015258789,63.09999847412109,63.79999923706055,198994
2015-01-29,64.44999694824219,64.44999694824219,63.25,63.59999847412109,109495
2015-01-30,63.5,64.0,62.5,63.79999923706055,251624
2015-02-02,63.5,64.0999984741211,63.150001525878906,63.45000076293945,179433
2015-02-03,63.900001525878906,64.0,63.150001525878906,63.79999923706055,64910
2015-02-04,64.30000305175781,64.30000305175781,63.09999847412109,63.400001525878906,105474
2015-02-05,63.29999923706055,64.0,62.150001525878906,62.5,59106
2015-02-06,63.34999847412109,63.900001525878906,61.79999923706055,63.04999923706055,60193
2015-02-09,64.0,64.4000015258789,62.79999923706055,63.95000076293945,197519
2015-02-10,63.95000076293945,64.0,62.09999847412109,63.5,65533
2015-02-11,64.30000305175781,64.30000305175781,63.04999923706055,63.900001525878906,63899
2015-02-12,62.0,64.0,60.04999923706055,63.75,195557
2015-02-13,63.54999923706055,64.0,62.09999847412109,62.95000076293945,182627
2015-02-16,64.80000305175781,64.80000305175781,62.09999847412109,62.5,244640
2015-02-18,62.5,62.900001525878906,61.5,62.04999923706055,91492
2015-02-19,62.09999847412109,63.20000076293945,59.5,61.150001525878906,442338
2015-02-20,62.400001525878906,62.400001525878906,60.5,61.95000076293945,105885
2015-02-23,61.70000076293945,62.79999923706055,61.0,61.04999923706055,62767
2015-02-24,60.79999923706055,60.900001525878906,58.20000076293945,58.95000076293945,227392
2015-02-25,59.25,60.0,57.150001525878906,59.09999847412109,259672
2015-02-26,59.25,59.25,56.34999847412109,57.0,205196
2015-02-27,56.20000076293945,56.45000076293945,49.900001525878906,51.900001525878906,1819445
2015-03-02,56.29999923706055,57.54999923706055,53.04999923706055,57.0,573567
2015-03-03,57.04999923706055,58.0,55.79999923706055,56.150001525878906,145202
2015-03-04,56.29999923706055,57.09999847412109,54.09999847412109,54.79999923706055,92871
2015-03-05,54.25,56.04999923706055,53.04999923706055,55.75,201610
2015-03-09,55.5,56.79999923706055,53.09999847412109,54.09999847412109,130866
2015-03-10,53.5,54.79999923706055,53.150001525878906,53.29999923706055,64628
2015-03-11,53.0,54.09999847412109,52.650001525878906,53.79999923706055,50458
2015-03-12,53.5,54.0,52.09999847412109,52.79999923706055,47609
2015-03-13,53.04999923706055,54.34999847412109,52.650001525878906,52.95000076293945,69060
2015-03-16,52.20000076293945,53.70000076293945,51.09999847412109,51.29999923706055,101067
2015-03-17,51.54999923706055,52.75,50.34999847412109,50.900001525878906,65825
2015-03-18,52.70000076293945,52.70000076293945,49.59999847412109,50.0,451190
2015-03-19,50.900001525878906,51.09999847412109,47.5,48.0,1418913
2015-03-20,48.0,48.79999923706055,46.29999923706055,48.0,150518
2015-03-23,49.400001525878906,50.0,48.25,48.95000076293945,164068
2015-03-24,48.5,49.79999923706055,47.0,47.84999847412109,52177
2015-03-25,47.04999923706055,47.84999847412109,45.5,47.20000076293945,71074
2015-03-26,47.0,48.0,46.45000076293945,47.400001525878906,39861
2015-03-27,47.09999847412109,47.5,45.20000076293945,46.400001525878906,61574
2015-03-30,46.95000076293945,49.04999923706055,46.5,48.45000076293945,36712
2015-03-31,49.400001525878906,49.45000076293945,48.20000076293945,49.0,52133
2015-04-01,47.34999847412109,50.0,47.34999847412109,49.25,44093
2015-04-06,52.150001525878906,52.150001525878906,49.54999923706055,51.04999923706055,68739
2015-04-07,51.29999923706055,51.900001525878906,50.150001525878906,51.79999923706055,51668
2015-04-08,52.04999923706055,53.400001525878906,52.04999923706055,52.84999847412109,83495
2015-04-09,53.45000076293945,57.400001525878906,53.0,54.95000076293945,804288
2015-04-10,55.09999847412109,57.29999923706055,54.150001525878906,54.79999923706055,320803
2015-04-13,54.79999923706055,57.0,54.5,56.04999923706055,143838
2015-04-15,56.34999847412109,56.34999847412109,53.59999847412109,54.59999847412109,120024
2015-04-16,54.59999847412109,55.79999923706055,52.45000076293945,54.900001525878906,311354
2015-04-17,55.09999847412109,55.400001525878906,53.25,54.79999923706055,245330
2015-04-20,53.5,55.0,52.5,52.95000076293945,35930
2015-04-21,51.5,53.84999847412109,51.0,51.59999847412109,47030
2015-04-22,52.29999923706055,54.0,50.150001525878906,53.400001525878906,111799
2015-04-23,53.95000076293945,54.0,52.04999923706055,52.45000076293945,36894
2015-04-24,53.0,56.0,51.25,51.79999923706055,85627
2015-04-27,51.150001525878906,52.400001525878906,49.54999923706055,52.0,237440
2015-04-28,51.09999847412109,55.5,50.29999923706055,54.75,130441
2015-04-29,54.0,55.5,53.34999847412109,54.95000076293945,238933
2015-04-30,54.84999847412109,55.0,53.0,54.0,289177
2015-05-04,52.70000076293945,55.95000076293945,52.70000076293945,55.45000076293945,77070
2015-05-05,55.34999847412109,55.5,53.29999923706055,53.95000076293945,58719
2015-05-06,54.09999847412109,54.09999847412109,50.5,51.45000076293945,43628
2015-05-07,52.150001525878906,52.79999923706055,50.5,51.25,29434
2015-05-08,51.34999847412109,54.45000076293945,51.34999847412109,54.0,77227
2015-05-11,54.0,55.75,53.400001525878906,53.59999847412109,24958
2015-05-12,53.5,53.84999847412109,51.650001525878906,51.900001525878906,43090
2015-05-13,52.79999923706055,53.34999847412109,51.5,53.0,29752
2015-05-14,53.0,53.150001525878906,52.09999847412109,52.95000076293945,9016
2015-05-15,52.5,53.650001525878906,52.20000076293945,53.09999847412109,23407
2015-05-18,52.95000076293945,53.54999923706055,52.09999847412109,52.70000076293945,9842
2015-05-19,53.150001525878906,54.900001525878906,53.09999847412109,53.20000076293945,49426
2015-05-20,54.5,58.59999847412109,54.45000076293945,55.34999847412109,592492
2015-05-21,55.34999847412109,56.04999923706055,54.09999847412109,54.45000076293945,101347
2015-05-22,54.04999923706055,54.84999847412109,53.0,53.20000076293945,81938
2015-05-25,53.09999847412109,54.650001525878906,52.54999923706055,53.25,59313
2015-05-26,52.20000076293945,56.70000076293945,52.150001525878906,55.29999923706055,197408
2015-05-27,55.650001525878906,56.45000076293945,53.79999923706055,54.84999847412109,95768
2015-05-28,54.150001525878906,55.59999847412109,53.5,54.45000076293945,39925
2015-05-29,56.0,56.0,53.54999923706055,54.0,80588
2015-06-01,52.0,52.84999847412109,50.59999847412109,51.54999923706055,70283
2015-06-02,51.0,51.04999923706055,45.650001525878906,49.75,206715
2015-06-03,49.20000076293945,49.59999847412109,46.5,49.0,74457
2015-06-04,47.25,49.20000076293945,47.25,47.95000076293945,23771
2015-06-05,47.09999847412109,49.0,47.09999847412109,47.79999923706055,30588
2015-06-08,48.0,48.0,46.150001525878906,46.70000076293945,21056
2015-06-09,47.0,53.5,45.79999923706055,50.150001525878906,813485
2015-06-10,49.29999923706055,50.20000076293945,48.150001525878906,48.900001525878906,155382
2015-06-11,48.59999847412109,49.75,48.20000076293945,48.29999923706055,62830
2015-06-12,47.150001525878906,48.5,47.09999847412109,47.400001525878906,30155
2015-06-15,47.900001525878906,48.75,47.29999923706055,47.5,32190
2015-06-16,47.20000076293945,47.5,46.04999923706055,47.04999923706055,51226
2015-06-17,48.20000076293945,51.900001525878906,48.0,50.59999847412109,401490
2015-06-18,50.0,51.45000076293945,49.09999847412109,49.79999923706055,110321
2015-06-19,49.75,50.20000076293945,48.150001525878906,48.5,89730
2015-06-22,49.5,49.5,48.5,49.09999847412109,34663
2015-06-23,48.5,51.900001525878906,48.5,50.25,175740
2015-06-24,49.150001525878906,51.400001525878906,49.09999847412109,49.25,39208
2015-06-25,49.0,50.900001525878906,48.650001525878906,49.650001525878906,64783
2015-06-26,49.54999923706055,50.0,48.79999923706055,49.09999847412109,33572
2015-06-29,48.5,48.75,47.25,47.95000076293945,37607
2015-06-30,48.04999923706055,49.79999923706055,47.25,49.25,92845
2015-07-01,50.04999923706055,51.900001525878906,49.29999923706055,50.150001525878906,161103
2015-07-02,50.54999923706055,50.59999847412109,49.0,49.900001525878906,118773
2015-07-03,50.25,52.400001525878906,48.54999923706055,50.5,898092
2015-07-06,48.75,50.20000076293945,47.09999847412109,49.84999847412109,540545
2015-07-07,50.0,50.45000076293945,49.04999923706055,49.150001525878906,92795
2015-07-08,48.650001525878906,49.29999923706055,47.34999847412109,47.79999923706055,102315
2015-07-09,48.20000076293945,48.70000076293945,47.54999923706055,47.79999923706055,42022
2015-07-10,48.650001525878906,49.400001525878906,47.400001525878906,48.04999923706055,50284
2015-07-13,48.84999847412109,50.25,48.150001525878906,49.150001525878906,95570
2015-07-14,49.150001525878906,50.0,48.650001525878906,48.84999847412109,83325
2015-07-15,49.5,49.59999847412109,48.09999847412109,48.70000076293945,80312
2015-07-16,49.0,50.25,48.59999847412109,48.900001525878906,117544
2015-07-17,49.25,50.25,48.54999923706055,49.09999847412109,426021
2015-07-20,49.5,49.5,48.650001525878906,48.75,67103
2015-07-21,48.400001525878906,49.5,47.45000076293945,47.650001525878906,87831
2015-07-22,48.04999923706055,48.25,47.04999923706055,47.54999923706055,64529
2015-07-23,47.25,48.5,47.09999847412109,47.400001525878906,74489
2015-07-24,47.84999847412109,47.84999847412109,46.70000076293945,47.0,53531
2015-07-27,47.0,47.29999923706055,46.400001525878906,46.70000076293945,36105
2015-07-28,46.75,47.150001525878906,45.650001525878906,45.900001525878906,57313
2015-07-29,45.650001525878906,48.84999847412109,45.5,47.900001525878906,550195
2015-07-30,48.59999847412109,48.59999847412109,47.54999923706055,48.04999923706055,409419
2015-07-31,48.04999923706055,51.09999847412109,47.70000076293945,50.20000076293945,547841
2015-08-03,50.5,52.20000076293945,49.650001525878906,50.5,322342
2015-08-04,50.84999847412109,50.84999847412109,49.09999847412109,49.54999923706055,64874
2015-08-05,50.650001525878906,51.5,49.09999847412109,50.09999847412109,102570
2015-08-06,50.59999847412109,51.0,49.5,50.20000076293945,57179
2015-08-07,50.95000076293945,50.95000076293945,49.20000076293945,49.34999847412109,41485
2015-08-10,49.150001525878906,49.900001525878906,49.04999923706055,49.34999847412109,31120
2015-08-11,50.0,50.0,47.70000076293945,48.09999847412109,95536
2015-08-12,47.5,48.45000076293945,46.0,46.84999847412109,90145
2015-08-13,46.54999923706055,47.45000076293945,45.29999923706055,47.04999923706055,107392
2015-08-14,49.20000076293945,49.54999923706055,46.54999923706055,46.95000076293945,340772
2015-08-17,46.70000076293945,47.34999847412109,46.150001525878906,46.25,51214
2015-08-18,46.5,47.59999847412109,46.150001525878906,46.70000076293945,54126
2015-08-19,46.5,47.29999923706055,46.09999847412109,46.20000076293945,65707
2015-08-20,46.09999847412109,46.400001525878906,45.400001525878906,45.54999923706055,39353
2015-08-21,45.04999923706055,47.5,44.45000076293945,46.34999847412109,81332
2015-08-24,44.59999847412109,45.75,37.70000076293945,40.0,137407
2015-08-25,40.54999923706055,43.70000076293945,36.04999923706055,40.150001525878906,95826
2015-08-26,41.5,41.5,39.09999847412109,40.09999847412109,24526
2015-08-27,44.5,47.5,43.04999923706055,43.650001525878906,1076178
2015-08-28,44.70000076293945,44.70000076293945,42.09999847412109,43.04999923706055,857671
2015-08-31,42.5,44.0,42.04999923706055,42.650001525878906,51527
2015-09-01,42.79999923706055,43.0,41.5,41.70000076293945,56396
2015-09-02,42.0,43.0,41.0,41.34999847412109,71977
2015-09-03,42.400001525878906,42.400001525878906,40.54999923706055,41.0,41982
2015-09-04,40.84999847412109,42.5,39.150001525878906,40.25,2594612
2015-09-07,41.45000076293945,44.45000076293945,39.650001525878906,42.150001525878906,5133334
2015-09-08,42.20000076293945,42.900001525878906,39.54999923706055,40.45000076293945,169193
2015-09-09,41.79999923706055,41.79999923706055,39.09999847412109,39.79999923706055,243405
2015-09-10,39.09999847412109,40.0,38.84999847412109,39.59999847412109,163124
2015-09-11,40.29999923706055,41.5,39.150001525878906,39.400001525878906,417957
2015-09-14,39.54999923706055,40.0,38.04999923706055,39.0,91583
2015-09-15,39.09999847412109,40.70000076293945,38.20000076293945,39.70000076293945,213203
2015-09-16,39.650001525878906,40.150001525878906,38.79999923706055,39.150001525878906,105882
2015-09-18,39.900001525878906,41.900001525878906,39.0,40.29999923706055,1655599
2015-09-21,41.70000076293945,41.70000076293945,38.59999847412109,39.29999923706055,4395827
2015-09-22,40.0,40.5,38.70000076293945,40.0,978008
2015-09-23,40.0,40.25,39.04999923706055,39.20000076293945,145928
2015-09-24,39.45000076293945,39.45000076293945,38.5,38.650001525878906,110122
2015-09-28,38.84999847412109,39.59999847412109,37.0,37.29999923706055,300275
2015-09-29,37.0,37.25,35.79999923706055,36.650001525878906,234778
2015-09-30,36.75,37.5,36.59999847412109,36.75,98128
2015-10-01,36.75,37.45000076293945,36.04999923706055,36.59999847412109,97798
2015-10-05,37.25,37.34999847412109,36.59999847412109,37.0,122885
2015-10-06,37.45000076293945,37.5,37.09999847412109,37.29999923706055,86903
2015-10-07,37.59999847412109,37.95000076293945,37.150001525878906,37.650001525878906,113333
2015-10-08,37.79999923706055,38.84999847412109,37.5,38.04999923706055,244794
2015-10-09,38.04999923706055,43.400001525878906,38.04999923706055,42.45000076293945,1083040
2015-10-12,42.70000076293945,43.45000076293945,40.70000076293945,41.0,254445
2015-10-13,41.0,41.70000076293945,40.29999923706055,41.04999923706055,98415
2015-10-14,41.0,41.900001525878906,40.0,40.95000076293945,150812
2015-10-15,41.45000076293945,46.400001525878906,40.650001525878906,45.150001525878906,2340606
2015-10-16,45.20000076293945,45.54999923706055,42.54999923706055,42.900001525878906,331852
2015-10-19,43.5,44.79999923706055,41.75,42.150001525878906,96954
2015-10-20,42.45000076293945,43.70000076293945,41.59999847412109,41.95000076293945,186498
2015-10-21,42.400001525878906,42.59999847412109,41.09999847412109,41.45000076293945,97384
2015-10-23,42.04999923706055,42.5,41.150001525878906,41.45000076293945,113163
2015-10-26,41.04999923706055,43.5,41.04999923706055,42.70000076293945,389356
2015-10-27,42.650001525878906,44.150001525878906,41.70000076293945,43.150001525878906,327866
2015-10-28,43.650001525878906,43.900001525878906,42.70000076293945,42.95000076293945,89490
2015-10-29,43.0,43.54999923706055,41.900001525878906,42.04999923706055,89975
2015-10-30,42.75,42.75,40.5,40.95000076293945,122210
2015-11-02,40.59999847412109,41.75,40.09999847412109,40.650001525878906,83419
2015-11-03,41.0,42.0,40.5,41.20000076293945,113571
2015-11-04,41.45000076293945,42.25,41.150001525878906,41.54999923706055,97977
2015-11-05,41.5,41.900001525878906,40.54999923706055,40.900001525878906,82427
2015-11-06,41.0,41.54999923706055,40.20000076293945,40.54999923706055,55567
2015-11-09,39.400001525878906,40.79999923706055,38.59999847412109,40.34999847412109,66313
2015-11-10,40.70000076293945,41.900001525878906,40.650001525878906,41.25,79314
2015-11-13,45.25,49.25,44.25,46.650001525878906,1226493
2015-11-16,46.25,47.400001525878906,44.54999923706055,45.04999923706055,269648
2015-11-17,45.04999923706055,45.5,42.59999847412109,43.70000076293945,352916
2015-11-18,44.0,44.0,42.09999847412109,42.25,92889
2015-11-19,42.95000076293945,43.5,42.20000076293945,42.70000076293945,75090
2015-11-20,42.70000076293945,43.400001525878906,42.45000076293945,42.70000076293945,37824
2015-11-23,43.29999923706055,43.29999923706055,42.0,42.20000076293945,44237
2015-11-24,42.54999923706055,43.20000076293945,41.54999923706055,42.400001525878906,100076
2015-11-26,42.400001525878906,42.75,42.04999923706055,42.20000076293945,62068
2015-11-27,42.0,43.84999847412109,42.0,42.79999923706055,71171
2015-11-30,42.79999923706055,43.25,42.150001525878906,42.25,38426
2015-12-01,42.900001525878906,43.0,37.34999847412109,41.79999923706055,96436
2015-12-02,42.0,42.650001525878906,41.400001525878906,41.900001525878906,59871
2015-12-03,42.79999923706055,47.79999923706055,42.54999923706055,46.29999923706055,835528
2015-12-04,47.0,48.0,44.09999847412109,44.70000076293945,763875
2015-12-07,45.09999847412109,46.25,43.34999847412109,45.09999847412109,227124
2015-12-08,45.0,45.400001525878906,43.0,43.29999923706055,144570
2015-12-09,43.150001525878906,43.5,41.75,42.0,71635
2015-12-10,42.5,42.59999847412109,41.5,42.0,62353
2015-12-11,42.04999923706055,42.34999847412109,41.150001525878906,41.54999923706055,78378
2015-12-14,41.5,42.45000076293945,40.650001525878906,41.95000076293945,76957
2015-12-15,41.5,43.59999847412109,41.29999923706055,42.09999847412109,95108
2015-12-16,42.25,45.20000076293945,42.25,42.70000076293945,569172
2015-12-17,42.5,43.29999923706055,42.5,42.79999923706055,105020
2015-12-18,42.79999923706055,43.25,42.20000076293945,42.900001525878906,152035
2015-12-21,43.0,44.59999847412109,42.75,42.95000076293945,144693
2015-12-22,43.54999923706055,44.04999923706055,43.150001525878906,43.79999923706055,194760
2015-12-23,44.0,44.34999847412109,43.34999847412109,43.59999847412109,48409
2015-12-24,44.0,44.0,43.150001525878906,43.400001525878906,35436
2015-12-28,43.400001525878906,43.75,42.70000076293945,42.900001525878906,69320
2015-12-29,43.0,44.900001525878906,43.0,44.650001525878906,378268
2015-12-30,44.54999923706055,46.0,43.70000076293945,44.20000076293945,913011
2015-12-31,44.84999847412109,45.79999923706055,44.09999847412109,44.5,599279
2016-01-01,44.650001525878906,45.0,44.29999923706055,44.54999923706055,113639
2016-01-04,44.29999923706055,44.59999847412109,43.0,43.20000076293945,112353
2016-01-05,44.0,44.45000076293945,43.25,44.0,80916
2016-01-06,44.5,44.5,43.5,43.70000076293945,53535
2016-01-07,43.5,43.5,42.09999847412109,42.25,79052
2016-01-08,43.0,43.34999847412109,42.29999923706055,42.79999923706055,73895
2016-01-11,43.0,43.0,42.0,42.400001525878906,39860
2016-01-12,42.79999923706055,43.34999847412109,41.45000076293945,41.59999847412109,42810
2016-01-13,42.29999923706055,43.5,33.5,42.150001525878906,227368
2016-01-14,41.150001525878906,42.25,41.0,41.650001525878906,44641
2016-01-15,41.95000076293945,42.45000076293945,40.20000076293945,40.45000076293945,23054
2016-01-18,40.0,40.79999923706055,38.5,40.150001525878906,69732
2016-01-19,40.650001525878906,41.25,39.04999923706055,41.0,134907
2016-01-20,41.0,41.0,38.59999847412109,39.0,539312
2016-01-21,40.29999923706055,40.59999847412109,36.54999923706055,37.400001525878906,262558
2016-01-22,38.79999923706055,38.79999923706055,36.29999923706055,36.95000076293945,72417
2016-01-25,37.79999923706055,38.45000076293945,35.650001525878906,36.400001525878906,604383
2016-01-27,38.0,38.59999847412109,37.150001525878906,37.34999847412109,132314
2016-01-28,37.5,37.95000076293945,37.150001525878906,37.54999923706055,53667
2016-01-29,38.5,38.5,37.5,38.150001525878906,39275
2016-02-01,38.5,39.34999847412109,37.70000076293945,37.900001525878906,36430
2016-02-02,37.75,38.54999923706055,37.59999847412109,37.70000076293945,37760
2016-02-03,37.5,37.59999847412109,36.5,36.79999923706055,51253
2016-02-04,37.04999923706055,37.54999923706055,36.29999923706055,36.400001525878906,40118
2016-02-05,36.75,37.45000076293945,36.04999923706055,36.75,43183
2016-02-08,38.0,38.0,36.54999923706055,37.29999923706055,23733
2016-02-09,37.5,37.5,35.650001525878906,35.79999923706055,67600
2016-02-10,36.45000076293945,38.25,35.95000076293945,36.70000076293945,157716
2016-02-11,36.70000076293945,37.84999847412109,35.25,35.599998474121094,60734
2016-02-12,35.04999923706055,36.45000076293945,34.20000076293945,35.650001525878906,91116
2016-02-15,36.54999923706055,36.95000076293945,35.150001525878906,35.400001525878906,63903
2016-02-16,36.70000076293945,36.75,35.099998474121094,35.349998474121094,121426
2016-02-17,35.25,35.849998474121094,34.849998474121094,35.25,35032
2016-02-18,35.650001525878906,36.20000076293945,35.04999923706055,35.25,38809
2016-02-19,35.5,35.5,34.400001525878906,34.599998474121094,64661
2016-02-22,35.29999923706055,35.29999923706055,34.54999923706055,34.900001525878906,27558
2016-02-23,34.25,34.900001525878906,33.5,33.54999923706055,106929
2016-02-24,33.650001525878906,33.849998474121094,32.75,32.849998474121094,47794
2016-02-25,33.5,33.5,31.600000381469727,32.0,60854
2016-02-26,31.5,32.29999923706055,29.700000762939453,31.049999237060547,851490
2016-02-29,31.950000762939453,31.950000762939453,29.299999237060547,29.950000762939453,721996
2016-03-01,29.899999618530277,34.79999923706055,29.5,33.599998474121094,374913
2016-03-02,33.70000076293945,38.0,32.25,37.650001525878906,500747
2016-03-03,36.75,39.900001525878906,34.400001525878906,38.04999923706055,262057
2016-03-04,39.29999923706055,39.34999847412109,35.849998474121094,36.04999923706055,159410
2016-03-08,36.900001525878906,39.650001525878906,36.04999923706055,38.150001525878906,516647
2016-03-09,37.09999847412109,37.79999923706055,36.70000076293945,37.04999923706055,123475
2016-03-10,37.29999923706055,37.29999923706055,36.09999847412109,36.29999923706055,222144
2016-03-11,36.70000076293945,38.400001525878906,35.75,37.400001525878906,548161
2016-03-14,37.150001525878906,37.650001525878906,36.29999923706055,37.0,398485
2016-03-15,37.400001525878906,37.70000076293945,35.70000076293945,36.79999923706055,1063481
2016-03-16,37.0,39.0,35.650001525878906,37.650001525878906,1343637
2016-03-17,38.34999847412109,38.900001525878906,36.04999923706055,36.25,2519450
2016-03-18,36.29999923706055,37.84999847412109,33.70000076293945,35.650001525878906,3918847
2016-03-21,35.95000076293945,36.400001525878906,35.349998474121094,35.70000076293945,322186
2016-03-22,35.849998474121094,36.0,35.0,35.150001525878906,236770
2016-03-23,35.400001525878906,36.84999847412109,33.75,36.29999923706055,1050401
2016-03-28,36.150001525878906,37.400001525878906,35.29999923706055,36.650001525878906,543649
2016-03-29,36.5,36.95000076293945,35.650001525878906,36.59999847412109,2277853
2016-03-30,37.0,37.70000076293945,35.79999923706055,36.54999923706055,505812
2016-03-31,36.5,39.79999923706055,36.09999847412109,38.75,926747
2016-04-01,38.400001525878906,39.20000076293945,37.20000076293945,38.29999923706055,395422
2016-04-04,38.0,39.34999847412109,37.75,38.75,198151
2016-04-05,38.400001525878906,38.75,37.34999847412109,37.84999847412109,536289
2016-04-06,37.5,37.84999847412109,37.20000076293945,37.45000076293945,210922
2016-04-07,37.5,37.95000076293945,36.45000076293945,36.59999847412109,262985
2016-04-08,36.650001525878906,37.5,36.04999923706055,36.84999847412109,376546
2016-04-11,37.0,37.29999923706055,36.79999923706055,37.0,90155
2016-04-12,37.75,37.75,36.29999923706055,36.54999923706055,119054
2016-04-13,36.75,37.0,36.150001525878906,36.34999847412109,233295
2016-04-18,36.75,37.34999847412109,35.54999923706055,36.75,1070930
2016-04-20,37.25,37.25,36.0,36.400001525878906,827844
2016-04-21,36.79999923706055,37.04999923706055,36.29999923706055,36.45000076293945,117394
2016-04-22,36.09999847412109,36.70000076293945,35.900001525878906,36.09999847412109,189514
2016-04-25,36.09999847412109,36.650001525878906,35.5,36.150001525878906,601964
2016-04-26,36.150001525878906,36.5,36.04999923706055,36.25,155733
2016-04-27,35.900001525878906,36.54999923706055,35.650001525878906,36.04999923706055,544360
2016-04-28,36.5,37.29999923706055,35.54999923706055,36.59999847412109,745036
2016-04-29,36.150001525878906,37.29999923706055,36.04999923706055,36.84999847412109,644378
2016-05-02,37.0,37.0,35.900001525878906,36.20000076293945,204316
2016-05-03,36.04999923706055,36.70000076293945,35.900001525878906,36.25,340674
2016-05-04,36.20000076293945,36.75,35.70000076293945,36.34999847412109,242598
2016-05-05,36.5,37.0,36.150001525878906,36.75,162396
2016-05-06,36.04999923706055,36.900001525878906,36.04999923706055,36.650001525878906,29511
2016-05-09,36.45000076293945,36.84999847412109,36.29999923706055,36.59999847412109,90303
2016-05-10,36.150001525878906,36.79999923706055,36.150001525878906,36.59999847412109,135327
2016-05-11,36.29999923706055,36.59999847412109,36.150001525878906,36.29999923706055,164224
2016-05-12,36.29999923706055,36.400001525878906,35.900001525878906,36.150001525878906,237917
2016-05-13,35.900001525878906,36.25,35.349998474121094,35.75,220414
2016-05-16,35.75,35.849998474121094,35.150001525878906,35.400001525878906,107215
2016-05-17,35.5,35.900001525878906,35.150001525878906,35.45000076293945,195843
2016-05-18,35.20000076293945,35.5,33.150001525878906,33.400001525878906,580465
2016-05-19,33.20000076293945,33.54999923706055,30.399999618530277,31.649999618530277,338363
2016-05-20,31.75,32.349998474121094,30.5,32.04999923706055,310007
2016-05-23,32.04999923706055,32.25,31.100000381469727,31.5,104133
2016-05-24,31.850000381469727,33.400001525878906,30.299999237060547,32.400001525878906,2853516
2016-05-25,32.70000076293945,33.20000076293945,31.700000762939453,33.0,246520
2016-05-26,33.25,34.25,33.0,33.599998474121094,282996
2016-05-27,34.70000076293945,35.150001525878906,33.5,33.79999923706055,241181
2016-05-30,33.900001525878906,34.54999923706055,32.900001525878906,34.04999923706055,135477
2016-05-31,34.20000076293945,35.099998474121094,33.150001525878906,34.849998474121094,164769
2016-06-01,34.95000076293945,35.04999923706055,34.150001525878906,34.5,55227
2016-06-02,34.70000076293945,35.400001525878906,33.04999923706055,34.599998474121094,204336
2016-06-03,34.95000076293945,34.95000076293945,33.5,34.0,47413
2016-06-06,33.5,34.75,33.5,33.79999923706055,561411
2016-06-07,34.5,34.5,33.650001525878906,33.900001525878906,91141
2016-06-08,34.20000076293945,34.70000076293945,33.599998474121094,34.0,74967
2016-06-09,33.75,34.5,33.45000076293945,33.95000076293945,306255
2016-06-10,34.45000076293945,34.5,33.25,33.5,539032
2016-06-13,33.25,33.849998474121094,33.099998474121094,33.45000076293945,27262
2016-06-14,33.20000076293945,34.0,33.20000076293945,33.5,30395
2016-06-15,33.900001525878906,34.20000076293945,33.349998474121094,33.650001525878906,138551
2016-06-16,33.400001525878906,34.25,33.29999923706055,33.5,142744
2016-06-17,33.70000076293945,33.849998474121094,33.150001525878906,33.25,83605
2016-06-20,33.25,33.5,32.54999923706055,33.29999923706055,650014
2016-06-21,33.849998474121094,34.900001525878906,33.0,33.150001525878906,269604
2016-06-22,33.04999923706055,33.400001525878906,32.79999923706055,33.04999923706055,93932
2016-06-23,32.95000076293945,33.5,32.900001525878906,33.04999923706055,51602
2016-06-24,31.600000381469727,33.0,30.149999618530277,32.70000076293945,146195
2016-06-27,32.04999923706055,33.29999923706055,32.04999923706055,32.70000076293945,59844
2016-06-28,32.70000076293945,33.29999923706055,32.25,32.95000076293945,73122
2016-06-29,33.150001525878906,33.150001525878906,32.70000076293945,32.95000076293945,208488
2016-06-30,33.400001525878906,33.5,32.75,33.349998474121094,572084
2016-07-01,33.650001525878906,33.650001525878906,32.900001525878906,33.29999923706055,400864
2016-07-04,33.29999923706055,34.29999923706055,33.099998474121094,33.95000076293945,185985
2016-07-05,34.400001525878906,34.70000076293945,33.599998474121094,34.0,371550
2016-07-07,34.0,34.5,33.29999923706055,33.45000076293945,158254
2016-07-08,33.5,33.70000076293945,33.04999923706055,33.29999923706055,44014
2016-07-11,33.70000076293945,34.0,33.04999923706055,33.5,54795
2016-07-12,33.79999923706055,34.099998474121094,33.5,33.75,67792
2016-07-13,33.599998474121094,34.0,33.25,33.400001525878906,71283
2016-07-14,33.54999923706055,33.75,33.0,33.349998474121094,78902
2016-07-15,33.29999923706055,33.75,32.25,32.650001525878906,73411
2016-07-18,32.900001525878906,33.150001525878906,32.150001525878906,32.54999923706055,126922
2016-07-19,33.20000076293945,34.150001525878906,32.599998474121094,32.79999923706055,979364
2016-07-20,33.0,33.099998474121094,31.75,32.099998474121094,289316
2016-07-21,32.099998474121094,32.5,31.549999237060547,31.649999618530277,111328
2016-07-22,31.75,32.79999923706055,31.600000381469727,32.25,125125
2016-07-25,32.25,32.95000076293945,31.799999237060547,31.950000762939453,106722
2016-07-26,32.29999923706055,32.400001525878906,31.950000762939453,32.04999923706055,43473
2016-07-27,32.45000076293945,32.45000076293945,31.350000381469727,31.450000762939453,139024
2016-07-28,31.600000381469727,32.0,31.399999618530277,31.549999237060547,42352
2016-07-29,32.0,32.0,31.350000381469727,31.649999618530277,49804
2016-08-01,31.600000381469727,31.950000762939453,31.25,31.549999237060547,61359
2016-08-02,31.399999618530277,32.5,30.899999618530277,32.0,584441
2016-08-03,32.849998474121094,32.849998474121094,31.600000381469727,32.54999923706055,565031
2016-08-04,33.0,33.25,32.099998474121094,32.25,373246
2016-08-05,32.75,32.95000076293945,31.799999237060547,32.099998474121094,63385
2016-08-08,32.650001525878906,32.75,32.0,32.20000076293945,36221
2016-08-09,32.349998474121094,32.349998474121094,31.399999618530277,31.600000381469727,86979
2016-08-10,31.5,32.04999923706055,31.0,31.149999618530277,67057
2016-08-11,31.149999618530277,31.5,30.899999618530277,31.049999237060547,22576
2016-08-12,31.049999237060547,31.399999618530277,30.600000381469727,30.850000381469727,56009
2016-08-16,31.0,31.0,30.5,30.649999618530277,50248
2016-08-17,30.899999618530277,32.5,30.5,30.850000381469727,1180963
2016-08-18,31.399999618530277,31.450000762939453,30.5,30.75,400863
2016-08-19,30.299999237060547,30.950000762939453,30.299999237060547,30.600000381469727,79896
2016-08-22,30.549999237060547,31.149999618530277,30.200000762939453,30.600000381469727,80349
2016-08-23,30.350000381469727,30.649999618530277,30.049999237060547,30.149999618530277,144414
2016-08-24,30.299999237060547,30.450000762939453,29.799999237060547,29.950000762939453,197564
2016-08-25,30.200000762939453,30.25,29.700000762939453,29.850000381469727,139799
2016-08-26,30.399999618530277,30.399999618530277,29.700000762939453,29.799999237060547,71882
2016-08-29,29.75,31.0,29.5,30.850000381469727,221951
2016-08-30,30.950000762939453,31.899999618530277,30.350000381469727,30.600000381469727,255970
2016-08-31,30.149999618530277,31.899999618530277,29.799999237060547,30.100000381469727,286710
2016-09-01,29.950000762939453,30.0,28.049999237060547,28.25,728071
2016-09-02,28.25,28.700000762939453,24.899999618530277,27.450000762939453,400647
2016-09-06,27.450000762939453,28.299999237060547,27.0,27.549999237060547,442466
2016-09-07,27.700000762939453,28.600000381469727,27.299999237060547,28.299999237060547,1118784
2016-09-08,28.600000381469727,28.799999237060547,27.299999237060547,27.799999237060547,555687
2016-09-09,28.399999618530277,28.399999618530277,27.200000762939453,27.350000381469727,163305
2016-09-12,26.600000381469727,27.049999237060547,25.850000381469727,26.0,219936
2016-09-14,26.0,26.399999618530277,24.799999237060547,25.350000381469727,218267
2016-09-15,25.399999618530277,26.399999618530277,25.200000762939453,25.75,286211
2016-09-16,25.75,26.600000381469727,25.649999618530277,25.75,128901
2016-09-19,25.75,26.100000381469727,25.450000762939453,25.799999237060547,160503
2016-09-20,26.149999618530277,26.299999237060547,25.5,25.700000762939453,286218
2016-09-21,25.75,25.850000381469727,25.5,25.75,101807
2016-09-22,25.850000381469727,26.0,25.350000381469727,25.600000381469727,156832
2016-09-23,25.700000762939453,26.100000381469727,25.399999618530277,25.549999237060547,116021
2016-09-26,25.799999237060547,25.799999237060547,24.75,24.899999618530277,169216
2016-09-27,25.0,25.299999237060547,24.75,24.850000381469727,85463
2016-09-28,25.0,25.049999237060547,24.5,24.899999618530277,91285
2016-09-29,24.899999618530277,25.350000381469727,24.600000381469727,24.649999618530277,465544
2016-09-30,24.0,26.450000762939453,23.950000762939453,26.149999618530277,246530
2016-10-03,26.25,31.350000381469727,26.149999618530277,31.350000381469727,1839413
2016-10-04,32.95000076293945,33.5,29.299999237060547,30.450000762939453,3555081
2016-10-05,30.600000381469727,31.25,29.75,30.5,932004
2016-10-06,30.5,30.950000762939453,29.649999618530277,30.549999237060547,1127899
2016-10-07,30.950000762939453,31.399999618530277,30.5,31.100000381469727,613420
2016-10-10,31.0,31.0,30.0,30.25,283750
2016-10-13,31.0,31.850000381469727,29.399999618530277,30.450000762939453,1963612
2016-10-14,30.799999237060547,31.950000762939453,29.649999618530277,31.75,1367661
2016-10-17,32.29999923706055,32.599998474121094,30.75,31.700000762939453,565137
2016-10-18,32.45000076293945,32.45000076293945,31.100000381469727,31.450000762939453,336455
2016-10-19,31.649999618530277,32.0,31.0,31.350000381469727,245474
2016-10-20,31.700000762939453,31.799999237060547,31.0,31.100000381469727,163758
2016-10-21,31.399999618530277,31.5,30.799999237060547,31.25,515826
2016-10-24,31.399999618530277,32.0,30.950000762939453,31.149999618530277,325550
2016-10-25,31.25,31.450000762939453,30.850000381469727,31.049999237060547,332972
2016-10-26,30.950000762939453,31.399999618530277,30.0,31.0,2654716
2016-10-27,31.25,31.75,30.399999618530277,30.700000762939453,894953
2016-10-28,30.600000381469727,31.049999237060547,30.350000381469727,30.850000381469727,148739
2016-11-01,30.850000381469727,30.850000381469727,30.149999618530277,30.299999237060547,143215
2016-11-02,30.299999237060547,30.600000381469727,29.700000762939453,30.399999618530277,250086
2016-11-03,29.799999237060547,30.350000381469727,29.700000762939453,30.149999618530277,484197
2016-11-04,30.350000381469727,30.600000381469727,29.75,30.049999237060547,458578
2016-11-07,29.799999237060547,31.049999237060547,29.600000381469727,30.350000381469727,437385
2016-11-08,29.950000762939453,31.350000381469727,29.899999618530277,30.950000762939453,382214
2016-11-09,29.399999618530277,31.0,25.100000381469727,30.649999618530277,790677
2016-11-10,30.850000381469727,31.149999618530277,30.399999618530277,30.5,74536
2016-11-11,30.399999618530277,31.649999618530277,29.75,30.899999618530277,317335
2016-11-15,31.350000381469727,31.399999618530277,29.100000381469727,30.200000762939453,486515
2016-11-16,29.75,31.149999618530277,29.549999237060547,30.899999618530277,451954
2016-11-17,30.5,31.399999618530277,30.149999618530277,30.299999237060547,213369
2016-11-18,30.5,31.700000762939453,30.399999618530277,31.600000381469727,508591
2016-11-21,31.600000381469727,32.349998474121094,30.75,31.649999618530277,171775
2016-11-22,31.450000762939453,32.0,31.0,31.649999618530277,121596
2016-11-23,31.75,35.29999923706055,31.350000381469727,33.650001525878906,890860
2016-11-24,33.54999923706055,35.0,33.5,34.150001525878906,295333
2016-11-25,34.95000076293945,35.20000076293945,34.25,34.599998474121094,287174
2016-11-28,33.29999923706055,34.75,32.099998474121094,34.150001525878906,471635
2016-11-29,34.5,34.900001525878906,33.650001525878906,33.900001525878906,202772
2016-11-30,33.95000076293945,35.0,33.5,34.29999923706055,571313
2016-12-01,33.0,38.5,33.0,36.54999923706055,1467934
2016-12-02,37.25,37.25,34.95000076293945,35.650001525878906,306577
2016-12-05,35.04999923706055,36.650001525878906,35.04999923706055,36.150001525878906,191622
2016-12-06,36.150001525878906,36.5,34.900001525878906,35.150001525878906,159020
2016-12-07,35.04999923706055,35.45000076293945,33.29999923706055,34.349998474121094,170850
2016-12-08,34.95000076293945,34.95000076293945,33.79999923706055,33.95000076293945,153727
2016-12-09,34.0,34.900001525878906,33.5,34.04999923706055,90050
2016-12-12,34.29999923706055,34.79999923706055,33.599998474121094,33.75,297324
2016-12-13,33.75,35.349998474121094,33.20000076293945,34.29999923706055,920000
2016-12-14,34.54999923706055,34.849998474121094,34.099998474121094,34.29999923706055,329952
2016-12-15,34.099998474121094,38.34999847412109,34.0,36.45000076293945,948451
2016-12-16,36.70000076293945,37.0,35.099998474121094,35.45000076293945,229783
2016-12-19,35.25,35.650001525878906,34.54999923706055,34.70000076293945,94637
2016-12-20,34.79999923706055,35.349998474121094,34.150001525878906,34.599998474121094,143816
2016-12-21,35.150001525878906,35.150001525878906,33.95000076293945,34.349998474121094,92711
2016-12-22,34.400001525878906,34.650001525878906,33.5,34.099998474121094,105752
2016-12-23,34.599998474121094,34.599998474121094,33.29999923706055,33.75,79339
2016-12-26,33.54999923706055,36.34999847412109,33.150001525878906,34.45000076293945,330090
2016-12-27,34.400001525878906,34.75,34.04999923706055,34.349998474121094,94379
2016-12-28,34.5,35.150001525878906,33.75,34.29999923706055,87893
2016-12-29,34.349998474121094,34.849998474121094,34.150001525878906,34.150001525878906,38647
2016-12-30,34.20000076293945,34.900001525878906,34.150001525878906,34.5,62732
2017-01-02,35.150001525878906,37.400001525878906,34.70000076293945,35.79999923706055,861104
2017-01-03,35.849998474121094,36.900001525878906,35.20000076293945,36.59999847412109,414095
2017-01-04,39.0,40.0,36.54999923706055,36.84999847412109,1874181
2017-01-05,36.95000076293945,37.5,36.09999847412109,36.5,210631
2017-01-06,36.70000076293945,37.04999923706055,35.25,35.400001525878906,353486
2017-01-09,35.5,36.29999923706055,35.04999923706055,36.09999847412109,238185
2017-01-10,36.70000076293945,36.95000076293945,36.09999847412109,36.34999847412109,247587
2017-01-11,36.54999923706055,36.95000076293945,36.09999847412109,36.25,187434
2017-01-12,36.400001525878906,36.79999923706055,35.95000076293945,36.54999923706055,203256
2017-01-13,36.79999923706055,38.25,36.34999847412109,37.400001525878906,631363
2017-01-16,37.20000076293945,37.900001525878906,36.54999923706055,37.25,268386
2017-01-17,37.150001525878906,37.45000076293945,36.5,36.70000076293945,150505
2017-01-18,37.54999923706055,37.79999923706055,37.09999847412109,37.54999923706055,382021
2017-01-19,37.54999923706055,38.45000076293945,37.0,38.09999847412109,301969
2017-01-20,38.29999923706055,38.84999847412109,36.900001525878906,37.54999923706055,277627
2017-01-23,37.5,38.79999923706055,37.34999847412109,37.95000076293945,152497
2017-01-24,37.70000076293945,37.84999847412109,36.59999847412109,36.95000076293945,78785
2017-01-25,37.59999847412109,38.150001525878906,36.70000076293945,37.84999847412109,143146
2017-01-27,37.20000076293945,37.900001525878906,36.70000076293945,37.04999923706055,91260
2017-01-30,37.900001525878906,37.95000076293945,37.04999923706055,37.54999923706055,101840
2017-01-31,37.25,37.75,36.84999847412109,37.5,98342
2017-02-01,37.5,37.5,35.0,36.34999847412109,167786
2017-02-02,36.29999923706055,36.95000076293945,35.75,36.04999923706055,387320
2017-02-03,36.75,36.95000076293945,35.79999923706055,36.0,815648
2017-02-06,36.04999923706055,36.900001525878906,35.5,36.04999923706055,944892
2017-02-07,36.400001525878906,36.900001525878906,36.04999923706055,36.5,213623
2017-02-08,36.5,36.54999923706055,35.900001525878906,36.09999847412109,169416
2017-02-09,36.20000076293945,36.95000076293945,35.849998474121094,36.70000076293945,841919
2017-02-10,36.650001525878906,37.09999847412109,36.09999847412109,36.5,374093
2017-02-13,37.34999847412109,37.400001525878906,35.79999923706055,36.09999847412109,573966
2017-02-14,36.400001525878906,36.5,35.70000076293945,36.0,575867
2017-02-15,35.54999923706055,36.45000076293945,34.599998474121094,35.45000076293945,572156
2017-02-16,35.0,36.34999847412109,33.849998474121094,35.849998474121094,1541590
2017-02-17,36.0,36.84999847412109,35.150001525878906,35.70000076293945,144925
2017-02-20,35.70000076293945,36.900001525878906,35.150001525878906,35.79999923706055,92800
2017-02-21,36.400001525878906,36.5,35.79999923706055,36.45000076293945,95648
2017-02-22,36.95000076293945,36.95000076293945,36.0,36.29999923706055,102224
2017-02-23,36.25,36.75,35.5,35.599998474121094,36651
2017-02-27,35.650001525878906,36.400001525878906,35.5,36.09999847412109,79244
2017-02-28,36.5,36.54999923706055,35.75,36.34999847412109,97915
2017-03-01,36.54999923706055,36.59999847412109,35.95000076293945,36.400001525878906,103278
2017-03-02,36.75,36.75,36.09999847412109,36.34999847412109,151685
2017-03-03,36.79999923706055,39.45000076293945,36.20000076293945,37.5,1563752
2017-03-06,37.79999923706055,38.09999847412109,34.54999923706055,35.5,735777
2017-03-07,35.900001525878906,36.900001525878906,35.650001525878906,36.09999847412109,2206534
2017-03-08,36.29999923706055,39.20000076293945,36.25,38.25,1619927
2017-03-09,37.400001525878906,38.70000076293945,37.20000076293945,38.04999923706055,445227
2017-03-10,38.54999923706055,38.54999923706055,37.0,37.54999923706055,245389
2017-03-14,37.79999923706055,38.45000076293945,37.0,37.45000076293945,198525
2017-03-15,39.09999847412109,39.45000076293945,37.84999847412109,38.150001525878906,1273309
2017-03-16,38.400001525878906,39.09999847412109,38.04999923706055,38.150001525878906,516858
2017-03-17,38.29999923706055,38.84999847412109,37.5,37.95000076293945,250780
2017-03-20,37.95000076293945,38.75,37.400001525878906,38.54999923706055,465949
2017-03-21,38.75,38.75,37.70000076293945,38.0,170064
2017-03-22,37.45000076293945,38.20000076293945,37.45000076293945,37.95000076293945,233117
2017-03-23,37.95000076293945,38.29999923706055,37.54999923706055,37.95000076293945,337542
2017-03-24,38.0,38.79999923706055,38.0,38.25,199636
2017-03-27,38.150001525878906,38.400001525878906,37.75,37.84999847412109,58426
2017-03-28,37.900001525878906,38.5,37.34999847412109,37.650001525878906,159786
2017-03-29,37.5,41.400001525878906,36.79999923706055,37.400001525878906,1853167
2017-03-30,38.650001525878906,39.29999923706055,37.79999923706055,37.95000076293945,905161
2017-03-31,37.54999923706055,38.29999923706055,37.54999923706055,37.70000076293945,217246
2017-04-03,37.900001525878906,38.400001525878906,36.150001525878906,36.45000076293945,7848856
2017-04-05,36.400001525878906,36.5,35.29999923706055,36.25,1076046
2017-04-06,36.09999847412109,36.150001525878906,35.70000076293945,35.849998474121094,458784
2017-04-07,35.849998474121094,36.25,35.599998474121094,35.70000076293945,880792
2017-04-10,35.599998474121094,36.20000076293945,35.599998474121094,35.79999923706055,236178
2017-04-11,35.849998474121094,37.59999847412109,35.70000076293945,37.0,642463
2017-04-12,37.0,37.70000076293945,35.95000076293945,36.75,530059
2017-04-13,37.0,38.150001525878906,36.59999847412109,37.650001525878906,671549
2017-04-17,37.650001525878906,38.20000076293945,37.45000076293945,37.79999923706055,193366
2017-04-18,37.95000076293945,39.70000076293945,36.79999923706055,37.29999923706055,2616756
2017-04-19,37.150001525878906,44.75,36.75,44.75,5260845
2017-04-20,46.150001525878906,46.70000076293945,43.25,43.900001525878906,1690970
2017-04-21,44.75,45.54999923706055,43.20000076293945,43.70000076293945,1004202
2017-04-24,43.70000076293945,49.5,42.150001525878906,46.95000076293945,1984895
2017-04-25,47.34999847412109,47.34999847412109,45.59999847412109,45.84999847412109,793735
2017-04-26,46.20000076293945,46.900001525878906,43.0,43.70000076293945,524708
2017-04-27,44.650001525878906,45.34999847412109,43.5,43.650001525878906,335784
2017-04-28,44.0,45.09999847412109,43.09999847412109,43.70000076293945,286832
2017-05-02,44.45000076293945,45.150001525878906,43.400001525878906,43.79999923706055,355117
2017-05-03,44.45000076293945,45.29999923706055,43.650001525878906,43.900001525878906,418945
2017-05-04,43.650001525878906,44.25,41.70000076293945,41.95000076293945,367600
2017-05-05,42.400001525878906,42.400001525878906,39.45000076293945,39.75,521501
2017-05-08,39.84999847412109,41.20000076293945,39.400001525878906,40.29999923706055,387088
2017-05-09,40.54999923706055,40.54999923706055,38.5,39.20000076293945,459315
2017-05-10,39.70000076293945,42.150001525878906,39.5,40.75,751295
2017-05-11,41.20000076293945,41.400001525878906,39.79999923706055,40.0,327924
2017-05-12,40.5,41.0,39.70000076293945,39.900001525878906,168399
2017-05-15,39.09999847412109,42.79999923706055,39.09999847412109,42.29999923706055,4019182
2017-05-16,42.59999847412109,43.84999847412109,42.150001525878906,42.650001525878906,1234886
2017-05-17,42.79999923706055,42.79999923706055,41.34999847412109,41.5,275119
2017-05-18,40.70000076293945,43.0,40.70000076293945,41.59999847412109,506642
2017-05-19,41.900001525878906,42.25,40.29999923706055,40.79999923706055,264044
2017-05-22,41.70000076293945,41.70000076293945,40.0,40.150001525878906,147416
2017-05-23,39.54999923706055,40.84999847412109,36.54999923706055,40.25,426950
2017-05-24,41.0,41.0,39.150001525878906,40.0,1288942
2017-05-25,40.95000076293945,40.95000076293945,39.75,39.900001525878906,194899
2017-05-26,39.900001525878906,40.79999923706055,39.84999847412109,40.54999923706055,149958
2017-05-29,40.34999847412109,40.45000076293945,39.09999847412109,39.95000076293945,163757
2017-05-30,40.20000076293945,42.29999923706055,39.150001525878906,41.70000076293945,338557
2017-05-31,43.0,43.0,39.59999847412109,39.84999847412109,445072
2017-06-01,40.5,40.95000076293945,39.29999923706055,40.54999923706055,215269
2017-06-02,40.900001525878906,41.25,40.25,40.34999847412109,78147
2017-06-05,40.95000076293945,41.5,39.5,40.400001525878906,128871
2017-06-06,40.70000076293945,40.900001525878906,39.59999847412109,40.20000076293945,140918
2017-06-07,40.0,40.5,39.20000076293945,39.5,112356
2017-06-08,39.54999923706055,39.900001525878906,38.84999847412109,39.04999923706055,63063
2017-06-09,39.04999923706055,42.0,39.04999923706055,40.34999847412109,558999
2017-06-12,40.29999923706055,40.400001525878906,39.650001525878906,39.900001525878906,144637
2017-06-13,39.79999923706055,41.400001525878906,39.400001525878906,40.900001525878906,255789
2017-06-14,41.0,41.0,40.0,40.400001525878906,114669
2017-06-15,40.79999923706055,41.75,40.0,41.0,287713
2017-06-16,41.34999847412109,41.400001525878906,40.09999847412109,40.29999923706055,157107
2017-06-19,41.650001525878906,43.900001525878906,41.20000076293945,41.84999847412109,1394931
2017-06-20,42.0,42.0,40.400001525878906,40.54999923706055,306351
2017-06-21,41.150001525878906,41.70000076293945,39.400001525878906,39.79999923706055,375176
2017-06-22,39.95000076293945,40.150001525878906,38.5,38.75,362275
2017-06-23,38.59999847412109,38.95000076293945,36.59999847412109,37.650001525878906,283897
2017-06-27,37.75,38.09999847412109,35.849998474121094,36.34999847412109,195307
2017-06-28,36.54999923706055,38.25,35.75,37.04999923706055,272872
2017-06-29,37.84999847412109,37.900001525878906,36.70000076293945,36.900001525878906,105766
2017-06-30,36.900001525878906,37.150001525878906,36.04999923706055,36.400001525878906,285432
2017-07-03,37.09999847412109,37.29999923706055,36.04999923706055,36.54999923706055,283649
2017-07-04,36.95000076293945,37.650001525878906,36.09999847412109,36.25,420214
2017-07-05,36.5,36.79999923706055,36.0,36.400001525878906,143585
2017-07-06,36.5,36.59999847412109,35.900001525878906,36.20000076293945,178709
2017-07-07,36.29999923706055,36.75,36.0,36.25,323326
2017-07-10,36.04999923706055,36.75,35.54999923706055,36.150001525878906,53680
2017-07-11,36.400001525878906,36.5,35.79999923706055,36.0,83401
2017-07-12,35.75,36.29999923706055,35.400001525878906,35.599998474121094,99885
2017-07-13,35.900001525878906,35.900001525878906,34.5,34.70000076293945,190095
2017-07-14,34.5,35.099998474121094,34.0,34.20000076293945,126510
2017-07-17,34.20000076293945,34.349998474121094,33.95000076293945,34.04999923706055,130342
2017-07-18,34.20000076293945,34.25,33.79999923706055,34.0,92088
2017-07-19,34.0,34.20000076293945,33.79999923706055,34.0,127622
2017-07-20,34.099998474121094,36.25,33.79999923706055,34.75,581158
2017-07-21,34.75,35.54999923706055,33.20000076293945,33.95000076293945,378862
2017-07-24,33.650001525878906,34.20000076293945,32.5,33.400001525878906,270306
2017-07-25,33.400001525878906,33.849998474121094,32.79999923706055,32.900001525878906,126890
2017-07-26,33.0,35.099998474121094,32.75,34.400001525878906,357142
2017-07-27,34.79999923706055,34.79999923706055,33.04999923706055,33.150001525878906,148316
2017-07-28,33.5,33.5,32.75,32.900001525878906,71890
2017-07-31,32.400001525878906,33.29999923706055,32.0,32.349998474121094,234598
2017-08-01,33.0,33.0,32.20000076293945,32.54999923706055,133535
2017-08-02,32.75,32.900001525878906,32.54999923706055,32.650001525878906,76973
2017-08-03,32.70000076293945,32.79999923706055,31.600000381469727,31.950000762939453,197797
2017-08-04,31.799999237060547,32.79999923706055,31.75,32.45000076293945,226637
2017-08-07,32.0,32.900001525878906,32.0,32.400001525878906,73535
2017-08-08,32.900001525878906,32.900001525878906,31.25,31.950000762939453,127197
2017-08-09,31.899999618530277,31.950000762939453,31.25,31.5,796368
2017-08-10,31.549999237060547,31.549999237060547,30.049999237060547,30.5,137133
2017-08-11,29.950000762939453,31.450000762939453,25.600000381469727,30.799999237060547,150964
2017-08-14,30.950000762939453,32.29999923706055,29.5,32.0,168738
2017-08-16,32.150001525878906,32.70000076293945,31.450000762939453,31.850000381469727,74275
2017-08-17,31.850000381469727,32.5,31.75,32.20000076293945,135577
2017-08-18,32.599998474121094,32.599998474121094,31.899999618530277,32.29999923706055,43486
2017-08-21,32.79999923706055,33.349998474121094,32.5,33.0,162312
2017-08-22,33.400001525878906,33.75,32.04999923706055,32.150001525878906,45207
2017-08-23,32.25,32.5,31.850000381469727,32.150001525878906,1627720
2017-08-24,32.5,32.79999923706055,32.099998474121094,32.5,39077
2017-08-28,32.75,33.0,32.150001525878906,32.95000076293945,103875
2017-08-29,32.95000076293945,33.650001525878906,32.54999923706055,33.0,60416
2017-08-30,32.79999923706055,33.650001525878906,32.79999923706055,33.0,22004
2017-08-31,32.599998474121094,33.0,32.20000076293945,32.400001525878906,34836
2017-09-01,32.04999923706055,33.849998474121094,31.799999237060547,32.849998474121094,1067623
2017-09-04,33.79999923706055,33.79999923706055,31.5,32.0,66418
2017-09-05,32.45000076293945,33.900001525878906,31.950000762939453,32.5,64765
2017-09-06,33.0,33.349998474121094,32.29999923706055,32.650001525878906,43909
2017-09-07,33.04999923706055,33.45000076293945,32.599998474121094,32.79999923706055,81320
2017-09-08,32.650001525878906,33.150001525878906,32.25,32.5,19637
2017-09-11,32.25,33.150001525878906,32.0,32.95000076293945,329358
2017-09-12,32.900001525878906,32.900001525878906,32.25,32.54999923706055,144205
2017-09-13,32.5,32.599998474121094,32.099998474121094,32.45000076293945,185538
2017-09-14,32.79999923706055,33.150001525878906,31.549999237060547,31.950000762939453,74344
2017-09-15,31.899999618530277,32.5,31.5,31.950000762939453,218884
2017-09-18,32.20000076293945,32.5,31.799999237060547,32.04999923706055,64957
2017-09-19,32.349998474121094,32.400001525878906,31.25,31.450000762939453,51336
2017-09-20,31.799999237060547,31.899999618530277,31.299999237060547,31.549999237060547,53244
2017-09-21,31.149999618530277,31.700000762939453,30.899999618530277,31.0,77368
2017-09-22,31.200000762939453,31.200000762939453,30.25,30.75,137707
2017-09-25,31.200000762939453,31.200000762939453,29.100000381469727,30.399999618530277,668448
2017-09-26,30.25,30.25,29.450000762939453,30.0,61245
2017-09-27,31.5,32.900001525878906,30.100000381469727,30.549999237060547,302549
2017-09-28,30.5,30.700000762939453,29.549999237060547,30.049999237060547,96918
2017-09-29,30.25,31.0,30.0,30.700000762939453,52609
2017-10-03,31.850000381469727,31.850000381469727,30.049999237060547,30.25,43793
2017-10-04,30.5,30.899999618530277,29.649999618530277,30.149999618530277,51890
2017-10-05,30.549999237060547,30.799999237060547,29.850000381469727,30.25,118365
2017-10-06,30.25,30.850000381469727,29.799999237060547,30.200000762939453,51839
2017-10-09,30.200000762939453,30.450000762939453,29.399999618530277,29.75,49276
2017-10-10,29.899999618530277,30.299999237060547,29.649999618530277,30.100000381469727,43557
2017-10-11,30.5,30.75,30.100000381469727,30.299999237060547,1119975
2017-10-12,30.700000762939453,31.0,30.0,30.149999618530277,58243
2017-10-13,30.149999618530277,30.399999618530277,29.600000381469727,29.850000381469727,36163
2017-10-16,30.049999237060547,30.299999237060547,29.100000381469727,29.799999237060547,55223
2017-10-17,29.600000381469727,30.350000381469727,29.149999618530277,30.149999618530277,1225625
2017-10-18,29.700000762939453,30.799999237060547,29.649999618530277,30.049999237060547,76132
2017-10-19,30.0,30.25,29.549999237060547,29.75,23909
2017-10-23,29.850000381469727,30.149999618530277,29.600000381469727,29.899999618530277,36996
2017-10-24,30.350000381469727,31.049999237060547,29.700000762939453,30.649999618530277,149065
2017-10-25,31.0,31.5,30.100000381469727,31.049999237060547,51023
2017-10-26,31.299999237060547,31.350000381469727,30.200000762939453,30.549999237060547,74653
2017-10-27,30.399999618530277,31.200000762939453,30.350000381469727,30.799999237060547,79575
2017-10-30,31.200000762939453,31.350000381469727,30.450000762939453,30.649999618530277,222265
2017-10-31,30.350000381469727,30.950000762939453,30.0,30.350000381469727,156625
2017-11-01,30.799999237060547,31.299999237060547,30.299999237060547,30.5,136092
2017-11-02,31.0,32.29999923706055,30.350000381469727,31.799999237060547,257735
2017-11-03,37.900001525878906,38.150001525878906,36.79999923706055,38.150001525878906,686042
2017-11-06,42.5,44.900001525878906,40.04999923706055,41.95000076293945,3096098
2017-11-07,42.59999847412109,43.400001525878906,39.59999847412109,40.04999923706055,796688
2017-11-08,40.09999847412109,40.84999847412109,38.75,39.34999847412109,518708
2017-11-09,39.75,40.34999847412109,38.5,39.0,246324
2017-11-10,39.59999847412109,40.650001525878906,38.54999923706055,38.79999923706055,514067
2017-11-13,38.900001525878906,39.0,36.5,36.900001525878906,227477
2017-11-14,36.25,37.20000076293945,35.25,36.25,314751
2017-11-15,36.25,36.29999923706055,33.79999923706055,34.599998474121094,264486
2017-11-16,35.099998474121094,35.400001525878906,34.25,34.400001525878906,116398
2017-11-17,34.900001525878906,36.09999847412109,34.900001525878906,35.25,137077
2017-11-20,35.349998474121094,35.849998474121094,35.0,35.400001525878906,90335
2017-11-21,35.75,36.5,34.599998474121094,34.95000076293945,228321
2017-11-22,34.75,35.349998474121094,34.650001525878906,34.95000076293945,104697
2017-11-23,34.75,35.20000076293945,34.70000076293945,34.79999923706055,79052
2017-11-24,34.849998474121094,35.650001525878906,34.599998474121094,34.849998474121094,127700
2017-11-27,35.04999923706055,40.45000076293945,34.75,39.34999847412109,790789
2017-11-28,39.0,39.0,37.79999923706055,38.45000076293945,287458
2017-11-29,38.45000076293945,44.84999847412109,37.900001525878906,42.650001525878906,2800025
2017-11-30,42.45000076293945,43.84999847412109,41.400001525878906,42.79999923706055,1454247
2017-12-01,43.0,43.54999923706055,40.0,40.45000076293945,474422
2017-12-04,40.79999923706055,41.0,38.45000076293945,38.650001525878906,257219
2017-12-05,38.54999923706055,45.5,37.5,44.59999847412109,2179307
2017-12-06,43.0,44.150001525878906,41.5,42.04999923706055,1294608
2017-12-07,42.09999847412109,44.84999847412109,42.09999847412109,43.25,1007521
2017-12-08,43.5,44.29999923706055,34.599998474121094,39.29999923706055,1161525
2017-12-11,39.900001525878906,41.95000076293945,39.900001525878906,40.900001525878906,580147
2017-12-12,41.900001525878906,41.900001525878906,40.0,40.150001525878906,206973
2017-12-13,40.900001525878906,43.0,40.900001525878906,41.59999847412109,1371357
2017-12-14,41.84999847412109,41.84999847412109,40.0,40.29999923706055,243350
2017-12-15,41.04999923706055,42.20000076293945,40.34999847412109,40.54999923706055,260493
2017-12-18,40.25,40.75,36.900001525878906,40.09999847412109,255226
2017-12-19,40.400001525878906,42.650001525878906,40.400001525878906,41.79999923706055,644710
2017-12-20,41.95000076293945,42.5,41.09999847412109,41.650001525878906,259233
2017-12-21,42.0,42.29999923706055,41.150001525878906,41.400001525878906,183038
2017-12-22,41.59999847412109,42.0,41.20000076293945,41.34999847412109,161763
2017-12-26,41.34999847412109,41.59999847412109,40.59999847412109,40.95000076293945,123880
2017-12-27,41.20000076293945,41.5,40.5,40.54999923706055,112551
2017-12-28,40.54999923706055,40.95000076293945,39.650001525878906,39.79999923706055,183603
2017-12-29,40.29999923706055,41.0,39.75,39.900001525878906,157708
2018-01-01,40.29999923706055,42.0,39.150001525878906,39.59999847412109,258899
2018-01-02,40.0,40.59999847412109,39.20000076293945,39.45000076293945,172561
2018-01-03,39.75,40.5,39.0,39.79999923706055,203186
2018-01-04,40.900001525878906,40.900001525878906,39.25,39.75,318788
2018-01-05,40.150001525878906,40.5,39.650001525878906,40.0,146271
2018-01-08,39.70000076293945,40.5,39.59999847412109,39.79999923706055,117145
2018-01-09,39.79999923706055,40.0,39.0,39.20000076293945,124894
2018-01-10,39.20000076293945,39.54999923706055,38.95000076293945,39.09999847412109,121948
2018-01-11,39.29999923706055,41.5,38.75,40.29999923706055,1071794
2018-01-12,40.84999847412109,42.34999847412109,40.0,40.59999847412109,11999965
2018-01-15,42.09999847412109,48.70000076293945,42.09999847412109,46.650001525878906,22200079
2018-01-16,47.5,47.900001525878906,45.09999847412109,45.70000076293945,5674482
2018-01-17,46.20000076293945,46.70000076293945,42.0,43.79999923706055,6217343
2018-01-18,44.45000076293945,44.84999847412109,41.54999923706055,41.79999923706055,1575847
2018-01-19,42.29999923706055,43.5,41.5,42.09999847412109,879723
2018-01-22,42.25,43.25,41.09999847412109,41.650001525878906,2813447
2018-01-23,42.20000076293945,48.5,41.84999847412109,45.20000076293945,12289816
2018-01-24,45.25,46.70000076293945,44.0,44.75,3218017
2018-01-25,44.75,45.04999923706055,43.5,43.900001525878906,1193050
2018-01-29,43.79999923706055,44.0,41.400001525878906,41.900001525878906,895078
2018-01-30,41.5,41.59999847412109,39.29999923706055,40.04999923706055,1586196
2018-01-31,40.0,41.59999847412109,39.59999847412109,40.25,826208
2018-02-01,40.150001525878906,40.400001525878906,37.70000076293945,38.09999847412109,828838
2018-02-02,37.70000076293945,39.0,32.849998474121094,36.95000076293945,3922960
2018-02-05,34.5,37.75,33.900001525878906,36.150001525878906,932007
2018-02-06,33.04999923706055,37.5,33.04999923706055,37.150001525878906,860142
2018-02-07,38.0,38.84999847412109,36.0,37.59999847412109,477610
2018-02-08,38.5,39.650001525878906,37.20000076293945,38.95000076293945,3066271
2018-02-09,37.0,38.25,36.09999847412109,37.04999923706055,1156848
2018-02-12,37.900001525878906,39.900001525878906,37.900001525878906,39.59999847412109,1477098
2018-02-14,40.45000076293945,41.0,39.20000076293945,39.79999923706055,1776555
2018-02-15,40.29999923706055,40.29999923706055,38.0,38.650001525878906,722406
2018-02-16,39.0,39.400001525878906,37.0,37.95000076293945,752245
2018-02-19,37.95000076293945,40.0,37.09999847412109,39.04999923706055,625460
2018-02-20,39.04999923706055,39.04999923706055,37.84999847412109,38.400001525878906,370546
2018-02-21,38.04999923706055,38.75,36.84999847412109,37.09999847412109,338703
2018-02-22,37.09999847412109,38.75,36.84999847412109,38.0,427961
2018-02-23,38.0,38.5,37.59999847412109,38.25,282984
2018-02-26,38.400001525878906,39.04999923706055,37.84999847412109,38.04999923706055,2143237
2018-02-27,38.25,38.70000076293945,37.5,37.54999923706055,174151
2018-02-28,37.45000076293945,38.150001525878906,36.84999847412109,37.45000076293945,166795
2018-03-01,37.34999847412109,37.70000076293945,36.5,36.70000076293945,224137
2018-03-05,37.04999923706055,37.09999847412109,35.599998474121094,36.04999923706055,209691
2018-03-06,36.34999847412109,36.45000076293945,34.099998474121094,34.400001525878906,659503
2018-03-07,33.599998474121094,33.95000076293945,32.349998474121094,32.79999923706055,717826
2018-03-08,32.95000076293945,34.25,31.600000381469727,34.0,465586
2018-03-09,34.0,35.150001525878906,33.5,34.70000076293945,379612
2018-03-12,35.0,35.70000076293945,32.900001525878906,33.5,2463051
2018-03-13,33.04999923706055,34.70000076293945,32.900001525878906,33.349998474121094,653591
2018-03-14,33.400001525878906,35.0,33.0,34.75,326097
2018-03-15,35.599998474121094,36.5,34.650001525878906,35.150001525878906,440748
2018-03-16,35.650001525878906,35.900001525878906,34.0,34.150001525878906,216026
2018-03-19,34.5,34.849998474121094,33.25,34.5,224606
2018-03-20,34.0,34.95000076293945,33.75,34.099998474121094,88729
2018-03-21,34.0,35.5,33.349998474121094,34.849998474121094,1890905
2018-03-22,35.29999923706055,35.349998474121094,34.349998474121094,34.900001525878906,276945
2018-03-23,34.04999923706055,34.75,33.599998474121094,34.0,217925
2018-03-26,33.900001525878906,38.0,33.5,37.70000076293945,942577
2018-03-27,38.0,38.5,36.5,36.900001525878906,393090
2018-03-28,36.84999847412109,36.900001525878906,33.04999923706055,33.849998474121094,404998
2018-04-02,34.04999923706055,36.75,34.04999923706055,36.25,300076
2018-04-03,35.95000076293945,37.79999923706055,35.45000076293945,37.29999923706055,331369
2018-04-04,37.34999847412109,38.59999847412109,35.650001525878906,36.79999923706055,903267
2018-04-05,36.79999923706055,37.900001525878906,35.79999923706055,36.70000076293945,634181
2018-04-06,36.79999923706055,37.400001525878906,36.29999923706055,37.09999847412109,215803
2018-04-09,37.150001525878906,37.70000076293945,35.599998474121094,36.09999847412109,233883
2018-04-10,36.29999923706055,36.75,35.900001525878906,36.34999847412109,200721
2018-04-11,36.400001525878906,38.25,36.04999923706055,37.650001525878906,530613
2018-04-12,39.25,39.900001525878906,38.04999923706055,39.20000076293945,2007113
2018-04-13,38.79999923706055,39.400001525878906,38.5,39.0,352761
2018-04-16,38.650001525878906,40.0,37.84999847412109,39.75,597562
2018-04-17,39.70000076293945,40.79999923706055,39.70000076293945,40.5,552594
2018-04-18,40.04999923706055,42.400001525878906,38.400001525878906,40.650001525878906,4498741
2018-04-19,41.0,43.09999847412109,39.75,40.09999847412109,7008660
2018-04-20,40.25,40.900001525878906,38.400001525878906,38.70000076293945,3960031
2018-04-23,38.5,39.400001525878906,38.09999847412109,38.34999847412109,980791
2018-04-24,38.45000076293945,38.75,34.75,35.349998474121094,40530576
2018-04-25,35.0,35.70000076293945,32.04999923706055,32.5,40664600
2018-04-26,33.70000076293945,35.54999923706055,33.099998474121094,34.849998474121094,17369196
2018-04-27,35.400001525878906,35.849998474121094,34.0,34.54999923706055,4360935
2018-04-30,34.54999923706055,35.70000076293945,33.599998474121094,34.900001525878906,2079019
2018-05-02,35.099998474121094,35.400001525878906,32.900001525878906,33.70000076293945,2295041
2018-05-03,33.5,33.849998474121094,32.599998474121094,32.75,980519
2018-05-04,32.75,33.0,31.899999618530277,32.150001525878906,940091
2018-05-07,32.29999923706055,34.400001525878906,32.29999923706055,33.95000076293945,1844822
2018-05-08,34.20000076293945,34.599998474121094,33.5,34.099998474121094,1275254
2018-05-09,33.95000076293945,34.400001525878906,32.099998474121094,33.400001525878906,1094431
2018-05-10,33.20000076293945,33.70000076293945,32.29999923706055,32.54999923706055,777885
2018-05-11,32.900001525878906,33.650001525878906,31.700000762939453,32.0,892063
2018-05-14,32.29999923706055,32.5,30.549999237060547,30.75,807638
2018-05-15,30.950000762939453,31.850000381469727,28.299999237060547,29.0,1271112
2018-05-16,28.899999618530277,30.0,28.25,28.950000762939453,845409
2018-05-17,29.0,29.950000762939453,28.75,29.299999237060547,1788895
2018-05-18,29.399999618530277,30.5,28.100000381469727,28.549999237060547,780660
2018-05-21,28.75,29.25,26.549999237060547,26.899999618530277,890452
2018-05-22,27.100000381469727,27.299999237060547,26.299999237060547,26.600000381469727,1183774
2018-05-23,26.600000381469727,28.899999618530277,26.549999237060547,27.850000381469727,1178027
2018-05-24,28.899999618530277,29.5,27.649999618530277,28.0,787309
2018-05-25,28.200000762939453,30.899999618530277,28.049999237060547,30.399999618530277,1135560
2018-05-28,31.0,31.850000381469727,30.700000762939453,31.350000381469727,1360662
2018-05-29,30.799999237060547,31.450000762939453,29.600000381469727,29.850000381469727,1052865
2018-05-30,29.600000381469727,30.899999618530277,28.850000381469727,29.149999618530277,595863
2018-05-31,29.200000762939453,29.850000381469727,25.799999237060547,26.75,1689566
2018-06-01,26.600000381469727,27.75,26.399999618530277,27.549999237060547,752122
2018-06-04,27.649999618530277,28.350000381469727,26.100000381469727,27.049999237060547,1005151
2018-06-05,26.450000762939453,27.700000762939453,23.450000762939453,26.899999618530277,2064130
2018-06-06,26.649999618530277,28.200000762939453,26.5,27.899999618530277,721926
2018-06-07,27.950000762939453,28.899999618530277,27.950000762939453,28.600000381469727,465485
2018-06-08,28.5,29.649999618530277,27.700000762939453,29.350000381469727,764035
2018-06-11,29.350000381469727,30.649999618530277,28.899999618530277,29.299999237060547,1299989
2018-06-12,29.75,30.25,29.25,30.0,490377
2018-06-13,30.25,30.299999237060547,29.299999237060547,29.600000381469727,341771
2018-06-14,30.350000381469727,30.75,29.600000381469727,30.0,857324
2018-06-15,30.0,30.25,28.549999237060547,29.100000381469727,354011
2018-06-18,28.899999618530277,29.75,28.200000762939453,29.0,298652
2018-06-19,28.950000762939453,29.75,28.600000381469727,29.5,360874
2018-06-20,29.299999237060547,30.0,29.200000762939453,29.799999237060547,342838
2018-06-21,29.549999237060547,29.950000762939453,29.0,29.649999618530277,291650
2018-06-22,29.600000381469727,29.899999618530277,28.899999618530277,29.25,353819
2018-06-25,29.200000762939453,29.399999618530277,27.899999618530277,28.149999618530277,279280
2018-06-26,27.950000762939453,28.0,27.25,27.549999237060547,281633
2018-06-27,27.600000381469727,27.850000381469727,25.5,25.799999237060547,518267
2018-06-28,26.0,26.0,24.299999237060547,24.399999618530277,390618
2018-06-29,24.850000381469727,26.0,24.5,24.649999618530277,770185
2018-07-02,24.950000762939453,25.25,23.75,23.850000381469727,738293
2018-07-03,23.899999618530277,24.5,23.450000762939453,24.200000762939453,492526
2018-07-04,24.5,25.200000762939453,23.850000381469727,24.200000762939453,478577
2018-07-05,24.200000762939453,24.350000381469727,19.850000381469727,20.549999237060547,7357149
2018-07-06,20.0,20.0,17.649999618530273,18.299999237060547,6573834
2018-07-09,18.299999237060547,19.149999618530277,16.5,18.549999237060547,5398114
2018-07-10,18.649999618530277,18.950000762939453,17.950000762939453,18.600000381469727,2147871
2018-07-11,18.75,18.75,17.600000381469727,17.799999237060547,1569797
2018-07-12,17.899999618530273,18.100000381469727,16.75,17.100000381469727,1049646
2018-07-13,17.5,17.700000762939453,15.399999618530272,17.350000381469727,4728398
2018-07-16,17.350000381469727,17.649999618530273,15.649999618530272,16.049999237060547,3280013
2018-07-17,16.149999618530273,17.649999618530273,15.100000381469728,17.649999618530273,2495456
2018-07-18,17.899999618530273,17.899999618530273,16.649999618530273,17.450000762939453,1267562
2018-07-19,17.649999618530273,17.850000381469727,16.899999618530273,17.5,769839
2018-07-20,17.450000762939453,17.600000381469727,16.899999618530273,17.049999237060547,375180
2018-07-23,17.899999618530273,18.049999237060547,16.299999237060547,16.549999237060547,1057678
2018-07-24,16.649999618530273,17.649999618530273,16.5,16.899999618530273,1173986
2018-07-25,17.0,17.299999237060547,16.600000381469727,16.700000762939453,319965
2018-07-26,16.899999618530273,16.950000762939453,15.699999809265137,15.850000381469728,855492
2018-07-27,16.049999237060547,16.799999237060547,15.699999809265137,16.299999237060547,681881
2018-07-30,16.700000762939453,17.100000381469727,16.450000762939453,16.950000762939453,631913
2018-07-31,17.100000381469727,17.450000762939453,16.049999237060547,17.100000381469727,622792
2018-08-01,17.299999237060547,17.399999618530273,16.600000381469727,16.75,345121
2018-08-02,16.950000762939453,16.950000762939453,16.5,16.899999618530273,477566
2018-08-03,16.950000762939453,18.200000762939453,16.75,17.950000762939453,1024132
2018-08-06,18.0,18.25,17.200000762939453,17.799999237060547,392663
2018-08-07,18.0,18.399999618530277,17.649999618530273,18.0,462790
2018-08-08,18.049999237060547,20.0,18.049999237060547,19.450000762939453,2065825
2018-08-09,19.549999237060547,21.950000762939453,19.5,21.5,4664580
2018-08-10,21.700000762939453,22.5,20.450000762939453,20.600000381469727,1577598
2018-08-13,20.350000381469727,20.350000381469727,18.700000762939453,18.850000381469727,777809
2018-08-14,18.950000762939453,19.5,18.0,18.350000381469727,775537
2018-08-16,17.75,18.399999618530277,17.25,17.700000762939453,807779
2018-08-17,17.899999618530273,19.25,17.899999618530273,18.899999618530277,825483
2018-08-20,19.100000381469727,19.450000762939453,18.700000762939453,19.049999237060547,546293
2018-08-21,18.899999618530277,20.0,18.850000381469727,19.350000381469727,1313313
2018-08-23,19.549999237060547,19.549999237060547,18.5,18.75,440423
2018-08-24,18.649999618530277,18.649999618530277,17.75,17.799999237060547,512967
2018-08-27,18.0,18.149999618530277,17.5,17.600000381469727,256560
2018-08-28,17.649999618530273,17.799999237060547,17.25,17.299999237060547,219809
2018-08-29,17.5,19.850000381469727,17.5,18.950000762939453,2451621
2018-08-30,19.25,19.399999618530277,18.600000381469727,18.799999237060547,575196
2018-08-31,19.399999618530277,19.75,18.200000762939453,18.75,1369407
2018-09-03,18.799999237060547,18.850000381469727,18.149999618530277,18.350000381469727,451569
2018-09-04,18.350000381469727,22.0,18.100000381469727,20.200000762939453,9528086
2018-09-05,20.399999618530277,20.899999618530277,19.0,19.799999237060547,2032208
2018-09-06,20.0,21.399999618530277,19.200000762939453,20.799999237060547,1543640
2018-09-07,21.399999618530277,23.899999618530277,21.0,23.350000381469727,5760510
2018-09-10,23.5,27.399999618530277,23.25,27.0,9128581
2018-09-11,27.0,27.799999237060547,24.5,24.850000381469727,4392581
2018-09-12,25.0,27.0,24.75,25.799999237060547,3924083
2018-09-14,26.399999618530277,27.649999618530277,25.549999237060547,27.100000381469727,2920826
2018-09-17,27.100000381469727,27.450000762939453,26.25,26.399999618530277,1714131
2018-09-18,26.549999237060547,26.75,24.049999237060547,24.299999237060547,1544825
2018-09-19,24.350000381469727,25.75,24.0,24.75,1468831
2018-09-21,25.0,25.399999618530277,22.299999237060547,22.950000762939453,1913365
2018-09-24,23.25,23.5,21.0,21.700000762939453,1596913
2018-09-25,22.25,23.299999237060547,21.450000762939453,22.399999618530277,1561142
2018-09-26,22.850000381469727,24.600000381469727,22.450000762939453,24.600000381469727,1483142
2018-09-27,25.25,26.799999237060547,24.700000762939453,25.049999237060547,1457463
2018-09-28,25.700000762939453,25.700000762939453,22.549999237060547,23.399999618530277,1559681
2018-10-01,23.5,25.700000762939453,22.950000762939453,25.299999237060547,1488721
2018-10-03,27.700000762939453,27.799999237060547,26.049999237060547,27.75,4866613
2018-10-04,27.600000381469727,29.5,26.450000762939453,26.799999237060547,3072173
2018-10-05,27.200000762939453,28.299999237060547,26.100000381469727,26.5,1199695
2018-10-08,27.0,27.0,25.049999237060547,25.549999237060547,1053021
2018-10-09,25.75,26.450000762939453,24.100000381469727,25.049999237060547,1140810
2018-10-10,25.25,27.350000381469727,25.149999618530277,26.350000381469727,1287782
2018-10-11,25.0,28.200000762939453,24.549999237060547,27.0,1769483
2018-10-12,27.700000762939453,28.450000762939453,27.0,27.299999237060547,1566599
2018-10-15,28.149999618530277,29.5,28.149999618530277,28.799999237060547,2022427
2018-10-16,29.799999237060547,31.149999618530277,29.5,30.350000381469727,6652765
2018-10-17,31.200000762939453,31.5,28.549999237060547,29.450000762939453,4160472
2018-10-19,32.349998474121094,32.349998474121094,30.149999618530277,30.350000381469727,16425348
2018-10-22,30.600000381469727,30.75,28.350000381469727,30.25,18456518
2018-10-23,29.399999618530277,30.5,29.399999618530277,30.0,5991073
2018-10-24,30.149999618530277,30.5,29.450000762939453,30.25,4371669
2018-10-25,30.100000381469727,30.149999618530277,29.649999618530277,29.899999618530277,1167750
2018-10-26,30.149999618530277,30.149999618530277,29.600000381469727,29.850000381469727,886209
2018-10-29,30.25,30.25,29.75,29.950000762939453,711499
2018-10-30,30.0,30.350000381469727,29.950000762939453,30.100000381469727,1006590
2018-10-31,30.0,30.200000762939453,29.899999618530277,30.049999237060547,750955
2018-11-01,30.0,30.149999618530277,29.850000381469727,29.899999618530277,1464247
2018-11-02,29.950000762939453,30.200000762939453,29.950000762939453,30.0,632065
2018-11-05,30.0,30.100000381469727,29.950000762939453,30.0,1943418
2018-11-06,30.049999237060547,30.149999618530277,30.049999237060547,30.049999237060547,667720
2018-11-07,30.149999618530277,30.5,30.049999237060547,30.049999237060547,366287
2018-11-09,30.149999618530277,30.25,30.049999237060547,30.149999618530277,519435
2018-11-12,30.299999237060547,30.399999618530277,30.149999618530277,30.299999237060547,528664
2018-11-13,30.100000381469727,30.399999618530277,30.100000381469727,30.299999237060547,578777
2018-11-14,30.399999618530277,30.5,30.299999237060547,30.299999237060547,406677
2018-11-15,30.350000381469727,30.450000762939453,30.299999237060547,30.399999618530277,456586
2018-11-16,30.450000762939453,30.600000381469727,30.350000381469727,30.549999237060547,466273
2018-11-19,30.600000381469727,31.450000762939453,30.600000381469727,31.0,1140210
2018-11-20,31.299999237060547,31.299999237060547,30.600000381469727,30.700000762939453,516695
2018-11-21,30.75,31.049999237060547,30.5,30.75,483666
2018-11-22,30.950000762939453,30.950000762939453,30.649999618530277,30.649999618530277,294467
2018-11-26,30.700000762939453,30.799999237060547,30.5,30.5,1146650
2018-11-27,30.549999237060547,30.700000762939453,30.549999237060547,30.549999237060547,258949
2018-11-28,30.600000381469727,30.75,30.549999237060547,30.549999237060547,305363
2018-11-29,30.600000381469727,30.75,30.549999237060547,30.600000381469727,389090
2018-11-30,30.700000762939453,30.700000762939453,30.549999237060547,30.549999237060547,348078
2018-12-03,30.75,30.75,30.549999237060547,30.549999237060547,232990
2018-12-04,30.600000381469727,30.700000762939453,30.549999237060547,30.549999237060547,598720
2018-12-05,30.549999237060547,30.600000381469727,30.549999237060547,30.549999237060547,462722
2018-12-06,30.549999237060547,30.600000381469727,30.549999237060547,30.549999237060547,747366
2018-12-07,30.600000381469727,30.649999618530277,30.549999237060547,30.549999237060547,185286
2018-12-10,30.549999237060547,30.600000381469727,30.450000762939453,30.5,819072
2018-12-11,30.299999237060547,31.0,30.299999237060547,30.899999618530277,352196
2018-12-12,30.899999618530277,31.299999237060547,30.700000762939453,31.0,451297
2018-12-13,30.850000381469727,31.149999618530277,30.850000381469727,31.049999237060547,323512
2018-12-14,31.049999237060547,31.25,30.75,30.850000381469727,243649
2018-12-17,30.75,31.100000381469727,30.75,31.0,165951
2018-12-18,31.0,31.149999618530277,30.899999618530277,31.0,227746
2018-12-19,31.100000381469727,31.149999618530277,30.450000762939453,30.899999618530277,5739276
2018-12-20,30.899999618530277,31.049999237060547,30.700000762939453,31.0,729770
2018-12-21,31.049999237060547,31.299999237060547,30.600000381469727,31.049999237060547,1734828
2018-12-24,31.049999237060547,31.200000762939453,30.899999618530277,31.100000381469727,859261
2018-12-26,30.850000381469727,31.149999618530277,30.850000381469727,31.049999237060547,233566
2018-12-27,31.149999618530277,31.350000381469727,30.75,31.25,574346
2018-12-28,31.049999237060547,31.25,30.799999237060547,30.899999618530277,152247
2018-12-31,30.850000381469727,31.0,30.799999237060547,30.799999237060547,120840
2019-01-01,31.0,31.0,30.649999618530277,30.75,175411
2019-01-02,30.75,30.799999237060547,30.649999618530277,30.700000762939453,81428
2019-01-03,30.649999618530277,30.799999237060547,30.600000381469727,30.600000381469727,235949
2019-01-04,30.649999618530277,31.0,30.600000381469727,30.75,226561
2019-01-07,30.799999237060547,30.850000381469727,30.700000762939453,30.700000762939453,224061
2019-01-08,30.799999237060547,30.850000381469727,30.700000762939453,30.75,200356
2019-01-09,30.700000762939453,31.049999237060547,30.700000762939453,31.0,336764
2019-01-10,30.799999237060547,31.25,30.799999237060547,31.100000381469727,502674
2019-01-11,30.850000381469727,31.200000762939453,30.850000381469727,31.049999237060547,549202
2019-01-14,31.049999237060547,31.100000381469727,30.899999618530277,30.899999618530277,553402
2019-01-15,30.799999237060547,31.200000762939453,30.799999237060547,31.0,454216
2019-01-16,31.0,31.100000381469727,30.850000381469727,30.899999618530277,320748
2019-01-17,31.0,31.700000762939453,30.850000381469727,31.25,246526
2019-01-18,31.149999618530277,31.399999618530277,30.850000381469727,30.850000381469727,1100726
2019-01-21,30.899999618530277,31.049999237060547,30.899999618530277,30.950000762939453,150013
2019-01-22,30.899999618530277,31.049999237060547,30.700000762939453,30.850000381469727,524316
2019-01-23,31.700000762939453,31.950000762939453,31.5,31.75,61261907
2019-01-24,31.899999618530277,31.950000762939453,31.75,31.899999618530277,3295603
2019-01-25,32.0,32.0,31.899999618530277,31.899999618530277,976232
2019-01-28,31.950000762939453,32.0,31.799999237060547,31.799999237060547,4525307
2019-01-29,31.799999237060547,31.899999618530277,31.799999237060547,31.850000381469727,1575516
2019-01-30,31.899999618530277,31.950000762939453,31.850000381469727,31.850000381469727,635528
2019-01-31,31.950000762939453,32.0,31.850000381469727,32.0,4780141
2019-02-01,32.0,32.04999923706055,31.950000762939453,32.0,1913785
2019-02-04,32.0,32.150001525878906,31.899999618530277,32.0,7796518
2019-02-05,32.099998474121094,32.099998474121094,32.0,32.0,2800545
2019-02-06,32.0,32.099998474121094,32.0,32.0,405258
2019-02-07,32.04999923706055,32.099998474121094,32.04999923706055,32.04999923706055,1007424
2019-02-08,32.099998474121094,32.099998474121094,32.04999923706055,32.04999923706055,1585285
2019-02-11,32.099998474121094,32.099998474121094,31.700000762939453,31.950000762939453,9156855
2019-02-12,32.0,32.0,28.5,30.799999237060547,450708
2019-02-14,31.350000381469727,31.350000381469727,29.700000762939453,30.100000381469727,105817
2019-02-15,30.0,30.0,29.25,29.299999237060547,77800
2019-02-18,29.299999237060547,29.600000381469727,27.25,27.75,173917
2019-02-19,27.200000762939453,27.549999237060547,25.350000381469727,25.549999237060547,377767
2019-02-20,25.899999618530277,27.049999237060547,25.0,25.200000762939453,318186
2019-02-21,25.399999618530277,25.75,25.100000381469727,25.200000762939453,171276
2019-02-22,25.399999618530277,25.399999618530277,24.75,24.899999618530277,187684
2019-02-25,24.899999618530277,25.200000762939453,24.700000762939453,24.950000762939453,74116
2019-02-26,24.649999618530277,24.75,23.25,24.200000762939453,120145
2019-02-27,23.799999237060547,26.799999237060547,23.799999237060547,25.149999618530277,270924
2019-02-28,25.450000762939453,25.899999618530277,24.799999237060547,24.950000762939453,103899
2019-03-01,25.350000381469727,26.850000381469727,24.950000762939453,25.899999618530277,400716
2019-03-05,26.0,27.450000762939453,25.75,26.950000762939453,267332
2019-03-06,26.899999618530277,28.0,26.600000381469727,26.899999618530277,175447
2019-03-07,26.600000381469727,27.0,26.399999618530277,26.899999618530277,120749
2019-03-08,27.299999237060547,27.299999237060547,24.799999237060547,25.600000381469727,228289
2019-03-11,26.799999237060547,26.799999237060547,26.149999618530277,26.399999618530277,106503
2019-03-12,26.549999237060547,27.5,26.5,27.049999237060547,263373
2019-03-13,27.600000381469727,27.600000381469727,27.0,27.149999618530277,142353
2019-03-14,27.100000381469727,27.399999618530277,26.350000381469727,26.649999618530277,92908
2019-03-15,26.25,26.950000762939453,25.899999618530277,26.399999618530277,155464
2019-03-18,26.950000762939453,27.350000381469727,26.0,26.700000762939453,121311
2019-03-19,26.700000762939453,27.299999237060547,26.0,26.25,108628
2019-03-20,26.25,27.100000381469727,26.100000381469727,26.299999237060547,95721
2019-03-22,26.700000762939453,27.299999237060547,26.25,26.299999237060547,149696
2019-03-25,26.350000381469727,30.75,25.200000762939453,28.799999237060547,1635824
2019-03-26,29.5,30.799999237060547,29.0,29.549999237060547,657286
2019-03-27,29.049999237060547,30.25,28.149999618530277,29.549999237060547,445125
2019-03-28,29.049999237060547,30.0,29.049999237060547,29.350000381469727,195269
2019-04-01,29.25,29.5,28.649999618530277,29.049999237060547,128404
2019-04-02,29.0,30.200000762939453,28.5,30.0,309265
2019-04-03,30.5,30.600000381469727,29.100000381469727,29.350000381469727,159650
2019-04-04,29.0,29.899999618530277,28.799999237060547,29.350000381469727,116288
2019-04-05,29.700000762939453,29.950000762939453,27.700000762939453,29.299999237060547,188176
2019-04-08,29.0,29.850000381469727,28.5,29.149999618530277,188901
2019-04-09,29.399999618530277,29.75,28.200000762939453,28.700000762939453,268123
2019-04-10,28.25,29.0,28.25,28.600000381469727,85209
2019-04-11,28.700000762939453,29.149999618530277,28.649999618530277,28.899999618530277,63722
2019-04-12,28.950000762939453,29.600000381469727,28.799999237060547,29.049999237060547,99835
2019-04-15,29.399999618530277,30.399999618530277,29.100000381469727,29.299999237060547,157947
2019-04-16,28.75,29.899999618530277,27.5,29.350000381469727,506010
2019-04-18,28.799999237060547,29.25,28.75,29.049999237060547,105772
2019-04-22,28.5,29.5,28.5,29.100000381469727,127028
2019-04-23,29.450000762939453,29.450000762939453,28.549999237060547,28.950000762939453,62938
2019-04-24,29.0,29.549999237060547,28.899999618530277,29.25,54620
2019-04-25,29.700000762939453,29.700000762939453,29.200000762939453,29.299999237060547,88368
2019-04-26,29.0,29.399999618530277,28.5,29.0,93243
2019-04-30,28.700000762939453,31.549999237060547,28.5,30.450000762939453,384908
2019-05-02,30.450000762939453,31.700000762939453,29.5,30.0,198850
2019-05-03,30.299999237060547,30.549999237060547,29.25,29.450000762939453,53853
2019-05-06,29.200000762939453,29.950000762939453,28.799999237060547,29.450000762939453,80189
2019-05-07,29.100000381469727,29.649999618530277,28.75,28.799999237060547,96526
2019-05-08,28.549999237060547,28.950000762939453,27.5,28.049999237060547,351447
2019-05-09,28.450000762939453,29.600000381469727,28.25,28.899999618530277,232220
2019-05-10,29.25,29.600000381469727,28.5,29.0,189925
2019-05-13,28.75,29.049999237060547,28.399999618530277,28.850000381469727,61898
2019-05-14,28.350000381469727,28.649999618530277,27.200000762939453,27.899999618530277,61358
2019-05-15,28.899999618530277,28.899999618530277,26.100000381469727,26.850000381469727,48744
2019-05-16,27.100000381469727,27.25,25.350000381469727,25.5,62577
2019-05-17,25.5,25.700000762939453,25.0,25.5,68906
2019-05-20,27.850000381469727,27.850000381469727,26.100000381469727,26.899999618530277,82560
2019-05-21,27.200000762939453,28.950000762939453,26.5,27.100000381469727,73979
2019-05-22,27.5,27.5,26.600000381469727,26.799999237060547,25642
2019-05-23,26.5,27.75,25.5,25.649999618530277,104234
2019-05-24,25.649999618530277,26.100000381469727,21.649999618530277,25.149999618530277,242109
2019-05-27,25.700000762939453,25.700000762939453,24.299999237060547,25.350000381469727,57434
2019-05-28,25.049999237060547,26.5,25.049999237060547,25.75,61754
2019-05-29,26.0,26.0,25.149999618530277,25.450000762939453,32349
2019-05-30,25.200000762939453,25.850000381469727,24.149999618530277,24.850000381469727,125708
2019-05-31,25.799999237060547,25.799999237060547,24.600000381469727,24.700000762939453,58271
2019-06-03,24.5,25.25,24.049999237060547,24.649999618530277,69354
2019-06-04,25.450000762939453,25.450000762939453,24.299999237060547,24.75,119919
2019-06-06,25.0,25.0,24.350000381469727,24.600000381469727,36244
2019-06-07,24.5,25.0,24.100000381469727,24.75,59233
2019-06-10,24.600000381469727,25.0,24.049999237060547,24.399999618530277,54951
2019-06-11,24.649999618530277,24.75,23.799999237060547,24.600000381469727,43311
2019-06-12,24.75,25.149999618530277,24.100000381469727,24.399999618530277,66245
2019-06-13,24.25,25.0,23.75,24.399999618530277,58648
2019-06-14,24.200000762939453,25.0,24.049999237060547,24.549999237060547,44690
2019-06-17,24.450000762939453,24.75,23.799999237060547,24.049999237060547,38108
2019-06-18,23.950000762939453,24.549999237060547,23.25,23.399999618530277,99248
2019-06-19,23.600000381469727,24.700000762939453,23.25,23.350000381469727,62912
2019-06-20,23.049999237060547,23.299999237060547,22.299999237060547,22.399999618530277,90748
2019-06-21,22.5,24.5,22.100000381469727,23.549999237060547,111085
2019-06-24,23.049999237060547,25.0,23.0,24.549999237060547,99717
2019-06-25,24.950000762939453,25.0,23.049999237060547,23.850000381469727,124091
2019-06-26,24.299999237060547,24.899999618530277,23.549999237060547,24.049999237060547,84635
2019-06-27,24.100000381469727,24.899999618530277,23.200000762939453,23.299999237060547,89458
2019-06-28,23.299999237060547,24.149999618530277,22.899999618530277,23.049999237060547,52984
2019-07-01,22.75,23.5,22.75,22.950000762939453,37193
2019-07-02,22.75,23.200000762939453,22.75,22.950000762939453,26570
2019-07-03,22.799999237060547,23.0,22.75,22.950000762939453,19896
2019-07-04,22.799999237060547,23.899999618530277,22.75,22.899999618530277,56554
2019-07-05,22.700000762939453,24.200000762939453,22.700000762939453,22.950000762939453,165104
2019-07-08,23.0,23.049999237060547,21.5,21.850000381469727,51504
2019-07-09,21.5,22.5,21.5,21.649999618530277,39998
2019-07-10,21.5,22.350000381469727,21.5,21.700000762939453,46576
2019-07-11,22.200000762939453,23.600000381469727,22.200000762939453,22.899999618530277,474552
2019-07-12,23.25,25.0,23.25,24.450000762939453,999828
2019-07-15,24.899999618530277,25.0,22.5,22.850000381469727,360260
2019-07-16,22.799999237060547,24.450000762939453,21.700000762939453,21.850000381469727,201282
2019-07-17,22.399999618530277,22.600000381469727,22.0,22.100000381469727,87691
2019-07-18,22.399999618530277,22.399999618530277,21.149999618530277,21.299999237060547,116628
2019-07-19,21.399999618530277,22.0,19.799999237060547,20.5,217669
2019-07-22,20.5,21.450000762939453,19.75,21.0,87154
2019-07-23,20.700000762939453,23.850000381469727,20.700000762939453,22.100000381469727,577598
2019-07-24,22.100000381469727,23.0,21.049999237060547,22.0,185037
2019-07-25,21.549999237060547,23.799999237060547,21.5,21.649999618530277,148198
2019-07-26,21.899999618530277,23.049999237060547,20.600000381469727,20.950000762939453,127205
2019-07-29,21.399999618530277,22.0,20.700000762939453,21.200000762939453,96144
2019-07-30,21.450000762939453,21.450000762939453,20.200000762939453,20.549999237060547,56409
2019-07-31,20.200000762939453,20.75,19.950000762939453,20.149999618530277,69081
2019-08-01,20.0,20.399999618530277,18.799999237060547,19.299999237060547,94103
2019-08-02,19.299999237060547,19.450000762939453,18.700000762939453,19.100000381469727,68878
2019-08-05,18.700000762939453,19.100000381469727,17.700000762939453,18.149999618530277,48019
2019-08-06,17.549999237060547,21.399999618530277,17.549999237060547,21.0,243571
2019-08-07,20.899999618530277,20.950000762939453,19.299999237060547,19.75,77762
2019-08-08,19.649999618530277,20.200000762939453,19.649999618530277,20.049999237060547,43855
2019-08-09,19.649999618530277,20.700000762939453,19.350000381469727,19.75,55323
2019-08-13,20.799999237060547,23.700000762939453,20.299999237060547,23.649999618530277,955758
2019-08-14,25.5,27.350000381469727,24.75,25.450000762939453,1576340
2019-08-16,25.450000762939453,25.450000762939453,24.299999237060547,24.450000762939453,249541
2019-08-19,24.450000762939453,27.399999618530277,24.450000762939453,26.149999618530277,718457
2019-08-20,27.100000381469727,28.0,26.649999618530277,27.100000381469727,436571
2019-08-21,27.350000381469727,32.5,26.950000762939453,32.5,2392997
2019-08-22,33.0,38.45000076293945,32.900001525878906,34.29999923706055,5679745
2019-08-23,34.29999923706055,36.0,31.399999618530277,33.650001525878906,2131956
2019-08-26,34.900001525878906,35.400001525878906,31.100000381469727,31.899999618530277,1145308
2019-08-27,32.0,32.79999923706055,29.649999618530277,30.25,993117
2019-08-28,30.649999618530277,33.25,28.100000381469727,33.25,2326437
2019-08-29,33.5,34.79999923706055,31.700000762939453,32.5,1681592
2019-08-30,32.650001525878906,34.95000076293945,31.899999618530277,33.650001525878906,872733
2019-09-03,34.150001525878906,34.5,31.799999237060547,32.150001525878906,1214338
2019-09-04,32.25,32.5,30.600000381469727,31.700000762939453,1361300
2019-09-05,31.700000762939453,32.75,30.549999237060547,30.950000762939453,1893436
2019-09-06,31.0,31.25,28.200000762939453,28.5,1479109
2019-09-09,27.5,28.450000762939453,25.700000762939453,25.950000762939453,1074061
2019-09-11,25.700000762939453,25.950000762939453,24.700000762939453,24.700000762939453,1314930
2019-09-12,23.950000762939453,25.899999618530277,23.700000762939453,25.899999618530277,1196816
2019-09-13,26.799999237060547,26.850000381469727,24.850000381469727,25.0,964446
2019-09-16,24.25,24.850000381469727,23.75,23.75,679087
2019-09-17,23.149999618530277,23.5,22.600000381469727,22.600000381469727,674179
2019-09-18,22.600000381469727,23.700000762939453,22.600000381469727,23.649999618530277,1085690
2019-09-19,24.100000381469727,24.100000381469727,22.799999237060547,23.200000762939453,484734
2019-09-20,23.649999618530277,23.649999618530277,22.049999237060547,22.149999618530277,794960
2019-09-23,22.850000381469727,23.149999618530277,21.25,22.700000762939453,583076
2019-09-24,22.200000762939453,22.850000381469727,22.049999237060547,22.25,280840
2019-09-25,22.25,22.899999618530277,22.0,22.600000381469727,336422
2019-09-26,22.649999618530277,22.799999237060547,21.600000381469727,22.350000381469727,382240
2019-09-27,22.049999237060547,22.600000381469727,21.450000762939453,21.649999618530277,293047
2019-09-30,21.149999618530277,21.600000381469727,20.600000381469727,20.799999237060547,262786
2019-10-01,20.950000762939453,21.600000381469727,20.049999237060547,20.950000762939453,423295
2019-10-03,21.0,21.0,19.950000762939453,20.049999237060547,414195
2019-10-04,19.850000381469727,20.350000381469727,19.200000762939453,19.600000381469727,287290
2019-10-07,19.399999618530277,19.700000762939453,19.149999618530277,19.399999618530277,138788
2019-10-09,18.950000762939453,19.799999237060547,18.700000762939453,19.200000762939453,390235
2019-10-10,19.299999237060547,20.049999237060547,18.899999618530277,19.850000381469727,270805
2019-10-11,19.850000381469727,20.600000381469727,19.200000762939453,19.600000381469727,310566
2019-10-14,20.200000762939453,20.549999237060547,20.200000762939453,20.549999237060547,129625
2019-10-15,21.549999237060547,21.549999237060547,21.200000762939453,21.549999237060547,110600
2019-10-16,22.600000381469727,22.600000381469727,21.799999237060547,22.600000381469727,971017
2019-10-17,23.700000762939453,23.700000762939453,22.600000381469727,23.149999618530277,1389372
2019-10-18,23.149999618530277,23.149999618530277,22.049999237060547,22.299999237060547,502190
2019-10-22,22.399999618530277,22.399999618530277,21.200000762939453,21.200000762939453,395562
2019-10-23,20.549999237060547,20.850000381469727,20.149999618530277,20.149999618530277,205756
2019-10-24,19.399999618530277,21.149999618530277,19.200000762939453,21.149999618530277,759285
2019-10-25,20.950000762939453,22.200000762939453,20.649999618530277,21.450000762939453,541407
2019-10-27,21.950000762939453,22.5,21.100000381469727,22.299999237060547,441761
2019-10-29,21.950000762939453,22.799999237060547,21.350000381469727,21.950000762939453,466500
2019-10-30,21.950000762939453,21.950000762939453,21.200000762939453,21.450000762939453,259632
2019-10-31,21.299999237060547,21.950000762939453,21.049999237060547,21.149999618530277,222762
2019-11-01,21.0,21.700000762939453,20.799999237060547,21.450000762939453,246661
2019-11-04,21.799999237060547,21.799999237060547,21.0,21.399999618530277,205198
2019-11-05,21.600000381469727,22.299999237060547,21.0,21.75,302593
2019-11-06,21.850000381469727,21.899999618530277,21.25,21.350000381469727,111346
2019-11-07,21.600000381469727,21.600000381469727,21.0,21.200000762939453,121183
2019-11-08,21.200000762939453,21.399999618530277,20.700000762939453,20.899999618530277,118744
2019-11-11,20.350000381469727,21.25,20.100000381469727,20.350000381469727,189376
2019-11-13,20.899999618530277,21.0,20.149999618530277,20.299999237060547,187235
2019-11-14,20.350000381469727,20.350000381469727,20.049999237060547,20.200000762939453,87470
2019-11-15,20.450000762939453,20.649999618530277,19.799999237060547,19.850000381469727,198274
2019-11-18,19.899999618530277,20.299999237060547,19.899999618530277,20.100000381469727,89055
2019-11-19,20.450000762939453,20.5,19.799999237060547,20.299999237060547,151360
2019-11-20,20.75,20.75,19.600000381469727,19.899999618530277,173190
2019-11-21,20.0,20.5,19.700000762939453,20.100000381469727,151020
2019-11-22,20.0,20.350000381469727,19.75,19.799999237060547,190574
2019-11-25,20.0,20.75,19.950000762939453,20.75,200750
2019-11-26,21.450000762939453,21.75,20.850000381469727,21.049999237060547,713134
2019-11-27,21.200000762939453,21.200000762939453,20.0,20.149999618530277,216202
2019-11-28,20.149999618530277,20.649999618530277,20.0,20.100000381469727,129627
2019-11-29,20.100000381469727,20.399999618530277,19.799999237060547,19.899999618530277,202153
2019-12-02,20.0,20.200000762939453,19.799999237060547,20.049999237060547,118948
2019-12-03,20.049999237060547,20.200000762939453,19.799999237060547,19.899999618530277,83656
2019-12-04,20.0,20.850000381469727,19.600000381469727,20.399999618530277,253146
2019-12-05,20.700000762939453,21.399999618530277,20.399999618530277,21.399999618530277,949863
2019-12-06,22.200000762939453,22.200000762939453,20.200000762939453,20.350000381469727,674252
2019-12-09,20.799999237060547,20.899999618530277,20.149999618530277,20.600000381469727,175942
2019-12-10,20.850000381469727,20.850000381469727,19.850000381469727,20.100000381469727,118040
2019-12-11,20.0,20.399999618530277,19.799999237060547,20.0,123870
2019-12-12,20.200000762939453,20.200000762939453,19.549999237060547,19.850000381469727,126939
2019-12-13,20.100000381469727,20.100000381469727,19.200000762939453,19.649999618530277,174327
2019-12-16,19.299999237060547,20.0,19.299999237060547,19.600000381469727,80432
2019-12-17,19.700000762939453,19.75,19.5,19.649999618530277,115177
2019-12-18,19.700000762939453,19.799999237060547,19.5,19.549999237060547,92257
2019-12-19,19.549999237060547,19.75,19.299999237060547,19.450000762939453,77775
2019-12-20,19.5,19.700000762939453,19.299999237060547,19.450000762939453,87486
2019-12-23,19.399999618530277,19.5,19.049999237060547,19.299999237060547,126462
2019-12-24,19.350000381469727,19.350000381469727,18.700000762939453,19.0,201268
2019-12-26,19.0,19.950000762939453,18.649999618530277,19.049999237060547,158890
2019-12-27,19.899999618530277,19.899999618530277,19.200000762939453,19.549999237060547,122600
2019-12-30,19.950000762939453,19.950000762939453,19.200000762939453,19.25,73058
2019-12-31,19.549999237060547,20.5,19.200000762939453,20.149999618530277,340463
2020-01-01,20.149999618530277,20.450000762939453,19.549999237060547,19.799999237060547,93143
2020-01-02,19.600000381469727,20.100000381469727,19.350000381469727,19.799999237060547,146612
2020-01-03,19.5,21.899999618530277,18.649999618530277,19.0,14617942
2020-01-06,19.100000381469727,19.5,19.0,19.399999618530277,861014
2020-01-07,19.850000381469727,19.850000381469727,19.100000381469727,19.299999237060547,404426
2020-01-08,19.0,19.25,18.75,18.850000381469727,354663
2020-01-09,19.25,19.549999237060547,19.049999237060547,19.350000381469727,315304
2020-01-10,19.850000381469727,20.799999237060547,19.5,20.100000381469727,1585147
2020-01-13,20.200000762939453,20.549999237060547,20.0,20.350000381469727,712760
2020-01-14,20.450000762939453,20.450000762939453,19.799999237060547,20.100000381469727,585791
2020-01-15,20.149999618530277,22.149999618530277,19.700000762939453,21.850000381469727,2187626
2020-01-16,22.149999618530277,22.850000381469727,20.25,21.950000762939453,2788399
2020-01-17,23.850000381469727,23.899999618530277,21.649999618530277,22.0,2555931
2020-01-20,22.100000381469727,22.25,21.100000381469727,21.600000381469727,775477
2020-01-21,21.799999237060547,21.799999237060547,20.649999618530277,21.299999237060547,1006056
2020-01-22,21.399999618530277,21.899999618530277,20.600000381469727,20.75,460284
2020-01-23,20.75,20.850000381469727,19.799999237060547,20.049999237060547,610363
2020-01-24,20.049999237060547,20.399999618530277,19.899999618530277,20.0,351237
2020-01-27,19.549999237060547,19.950000762939453,19.549999237060547,19.700000762939453,293588
2020-01-28,19.950000762939453,20.399999618530277,19.25,19.75,715139
2020-01-29,19.950000762939453,19.950000762939453,19.450000762939453,19.649999618530277,515946
2020-01-30,19.899999618530277,19.899999618530277,19.299999237060547,19.399999618530277,162808
2020-01-31,19.850000381469727,19.850000381469727,19.200000762939453,19.25,255268
2020-02-03,18.600000381469727,18.899999618530277,18.399999618530277,18.600000381469727,165927
2020-02-04,18.799999237060547,19.350000381469727,18.600000381469727,19.049999237060547,150536
2020-02-05,19.350000381469727,19.350000381469727,18.649999618530277,18.950000762939453,241904
2020-02-06,19.0,19.299999237060547,18.649999618530277,19.100000381469727,180190
2020-02-07,19.25,19.600000381469727,19.100000381469727,19.350000381469727,116346
2020-02-10,19.5,19.600000381469727,18.75,18.950000762939453,130992
2020-02-11,19.200000762939453,19.200000762939453,18.799999237060547,18.950000762939453,124462
2020-02-12,18.950000762939453,19.399999618530277,18.799999237060547,18.850000381469727,144345
2020-02-13,19.0,19.049999237060547,17.549999237060547,18.049999237060547,328027
2020-02-14,18.0,18.899999618530277,18.0,18.649999618530277,178654
2020-02-17,19.350000381469727,19.850000381469727,18.5,19.25,856580
2020-02-18,22.399999618530277,23.100000381469727,21.649999618530277,23.100000381469727,2643615
2020-02-19,24.25,26.350000381469727,24.0,25.100000381469727,9610132
2020-02-20,24.700000762939453,24.700000762939453,22.350000381469727,22.649999618530277,2508914
2020-02-24,22.649999618530277,22.649999618530277,21.049999237060547,21.25,867886
2020-02-25,21.100000381469727,23.5,20.75,21.350000381469727,382911
2020-02-26,20.75,21.399999618530277,20.100000381469727,20.850000381469727,320608
2020-02-27,21.200000762939453,21.200000762939453,20.0,20.5,418203
2020-02-28,19.549999237060547,19.850000381469727,19.0,19.299999237060547,463002
2020-03-02,19.0,19.600000381469727,18.0,18.5,271715
2020-03-03,18.25,20.899999618530277,18.25,18.850000381469727,283802
2020-03-04,18.850000381469727,18.899999618530277,17.899999618530273,18.399999618530277,206316
2020-03-05,18.350000381469727,19.0,18.100000381469727,18.899999618530277,272173
2020-03-06,18.200000762939453,19.25,17.549999237060547,18.850000381469727,526095
2020-03-09,18.799999237060547,18.799999237060547,17.100000381469727,17.850000381469727,302964
2020-03-11,17.899999618530273,18.299999237060547,16.950000762939453,17.299999237060547,375915
2020-03-12,16.799999237060547,16.950000762939453,14.399999618530272,14.649999618530272,485584
2020-03-13,12.5,17.0,12.100000381469728,15.0,488767
2020-03-16,15.050000190734863,16.100000381469727,14.25,14.699999809265137,212857
2020-03-17,14.699999809265137,15.199999809265137,14.0,14.550000190734863,287360
2020-03-18,14.550000190734863,15.0,12.899999618530272,13.100000381469728,417067
2020-03-19,11.899999618530272,13.399999618530272,11.399999618530272,12.25,255028
2020-03-20,12.25,14.0,12.050000190734863,13.0,261723
2020-03-23,11.399999618530272,12.600000381469728,10.649999618530272,11.850000381469728,227259
2020-03-24,11.5,12.550000190734863,10.5,11.25,224000
2020-03-25,11.300000190734863,13.5,11.0,13.449999809265137,560494
2020-03-26,13.899999618530272,14.800000190734863,13.100000381469728,13.5,908497
2020-03-27,14.600000381469728,14.600000381469728,12.899999618530272,13.25,277798
2020-03-30,13.300000190734863,14.0,12.550000190734863,13.350000381469728,205517
2020-03-31,13.899999618530272,13.899999618530272,13.350000381469728,13.449999809265137,138691
2020-04-01,13.449999809265137,13.800000190734863,12.0,13.199999809265137,108607
2020-04-03,13.199999809265137,13.199999809265137,12.050000190734863,12.850000381469728,299752
2020-04-07,12.850000381469728,13.75,12.850000381469728,13.399999618530272,274254
2020-04-08,13.5,13.949999809265137,13.199999809265137,13.649999618530272,185500
2020-04-09,13.899999618530272,14.949999809265137,13.800000190734863,14.699999809265137,453840
2020-04-13,14.800000190734863,14.800000190734863,13.25,14.100000381469728,351390
2020-04-15,14.399999618530272,16.899999618530273,13.75,15.350000381469728,931843
2020-04-16,15.0,16.149999618530273,15.0,15.350000381469728,336785
2020-04-17,16.100000381469727,16.25,15.5,15.699999809265137,232622
2020-04-20,15.800000190734863,16.299999237060547,15.800000190734863,16.100000381469727,480820
2020-04-21,16.0,16.100000381469727,15.199999809265137,15.850000381469728,200257
2020-04-22,18.200000762939453,19.0,16.549999237060547,19.0,1812813
2020-04-23,21.649999618530277,22.799999237060547,20.450000762939453,21.450000762939453,8824123
2020-04-24,22.0,22.299999237060547,19.5,20.75,3087463
2020-04-27,20.899999618530277,21.0,19.0,19.600000381469727,1344245
2020-04-28,20.0,20.200000762939453,19.200000762939453,19.299999237060547,486638
2020-04-29,19.350000381469727,19.5,18.100000381469727,18.700000762939453,531683
2020-04-30,19.0,19.5,18.700000762939453,19.0,712498
2020-05-04,19.200000762939453,19.200000762939453,17.899999618530273,18.75,483517
2020-05-05,18.75,19.0,18.100000381469727,18.299999237060547,309885
2020-05-06,18.350000381469727,18.350000381469727,17.649999618530273,17.899999618530273,359055
2020-05-07,17.5,17.799999237060547,17.200000762939453,17.5,299223
2020-05-08,17.700000762939453,20.5,17.700000762939453,18.899999618530277,2921303
2020-05-11,21.0,22.649999618530277,20.100000381469727,22.649999618530277,6035691
2020-05-12,24.350000381469727,27.149999618530277,23.600000381469727,27.149999618530277,10696796
2020-05-13,29.850000381469727,29.850000381469727,25.049999237060547,26.649999618530277,13959972
2020-05-14,26.0,26.0,24.0,24.0,2834199
2020-05-15,24.200000762939453,24.299999237060547,22.25,23.5,1634552
2020-05-18,24.5,25.850000381469727,24.100000381469727,25.700000762939453,6756264
2020-05-19,26.049999237060547,27.899999618530277,25.100000381469727,25.350000381469727,2976886
2020-05-20,25.350000381469727,25.799999237060547,23.700000762939453,24.299999237060547,1512716
2020-05-21,24.649999618530277,24.649999618530277,23.100000381469727,23.75,1494724
2020-05-22,24.649999618530277,25.200000762939453,23.049999237060547,23.649999618530277,1823031
2020-05-26,24.25,24.25,22.899999618530277,23.149999618530277,764245
2020-05-27,23.5,23.5,22.450000762939453,23.149999618530277,960484
2020-05-28,23.350000381469727,24.75,22.899999618530277,23.75,1310017
2020-05-29,23.75,24.450000762939453,23.049999237060547,23.549999237060547,906336
2020-06-01,23.950000762939453,24.5,23.799999237060547,23.950000762939453,1017406
2020-06-02,24.049999237060547,24.350000381469727,23.75,23.950000762939453,1185913
2020-06-03,24.399999618530277,24.399999618530277,23.700000762939453,23.799999237060547,965388
2020-06-04,23.950000762939453,23.950000762939453,23.450000762939453,23.600000381469727,421040
2020-06-05,24.200000762939453,26.200000762939453,23.600000381469727,24.600000381469727,4989962
2020-06-08,25.5,26.899999618530277,24.700000762939453,25.850000381469727,7735363
2020-06-09,26.549999237060547,26.700000762939453,23.899999618530277,24.450000762939453,2868503
2020-06-10,24.899999618530277,25.700000762939453,23.950000762939453,25.25,1952975
2020-06-11,25.5,26.100000381469727,24.299999237060547,24.75,1777629
2020-06-12,22.600000381469727,25.700000762939453,22.600000381469727,25.100000381469727,2531467
2020-06-15,26.0,27.899999618530277,25.700000762939453,27.299999237060547,5578078
2020-06-16,28.700000762939453,32.75,27.75,32.0,23984517
2020-06-17,33.0,35.400001525878906,32.20000076293945,34.70000076293945,18543204
2020-06-18,35.900001525878906,36.84999847412109,33.599998474121094,34.04999923706055,25364753
2020-06-19,34.900001525878906,35.0,33.25,33.95000076293945,8048413
2020-06-22,34.79999923706055,34.79999923706055,33.04999923706055,33.29999923706055,2603248
2020-06-23,34.0,36.59999847412109,33.54999923706055,35.79999923706055,5273971
2020-06-24,36.29999923706055,36.650001525878906,33.599998474121094,33.79999923706055,3598047
2020-06-25,33.54999923706055,33.54999923706055,32.599998474121094,33.0,1388089
2020-06-26,33.25,35.5,33.25,33.849998474121094,1798270
2020-06-29,33.95000076293945,34.0,31.299999237060547,32.650001525878906,1850115
2020-06-30,32.95000076293945,33.45000076293945,31.549999237060547,31.700000762939453,941922
2020-07-01,31.850000381469727,34.5,30.299999237060547,33.099998474121094,2442604
2020-07-02,33.400001525878906,33.5,32.099998474121094,32.650001525878906,930155
2020-07-03,33.0,33.0,31.700000762939453,31.950000762939453,1198091
2020-07-06,32.150001525878906,33.0,31.399999618530277,32.150001525878906,1078822
2020-07-07,32.099998474121094,32.45000076293945,30.799999237060547,31.850000381469727,1005139
2020-07-08,32.0,32.29999923706055,31.049999237060547,31.149999618530277,1052602
2020-07-09,31.350000381469727,32.0,31.0,31.049999237060547,633078
2020-07-10,32.0,32.70000076293945,31.0,32.29999923706055,3161986
2020-07-13,34.099998474121094,35.099998474121094,33.29999923706055,34.75,5082808
2020-07-14,35.79999923706055,41.70000076293945,35.29999923706055,41.70000076293945,13210830
2020-07-15,45.0,49.79999923706055,40.900001525878906,43.95000076293945,30323708
2020-07-16,44.400001525878906,46.5,39.59999847412109,39.75,8227014
2020-07-17,39.75,43.70000076293945,36.29999923706055,43.70000076293945,8865917
2020-07-20,46.34999847412109,48.04999923706055,44.0,48.04999923706055,10628670
2020-07-21,49.5,52.84999847412109,49.09999847412109,52.84999847412109,12530442
2020-07-22,55.0,57.29999923706055,50.54999923706055,54.20000076293945,23213545
2020-07-23,51.5,51.5,51.5,51.5,341233
2020-07-24,48.95000076293945,48.95000076293945,48.95000076293945,48.95000076293945,165968
2020-07-27,46.54999923706055,46.54999923706055,46.54999923706055,46.54999923706055,97041
2020-07-28,44.25,44.25,44.25,44.25,100759
2020-07-29,42.04999923706055,43.75,42.04999923706055,42.04999923706055,1567097
2020-07-30,39.95000076293945,39.95000076293945,39.95000076293945,39.95000076293945,183433
2020-07-31,38.0,38.0,38.0,38.0,184804
2020-08-03,36.09999847412109,36.09999847412109,36.09999847412109,36.09999847412109,220600
2020-08-04,34.29999923706055,37.900001525878906,34.29999923706055,37.900001525878906,1619334
2020-08-05,39.400001525878906,39.75,38.400001525878906,39.75,1151893
2020-08-06,41.70000076293945,41.70000076293945,38.0,41.70000076293945,1846248
2020-08-07,41.70000076293945,41.70000076293945,39.650001525878906,39.650001525878906,510817
2020-08-10,37.70000076293945,37.70000076293945,37.70000076293945,37.70000076293945,315218
2020-08-11,35.849998474121094,39.54999923706055,35.849998474121094,39.54999923706055,1553334
2020-08-12,38.34999847412109,39.0,37.59999847412109,38.25,818783
2020-08-13,38.25,38.25,37.0,37.34999847412109,544904
2020-08-14,37.95000076293945,37.95000076293945,36.5,37.04999923706055,498509
2020-08-17,37.45000076293945,38.54999923706055,37.0,37.54999923706055,494464
2020-08-18,37.54999923706055,38.5,36.0,38.0,691569
2020-08-19,38.0,38.0,37.0,37.5,502829
2020-08-20,37.400001525878906,37.400001525878906,36.5,36.79999923706055,693340
2020-08-21,36.79999923706055,37.29999923706055,36.20000076293945,37.04999923706055,439709
2020-08-24,36.59999847412109,37.5,36.20000076293945,36.45000076293945,451984
2020-08-25,36.45000076293945,36.5,35.400001525878906,35.650001525878906,511147
2020-08-26,35.70000076293945,36.0,35.099998474121094,35.70000076293945,290356
2020-08-27,35.79999923706055,35.95000076293945,35.20000076293945,35.400001525878906,320687
2020-08-28,35.900001525878906,35.900001525878906,35.0,35.5,418462
2020-08-31,35.599998474121094,35.900001525878906,33.75,33.79999923706055,748162
2020-09-01,33.75,34.900001525878906,32.29999923706055,33.20000076293945,252574
2020-09-02,34.70000076293945,34.849998474121094,32.20000076293945,34.849998474121094,271271
2020-09-03,35.849998474121094,36.54999923706055,35.0,36.5,488155
2020-09-04,35.599998474121094,36.20000076293945,34.70000076293945,35.75,287899
2020-09-07,35.75,35.75,34.0,34.25,297923
2020-09-08,34.25,34.25,32.54999923706055,33.099998474121094,287168
2020-09-09,32.54999923706055,33.0,31.450000762939453,31.899999618530277,312777
2020-09-10,31.950000762939453,33.45000076293945,31.100000381469727,33.45000076293945,170287
2020-09-11,34.20000076293945,34.400001525878906,33.45000076293945,33.900001525878906,141751
2020-09-14,35.0,35.0,33.099998474121094,34.0,197077
2020-09-15,34.45000076293945,34.45000076293945,33.0,33.54999923706055,169754
2020-09-16,34.20000076293945,34.5,33.20000076293945,33.599998474121094,200111
2020-09-17,33.75,33.75,31.950000762939453,32.900001525878906,148237
2020-09-18,33.5,33.5,32.54999923706055,32.75,151923
2020-09-21,31.799999237060547,33.04999923706055,31.149999618530277,31.200000762939453,287907
2020-09-22,30.0,31.0,29.649999618530277,30.5,269730
2020-09-23,30.950000762939453,31.5,29.25,29.75,167098
2020-09-24,29.75,30.149999618530277,28.299999237060547,28.399999618530277,173483
2020-09-25,28.399999618530277,29.799999237060547,28.0,29.700000762939453,173933
2020-09-28,30.850000381469727,31.149999618530277,30.100000381469727,31.149999618530277,144393
2020-09-29,31.25,31.5,29.600000381469727,30.700000762939453,134118
2020-09-30,31.0,31.0,29.399999618530277,29.850000381469727,117599
2020-10-01,29.200000762939453,31.0,29.200000762939453,29.850000381469727,132688
2020-10-05,30.5,31.299999237060547,29.399999618530277,31.100000381469727,234249
2020-10-06,32.0,32.5,31.100000381469727,32.29999923706055,182687
2020-10-07,32.900001525878906,32.95000076293945,32.0,32.20000076293945,226334
2020-10-08,32.25,33.0,30.700000762939453,31.600000381469727,175521
2020-10-09,31.950000762939453,32.79999923706055,31.5,31.700000762939453,162546
2020-10-12,33.0,33.25,32.650001525878906,33.25,651508
2020-10-13,34.20000076293945,34.900001525878906,33.400001525878906,34.25,511959
2020-10-14,35.29999923706055,35.29999923706055,32.54999923706055,33.849998474121094,241388
2020-10-15,34.5,34.75,32.20000076293945,32.25,372123
2020-10-16,33.5,33.5,31.0,31.399999618530277,342715
2020-10-19,31.399999618530277,32.0,29.850000381469727,30.0,293909
2020-10-20,29.950000762939453,30.0,29.0,29.799999237060547,220747
2020-10-21,30.0,30.5,29.5,29.799999237060547,121148
2020-10-22,30.0,31.25,29.299999237060547,31.25,370402
2020-10-23,31.75,31.950000762939453,30.049999237060547,30.450000762939453,232323
2020-10-26,30.799999237060547,30.799999237060547,29.649999618530277,29.850000381469727,135038
2020-10-27,29.850000381469727,30.600000381469727,29.149999618530277,29.399999618530277,111301
2020-10-28,29.149999618530277,29.950000762939453,27.950000762939453,28.75,343056
2020-10-29,28.049999237060547,28.700000762939453,27.950000762939453,28.399999618530277,136970
2020-10-30,28.399999618530277,29.200000762939453,27.950000762939453,28.399999618530277,123987
2020-11-02,28.399999618530277,28.399999618530277,27.600000381469727,27.700000762939453,183267
2020-11-03,27.700000762939453,28.25,27.25,27.549999237060547,134888
2020-11-04,28.049999237060547,28.049999237060547,27.200000762939453,27.399999618530277,116795
2020-11-05,27.399999618530277,27.850000381469727,27.200000762939453,27.25,135561
2020-11-06,27.100000381469727,27.649999618530277,27.049999237060547,27.299999237060547,124546
2020-11-09,27.5,28.299999237060547,27.100000381469727,28.200000762939453,215483
2020-11-10,28.799999237060547,28.950000762939453,27.700000762939453,27.799999237060547,161485
2020-11-11,28.299999237060547,28.399999618530277,27.549999237060547,27.950000762939453,127043
2020-11-12,28.350000381469727,28.350000381469727,27.649999618530277,28.0,177402
2020-11-13,28.0,28.399999618530277,27.75,28.200000762939453,150146
2020-11-14,28.200000762939453,28.600000381469727,27.799999237060547,28.399999618530277,87648
2020-11-17,28.049999237060547,28.649999618530277,28.0,28.5,213720
2020-11-18,28.850000381469727,31.350000381469727,28.299999237060547,31.350000381469727,602815
2020-11-19,32.900001525878906,34.45000076293945,31.399999618530277,32.099998474121094,2479389
2020-11-20,33.349998474121094,33.400001525878906,31.0,31.700000762939453,781084
2020-11-23,31.850000381469727,31.899999618530277,30.0,30.649999618530277,396464
2020-11-24,30.950000762939453,31.299999237060547,29.799999237060547,30.049999237060547,457142
2020-11-25,30.450000762939453,30.549999237060547,29.549999237060547,29.899999618530277,290311
2020-11-26,30.950000762939453,31.0,29.899999618530277,30.25,272645
2020-11-27,30.5,30.950000762939453,30.100000381469727,30.700000762939453,327813
2020-12-01,30.950000762939453,31.799999237060547,30.700000762939453,31.450000762939453,546525
2020-12-02,31.5,31.899999618530277,30.600000381469727,31.149999618530277,350663
2020-12-03,31.549999237060547,31.950000762939453,31.0,31.75,371449
2020-12-04,32.0,33.75,32.0,33.29999923706055,1681332
2020-12-07,33.650001525878906,33.70000076293945,32.400001525878906,33.04999923706055,650606
2020-12-08,33.400001525878906,33.45000076293945,32.0,32.349998474121094,487669
2020-12-09,32.25,35.54999923706055,32.25,35.54999923706055,2521615
2020-12-10,36.400001525878906,36.5,33.5,34.0,1512611
2020-12-11,34.400001525878906,36.70000076293945,34.0,34.599998474121094,1063430
2020-12-14,34.79999923706055,35.599998474121094,33.5,34.150001525878906,489589
2020-12-15,34.29999923706055,35.5,33.04999923706055,33.900001525878906,696430
2020-12-16,33.95000076293945,35.150001525878906,33.29999923706055,34.400001525878906,1024783
2020-12-17,34.650001525878906,34.650001525878906,33.400001525878906,33.54999923706055,630986
2020-12-18,33.45000076293945,33.70000076293945,31.0,32.20000076293945,686769
2020-12-21,31.950000762939453,33.0,29.5,30.200000762939453,792529
2020-12-22,30.200000762939453,32.0,28.75,30.0,759157
2020-12-23,30.450000762939453,33.0,30.299999237060547,32.900001525878906,2726748
2020-12-24,34.79999923706055,35.0,33.20000076293945,33.70000076293945,1710667
2020-12-28,33.900001525878906,34.20000076293945,33.150001525878906,33.29999923706055,377030
2020-12-29,33.29999923706055,33.45000076293945,32.25,32.79999923706055,308935
2020-12-30,32.5,32.79999923706055,32.29999923706055,32.70000076293945,279539
2020-12-31,32.849998474121094,33.5,32.400001525878906,33.150001525878906,486444
2021-01-01,33.349998474121094,33.599998474121094,33.0,33.04999923706055,397377
2021-01-04,33.099998474121094,33.400001525878906,32.75,32.900001525878906,477257
2021-01-05,32.900001525878906,33.099998474121094,32.70000076293945,32.849998474121094,373144
2021-01-06,33.20000076293945,34.349998474121094,32.5,33.29999923706055,1615612
2021-01-07,34.29999923706055,34.54999923706055,33.54999923706055,33.79999923706055,1029013
2021-01-08,34.20000076293945,34.70000076293945,33.5,33.70000076293945,1284718
2021-01-11,34.0,34.400001525878906,33.349998474121094,33.849998474121094,714296
2021-01-12,34.20000076293945,34.95000076293945,33.900001525878906,34.54999923706055,1383747
2021-01-13,34.650001525878906,34.900001525878906,33.5,34.04999923706055,982863
2021-01-14,34.349998474121094,34.5,33.79999923706055,34.150001525878906,593836
2021-01-15,34.79999923706055,35.29999923706055,33.79999923706055,34.45000076293945,1252136
2021-01-18,32.5,33.29999923706055,31.25,32.04999923706055,1583518
2021-01-19,32.400001525878906,33.04999923706055,32.25,32.45000076293945,472917
2021-01-20,32.70000076293945,32.75,31.600000381469727,32.349998474121094,356833
2021-01-21,32.599998474121094,32.650001525878906,31.5,31.799999237060547,409201
2021-01-22,31.899999618530277,32.25,31.0,31.200000762939453,474075
2021-01-25,31.25,31.5,30.25,30.350000381469727,309664
2021-01-27,30.350000381469727,30.399999618530277,29.399999618530277,29.899999618530277,467781
2021-01-28,28.600000381469727,30.5,28.600000381469727,30.0,359575
2021-01-29,30.299999237060547,30.649999618530277,30.0,30.25,154842
2021-02-01,30.25,31.75,29.799999237060547,30.600000381469727,356310
2021-02-02,31.0,31.600000381469727,30.5,30.600000381469727,212757
2021-02-03,30.600000381469727,30.950000762939453,29.899999618530277,30.299999237060547,380285
2021-02-04,30.899999618530277,31.350000381469727,30.399999618530277,30.600000381469727,500399
2021-02-05,30.899999618530277,31.399999618530277,30.0,30.399999618530277,560682
2021-02-08,30.399999618530277,30.850000381469727,29.850000381469727,29.950000762939453,552052
2021-02-09,29.950000762939453,30.100000381469727,29.149999618530277,29.600000381469727,517276
2021-02-10,29.600000381469727,30.899999618530277,29.299999237060547,29.950000762939453,852294
2021-02-11,30.0,33.0,29.700000762939453,30.5,1206828
2021-02-12,30.950000762939453,30.950000762939453,30.100000381469727,30.399999618530277,194991
2021-02-15,30.149999618530277,30.75,30.049999237060547,30.299999237060547,338498
2021-02-16,30.450000762939453,30.649999618530277,27.600000381469727,30.049999237060547,415046
2021-02-17,30.0,30.299999237060547,29.799999237060547,30.0,327442
2021-02-18,30.350000381469727,30.5,30.049999237060547,30.200000762939453,304685
2021-02-19,30.200000762939453,30.600000381469727,29.850000381469727,30.049999237060547,369082
2021-02-22,29.700000762939453,30.200000762939453,29.549999237060547,29.700000762939453,254323
2021-02-23,29.75,30.0,29.5,29.600000381469727,204764
2021-02-24,29.600000381469727,30.0,29.149999618530277,29.700000762939453,160182
2021-02-25,30.299999237060547,30.350000381469727,29.75,30.049999237060547,331704
2021-02-26,29.899999618530277,30.149999618530277,29.649999618530277,29.75,416286
2021-03-01,30.25,32.45000076293945,29.799999237060547,31.0,3361435
2021-03-02,31.450000762939453,31.850000381469727,30.600000381469727,30.850000381469727,623114
2021-03-03,31.549999237060547,31.600000381469727,30.700000762939453,30.799999237060547,591857
2021-03-04,30.450000762939453,31.399999618530277,30.350000381469727,30.899999618530277,425571
2021-03-05,30.899999618530277,32.349998474121094,30.600000381469727,30.850000381469727,2114106
2021-03-08,31.149999618530277,31.75,30.850000381469727,31.049999237060547,802381
2021-03-09,31.399999618530277,34.79999923706055,30.850000381469727,33.599998474121094,7366528
2021-03-10,33.900001525878906,34.150001525878906,32.29999923706055,32.400001525878906,1996025
2021-03-12,32.400001525878906,33.29999923706055,31.399999618530277,31.75,1009670
2021-03-15,32.45000076293945,32.45000076293945,30.899999618530277,31.299999237060547,664285
2021-03-16,31.0,31.450000762939453,30.75,31.100000381469727,439912
2021-03-17,31.25,31.25,30.5,30.75,628955
2021-03-18,30.75,31.25,29.399999618530277,29.75,516959
2021-03-19,29.5,29.700000762939453,28.350000381469727,29.450000762939453,598941
2021-03-22,29.149999618530277,30.350000381469727,29.149999618530277,29.850000381469727,411077
2021-03-23,30.0,30.299999237060547,29.649999618530277,29.850000381469727,269257
2021-03-24,29.799999237060547,30.299999237060547,29.200000762939453,29.5,305835
2021-03-25,29.5,29.5,28.100000381469727,28.600000381469727,421773
2021-03-26,26.25,27.850000381469727,25.549999237060547,25.649999618530277,10235197
2021-03-30,25.25,25.5,25.0,25.149999618530277,2290906
2021-03-31,25.0,26.200000762939453,24.899999618530277,25.700000762939453,2038165
2021-04-01,26.100000381469727,26.149999618530277,25.149999618530277,25.350000381469727,1342150
2021-04-05,25.350000381469727,25.450000762939453,23.399999618530277,24.049999237060547,1289011
2021-04-06,24.100000381469727,24.600000381469727,23.600000381469727,23.950000762939453,949905
2021-04-07,24.149999618530277,24.450000762939453,23.850000381469727,24.200000762939453,587196
2021-04-08,24.5,24.5,23.600000381469727,23.799999237060547,907279
2021-04-09,23.799999237060547,24.5,23.649999618530277,24.049999237060547,869733
2021-04-12,24.100000381469727,24.100000381469727,22.149999618530277,22.25,1376105
2021-04-13,22.399999618530277,23.200000762939453,22.200000762939453,22.75,851793
2021-04-15,23.0,23.0,22.299999237060547,22.5,550294
2021-04-16,22.5,23.899999618530277,22.200000762939453,23.100000381469727,1846638
2021-04-19,23.0,23.0,21.100000381469727,22.299999237060547,955907
2021-04-20,22.399999618530277,22.799999237060547,21.700000762939453,21.799999237060547,2024858
2021-04-22,21.899999618530277,22.399999618530277,20.549999237060547,21.799999237060547,4854749
2021-04-23,21.899999618530277,22.450000762939453,21.5,21.649999618530277,2655543
2021-04-26,21.649999618530277,22.450000762939453,21.649999618530277,22.049999237060547,17152097
2021-04-27,21.799999237060547,22.75,21.75,22.25,45314400
2021-04-28,22.700000762939453,25.149999618530277,22.649999618530277,23.950000762939453,59037288
2021-04-29,24.0,24.399999618530277,23.200000762939453,23.399999618530277,14573599
2021-04-30,23.149999618530277,24.100000381469727,22.850000381469727,23.450000762939453,7383743
2021-05-03,23.100000381469727,24.0,22.850000381469727,23.700000762939453,6372511
2021-05-04,23.899999618530277,24.200000762939453,23.100000381469727,23.200000762939453,4845073
2021-05-05,23.450000762939453,23.5,22.950000762939453,23.0,2499861
2021-05-06,22.950000762939453,23.549999237060547,22.899999618530277,23.0,3517285
2021-05-07,23.299999237060547,24.0,23.100000381469727,23.299999237060547,5334726
2021-05-10,23.600000381469727,23.850000381469727,23.149999618530277,23.200000762939453,3319964
2021-05-11,23.200000762939453,23.5,23.149999618530277,23.350000381469727,2118227
2021-05-12,23.5,23.5,23.049999237060547,23.200000762939453,3094627
2021-05-14,23.399999618530277,23.5,22.450000762939453,22.649999618530277,3906974
2021-05-17,22.950000762939453,23.200000762939453,22.799999237060547,23.049999237060547,1742300
2021-05-18,23.450000762939453,23.600000381469727,22.850000381469727,23.049999237060547,7101986
2021-05-19,23.25,23.799999237060547,23.049999237060547,23.200000762939453,5020904
2021-05-20,23.549999237060547,24.950000762939453,23.200000762939453,24.200000762939453,18886365
2021-05-21,24.600000381469727,25.350000381469727,24.5,25.100000381469727,13495932
2021-05-24,25.799999237060547,26.850000381469727,25.549999237060547,26.25,16636921
2021-05-25,26.549999237060547,26.899999618530277,25.649999618530277,25.899999618530277,7972629
2021-05-26,26.299999237060547,26.450000762939453,25.649999618530277,25.799999237060547,6208183
2021-05-27,26.0,26.850000381469727,25.850000381469727,26.200000762939453,6048046
2021-05-28,26.450000762939453,26.600000381469727,25.600000381469727,25.700000762939453,8529342
2021-05-31,26.0,26.100000381469727,25.5,25.649999618530277,4021920
2021-06-01,25.899999618530277,25.899999618530277,24.399999618530277,24.700000762939453,6412745
2021-06-02,24.850000381469727,26.5,24.549999237060547,25.75,10002944
2021-06-03,26.0,26.350000381469727,25.549999237060547,25.700000762939453,6103268
2021-06-04,25.950000762939453,26.649999618530277,25.850000381469727,25.899999618530277,6294542
2021-06-07,26.149999618530277,27.25,25.899999618530277,26.850000381469727,18096404
2021-06-08,27.049999237060547,27.299999237060547,26.0,26.100000381469727,15098546
2021-06-09,26.350000381469727,27.0,25.149999618530277,25.5,14907162
2021-06-10,25.850000381469727,28.850000381469727,25.700000762939453,28.299999237060547,59583881
2021-06-11,28.799999237060547,29.25,26.850000381469727,27.350000381469727,29887764
2021-06-14,27.549999237060547,28.25,26.5,27.450000762939453,27157139
2021-06-15,27.600000381469727,28.5,27.549999237060547,27.75,17184497
2021-06-16,27.950000762939453,28.350000381469727,27.149999618530277,27.299999237060547,13479921
2021-06-17,27.0,27.549999237060547,26.5,26.850000381469727,12208634
2021-06-18,27.149999618530277,27.25,25.149999618530277,25.950000762939453,13376068
2021-06-21,25.5,27.399999618530277,25.100000381469727,26.649999618530277,16667838
2021-06-22,27.0,27.399999618530277,26.799999237060547,26.850000381469727,11744770
2021-06-23,27.200000762939453,27.799999237060547,26.399999618530277,26.549999237060547,10321068
2021-06-24,26.700000762939453,27.149999618530277,26.25,26.350000381469727,5523979
2021-06-25,26.600000381469727,26.649999618530277,25.799999237060547,26.200000762939453,6226472
2021-06-28,26.450000762939453,26.450000762939453,26.100000381469727,26.200000762939453,4536148
2021-06-29,26.450000762939453,26.799999237060547,26.100000381469727,26.200000762939453,6961430
2021-06-30,26.450000762939453,26.450000762939453,25.700000762939453,25.899999618530277,7108989
2021-07-01,26.200000762939453,26.399999618530277,25.399999618530277,25.549999237060547,6341226
2021-07-02,25.649999618530277,26.200000762939453,25.450000762939453,25.600000381469727,4480754
2021-07-05,25.850000381469727,26.350000381469727,25.649999618530277,25.950000762939453,6151830
2021-07-06,26.100000381469727,26.850000381469727,26.0,26.299999237060547,10998570
2021-07-07,26.399999618530277,28.350000381469727,26.350000381469727,27.75,39603440
2021-07-08,28.049999237060547,28.700000762939453,26.799999237060547,27.5,25537696
2021-07-09,27.450000762939453,28.350000381469727,27.25,28.0,14044388
2021-07-12,28.450000762939453,28.549999237060547,27.350000381469727,27.5,13057254
2021-07-13,27.799999237060547,28.149999618530277,27.700000762939453,27.899999618530277,8293851
2021-07-14,27.899999618530277,27.950000762939453,27.299999237060547,27.549999237060547,5872593
2021-07-15,27.649999618530277,27.850000381469727,27.0,27.049999237060547,5250926
2021-07-16,27.049999237060547,27.450000762939453,26.75,26.799999237060547,4733104
2021-07-19,26.649999618530277,27.600000381469727,26.549999237060547,26.75,8584107
2021-07-20,27.0,27.0,26.0,26.25,6453232
2021-07-22,26.149999618530277,26.450000762939453,25.700000762939453,25.75,6848523
2021-07-23,25.950000762939453,26.100000381469727,25.25,25.899999618530277,6146724
2021-07-26,25.899999618530277,26.700000762939453,25.700000762939453,25.850000381469727,6482937
2021-07-27,25.950000762939453,26.299999237060547,25.450000762939453,25.799999237060547,3943622
2021-07-28,25.799999237060547,25.950000762939453,25.0,25.350000381469727,4841669
2021-07-29,25.5,25.950000762939453,25.299999237060547,25.75,3452291
2021-07-30,25.75,26.450000762939453,25.600000381469727,26.049999237060547,4924030
2021-08-02,26.100000381469727,27.200000762939453,26.049999237060547,27.0,8151834
2021-08-03,27.100000381469727,27.850000381469727,26.600000381469727,27.200000762939453,9369514
2021-08-04,27.399999618530277,27.5,25.950000762939453,26.200000762939453,8258528
2021-08-05,26.200000762939453,26.25,25.350000381469727,25.600000381469727,4277241
2021-08-06,25.600000381469727,26.0,25.600000381469727,25.75,2199771
2021-08-09,25.75,26.600000381469727,25.5,26.299999237060547,7050716
2021-08-10,26.200000762939453,26.600000381469727,25.149999618530277,25.450000762939453,6609593
2021-08-11,25.399999618530277,25.649999618530277,24.100000381469727,24.649999618530277,7650558
2021-08-12,24.850000381469727,25.450000762939453,24.649999618530277,25.350000381469727,3475027
2021-08-13,25.450000762939453,25.549999237060547,25.0,25.049999237060547,2669107
2021-08-16,25.049999237060547,25.299999237060547,24.5,24.600000381469727,4063855
2021-08-17,24.600000381469727,24.950000762939453,24.049999237060547,24.200000762939453,3562385
2021-08-18,24.25,24.600000381469727,23.399999618530277,23.549999237060547,4284211
2021-08-20,23.399999618530277,23.5,22.700000762939453,22.75,3409130
2021-08-23,23.0,23.25,21.899999618530277,22.149999618530277,4593688
2021-08-24,22.200000762939453,23.25,22.049999237060547,23.0,4399129
2021-08-25,23.200000762939453,23.649999618530277,23.049999237060547,23.25,2997127
2021-08-26,23.299999237060547,23.450000762939453,23.0,23.200000762939453,1264583
2021-08-27,23.200000762939453,23.350000381469727,22.850000381469727,23.0,1936798
2021-08-30,23.0,23.899999618530277,23.0,23.450000762939453,2992147
2021-08-31,23.5,23.549999237060547,22.899999618530277,23.149999618530277,2859400
2021-09-01,23.299999237060547,23.549999237060547,22.950000762939453,23.049999237060547,3050725
2021-09-02,23.149999618530277,23.700000762939453,23.100000381469727,23.25,2932153
2021-09-03,23.399999618530277,24.149999618530277,23.25,23.75,3187493
2021-09-06,23.850000381469727,25.049999237060547,23.649999618530277,23.950000762939453,7234515
2021-09-07,24.049999237060547,24.25,23.549999237060547,23.649999618530277,1613960
2021-09-08,23.700000762939453,24.200000762939453,23.600000381469727,23.950000762939453,1832507
2021-09-09,23.899999618530277,24.049999237060547,23.549999237060547,23.649999618530277,3265646
2021-09-13,23.75,23.75,23.399999618530277,23.450000762939453,1969748
2021-09-14,23.649999618530277,25.75,23.600000381469727,25.100000381469727,33949059
2021-09-15,25.100000381469727,25.649999618530277,24.850000381469727,24.899999618530277,5845029
2021-09-16,25.0,25.25,24.299999237060547,24.5,4095989
2021-09-17,24.700000762939453,24.700000762939453,23.799999237060547,24.200000762939453,4132354
2021-09-20,23.899999618530277,24.5,23.799999237060547,23.950000762939453,2635437
2021-09-21,23.799999237060547,24.200000762939453,23.649999618530277,23.850000381469727,2401653
2021-09-22,24.700000762939453,25.700000762939453,24.700000762939453,25.0,11585856
2021-09-23,25.100000381469727,25.299999237060547,24.549999237060547,24.600000381469727,2044901
2021-09-24,24.75,25.149999618530277,23.950000762939453,24.100000381469727,2729556
2021-09-27,24.25,24.25,23.899999618530277,23.950000762939453,1334674
2021-09-28,24.100000381469727,24.549999237060547,23.700000762939453,23.950000762939453,2847468
2021-09-29,23.950000762939453,24.25,23.850000381469727,24.049999237060547,2911552
2021-09-30,24.149999618530277,24.350000381469727,23.950000762939453,24.0,2796584
2021-10-01,23.950000762939453,25.200000762939453,23.950000762939453,25.049999237060547,9233891
2021-10-04,25.299999237060547,25.899999618530277,25.100000381469727,25.350000381469727,5426683
2021-10-05,25.299999237060547,26.799999237060547,25.100000381469727,26.5,12286362
2021-10-06,27.049999237060547,27.200000762939453,25.149999618530277,25.450000762939453,5724407
2021-10-07,25.75,26.299999237060547,25.549999237060547,25.950000762939453,3405128
2021-10-08,26.0,26.75,25.649999618530277,26.25,3883339
2021-10-11,26.5,26.649999618530277,25.850000381469727,26.0,3853208
2021-10-12,26.0,27.149999618530277,25.799999237060547,26.549999237060547,21787606
2021-10-13,26.700000762939453,26.899999618530277,26.100000381469727,26.200000762939453,3716091
2021-10-14,26.299999237060547,27.600000381469727,26.149999618530277,26.850000381469727,9097801
2021-10-18,27.200000762939453,27.399999618530277,26.299999237060547,26.5,6587901
2021-10-19,26.649999618530277,27.0,25.100000381469727,25.450000762939453,7219363
2021-10-20,25.649999618530277,25.899999618530277,24.799999237060547,24.950000762939453,3675515
2021-10-21,24.0,24.450000762939453,23.5,23.899999618530277,7007189
2021-10-22,24.0,24.75,23.600000381469727,23.899999618530277,3780809
2021-10-25,24.0,24.200000762939453,23.0,23.25,2529745
2021-10-26,23.350000381469727,24.200000762939453,23.25,23.799999237060547,2202441
2021-10-27,23.899999618530277,24.0,23.299999237060547,23.450000762939453,1965786
2021-10-28,23.450000762939453,23.5,23.049999237060547,23.149999618530277,1238360
2021-10-29,23.100000381469727,23.25,21.75,21.799999237060547,7787240
2021-11-01,22.450000762939453,22.450000762939453,21.649999618530277,21.75,4204182
2021-11-02,21.899999618530277,22.200000762939453,20.899999618530277,21.100000381469727,7786673
2021-11-03,21.200000762939453,21.799999237060547,19.600000381469727,19.799999237060547,16977726
2021-11-04,20.100000381469727,20.950000762939453,20.100000381469727,20.799999237060547,3030131
2021-11-08,21.0,21.100000381469727,20.350000381469727,21.0,7336825
2021-11-09,21.100000381469727,21.700000762939453,20.850000381469727,21.049999237060547,7328380
2021-11-10,21.049999237060547,21.399999618530277,20.700000762939453,20.799999237060547,4526988
2021-11-11,20.799999237060547,21.100000381469727,20.0,20.299999237060547,5613697
2021-11-12,20.5,20.75,20.200000762939453,20.700000762939453,3090613
2021-11-15,20.899999618530277,21.149999618530277,20.75,21.049999237060547,3109119
2021-11-16,21.149999618530277,21.450000762939453,21.0,21.200000762939453,2366705
2021-11-17,21.149999618530277,21.450000762939453,20.799999237060547,20.950000762939453,1821391
2021-11-18,21.0,21.049999237060547,19.950000762939453,20.399999618530277,2987715
2021-11-22,20.5,20.549999237060547,19.799999237060547,20.149999618530277,2303445
2021-11-23,19.950000762939453,21.25,19.850000381469727,20.950000762939453,3121519
2021-11-24,21.049999237060547,21.899999618530277,20.799999237060547,21.049999237060547,6029554
2021-11-25,21.399999618530277,21.75,21.049999237060547,21.549999237060547,3850108
2021-11-26,21.350000381469727,21.350000381469727,20.450000762939453,20.600000381469727,3865522
2021-11-29,20.5,20.600000381469727,19.75,19.850000381469727,3514550
2021-11-30,19.899999618530277,20.5,19.700000762939453,20.0,2357609
2021-12-01,20.450000762939453,20.700000762939453,20.0,20.100000381469727,2260645
2021-12-02,20.25,20.899999618530277,20.049999237060547,20.75,2247489
2021-12-03,20.950000762939453,21.399999618530277,20.600000381469727,20.850000381469727,2391453
2021-12-06,20.899999618530277,20.950000762939453,20.299999237060547,20.399999618530277,1518577
2021-12-07,20.549999237060547,20.799999237060547,20.25,20.299999237060547,2696750
2021-12-08,20.5,20.75,20.450000762939453,20.5,2175755
2021-12-09,20.899999618530277,22.5,20.700000762939453,22.299999237060547,12386699
2021-12-10,22.5,23.700000762939453,22.200000762939453,23.0,21911926
2021-12-13,23.399999618530277,23.450000762939453,22.649999618530277,22.799999237060547,7619038
2021-12-14,22.600000381469727,22.75,22.049999237060547,22.149999618530277,7338795
2021-12-15,22.299999237060547,22.549999237060547,22.049999237060547,22.149999618530277,4545676
2021-12-16,22.25,22.75,21.549999237060547,21.850000381469727,4464134
2021-12-17,21.950000762939453,21.950000762939453,20.850000381469727,21.0,5153941
2021-12-20,20.850000381469727,20.850000381469727,20.0,20.200000762939453,3970366
2021-12-21,20.5,21.0,20.399999618530277,20.850000381469727,3391648
2021-12-22,21.0,21.450000762939453,20.899999618530277,21.100000381469727,2609748
2021-12-23,21.299999237060547,21.450000762939453,20.950000762939453,21.149999618530277,1669362
2021-12-24,21.299999237060547,21.350000381469727,20.799999237060547,21.149999618530277,2409859
2021-12-27,21.149999618530277,21.399999618530277,20.799999237060547,21.25,2425933
2021-12-28,21.450000762939453,21.75,21.350000381469727,21.649999618530277,2024173
2021-12-29,21.700000762939453,22.25,21.549999237060547,21.75,2879266
2021-12-30,21.799999237060547,21.899999618530277,21.299999237060547,21.450000762939453,1799078
2021-12-31,21.549999237060547,22.399999618530277,21.450000762939453,21.899999618530277,3070506
2022-01-03,22.049999237060547,22.399999618530277,21.5,21.950000762939453,3471022
2022-01-04,22.0,22.299999237060547,21.850000381469727,21.950000762939453,2724438
2022-01-05,21.950000762939453,22.799999237060547,21.75,22.299999237060547,4419014
2022-01-06,22.100000381469727,22.399999618530277,21.850000381469727,22.100000381469727,2451697
2022-01-07,22.200000762939453,22.649999618530277,21.75,21.850000381469727,4723333
2022-01-10,22.399999618530277,22.700000762939453,22.100000381469727,22.5,8441714
2022-01-11,22.850000381469727,23.149999618530277,22.299999237060547,22.399999618530277,7089504
2022-01-12,22.850000381469727,22.899999618530277,22.25,22.450000762939453,4942995
2022-01-13,22.75,24.049999237060547,22.5,23.649999618530277,18616546
2022-01-14,23.549999237060547,23.75,23.049999237060547,23.149999618530277,6877851
2022-01-17,23.299999237060547,23.649999618530277,23.200000762939453,23.25,7169321
2022-01-18,22.799999237060547,22.950000762939453,22.200000762939453,22.5,6505021
2022-01-19,22.649999618530277,23.299999237060547,22.299999237060547,22.549999237060547,6896331
2022-01-20,22.5,22.850000381469727,22.200000762939453,22.299999237060547,4102641
2022-01-21,22.299999237060547,23.049999237060547,21.600000381469727,21.899999618530277,7823690
2022-01-24,21.850000381469727,22.100000381469727,20.75,20.950000762939453,6244117
2022-01-25,20.75,21.600000381469727,20.450000762939453,21.25,4016303
2022-01-27,21.299999237060547,23.700000762939453,21.0,22.100000381469727,18106723
2022-01-28,22.450000762939453,22.850000381469727,21.950000762939453,22.100000381469727,6129430
2022-01-31,22.450000762939453,22.549999237060547,21.799999237060547,21.899999618530277,3979756
2022-02-01,22.149999618530277,22.149999618530277,21.25,21.5,4503483
2022-02-02,21.700000762939453,22.100000381469727,21.399999618530277,21.5,5356234
2022-02-03,21.600000381469727,23.0,21.399999618530277,22.600000381469727,16403674
2022-02-04,22.799999237060547,23.149999618530277,22.299999237060547,22.450000762939453,5674030
2022-02-07,22.5,22.75,21.75,22.0,4130870
2022-02-08,22.200000762939453,22.299999237060547,21.75,21.899999618530277,3561384
2022-02-09,21.950000762939453,22.700000762939453,21.799999237060547,21.899999618530277,7492927
2022-02-10,22.0,22.649999618530277,21.899999618530277,21.950000762939453,13846836
2022-02-11,21.799999237060547,22.450000762939453,21.600000381469727,21.700000762939453,9156476
2022-02-14,21.200000762939453,21.399999618530277,19.850000381469727,20.049999237060547,7811120
2022-02-15,20.350000381469727,20.5,19.649999618530277,20.299999237060547,7494706
2022-02-16,20.549999237060547,20.75,19.950000762939453,20.100000381469727,8631112
2022-02-17,20.299999237060547,20.399999618530277,19.899999618530277,19.950000762939453,4457515
2022-02-18,19.799999237060547,20.0,19.5,19.549999237060547,5000108
2022-02-21,19.5,19.649999618530277,18.799999237060547,19.0,6002397
2022-02-22,18.25,18.700000762939453,17.700000762939453,18.149999618530277,7783291
2022-02-23,18.399999618530277,18.799999237060547,18.200000762939453,18.700000762939453,3695923
2022-02-24,17.950000762939453,18.200000762939453,16.799999237060547,17.049999237060547,8062627
2022-02-25,17.299999237060547,18.149999618530277,17.299999237060547,18.049999237060547,4107448
2022-02-28,17.799999237060547,18.75,17.600000381469727,18.600000381469727,4571610
2022-03-02,18.549999237060547,18.899999618530277,18.299999237060547,18.600000381469727,3052505
2022-03-03,18.899999618530277,19.100000381469727,18.25,18.5,3140725
2022-03-04,18.549999237060547,18.549999237060547,18.100000381469727,18.200000762939453,2386277
2022-03-07,17.799999237060547,18.049999237060547,17.5,17.799999237060547,2713110
2022-03-08,17.950000762939453,18.299999237060547,17.899999618530273,18.149999618530277,2194786
2022-03-09,18.399999618530277,18.649999618530277,18.200000762939453,18.5,2651534
2022-03-10,19.0,19.0,18.5,18.700000762939453,2555919
2022-03-11,18.850000381469727,19.049999237060547,18.649999618530277,18.850000381469727,1887278
2022-03-14,18.950000762939453,19.049999237060547,18.5,18.549999237060547,2057869
2022-03-15,18.75,19.25,18.600000381469727,18.700000762939453,8543206
2022-03-16,19.0,19.0,18.649999618530277,18.700000762939453,1897009
2022-03-17,18.950000762939453,19.149999618530277,18.75,18.899999618530277,2501933
2022-03-21,19.25,19.299999237060547,18.899999618530277,19.049999237060547,2262639
2022-03-22,19.049999237060547,19.049999237060547,18.700000762939453,18.799999237060547,2290052
2022-03-23,18.899999618530277,18.950000762939453,18.5,18.600000381469727,2267799
2022-03-24,18.5,18.899999618530277,18.450000762939453,18.600000381469727,3185597
2022-03-25,18.75,18.799999237060547,18.25,18.399999618530277,2266823
2022-03-28,18.299999237060547,18.450000762939453,17.549999237060547,17.649999618530273,4562251
2022-03-29,17.75,17.899999618530273,17.049999237060547,17.25,4542988
2022-03-30,17.350000381469727,17.75,17.350000381469727,17.5,3156338
2022-03-31,17.549999237060547,17.600000381469727,17.200000762939453,17.25,2711205
2022-04-01,17.399999618530273,19.5,17.350000381469727,18.899999618530277,9274368
2022-04-04,19.200000762939453,19.850000381469727,18.700000762939453,18.799999237060547,7474191
2022-04-05,18.950000762939453,19.350000381469727,18.649999618530277,18.75,9552668
2022-04-06,18.799999237060547,19.100000381469727,18.649999618530277,18.700000762939453,6614701
2022-04-07,18.700000762939453,19.200000762939453,18.600000381469727,18.75,7993801
2022-04-08,19.0,20.75,18.950000762939453,20.399999618530277,28088611
2022-04-11,20.5,21.75,20.25,21.149999618530277,17274139
2022-04-12,21.25,21.299999237060547,20.100000381469727,20.5,9172468
2022-04-13,19.950000762939453,20.049999237060547,19.25,19.450000762939453,8790562
2022-04-18,19.399999618530277,19.799999237060547,19.0,19.5,6623923
2022-04-19,19.5,20.799999237060547,19.5,20.149999618530277,11785507
2022-04-20,20.049999237060547,20.700000762939453,20.049999237060547,20.25,6656825
2022-04-21,20.399999618530277,20.950000762939453,20.25,20.549999237060547,6352090
2022-04-22,20.350000381469727,21.799999237060547,20.149999618530277,21.549999237060547,12875400
2022-04-25,21.0,21.799999237060547,20.600000381469727,20.649999618530277,9870382
2022-04-26,20.950000762939453,21.100000381469727,19.850000381469727,20.049999237060547,7173451
2022-04-27,19.950000762939453,21.5,19.399999618530277,21.100000381469727,15631614
2022-04-28,21.700000762939453,21.799999237060547,19.899999618530277,20.100000381469727,10068417
2022-04-29,20.399999618530277,20.5,19.799999237060547,20.100000381469727,8369743
2022-05-02,19.899999618530277,20.299999237060547,19.5,20.100000381469727,4539575
2022-05-04,20.0,20.299999237060547,19.399999618530277,19.899999618530277,6862215
2022-05-05,20.100000381469727,20.350000381469727,19.399999618530277,19.799999237060547,5514291
2022-05-06,19.5,19.700000762939453,19.25,19.450000762939453,3484870
2022-05-09,19.299999237060547,19.450000762939453,18.600000381469727,18.950000762939453,3477398
2022-05-10,19.0,19.200000762939453,17.850000381469727,18.100000381469727,2667639
2022-05-11,18.399999618530277,18.399999618530277,17.200000762939453,17.600000381469727,3305338
2022-05-12,17.450000762939453,17.450000762939453,16.549999237060547,16.850000381469727,2993732
2022-05-13,17.049999237060547,17.600000381469727,16.950000762939453,17.149999618530273,2892929
2022-05-16,17.5,17.75,17.25,17.600000381469727,1767756
2022-05-17,17.850000381469727,18.299999237060547,17.649999618530273,18.149999618530277,1690479
2022-05-18,18.399999618530277,18.5,18.0,18.399999618530277,2106353
2022-05-19,17.700000762939453,18.200000762939453,17.700000762939453,17.899999618530273,1588290
2022-05-20,18.25,18.450000762939453,18.0,18.350000381469727,1327889
2022-05-23,18.350000381469727,18.399999618530277,17.899999618530273,17.950000762939453,1177605
2022-05-24,17.899999618530273,18.100000381469727,17.5,17.649999618530273,1171323
2022-05-25,17.899999618530273,17.899999618530273,17.0,17.200000762939453,1405255
2022-05-26,17.450000762939453,17.799999237060547,16.649999618530273,17.549999237060547,2201352
2022-05-27,17.799999237060547,17.799999237060547,17.299999237060547,17.399999618530273,1526355
2022-05-30,17.5,18.200000762939453,17.5,18.049999237060547,1908206
2022-05-31,18.149999618530277,18.25,17.850000381469727,18.100000381469727,1237738
2022-06-01,18.25,18.25,17.700000762939453,17.899999618530273,882585
2022-06-02,18.0,18.200000762939453,17.850000381469727,18.049999237060547,986476
2022-06-03,18.25,18.299999237060547,17.850000381469727,17.899999618530273,781479
2022-06-06,17.950000762939453,17.950000762939453,17.149999618530273,17.5,1352047
2022-06-07,17.5,17.850000381469727,17.350000381469727,17.5,1274184
2022-06-08,17.700000762939453,18.049999237060547,17.5,17.75,1717053
2022-06-09,17.799999237060547,17.899999618530273,17.549999237060547,17.700000762939453,900836
2022-06-10,17.399999618530273,18.399999618530277,17.350000381469727,17.700000762939453,1538611
2022-06-13,17.399999618530273,17.600000381469727,16.950000762939453,17.0,1497337
2022-06-14,16.700000762939453,17.700000762939453,16.700000762939453,17.0,1270003
2022-06-15,17.049999237060547,17.25,16.899999618530273,17.0,936494
2022-06-16,17.350000381469727,17.350000381469727,16.5,16.549999237060547,1202679
2022-06-17,16.5,16.950000762939453,16.200000762939453,16.649999618530273,1368907
2022-06-20,16.549999237060547,16.700000762939453,15.800000190734863,16.049999237060547,1164247
2022-06-21,15.850000381469728,16.649999618530273,15.850000381469728,16.549999237060547,1579385
2022-06-22,16.600000381469727,16.600000381469727,15.899999618530272,16.25,805268
2022-06-23,16.450000762939453,16.549999237060547,16.049999237060547,16.25,877930
2022-06-24,16.350000381469727,16.75,16.350000381469727,16.600000381469727,866639
2022-06-27,16.899999618530273,16.899999618530273,16.600000381469727,16.700000762939453,614398
2022-06-28,16.700000762939453,17.049999237060547,16.399999618530273,16.850000381469727,1127357
2022-06-29,16.5,16.899999618530273,16.5,16.75,600657
2022-06-30,16.850000381469727,16.950000762939453,14.350000381469728,16.25,1155639
2022-07-01,16.299999237060547,16.450000762939453,16.100000381469727,16.299999237060547,670321
2022-07-04,16.350000381469727,17.100000381469727,16.299999237060547,16.5,896663
2022-07-05,16.450000762939453,16.799999237060547,16.0,16.350000381469727,776507
2022-07-06,16.450000762939453,16.5,16.25,16.399999618530273,498894
2022-07-07,16.399999618530273,16.850000381469727,16.399999618530273,16.75,739948
2022-07-08,16.899999618530273,17.100000381469727,16.700000762939453,16.799999237060547,737165
2022-07-11,16.700000762939453,17.149999618530273,16.600000381469727,16.700000762939453,1904921
2022-07-12,16.549999237060547,16.850000381469727,16.5,16.700000762939453,2068660
2022-07-13,16.75,16.799999237060547,16.5,16.600000381469727,749059
2022-07-14,16.600000381469727,16.75,16.350000381469727,16.399999618530273,604471
2022-07-15,16.700000762939453,16.700000762939453,16.200000762939453,16.299999237060547,914339
2022-07-18,16.350000381469727,16.649999618530273,16.299999237060547,16.5,1215741
2022-07-19,16.549999237060547,16.649999618530273,16.450000762939453,16.600000381469727,721256
2022-07-20,16.75,16.75,16.600000381469727,16.649999618530273,1090610
2022-07-21,16.75,16.799999237060547,16.649999618530273,16.75,966980
2022-07-22,16.75,17.649999618530273,16.700000762939453,17.25,4098188
2022-07-25,17.100000381469727,17.299999237060547,16.799999237060547,16.899999618530273,947234
2022-07-26,16.799999237060547,17.049999237060547,16.649999618530273,16.700000762939453,676624
2022-07-27,16.700000762939453,16.850000381469727,16.549999237060547,16.649999618530273,814556
2022-07-28,16.700000762939453,17.0,16.549999237060547,16.600000381469727,904137
2022-07-29,16.75,16.950000762939453,16.649999618530273,16.75,1176097
2022-08-01,16.899999618530273,17.399999618530273,16.799999237060547,17.049999237060547,1645070
2022-08-02,17.049999237060547,17.700000762939453,17.0,17.600000381469727,2018412
2022-08-03,17.700000762939453,17.700000762939453,17.149999618530273,17.299999237060547,954831
2022-08-04,17.5,17.600000381469727,17.0,17.100000381469727,1204347
2022-08-05,17.350000381469727,17.350000381469727,17.0,17.049999237060547,807673
2022-08-08,17.0,17.450000762939453,17.0,17.100000381469727,937981
2022-08-10,17.149999618530273,17.200000762939453,16.899999618530273,17.0,883054
2022-08-11,17.200000762939453,17.350000381469727,16.799999237060547,16.899999618530273,1300962
2022-08-12,17.100000381469727,17.100000381469727,16.899999618530273,16.950000762939453,948134
2022-08-16,17.0,17.25,16.950000762939453,17.0,2511696
2022-08-17,17.100000381469727,17.200000762939453,16.950000762939453,17.0,1792820
2022-08-18,17.0,17.049999237060547,16.899999618530273,16.950000762939453,1406254
2022-08-19,17.0,17.450000762939453,16.950000762939453,17.0,4414641
2022-08-22,17.049999237060547,17.25,16.899999618530273,16.950000762939453,3175889
2022-08-23,16.899999618530273,17.049999237060547,16.799999237060547,16.850000381469727,1605469
2022-08-24,16.899999618530273,17.0,16.600000381469727,16.700000762939453,1652110
2022-08-25,16.75,17.049999237060547,16.700000762939453,16.799999237060547,3015268
2022-08-26,16.899999618530273,17.049999237060547,16.850000381469727,16.850000381469727,1795502
2022-08-29,16.850000381469727,18.600000381469727,16.649999618530273,17.450000762939453,21181843
2022-08-30,17.75,18.450000762939453,17.75,17.950000762939453,8742883
2022-09-01,17.899999618530273,18.350000381469727,17.899999618530273,18.0,4079199
2022-09-02,18.200000762939453,18.399999618530277,17.850000381469727,18.100000381469727,3329527
2022-09-05,18.25,19.649999618530277,18.200000762939453,18.700000762939453,12606335
2022-09-06,18.850000381469727,19.149999618530277,18.5,18.850000381469727,4503311
2022-09-07,18.75,18.850000381469727,18.25,18.299999237060547,3675162
2022-09-08,18.5,18.850000381469727,18.049999237060547,18.200000762939453,4141008
2022-09-09,18.399999618530277,18.399999618530277,17.649999618530273,17.75,3255166
2022-09-12,17.950000762939453,18.149999618530277,17.850000381469727,17.950000762939453,1828974
2022-09-13,18.049999237060547,18.100000381469727,17.75,17.850000381469727,3993262
2022-09-14,17.5,17.850000381469727,17.399999618530273,17.600000381469727,3407744
2022-09-15,17.700000762939453,18.049999237060547,17.350000381469727,17.450000762939453,3578248
2022-09-16,17.399999618530273,17.75,17.100000381469727,17.600000381469727,2976789
2022-09-19,17.700000762939453,17.75,17.299999237060547,17.450000762939453,2121075
2022-09-20,17.600000381469727,17.899999618530273,17.299999237060547,17.350000381469727,2279620
2022-09-21,17.450000762939453,17.5,17.149999618530273,17.25,1208457
2022-09-22,17.25,17.350000381469727,17.049999237060547,17.100000381469727,1555428
2022-09-23,17.149999618530273,17.149999618530273,16.899999618530273,16.950000762939453,1382341
2022-09-26,16.850000381469727,16.850000381469727,15.899999618530272,16.200000762939453,2999795
2022-09-27,16.450000762939453,16.549999237060547,15.850000381469728,15.949999809265137,2576835
2022-09-28,15.850000381469728,16.049999237060547,15.649999618530272,15.699999809265137,3214506
2022-09-29,15.850000381469728,16.200000762939453,15.600000381469728,15.75,1954086
2022-09-30,15.850000381469728,16.299999237060547,15.75,16.149999618530273,1635272
2022-10-03,16.149999618530273,16.25,16.0,16.049999237060547,1124418
2022-10-04,16.200000762939453,16.350000381469727,16.100000381469727,16.200000762939453,1293879
2022-10-06,16.299999237060547,16.649999618530273,16.25,16.549999237060547,1417490
2022-10-07,16.549999237060547,16.649999618530273,16.350000381469727,16.5,1125146
2022-10-10,16.25,16.700000762939453,16.200000762939453,16.399999618530273,1268873
2022-10-11,16.399999618530273,16.5,15.899999618530272,16.0,1945839
2022-10-12,16.049999237060547,16.350000381469727,15.949999809265137,16.049999237060547,1455070
2022-10-13,16.100000381469727,16.299999237060547,15.949999809265137,16.149999618530273,1443082
2022-10-14,16.350000381469727,16.450000762939453,16.200000762939453,16.25,1141553
2022-10-17,16.350000381469727,16.399999618530273,15.850000381469728,15.949999809265137,1902007
2022-10-18,16.049999237060547,16.100000381469727,15.600000381469728,15.850000381469728,2338043
2022-10-19,15.949999809265137,16.049999237060547,15.800000190734863,15.949999809265137,1698289
2022-10-20,15.949999809265137,16.0,15.75,15.899999618530272,1600114
2022-10-21,15.949999809265137,16.049999237060547,15.75,15.850000381469728,1408252
2022-10-24,16.049999237060547,16.100000381469727,15.850000381469728,15.949999809265137,517097
2022-10-25,15.899999618530272,16.149999618530273,15.899999618530272,15.899999618530272,1086447
2022-10-27,15.949999809265137,16.049999237060547,15.850000381469728,15.899999618530272,1334500
2022-10-28,15.850000381469728,15.949999809265137,15.75,15.800000190734863,1430470
2022-10-31,15.899999618530272,16.25,15.75,15.949999809265137,2654921
2022-11-01,16.0,16.049999237060547,15.800000190734863,15.850000381469728,1571257
2022-11-02,15.850000381469728,15.899999618530272,15.800000190734863,15.800000190734863,1063713
2022-11-03,15.850000381469728,16.0,15.75,15.899999618530272,1366361
2022-11-04,15.75,16.200000762939453,15.75,16.049999237060547,2886770
2022-11-07,16.149999618530273,16.25,16.0,16.049999237060547,1564724
2022-11-09,16.200000762939453,16.549999237060547,16.0,16.200000762939453,3749803
2022-11-10,16.200000762939453,16.299999237060547,16.0,16.049999237060547,1572879
2022-11-11,16.149999618530273,16.200000762939453,16.0,16.100000381469727,1353134
2022-11-14,16.049999237060547,16.149999618530273,15.949999809265137,16.0,2829229
2022-11-15,16.0,16.049999237060547,15.899999618530272,15.949999809265137,1435598
2022-11-16,15.949999809265137,16.100000381469727,15.850000381469728,15.899999618530272,2259718
2022-11-17,15.899999618530272,16.0,15.75,15.75,1763926
2022-11-18,15.800000190734863,15.850000381469728,15.600000381469728,15.699999809265137,1638338
2022-11-21,15.699999809265137,15.850000381469728,15.649999618530272,15.75,1127008
2022-11-22,15.800000190734863,15.800000190734863,15.649999618530272,15.699999809265137,1005708
2022-11-23,15.75,16.0,15.699999809265137,15.850000381469728,1636380
2022-11-24,15.949999809265137,16.25,15.800000190734863,16.049999237060547,2547000
2022-11-25,16.100000381469727,16.450000762939453,16.100000381469727,16.200000762939453,3045672
2022-11-28,16.25,16.75,16.200000762939453,16.299999237060547,2522770
2022-11-29,16.350000381469727,16.700000762939453,16.299999237060547,16.600000381469727,2368271
2022-11-30,16.700000762939453,17.600000381469727,16.649999618530273,17.149999618530273,7587203
2022-12-01,17.299999237060547,17.850000381469727,17.299999237060547,17.350000381469727,5973094
2022-12-02,17.350000381469727,17.700000762939453,17.25,17.350000381469727,4422379
2022-12-05,17.549999237060547,17.75,17.399999618530273,17.600000381469727,3389619
2022-12-06,17.700000762939453,17.700000762939453,17.100000381469727,17.149999618530273,2123472
2022-12-07,17.299999237060547,17.299999237060547,16.899999618530273,16.950000762939453,1958942
2022-12-08,17.149999618530273,17.5,17.049999237060547,17.149999618530273,1540150
2022-12-09,17.299999237060547,17.399999618530273,16.799999237060547,16.850000381469727,1594770
2022-12-12,16.950000762939453,17.0,16.75,16.799999237060547,1453871
2022-12-13,16.950000762939453,17.399999618530273,16.850000381469727,17.299999237060547,2302173
2022-12-14,17.5,19.350000381469727,17.350000381469727,19.149999618530277,26217299
2022-12-15,19.399999618530277,19.600000381469727,18.049999237060547,18.200000762939453,15733098
2022-12-16,18.299999237060547,19.350000381469727,18.0,18.700000762939453,12802953
2022-12-19,18.950000762939453,19.600000381469727,18.799999237060547,19.149999618530277,11910878
2022-12-20,19.200000762939453,19.200000762939453,18.600000381469727,18.799999237060547,4397992
2022-12-21,18.950000762939453,19.149999618530277,17.5,17.700000762939453,6327443
2022-12-22,17.799999237060547,18.200000762939453,16.850000381469727,16.950000762939453,6044140
2022-12-23,16.799999237060547,16.850000381469727,15.850000381469728,16.0,4347982
2022-12-26,16.149999618530273,16.950000762939453,15.850000381469728,16.799999237060547,4125397
2022-12-27,17.0,17.299999237060547,16.700000762939453,17.100000381469727,2859816
2022-12-28,16.950000762939453,17.399999618530273,16.850000381469727,17.299999237060547,2747602
2022-12-29,17.200000762939453,17.299999237060547,17.0,17.200000762939453,1396936
2022-12-30,17.25,17.700000762939453,17.200000762939453,17.299999237060547,2066766
2023-01-02,17.299999237060547,17.700000762939453,17.25,17.600000381469727,2007457
2023-01-03,17.649999618530273,17.899999618530273,17.5,17.600000381469727,2314622
2023-01-04,17.700000762939453,17.700000762939453,17.25,17.350000381469727,1414854
2023-01-05,17.5,17.5,17.049999237060547,17.200000762939453,1234496
2023-01-06,17.25,17.25,16.899999618530273,17.049999237060547,1339765
2023-01-09,17.200000762939453,17.299999237060547,16.950000762939453,17.0,920598
2023-01-10,17.0,17.100000381469727,16.850000381469727,16.899999618530273,1202549
2023-01-11,16.899999618530273,17.200000762939453,16.850000381469727,17.0,1210706
2023-01-12,17.100000381469727,17.200000762939453,16.899999618530273,17.0,1103755
2023-01-13,17.100000381469727,17.100000381469727,16.75,16.850000381469727,1492837
2023-01-16,16.899999618530273,17.049999237060547,16.450000762939453,16.649999618530273,1741172
2023-01-17,16.700000762939453,16.950000762939453,16.5,16.600000381469727,1552750
2023-01-18,16.450000762939453,16.5,16.200000762939453,16.25,1983966
2023-01-19,16.25,16.450000762939453,16.149999618530273,16.25,1829084
2023-01-20,16.25,16.350000381469727,16.149999618530273,16.200000762939453,965114
2023-01-23,16.350000381469727,16.350000381469727,16.100000381469727,16.149999618530273,891455
2023-01-24,16.149999618530273,16.200000762939453,15.899999618530272,16.0,1289351
2023-01-25,16.0,16.0,15.75,15.850000381469728,1183202
2023-01-27,15.899999618530272,15.949999809265137,14.550000190734863,15.699999809265137,2112854
2023-01-30,15.850000381469728,16.0,15.550000190734863,15.699999809265137,1863907
2023-01-31,15.699999809265137,16.399999618530273,15.550000190734863,16.299999237060547,1899688
2023-02-01,16.299999237060547,16.5,15.699999809265137,15.850000381469728,1637177
2023-02-02,15.899999618530272,16.350000381469727,15.699999809265137,15.75,1612358
2023-02-03,15.850000381469728,15.949999809265137,15.600000381469728,15.800000190734863,1359894
2023-02-06,15.800000190734863,15.949999809265137,15.600000381469728,15.75,1147315
2023-02-07,15.850000381469728,16.0,15.600000381469728,15.699999809265137,1136473
2023-02-08,15.800000190734863,15.850000381469728,15.550000190734863,15.699999809265137,1306972
2023-02-09,15.699999809265137,16.049999237060547,15.600000381469728,15.75,2000201
2023-02-10,15.699999809265137,15.949999809265137,15.649999618530272,15.75,1870599
2023-02-13,15.800000190734863,15.800000190734863,15.449999809265137,15.550000190734863,1644206
2023-02-14,15.649999618530272,16.25,15.399999618530272,15.899999618530272,2707719
2023-02-15,15.899999618530272,16.100000381469727,15.800000190734863,16.0,896453
2023-02-16,16.049999237060547,16.350000381469727,15.899999618530272,16.100000381469727,2002632
2023-02-17,16.0,16.200000762939453,15.800000190734863,15.899999618530272,1275942
2023-02-20,16.0,16.0,15.800000190734863,15.850000381469728,923024
2023-02-21,15.899999618530272,15.949999809265137,15.550000190734863,15.600000381469728,972426
2023-02-22,15.550000190734863,15.550000190734863,15.25,15.350000381469728,1529446
2023-02-23,15.350000381469728,15.449999809265137,15.149999618530272,15.300000190734863,1203215
2023-02-24,15.300000190734863,15.449999809265137,15.050000190734863,15.199999809265137,1646248
2023-02-27,15.199999809265137,15.25,14.850000381469728,14.949999809265137,1297013
2023-02-28,14.850000381469728,15.350000381469728,14.850000381469728,15.149999618530272,1440204
2023-03-01,15.100000381469728,15.550000190734863,15.050000190734863,15.300000190734863,2113753
2023-03-02,15.350000381469728,15.399999618530272,15.100000381469728,15.149999618530272,866857
2023-03-03,15.25,15.350000381469728,15.149999618530272,15.199999809265137,1254409
2023-03-06,15.199999809265137,15.399999618530272,14.949999809265137,15.199999809265137,3105625
2023-03-08,15.199999809265137,15.199999809265137,15.0,15.100000381469728,2107010
2023-03-09,15.149999618530272,15.25,15.100000381469728,15.149999618530272,1908035
2023-03-10,15.100000381469728,15.100000381469728,14.899999618530272,15.0,1351998
2023-03-13,14.899999618530272,15.050000190734863,14.5,14.600000381469728,1960883
2023-03-14,14.600000381469728,14.649999618530272,14.300000190734863,14.449999809265137,4933261
2023-03-15,14.5,14.600000381469728,14.25,14.300000190734863,1429094
2023-03-16,14.350000381469728,14.399999618530272,13.75,13.850000381469728,4774544
2023-03-17,13.949999809265137,14.25,13.899999618530272,14.0,1828996
2023-03-20,13.899999618530272,14.0,13.350000381469728,13.649999618530272,3998313
2023-03-21,13.75,13.800000190734863,13.550000190734863,13.699999809265137,1475273
2023-03-22,13.75,13.899999618530272,13.600000381469728,13.699999809265137,2502939
2023-03-23,13.649999618530272,13.899999618530272,13.5,13.649999618530272,1794395
2023-03-24,13.75,13.75,13.350000381469728,13.399999618530272,1140083
2023-03-27,13.300000190734863,13.449999809265137,12.899999618530272,13.0,2573923
2023-03-28,13.0,13.0,12.350000381469728,12.449999809265137,2402230
2023-03-29,12.449999809265137,13.050000190734863,12.25,12.5,6524139
2023-03-31,12.600000381469728,13.25,12.550000190734863,12.949999809265137,4265442
2023-04-03,13.149999618530272,13.699999809265137,13.0,13.449999809265137,3146900
2023-04-05,13.449999809265137,13.600000381469728,13.350000381469728,13.5,1846156
2023-04-06,13.550000190734863,13.800000190734863,13.449999809265137,13.649999618530272,2044941
2023-04-10,13.75,14.800000190734863,13.5,13.600000381469728,7521481
2023-04-11,13.75,13.850000381469728,13.350000381469728,13.5,3231289
2023-04-12,13.449999809265137,13.75,13.449999809265137,13.699999809265137,1310375
2023-04-13,13.800000190734863,13.899999618530272,13.449999809265137,13.5,2482220
2023-04-17,13.649999618530272,13.800000190734863,13.199999809265137,13.25,4927487
2023-04-18,12.899999618530272,13.149999618530272,12.550000190734863,12.949999809265137,5166414
2023-04-19,12.949999809265137,13.399999618530272,12.899999618530272,13.0,3520446
2023-04-20,12.949999809265137,13.100000381469728,12.899999618530272,13.0,1159680
2023-04-21,13.050000190734863,13.199999809265137,12.899999618530272,13.100000381469728,1863511
2023-04-24,13.199999809265137,13.199999809265137,13.050000190734863,13.100000381469728,1257466
2023-04-25,13.149999618530272,13.199999809265137,13.0,13.100000381469728,1482939
2023-04-26,13.100000381469728,13.149999618530272,13.0,13.050000190734863,970804
2023-04-27,13.050000190734863,13.75,13.0,13.649999618530272,3679184
2023-04-28,13.699999809265137,13.800000190734863,13.300000190734863,13.399999618530272,2887895
2023-05-02,13.449999809265137,13.600000381469728,13.449999809265137,13.5,2215871
2023-05-03,13.5,14.0,13.399999618530272,13.600000381469728,3476784
2023-05-04,13.75,14.100000381469728,13.600000381469728,13.800000190734863,3887765
2023-05-05,14.0,14.0,13.600000381469728,13.649999618530272,1760426
2023-05-08,13.649999618530272,13.699999809265137,13.550000190734863,13.649999618530272,1520526
2023-05-09,13.75,13.800000190734863,13.449999809265137,13.5,2216511
2023-05-10,13.600000381469728,13.949999809265137,13.399999618530272,13.850000381469728,3158769
2023-05-11,13.949999809265137,13.949999809265137,13.699999809265137,13.800000190734863,1343309
2023-05-12,13.75,13.850000381469728,13.699999809265137,13.75,1033945
2023-05-15,13.75,13.850000381469728,13.550000190734863,13.699999809265137,1687898
2023-05-16,13.649999618530272,13.850000381469728,13.600000381469728,13.649999618530272,1201002
2023-05-17,13.649999618530272,13.699999809265137,13.5,13.550000190734863,1276702
2023-05-18,13.600000381469728,13.600000381469728,13.399999618530272,13.449999809265137,1444174
2023-05-19,13.449999809265137,13.449999809265137,13.100000381469728,13.25,1646227
2023-05-22,13.199999809265137,13.300000190734863,13.100000381469728,13.199999809265137,939938
2023-05-23,13.199999809265137,13.449999809265137,13.149999618530272,13.350000381469728,1458595
2023-05-24,13.399999618530272,14.300000190734863,13.350000381469728,13.75,6389377
2023-05-25,13.75,13.850000381469728,13.5,13.550000190734863,2128951
2023-05-26,13.649999618530272,13.75,13.550000190734863,13.600000381469728,1198086
2023-05-29,13.75,14.050000190734863,13.550000190734863,13.800000190734863,3461418
2023-05-30,13.850000381469728,13.899999618530272,13.649999618530272,13.699999809265137,1682055
2023-05-31,13.699999809265137,13.899999618530272,13.600000381469728,13.699999809265137,1604276
2023-06-01,13.800000190734863,14.149999618530272,13.699999809265137,13.949999809265137,3590088
2023-06-02,14.100000381469728,14.75,14.050000190734863,14.550000190734863,8487937
2023-06-05,14.649999618530272,14.899999618530272,14.25,14.350000381469728,4228996
2023-06-06,14.350000381469728,14.399999618530272,14.0,14.100000381469728,2463273
2023-06-07,14.199999809265137,14.600000381469728,14.149999618530272,14.5,3270510
2023-06-08,14.550000190734863,14.949999809265137,14.300000190734863,14.350000381469728,5041525
2023-06-09,14.350000381469728,14.800000190734863,14.199999809265137,14.300000190734863,5503063
2023-06-12,14.399999618530272,14.850000381469728,14.300000190734863,14.649999618530272,5018241
2023-06-13,14.800000190734863,15.0,14.649999618530272,14.75,3756131
2023-06-14,14.850000381469728,14.850000381469728,14.550000190734863,14.600000381469728,2687441
2023-06-15,14.649999618530272,14.850000381469728,14.5,14.649999618530272,3495199
2023-06-16,14.699999809265137,16.049999237060547,14.600000381469728,15.399999618530272,21362337
2023-06-19,15.5,15.75,15.100000381469728,15.300000190734863,8291949
2023-06-20,15.399999618530272,15.5,15.149999618530272,15.399999618530272,3065853
2023-06-21,15.350000381469728,15.75,15.25,15.449999809265137,4742560
2023-06-22,15.5,15.850000381469728,15.199999809265137,15.600000381469728,7697591
2023-06-23,15.600000381469728,15.850000381469728,15.300000190734863,15.350000381469728,2322699
2023-06-26,15.449999809265137,15.449999809265137,14.75,14.949999809265137,2829967
2023-06-27,14.949999809265137,15.0,14.800000190734863,14.850000381469728,1376876
2023-06-28,14.850000381469728,14.899999618530272,14.75,14.800000190734863,1170598
2023-06-30,14.850000381469728,14.899999618530272,14.649999618530272,14.699999809265137,1359027
2023-07-03,14.699999809265137,14.850000381469728,14.600000381469728,14.649999618530272,2497433
2023-07-04,14.649999618530272,15.25,14.600000381469728,14.75,3971295
2023-07-05,14.800000190734863,15.600000381469728,14.75,15.5,6662277
2023-07-06,15.600000381469728,16.200000762939453,15.5,15.550000190734863,6811804
2023-07-07,15.600000381469728,15.699999809265137,15.25,15.5,3139374
2023-07-10,15.600000381469728,15.649999618530272,15.399999618530272,15.399999618530272,1453052
2023-07-11,15.449999809265137,15.5,15.149999618530272,15.199999809265137,1811658
2023-07-12,15.25,15.350000381469728,15.100000381469728,15.149999618530272,2097995
2023-07-13,15.149999618530272,15.550000190734863,15.0,15.149999618530272,4946196
2023-07-14,15.25,15.399999618530272,15.149999618530272,15.300000190734863,2496104
2023-07-17,15.350000381469728,16.149999618530273,15.350000381469728,15.850000381469728,7508843
2023-07-18,16.049999237060547,16.200000762939453,14.899999618530272,15.050000190734863,13392548
2023-07-19,15.149999618530272,15.399999618530272,15.050000190734863,15.25,6372545
2023-07-20,15.300000190734863,15.75,15.199999809265137,15.449999809265137,7857052
2023-07-21,15.5,15.550000190734863,15.25,15.350000381469728,4037092
2023-07-24,15.399999618530272,15.5,15.300000190734863,15.399999618530272,2488445
2023-07-25,15.5,15.600000381469728,15.199999809265137,15.350000381469728,4239432
2023-07-26,15.399999618530272,15.5,15.100000381469728,15.25,4120809
2023-07-27,15.350000381469728,15.5,15.25,15.350000381469728,2109902
2023-07-28,15.399999618530272,15.949999809265137,15.25,15.850000381469728,8241730
2023-07-31,16.0,16.549999237060547,15.850000381469728,15.899999618530272,5659110
2023-08-01,15.949999809265137,16.350000381469727,15.949999809265137,16.100000381469727,3061642
2023-08-02,16.100000381469727,16.700000762939453,15.550000190734863,15.699999809265137,7826143
2023-08-03,15.699999809265137,16.100000381469727,15.550000190734863,15.699999809265137,3723896
2023-08-04,15.800000190734863,16.149999618530273,15.800000190734863,15.949999809265137,4351620
2023-08-07,16.100000381469727,16.799999237060547,16.049999237060547,16.700000762939453,10563432
2023-08-08,16.899999618530273,17.0,16.350000381469727,16.549999237060547,6476307
2023-08-09,16.549999237060547,16.600000381469727,16.299999237060547,16.5,3234533
2023-08-10,16.5,17.450000762939453,16.399999618530273,16.899999618530273,11277989
2023-08-11,17.0,17.299999237060547,16.399999618530273,16.5,6183113
2023-08-14,16.5,16.549999237060547,16.100000381469727,16.399999618530273,3768472
2023-08-16,16.149999618530273,16.899999618530273,16.149999618530273,16.350000381469727,5759215
2023-08-17,16.450000762939453,16.649999618530273,16.100000381469727,16.149999618530273,3693817
2023-08-18,16.200000762939453,16.75,16.200000762939453,16.549999237060547,10476024
2023-08-21,16.700000762939453,17.350000381469727,16.649999618530273,16.75,9147257
2023-08-22,16.850000381469727,17.350000381469727,16.850000381469727,17.0,6633677
2023-08-23,17.200000762939453,17.450000762939453,16.850000381469727,16.899999618530273,7494655
2023-08-24,17.049999237060547,17.149999618530273,16.600000381469727,16.700000762939453,4325835
2023-08-25,16.649999618530273,16.75,16.299999237060547,16.649999618530273,5146582
2023-08-28,16.75,17.200000762939453,16.649999618530273,16.950000762939453,7035786
2023-08-29,17.100000381469727,17.299999237060547,16.5,16.649999618530273,9043006
2023-08-30,16.75,16.850000381469727,16.450000762939453,16.549999237060547,5685843
2023-08-31,16.549999237060547,16.700000762939453,16.399999618530273,16.5,3399441
2023-09-01,16.5,16.950000762939453,16.5,16.899999618530273,7587068
2023-09-04,17.0,18.850000381469727,17.0,18.450000762939453,32572992
2023-09-05,18.649999618530277,18.899999618530277,17.899999618530273,18.350000381469727,12573461
2023-09-06,18.5,18.649999618530277,18.049999237060547,18.350000381469727,6989663
2023-09-07,18.350000381469727,19.049999237060547,18.350000381469727,18.549999237060547,9499873
2023-09-08,18.700000762939453,19.049999237060547,18.450000762939453,18.600000381469727,7047730
2023-09-11,18.75,19.149999618530277,18.5,18.600000381469727,8233804
2023-09-12,18.700000762939453,18.799999237060547,17.100000381469727,17.200000762939453,13572828
2023-09-13,17.149999618530273,17.600000381469727,16.649999618530273,17.350000381469727,9972383
2023-09-14,17.5,18.049999237060547,17.399999618530273,17.549999237060547,5035989
2023-09-15,17.649999618530273,18.649999618530277,17.399999618530273,18.100000381469727,13293622
2023-09-18,18.25,18.799999237060547,18.049999237060547,18.149999618530277,12939334
2023-09-20,18.149999618530277,18.799999237060547,17.899999618530273,18.5,11761097
2023-09-21,18.850000381469727,21.700000762939453,18.75,19.899999618530277,94293357
2023-09-22,20.5,21.149999618530277,19.049999237060547,19.149999618530277,33354291
2023-09-25,19.600000381469727,21.350000381469727,19.149999618530277,20.899999618530277,45405859
2023-09-26,21.0,21.200000762939453,19.950000762939453,20.149999618530277,21645158
2023-09-27,20.25,20.450000762939453,19.600000381469727,19.799999237060547,13729105
2023-09-28,19.950000762939453,20.700000762939453,19.5,19.899999618530277,21676313
2023-09-29,20.049999237060547,20.299999237060547,19.850000381469727,20.0,8723453
2023-10-03,20.0,20.850000381469727,19.899999618530277,20.700000762939453,20118840
2023-10-04,20.549999237060547,22.299999237060547,20.450000762939453,20.899999618530277,43676694
2023-10-05,21.200000762939453,21.450000762939453,20.649999618530277,21.049999237060547,20439616
2023-10-06,21.200000762939453,21.299999237060547,20.450000762939453,20.600000381469727,12361883
2023-10-09,20.299999237060547,20.299999237060547,19.149999618530277,19.299999237060547,13949648
2023-10-10,19.450000762939453,19.899999618530277,19.350000381469727,19.5,7295023
2023-10-11,19.75,20.049999237060547,19.600000381469727,19.850000381469727,8983493
2023-10-12,20.0,21.450000762939453,19.899999618530277,20.899999618530277,36832274
2023-10-13,20.899999618530277,21.149999618530277,20.200000762939453,20.299999237060547,28137299
2023-10-16,20.5,20.549999237060547,19.799999237060547,19.899999618530277,13770346
2023-10-17,20.049999237060547,20.299999237060547,19.799999237060547,20.0,10669512
2023-10-18,20.0,20.0,19.299999237060547,19.700000762939453,9147766
2023-10-19,19.450000762939453,20.100000381469727,19.399999618530277,19.899999618530277,8080080
2023-10-20,19.899999618530277,20.100000381469727,19.25,19.399999618530277,7293435
2023-10-23,19.450000762939453,19.549999237060547,17.649999618530273,17.850000381469727,14898357
2023-10-25,18.0,18.399999618530277,17.399999618530273,17.75,11937765
2023-10-26,17.799999237060547,17.899999618530273,17.0,17.75,11492067
2023-10-27,17.850000381469727,18.5,17.799999237060547,18.399999618530277,9575848
2023-10-30,18.399999618530277,18.399999618530277,17.850000381469727,18.149999618530277,5104604
2023-10-31,18.200000762939453,18.5,18.0,18.100000381469727,4397600
2023-11-01,18.200000762939453,18.25,17.850000381469727,17.950000762939453,3876797
2023-11-02,18.149999618530277,18.25,17.899999618530273,18.049999237060547,3129712
2023-11-03,18.200000762939453,18.5,18.100000381469727,18.399999618530277,10275430
2023-11-06,18.5,19.549999237060547,18.5,19.200000762939453,14949890
2023-11-07,19.25,19.450000762939453,18.850000381469727,18.950000762939453,8959552
2023-11-08,19.200000762939453,19.25,18.850000381469727,19.0,4630158
2023-11-09,19.0,19.100000381469727,18.549999237060547,18.649999618530277,6433423
2023-11-10,18.5,19.0,18.299999237060547,18.950000762939453,6275958
2023-11-13,19.200000762939453,19.25,18.899999618530277,19.100000381469727,3753460
2023-11-15,19.25,21.0,19.25,20.850000381469727,41867317
2023-11-16,20.799999237060547,20.799999237060547,20.100000381469727,20.299999237060547,14796921
2023-11-17,20.299999237060547,20.700000762939453,19.850000381469727,19.899999618530277,11525804
2023-11-20,19.950000762939453,20.600000381469727,19.75,19.899999618530277,11366249
2023-11-21,20.049999237060547,20.350000381469727,19.75,20.0,8805280
2023-11-22,20.049999237060547,20.100000381469727,19.450000762939453,19.75,8536361
2023-11-23,19.850000381469727,20.600000381469727,19.799999237060547,20.149999618530277,14847377
2023-11-24,20.450000762939453,20.450000762939453,20.049999237060547,20.149999618530277,6890127
2023-11-28,20.25,20.299999237060547,19.850000381469727,19.950000762939453,3925914
2023-11-29,20.049999237060547,21.0,20.0,20.299999237060547,19442797
2023-11-30,20.399999618530277,20.5,19.799999237060547,20.049999237060547,8347571
2023-12-01,20.200000762939453,20.450000762939453,19.649999618530277,19.75,16910305
2023-12-04,20.0,20.149999618530277,19.799999237060547,19.899999618530277,7386861
2023-12-05,20.0,20.100000381469727,19.5,19.850000381469727,9934069
2023-12-06,20.0,20.549999237060547,19.700000762939453,19.899999618530277,31979675
2023-12-07,20.0,20.25,19.700000762939453,19.950000762939453,15745100
2023-12-08,20.0,20.450000762939453,19.399999618530277,19.649999618530277,23866892
2023-12-11,19.799999237060547,20.850000381469727,19.75,20.549999237060547,32008328
2023-12-12,20.649999618530277,21.600000381469727,20.450000762939453,20.549999237060547,26211475
2023-12-13,20.700000762939453,21.0,20.200000762939453,20.450000762939453,10753471
2023-12-14,20.649999618530277,20.799999237060547,20.299999237060547,20.450000762939453,8927920
2023-12-15,20.549999237060547,20.850000381469727,20.25,20.350000381469727,10067890
2023-12-18,20.5,21.600000381469727,20.200000762939453,21.5,31668958
2023-12-19,21.700000762939453,23.5,21.200000762939453,23.200000762939453,68730397
2023-12-20,23.450000762939453,23.700000762939453,21.0,21.200000762939453,46663959
2023-12-21,20.75,21.899999618530277,20.200000762939453,21.649999618530277,22687113
2023-12-22,21.850000381469727,22.299999237060547,21.5,22.049999237060547,15923408
2023-12-26,22.100000381469727,22.899999618530277,21.950000762939453,22.100000381469727,18456899
2023-12-27,22.25,22.450000762939453,21.399999618530277,21.649999618530277,14940479
2023-12-28,21.799999237060547,21.850000381469727,21.149999618530277,21.25,10145004
2023-12-29,21.299999237060547,21.399999618530277,21.0,21.200000762939453,9284040
2024-01-01,21.299999237060547,21.75,21.200000762939453,21.649999618530277,9604307
2024-01-02,21.700000762939453,22.450000762939453,21.149999618530277,21.899999618530277,19190309
2024-01-03,21.899999618530277,22.700000762939453,21.75,21.950000762939453,17951199
2024-01-04,22.049999237060547,23.200000762939453,22.0,22.700000762939453,22602539
2024-01-05,22.799999237060547,23.950000762939453,22.700000762939453,23.25,35313415
2024-01-08,23.450000762939453,25.399999618530277,23.350000381469727,24.799999237060547,73972482
2024-01-09,25.149999618530277,25.5,24.0,24.100000381469727,28605240
2024-01-10,24.149999618530277,26.100000381469727,23.950000762939453,24.899999618530277,74799811
2024-01-11,25.200000762939453,25.5,24.5,24.649999618530277,32205274
2024-01-12,24.75,24.950000762939453,24.049999237060547,24.100000381469727,15323462
2024-01-15,24.5,24.75,23.549999237060547,24.549999237060547,22268389
2024-01-16,24.549999237060547,25.200000762939453,22.25,23.850000381469727,23895313
2024-01-17,23.649999618530277,24.5,23.0,23.799999237060547,25038164
2024-01-18,23.75,24.100000381469727,22.600000381469727,23.850000381469727,20596799
2024-01-19,24.049999237060547,24.649999618530277,23.799999237060547,24.049999237060547,14853836
2024-01-23,24.049999237060547,24.25,22.049999237060547,22.200000762939453,20855598
2024-01-24,22.299999237060547,23.25,21.649999618530277,23.100000381469727,14994217
2024-01-25,23.299999237060547,23.5,22.950000762939453,23.200000762939453,10798881
2024-01-29,23.350000381469727,24.25,23.200000762939453,23.850000381469727,15017026
2024-01-30,24.049999237060547,24.549999237060547,23.850000381469727,23.950000762939453,16328932
2024-01-31,24.100000381469727,24.700000762939453,23.899999618530277,23.950000762939453,13265170
2024-02-01,24.100000381469727,24.200000762939453,23.5,23.899999618530277,7543238
2024-02-02,24.100000381469727,24.600000381469727,23.899999618530277,24.0,16976052
2024-02-05,24.200000762939453,27.549999237060547,23.899999618530277,26.0,94920953
2024-02-06,26.5,27.950000762939453,25.899999618530277,27.200000762939453,45518506
2024-02-07,27.399999618530277,27.600000381469727,26.25,26.299999237060547,24520866
2024-02-08,26.450000762939453,26.700000762939453,25.600000381469727,26.0,28716632
2024-02-09,25.850000381469727,26.100000381469727,24.299999237060547,25.149999618530277,23003531
2024-02-12,25.25,25.549999237060547,23.149999618530277,23.450000762939453,19512652
2024-02-13,23.450000762939453,23.950000762939453,22.399999618530277,23.649999618530277,16529221
2024-02-14,22.950000762939453,24.399999618530277,22.899999618530277,24.100000381469727,10689659
2024-02-15,24.299999237060547,24.899999618530277,24.149999618530277,24.600000381469727,11933109
2024-02-16,24.799999237060547,25.149999618530277,24.5,24.75,10771646
2024-02-19,24.899999618530277,25.450000762939453,24.5,24.700000762939453,9365801
2024-02-20,24.75,25.799999237060547,24.700000762939453,24.850000381469727,13058565
2024-02-21,25.0,25.100000381469727,24.0,24.100000381469727,10897905
2024-02-22,24.200000762939453,24.299999237060547,23.399999618530277,24.149999618530277,8040928
2024-02-23,24.200000762939453,24.350000381469727,23.799999237060547,23.950000762939453,9284950
2024-02-26,24.100000381469727,24.149999618530277,23.649999618530277,23.75,6800266
2024-02-27,23.700000762939453,23.75,23.100000381469727,23.25,5369554
2024-02-28,23.350000381469727,23.450000762939453,22.200000762939453,22.5,9163221
2024-02-29,22.5,23.0,22.0,22.75,8450188
2024-03-01,22.899999618530277,23.100000381469727,22.5,22.649999618530277,5570482
2024-03-04,22.850000381469727,23.0,22.200000762939453,22.299999237060547,5078467
2024-03-05,22.299999237060547,22.399999618530277,21.950000762939453,22.0,5461153
2024-03-06,22.0,22.049999237060547,20.950000762939453,21.549999237060547,7866819
2024-03-07,21.600000381469727,22.350000381469727,21.600000381469727,22.149999618530277,8688815
2024-03-11,22.299999237060547,22.399999618530277,21.149999618530277,21.25,6999862
2024-03-12,21.350000381469727,21.399999618530277,20.299999237060547,20.5,10313019
2024-03-13,20.299999237060547,20.700000762939453,18.950000762939453,19.149999618530277,13438285
2024-03-14,19.0,20.5,18.600000381469727,20.200000762939453,15367423
2024-03-15,20.0,20.850000381469727,19.899999618530277,20.350000381469727,10001330
2024-03-18,20.399999618530277,20.600000381469727,19.75,20.149999618530277,8502348
2024-03-19,20.149999618530277,20.350000381469727,19.649999618530277,19.700000762939453,5590902
2024-03-20,19.799999237060547,20.0,19.25,19.399999618530277,6820907
2024-03-21,19.549999237060547,20.149999618530277,18.299999237060547,19.399999618530277,9189552
2024-03-22,19.549999237060547,20.799999237060547,19.5,20.350000381469727,10005977
2024-03-26,20.5,20.5,19.75,19.850000381469727,7969147
2024-03-27,20.0,20.299999237060547,19.600000381469727,19.799999237060547,8105896
2024-03-28,19.899999618530277,20.200000762939453,19.5,19.600000381469727,6715698
2024-04-01,19.75,21.75,19.75,21.5,11213469
2024-04-02,21.5,21.700000762939453,21.0,21.5,8165642
2024-04-03,21.450000762939453,22.049999237060547,21.200000762939453,21.950000762939453,8122881
2024-04-04,22.100000381469727,22.5,21.549999237060547,21.850000381469727,9162784
2024-04-05,21.850000381469727,22.200000762939453,21.450000762939453,22.100000381469727,8087346
2024-04-08,22.299999237060547,22.350000381469727,21.649999618530277,21.899999618530277,5387667
2024-04-09,21.899999618530277,21.950000762939453,21.350000381469727,21.5,5310857
2024-04-10,21.600000381469727,21.850000381469727,21.100000381469727,21.700000762939453,6193623
2024-04-12,21.700000762939453,21.850000381469727,21.399999618530277,21.5,4752655
2024-04-15,20.399999618530277,21.049999237060547,20.350000381469727,20.75,8010006
2024-04-16,20.5,21.450000762939453,20.5,21.149999618530277,8128550
2024-04-18,22.5,22.850000381469727,21.799999237060547,22.0,22744214
2024-04-19,21.850000381469727,22.399999618530277,21.600000381469727,22.100000381469727,13855234
2024-04-22,22.399999618530277,22.600000381469727,22.149999618530277,22.25,7199739
2024-04-23,22.399999618530277,22.799999237060547,22.25,22.649999618530277,10256208
2024-04-24,22.899999618530277,23.5,22.649999618530277,22.75,20882651
2024-04-25,22.899999618530277,22.950000762939453,22.299999237060547,22.350000381469727,9242899
2024-04-26,22.5,22.5,22.100000381469727,22.200000762939453,5772079
2024-04-29,22.399999618530277,22.799999237060547,22.25,22.299999237060547,6203286
2024-04-30,22.5,22.5,22.0,22.049999237060547,4151069
2024-05-02,22.049999237060547,22.149999618530277,21.799999237060547,21.950000762939453,4583765
2024-05-03,22.0,22.200000762939453,21.700000762939453,22.0,7047213
2024-05-06,22.149999618530277,22.149999618530277,21.299999237060547,21.450000762939453,6184190
2024-05-07,21.450000762939453,21.600000381469727,20.899999618530277,21.049999237060547,7722438
2024-05-08,21.049999237060547,21.350000381469727,20.700000762939453,21.149999618530277,5262390
2024-05-09,21.299999237060547,21.299999237060547,20.200000762939453,20.450000762939453,5822951
2024-05-10,20.549999237060547,20.899999618530277,20.0,20.799999237060547,6634993
2024-05-13,20.899999618530277,20.950000762939453,20.149999618530277,20.75,5396909
2024-05-14,20.799999237060547,21.399999618530277,20.649999618530277,21.100000381469727,6466000
2024-05-15,21.149999618530277,21.350000381469727,20.799999237060547,20.850000381469727,4368164
2024-05-16,21.0,21.149999618530277,20.600000381469727,20.700000762939453,4077909
2024-05-17,20.700000762939453,21.200000762939453,20.649999618530277,21.149999618530277,4485830
2024-05-21,21.25,21.350000381469727,20.950000762939453,21.0,3589331
2024-05-22,21.049999237060547,21.399999618530277,20.600000381469727,21.200000762939453,7932047
2024-05-23,21.200000762939453,21.350000381469727,21.100000381469727,21.149999618530277,3849582
2024-05-24,21.149999618530277,21.799999237060547,20.899999618530277,21.399999618530277,8959350
2024-05-27,21.5,21.549999237060547,20.950000762939453,21.0,5907174
2024-05-28,21.100000381469727,21.100000381469727,20.5,20.649999618530277,3885174
2024-05-29,20.649999618530277,20.950000762939453,20.350000381469727,20.799999237060547,4589484
2024-05-30,20.700000762939453,20.799999237060547,20.450000762939453,20.549999237060547,3203514
2024-05-31,20.649999618530277,20.700000762939453,20.25,20.450000762939453,3673401
2024-06-03,21.25,21.299999237060547,20.700000762939453,20.950000762939453,5989140
2024-06-04,20.899999618530277,20.899999618530277,18.649999618530277,19.399999618530277,8753231
2024-06-05,19.75,20.049999237060547,19.049999237060547,19.950000762939453,4165189
2024-06-06,20.049999237060547,20.600000381469727,20.049999237060547,20.299999237060547,4488270
2024-06-07,20.399999618530277,20.799999237060547,20.149999618530277,20.700000762939453,3934746
2024-06-10,20.90999984741211,21.21999931335449,20.799999237060547,20.96999931335449,4756729
2024-06-11,21.049999237060547,21.8799991607666,20.959999084472656,21.68000030517578,9924444
2024-06-12,21.75,22.56999969482422,21.690000534057617,22.26000022888184,11405080
2024-06-13,22.350000381469727,22.57999992370605,21.799999237060547,22.270000457763672,8717052
2024-06-14,22.459999084472656,22.670000076293945,22.149999618530277,22.200000762939453,7187542
2024-06-18,22.399999618530277,23.100000381469727,22.38999938964844,22.59000015258789,9772685
2024-06-19,22.899999618530277,23.190000534057617,22.200000762939453,22.700000762939453,13662809
2024-06-20,22.850000381469727,23.0,22.649999618530277,22.739999771118164,6092755
2024-06-21,22.799999237060547,23.299999237060547,22.6299991607666,22.729999542236328,9213795
2024-06-24,22.899999618530277,23.18000030517578,22.61000061035156,22.729999542236328,7602943
2024-06-25,22.799999237060547,22.940000534057617,22.01000022888184,22.290000915527344,4526880
2024-06-26,22.3700008392334,22.399999618530277,22.0,22.1299991607666,4063213
2024-06-27,22.09000015258789,22.25,21.459999084472656,21.63999938964844,5260444
2024-06-28,21.700000762939453,22.100000381469727,21.63999938964844,21.780000686645508,4038986
2024-07-01,21.81999969482422,22.149999618530277,21.700000762939453,21.989999771118164,5143853
2024-07-02,22.299999237060547,24.549999237060547,22.26000022888184,23.65999984741211,38505369
2024-07-03,23.899999618530277,24.100000381469727,23.399999618530277,23.46999931335449,12232452
2024-07-04,23.63999938964844,23.670000076293945,23.049999237060547,23.13999938964844,6677218
2024-07-05,23.0,23.15999984741211,22.75,22.809999465942383,5237138
2024-07-08,22.899999618530277,23.26000022888184,22.850000381469727,23.040000915527344,7591515
2024-07-09,23.3799991607666,24.0,23.350000381469727,23.51000022888184,14602038
2024-07-10,23.850000381469727,23.850000381469727,22.399999618530277,23.09000015258789,7081031
2024-07-11,23.18000030517578,23.40999984741211,23.020000457763672,23.1299991607666,5089962
2024-07-12,23.149999618530277,23.530000686645508,22.96999931335449,23.020000457763672,6585913
2024-07-15,23.209999084472656,25.530000686645508,22.920000076293945,25.21999931335449,49971781
2024-07-16,25.59000015258789,25.65999984741211,24.809999465942383,24.90999984741211,19300821
2024-07-18,24.450000762939453,24.459999084472656,22.75,23.07999992370605,26389743
2024-07-19,23.229999542236328,23.5,22.739999771118164,22.799999237060547,11272670
2024-07-22,22.790000915527344,23.06999969482422,22.399999618530277,22.76000022888184,6250621
2024-07-23,22.809999465942383,22.88999938964844,21.3799991607666,22.43000030517578,9602300
2024-07-24,22.399999618530277,22.950000762939453,22.34000015258789,22.809999465942383,7873230
2024-07-25,22.780000686645508,24.149999618530277,22.51000022888184,23.82999992370605,16536608
2024-07-26,24.100000381469727,24.600000381469727,23.81999969482422,23.920000076293945,10596621
2024-07-29,24.07999992370605,24.6299991607666,23.88999938964844,24.06999969482422,13017271
2024-07-30,24.1200008392334,24.600000381469727,23.86000061035156,24.170000076293945,8299342
2024-07-31,24.170000076293945,24.530000686645508,24.0,24.09000015258789,9785288
2024-08-01,24.100000381469727,24.280000686645508,23.200000762939453,23.290000915527344,7343971
2024-08-02,23.190000534057617,23.309999465942383,22.75,23.06999969482422,6545602
2024-08-05,22.56999969482422,22.61000061035156,21.6299991607666,21.780000686645508,10504869
2024-08-06,21.979999542236328,22.350000381469727,21.020000457763672,21.170000076293945,11969512
2024-08-07,21.299999237060547,22.020000457763672,21.26000022888184,21.90999984741211,8357140
2024-08-08,21.90999984741211,21.940000534057617,21.40999984741211,21.46999931335449,7307095
2024-08-09,21.649999618530277,21.920000076293945,21.450000762939453,21.71999931335449,5888873
2024-08-12,21.420000076293945,21.57999992370605,21.06999969482422,21.350000381469727,6459284
2024-08-13,21.399999618530277,21.739999771118164,21.149999618530277,21.229999542236328,4396457
2024-08-14,21.489999771118164,21.739999771118164,20.700000762939453,20.82999992370605,6178242
2024-08-16,21.0,21.15999984741211,20.6200008392334,20.770000457763672,5806560
2024-08-19,20.940000534057617,21.309999465942383,20.81999969482422,21.030000686645508,5592932
2024-08-20,21.200000762939453,21.299999237060547,21.0,21.049999237060547,5183811
2024-08-21,21.13999938964844,21.549999237060547,20.959999084472656,21.459999084472656,9070364
2024-08-22,21.700000762939453,21.950000762939453,21.5,21.59000015258789,6714185
2024-08-23,21.649999618530277,21.709999084472656,21.31999969482422,21.36000061035156,4547827
2024-08-26,21.5,21.540000915527344,21.299999237060547,21.32999992370605,4657061
2024-08-27,21.350000381469727,21.5,21.270000457763672,21.40999984741211,4361354
2024-08-28,21.43000030517578,21.65999984741211,21.200000762939453,21.239999771118164,5164755
2024-08-29,21.280000686645508,22.149999618530277,21.13999938964844,21.280000686645508,15792188
2024-08-30,21.38999938964844,21.46999931335449,21.01000022888184,21.11000061035156,4871674
2024-09-02,21.190000534057617,21.200000762939453,20.790000915527344,20.88999938964844,3925363
2024-09-03,20.8799991607666,20.979999542236328,20.63999938964844,20.65999984741211,3720678
2024-09-04,20.479999542236328,20.61000061035156,20.280000686645508,20.5,4773381
2024-09-05,20.600000381469727,21.059999465942383,20.530000686645508,20.940000534057617,4528563
2024-09-06,20.989999771118164,21.149999618530277,20.51000022888184,20.559999465942383,4547503
2024-09-09,20.540000915527344,20.75,20.15999984741211,20.43000030517578,6478161
2024-09-10,20.649999618530277,21.61000061035156,20.549999237060547,21.3700008392334,10591003
2024-09-11,21.489999771118164,21.5,20.899999618530277,20.979999542236328,5689046
2024-09-12,21.15999984741211,21.18000030517578,20.809999465942383,20.979999542236328,3951378
2024-09-13,21.0,21.81999969482422,20.93000030517578,21.280000686645508,7656245
2024-09-16,21.40999984741211,22.1200008392334,21.200000762939453,21.739999771118164,11378658
2024-09-17,21.799999237060547,22.170000076293945,21.200000762939453,21.34000015258789,7696129
2024-09-18,21.34000015258789,21.46999931335449,21.030000686645508,21.1200008392334,3684825
2024-09-19,21.229999542236328,21.25,20.200000762939453,20.450000762939453,5816891
2024-09-20,20.5,20.96999931335449,20.40999984741211,20.82999992370605,5180051
2024-09-23,20.989999771118164,21.100000381469727,20.649999618530277,20.71999931335449,4109233
2024-09-24,20.729999542236328,20.899999618530277,20.649999618530277,20.71999931335449,3304795
2024-09-25,20.75,20.76000022888184,20.450000762939453,20.51000022888184,2842394
2024-09-26,20.489999771118164,20.979999542236328,20.420000076293945,20.56999969482422,4427300
2024-09-27,20.6200008392334,20.799999237060547,20.5,20.520000457763672,2621771
2024-09-30,20.5,20.63999938964844,20.290000915527344,20.549999237060547,2569876
2024-10-01,20.649999618530277,21.11000061035156,20.520000457763672,20.90999984741211,6652905
2024-10-03,20.5,20.799999237060547,20.200000762939453,20.25,5254353
2024-10-04,20.239999771118164,20.350000381469727,19.950000762939453,20.040000915527344,3279827
2024-10-07,20.11000061035156,20.489999771118164,19.049999237060547,19.11000061035156,4396489
2024-10-08,19.11000061035156,19.770000457763672,18.90999984741211,19.6200008392334,4139300
2024-10-09,19.799999237060547,20.059999465942383,19.75,19.81999969482422,2809078
2024-10-10,19.920000076293945,20.100000381469727,19.850000381469727,19.90999984741211,2437300
2024-10-11,19.950000762939453,20.280000686645508,19.90999984741211,20.09000015258789,2879347
2024-10-14,20.59000015258789,21.09000015258789,20.549999237060547,20.729999542236328,14427930
2024-10-15,20.799999237060547,20.899999618530277,20.209999084472656,20.68000030517578,5309766
2024-10-16,20.729999542236328,20.75,20.399999618530277,20.489999771118164,2819323
2024-10-17,20.489999771118164,20.61000061035156,20.0,20.020000457763672,2480131
2024-10-18,19.88999938964844,19.96999931335449,19.51000022888184,19.850000381469727,2456548
2024-10-21,19.899999618530277,19.96999931335449,19.209999084472656,19.420000076293945,1909990
2024-10-22,19.479999542236328,19.530000686645508,18.809999465942383,18.84000015258789,2667766
2024-10-23,18.68000030517578,19.07999992370605,18.31999969482422,18.93000030517578,3322859
2024-10-24,18.93000030517578,19.059999465942383,18.61000061035156,18.76000022888184,1984760
2024-10-25,18.75,18.82999992370605,17.899999618530273,18.07999992370605,3393135
2024-10-28,18.11000061035156,18.989999771118164,17.8799991607666,18.700000762939453,2771899
2024-10-29,18.399999618530277,18.899999618530277,18.399999618530277,18.76000022888184,2083612
2024-10-30,18.770000457763672,19.399999618530277,18.739999771118164,19.280000686645508,2435008
2024-10-31,19.5,19.540000915527344,19.280000686645508,19.399999618530277,1635809
2024-11-01,19.559999465942383,20.049999237060547,19.51000022888184,19.770000457763672,913390
2024-11-04,19.86000061035156,19.88999938964844,19.0,19.059999465942383,2791457
2024-11-05,19.049999237060547,19.38999938964844,19.0,19.239999771118164,1637466
2024-11-06,19.3700008392334,19.68000030517578,19.280000686645508,19.59000015258789,1786838
2024-11-07,19.850000381469727,20.030000686645508,19.600000381469727,19.6299991607666,2290587
2024-11-08,19.649999618530277,19.75,19.15999984741211,19.21999931335449,1742438
2024-11-11,19.170000076293945,19.270000457763672,19.0,19.020000457763672,1723988
2024-11-12,19.09000015258789,19.34000015258789,18.61000061035156,18.729999542236328,1665082
2024-11-13,18.690000534057617,18.84000015258789,18.209999084472656,18.280000686645508,2432688
2024-11-14,18.280000686645508,18.63999938964844,18.21999931335449,18.32999992370605,2237376
2024-11-18,18.32999992370605,18.489999771118164,18.059999465942383,18.100000381469727,2516276
2024-11-19,18.190000534057617,18.549999237060547,18.190000534057617,18.31999969482422,2089083
2024-11-21,18.309999465942383,18.31999969482422,17.920000076293945,18.11000061035156,1982299
2024-11-22,18.11000061035156,18.239999771118164,18.030000686645508,18.170000076293945,1581412
2024-11-25,18.440000534057617,18.59000015258789,18.209999084472656,18.280000686645508,1510824
2024-11-26,18.350000381469727,18.59000015258789,18.25,18.530000686645508,1578752
2024-11-27,18.63999938964844,18.700000762939453,14.81999969482422,17.020000457763672,44344393
2024-11-28,17.489999771118164,18.0,17.290000915527344,17.420000076293945,12433039
2024-11-29,17.700000762939453,17.75,17.100000381469727,17.280000686645508,5313528
2024-12-02,17.290000915527344,17.579999923706055,17.149999618530273,17.479999542236328,3948587
2024-12-03,17.530000686645508,17.93000030517578,17.520000457763672,17.860000610351562,4363909
2024-12-04,17.889999389648438,18.200000762939453,17.780000686645508,17.8700008392334,3561501
2024-12-05,17.90999984741211,18.21999931335449,17.8799991607666,17.93000030517578,4144721
2024-12-06,17.959999084472656,18.13999938964844,17.899999618530273,18.06999969482422,2843294
2024-12-09,18.13999938964844,18.549999237060547,18.07999992370605,18.270000457763672,3946817
2024-12-10,18.34000015258789,18.34000015258789,18.040000915527344,18.06999969482422,2253033
2024-12-11,18.32999992370605,18.32999992370605,17.899999618530273,17.959999084472656,3487033
2024-12-12,17.959999084472656,17.959999084472656,17.6299991607666,17.729999542236328,2640838
2024-12-13,17.68000030517578,17.690000534057617,17.3700008392334,17.600000381469727,3044711
2024-12-16,17.6200008392334,17.950000762939453,17.6200008392334,17.809999465942383,3602333
2024-12-17,17.780000686645508,17.979999542236328,17.510000228881836,17.559999465942383,2981773
2024-12-18,17.559999465942383,17.639999389648438,17.299999237060547,17.3700008392334,1835963
2024-12-19,16.90999984741211,17.31999969482422,16.90999984741211,17.139999389648438,2348283
2024-12-20,17.139999389648438,17.239999771118164,16.5,16.610000610351562,3400236
2024-12-23,16.639999389648438,16.8799991607666,16.25,16.40999984741211,3529717
2024-12-24,16.469999313354492,16.5,16.139999389648438,16.190000534057617,4056710
2024-12-26,16.25,16.299999237060547,14.100000381469728,15.3100004196167,23372241
2024-12-27,15.420000076293944,15.739999771118164,15.300000190734863,15.5600004196167,6552873
2024-12-30,15.68000030517578,15.699999809265137,15.0,15.199999809265137,4940084
2024-12-31,15.1899995803833,15.880000114440918,15.130000114440918,15.729999542236328,3641338
2025-01-01,15.729999542236328,16.5,15.729999542236328,16.309999465942383,8770372
2025-01-02,16.219999313354492,16.59000015258789,16.110000610351562,16.170000076293945,5022124
2025-01-03,16.200000762939453,16.469999313354492,16.18000030517578,16.329999923706055,3703819
2025-01-06,16.5,16.530000686645508,15.59000015258789,15.739999771118164,4766317
2025-01-07,15.800000190734863,16.0,15.56999969482422,15.81999969482422,3966895
2025-01-08,15.949999809265137,16.0,15.609999656677246,15.760000228881836,2707714
2025-01-09,15.739999771118164,15.9399995803833,15.65999984741211,15.779999732971191,2483583
2025-01-10,15.850000381469728,15.859999656677246,15.149999618530272,15.199999809265137,3647399
2025-01-13,15.010000228881836,15.170000076293944,14.470000267028809,14.539999961853027,5233951
2025-01-14,14.75,15.4399995803833,14.609999656677246,15.239999771118164,5294320
2025-01-15,15.039999961853027,15.699999809265137,14.760000228881836,14.989999771118164,9301154
2025-01-16,15.1899995803833,15.25,14.979999542236328,15.079999923706056,2533007
2025-01-17,15.100000381469728,15.300000190734863,14.949999809265137,15.09000015258789,3667433
2025-01-20,15.199999809265137,15.970000267028809,15.1899995803833,15.880000114440918,6099817
2025-01-21,16.200000762939453,16.25,15.770000457763672,15.869999885559082,4157229
2025-01-22,15.779999732971191,15.899999618530272,15.140000343322754,15.369999885559082,4544019
2025-01-23,15.359999656677246,15.390000343322754,15.050000190734863,15.18000030517578,2753678
2025-01-24,15.029999732971191,15.300000190734863,15.020000457763672,15.18000030517578,2397361
2025-01-27,15.0600004196167,15.09000015258789,14.850000381469728,14.880000114440918,2644829
2025-01-28,15.0,15.020000457763672,14.420000076293944,14.779999732971191,3662559
2025-01-29,14.850000381469728,15.210000038146973,14.81999969482422,15.0600004196167,2232585
2025-01-30,15.199999809265137,15.289999961853027,14.859999656677246,14.920000076293944,3089990
2025-01-31,15.0,15.0600004196167,14.84000015258789,15.029999732971191,3264583
2025-02-01,15.100000381469728,15.600000381469728,14.979999542236328,15.109999656677246,4723300
2025-02-03,15.010000228881836,15.079999923706056,14.68000030517578,14.720000267028809,2729556
2025-02-04,14.880000114440918,15.0,14.649999618530272,14.75,2933881
2025-02-05,14.84000015258789,15.09000015258789,14.800000190734863,14.84000015258789,2796519
2025-02-06,14.9399995803833,15.25,14.84000015258789,15.050000190734863,5023584
2025-02-07,14.979999542236328,15.09000015258789,12.609999656677246,14.699999809265137,25127678
2025-02-10,14.600000381469728,15.149999618530272,14.600000381469728,14.829999923706056,8887565
2025-02-11,14.75,14.899999618530272,14.390000343322754,14.630000114440918,3632997
2025-02-12,14.630000114440918,14.710000038146973,13.850000381469728,14.18000030517578,4995758
2025-02-13,14.25,14.550000190734863,14.239999771118164,14.34000015258789,3050586
2025-02-14,14.300000190734863,14.420000076293944,13.829999923706056,13.9399995803833,2838473
2025-02-17,13.899999618530272,13.979999542236328,13.34000015258789,13.630000114440918,3838366
2025-02-18,13.630000114440918,13.850000381469728,13.239999771118164,13.529999732971191,3237218
2025-02-19,13.529999732971191,14.279999732971191,12.800000190734863,14.140000343322754,7377124
2025-02-20,14.09000015258789,14.449999809265137,14.029999732971191,14.3100004196167,2621659
2025-02-21,14.229999542236328,14.5,14.100000381469728,14.170000076293944,2343221
2025-02-24,14.09000015258789,14.119999885559082,13.8100004196167,13.979999542236328,1772074
2025-02-25,14.140000343322754,14.170000076293944,13.699999809265137,13.899999618530272,4373402
2025-02-27,13.979999542236328,14.149999618530272,13.350000381469728,13.720000267028809,2049918
2025-02-28,13.520000457763672,13.619999885559082,13.140000343322754,13.220000267028809,3159429
2025-03-03,13.229999542236328,13.350000381469728,12.550000190734863,12.989999771118164,5097685
2025-03-04,12.800000190734863,13.369999885559082,12.68000030517578,13.130000114440918,3502830
2025-03-05,13.130000114440918,13.630000114440918,13.119999885559082,13.550000190734863,3052355
2025-03-06,13.75,13.960000038146973,13.68000030517578,13.899999618530272,3050560
2025-03-07,13.989999771118164,14.449999809265137,13.920000076293944,14.170000076293944,4254284
2025-03-10,14.34000015258789,14.460000038146973,13.699999809265137,13.75,3926513
2025-03-11,13.649999618530272,13.75,13.300000190734863,13.5,3327426
2025-03-12,13.649999618530272,13.739999771118164,13.31999969482422,13.380000114440918,2465101
2025-03-13,13.380000114440918,13.59000015258789,13.149999618530272,13.199999809265137,2424409
2025-03-17,13.31999969482422,13.399999618530272,12.960000038146973,13.010000228881836,3111186
2025-03-18,13.010000228881836,13.010000228881836,13.010000228881836,13.010000228881836,0
2025-03-19,13.300000190734863,13.68000030517578,13.270000457763672,13.550000190734863,4222817
2025-03-20,13.890000343322754,13.899999618530272,13.489999771118164,13.520000457763672,4347042
2025-03-21,13.600000381469728,13.899999618530272,13.470000267028809,13.710000038146973,5181786
2025-03-24,13.859999656677246,14.199999809265137,13.859999656677246,13.9399995803833,4869388
2025-03-25,14.0600004196167,14.199999809265137,13.229999542236328,13.329999923706056,6922105
2025-03-26,13.329999923706056,13.56999969482422,13.0,13.020000457763672,5208221
2025-03-27,12.81999969482422,13.5,12.81999969482422,13.079999923706056,8642793
2025-03-28,13.149999618530272,13.600000381469728,12.949999809265137,13.0,5185239
2025-04-01,13.0,13.56999969482422,13.0,13.449999809265137,4111556
2025-04-02,13.5,13.550000190734863,13.149999618530272,13.359999656677246,2122237
2025-04-03,13.359999656677246,13.65999984741211,13.0,13.529999732971191,2802409
2025-04-04,13.449999809265137,13.539999961853027,12.890000343322754,12.989999771118164,4298108
2025-04-07,12.520000457763672,12.789999961853027,11.9399995803833,12.460000038146973,5054023
2025-04-08,12.699999809265137,13.06999969482422,12.640000343322754,12.989999771118164,2682312
2025-04-09,13.0,13.010000228881836,12.699999809265137,12.81999969482422,1680326
2025-04-11,13.100000381469728,13.140000343322754,12.949999809265137,13.039999961853027,1933757
2025-04-15,13.25,13.43000030517578,13.119999885559082,13.380000114440918,2663315
2025-04-16,13.4399995803833,13.720000267028809,13.199999809265137,13.65999984741211,3083022
2025-04-17,13.65999984741211,14.239999771118164,13.5,13.920000076293944,15950983
2025-04-21,13.989999771118164,14.1899995803833,13.75,14.109999656677246,4590287
2025-04-22,14.350000381469728,14.699999809265137,14.149999618530272,14.470000267028809,7843060
2025-04-23,14.739999771118164,14.920000076293944,14.25,14.729999542236328,9334592
2025-04-24,14.729999542236328,15.199999809265137,14.609999656677246,14.729999542236328,5373194
2025-04-25,14.75,14.84000015258789,13.779999732971191,14.029999732971191,7140825
2025-04-28,14.119999885559082,14.149999618530272,13.789999961853027,14.020000457763672,2997391
2025-04-29,14.09000015258789,14.229999542236328,13.869999885559082,13.90999984741211,2925962
2025-04-30,13.899999618530272,13.989999771118164,13.420000076293944,13.5,3655360
2025-05-02,13.43000030517578,13.65999984741211,13.43000030517578,13.550000190734863,2329480
2025-05-05,13.739999771118164,13.800000190734863,13.619999885559082,13.739999771118164,2001165
2025-05-06,13.739999771118164,13.890000343322754,13.350000381469728,13.4399995803833,2902213
2025-05-07,13.199999809265137,13.5,13.119999885559082,13.399999618530272,2958994
2025-05-08,13.40999984741211,13.619999885559082,13.149999618530272,13.229999542236328,2945293
2025-05-09,12.899999618530272,13.649999618530272,12.760000228881836,13.15999984741211,12286765
2025-05-12,13.800000190734863,14.34000015258789,13.609999656677246,14.1899995803833,5532293
2025-05-13,14.1899995803833,14.579999923706056,14.1899995803833,14.390000343322754,3880832
2025-05-14,14.550000190734863,14.75,14.4399995803833,14.609999656677246,2465396
2025-05-15,14.75,14.970000267028809,14.630000114440918,14.850000381469728,3684116
2025-05-16,14.989999771118164,15.130000114440918,14.779999732971191,15.029999732971191,3559407
2025-05-19,15.100000381469728,15.510000228881836,15.09000015258789,15.210000038146973,3933046
2025-05-20,15.229999542236328,15.350000381469728,14.880000114440918,15.010000228881836,2697791
2025-05-21,15.029999732971191,15.199999809265137,14.989999771118164,15.149999618530272,2353217
2025-05-22,15.199999809265137,15.619999885559082,15.06999969482422,15.15999984741211,4914756
2025-05-23,15.170000076293944,15.489999771118164,14.850000381469728,15.3100004196167,4570500
2025-05-26,15.300000190734863,15.489999771118164,15.199999809265137,15.300000190734863,2194246
2025-05-27,15.300000190734863,15.40999984741211,15.210000038146973,15.350000381469728,2125851
2025-05-28,15.34000015258789,15.699999809265137,15.279999732971191,15.520000457763672,3196038
2025-05-29,15.539999961853027,15.739999771118164,15.510000228881836,15.56999969482422,2717595
2025-05-30,15.56999969482422,16.18000030517578,15.449999809265137,16.0,7149677
2025-06-02,16.0,16.1299991607666,15.760000228881836,15.960000038146973,3529031
2025-06-03,16.010000228881836,16.149999618530273,15.630000114440918,15.710000038146973,2695851
2025-06-04,15.880000114440918,15.90999984741211,15.4399995803833,15.729999542236328,2573335
2025-06-05,15.800000190734863,16.239999771118164,15.699999809265137,15.75,2866064
2025-06-06,15.829999923706056,15.850000381469728,15.510000228881836,15.56999969482422,2317790
2025-06-09,15.640000343322754,15.899999618530272,15.640000343322754,15.800000190734863,2428156
2025-06-10,15.880000114440918,16.200000762939453,15.829999923706056,15.989999771118164,4940794
2025-06-11,16.1200008392334,16.299999237060547,15.949999809265137,16.059999465942383,4499786
2025-06-12,16.059999465942383,16.139999389648438,15.6899995803833,15.729999542236328,2717182
2025-06-13,15.210000038146973,15.649999618530272,15.210000038146973,15.510000228881836,2944002
2025-06-16,15.529999732971191,15.649999618530272,15.109999656677246,15.220000267028809,3766880
2025-06-17,15.300000190734863,15.5600004196167,15.0,15.039999961853027,3096717
2025-06-18,15.050000190734863,15.140000343322754,14.75,14.890000343322754,3062542
2025-06-19,15.020000457763672,15.050000190734863,14.550000190734863,14.619999885559082,3755557
2025-06-20,14.619999885559082,14.949999809265137,14.56999969482422,14.859999656677246,3126387
2025-06-23,14.81999969482422,14.949999809265137,14.670000076293944,14.84000015258789,2167402
2025-06-24,14.960000038146973,15.390000343322754,14.960000038146973,15.15999984741211,3188459
2025-06-25,15.229999542236328,16.56999969482422,15.210000038146973,16.049999237060547,23317350
2025-06-26,16.139999389648438,16.270000457763672,15.8100004196167,16.06999969482422,6259045
2025-06-27,16.09000015258789,16.170000076293945,15.90999984741211,16.030000686645508,3326500
2025-06-30,16.079999923706055,16.3799991607666,15.93000030517578,15.989999771118164,4857210
2025-07-01,15.989999771118164,16.25,15.920000076293944,16.010000228881836,2054155
2025-07-02,16.059999465942383,16.15999984741211,15.720000267028809,15.859999656677246,3194753
2025-07-03,15.8100004196167,16.040000915527344,15.720000267028809,15.960000038146973,2567584
2025-07-04,15.90999984741211,16.1200008392334,15.890000343322754,15.989999771118164,3132671
2025-07-07,15.90999984741211,16.170000076293945,15.869999885559082,16.0,4934989
2025-07-08,15.960000038146973,16.190000534057617,15.81999969482422,15.9399995803833,4295256
2025-07-09,15.899999618530272,16.06999969482422,15.770000457763672,15.81999969482422,2591114
2025-07-10,15.800000190734863,15.890000343322754,15.529999732971191,15.579999923706056,2410756
2025-07-11,15.59000015258789,15.789999961853027,15.25,15.359999656677246,3068579
2025-07-14,15.380000114440918,15.770000457763672,15.229999542236328,15.630000114440918,3242780
2025-07-15,15.800000190734863,16.049999237060547,15.68000030517578,15.739999771118164,4624307
2025-07-16,16.1299991607666,17.979999542236328,16.040000915527344,16.739999771118164,104693931
2025-07-17,16.90999984741211,17.209999084472656,16.420000076293945,16.520000457763672,19524790
2025-07-18,16.600000381469727,16.709999084472656,16.079999923706055,16.260000228881836,7552047
2025-07-21,16.299999237060547,16.34000015258789,15.8100004196167,15.869999885559082,6351486
2025-07-22,15.949999809265137,16.020000457763672,15.579999923706056,15.649999618530272,4511039
2025-07-23,15.770000457763672,15.890000343322754,15.4399995803833,15.649999618530272,5962688
2025-07-24,15.760000228881836,15.789999961853027,15.489999771118164,15.579999923706056,3659826
2025-07-25,15.529999732971191,15.609999656677246,15.109999656677246,15.1899995803833,3298280
2025-07-28,15.149999618530272,15.350000381469728,14.779999732971191,14.859999656677246,3958722
2025-07-29,14.779999732971191,15.800000190734863,14.600000381469728,15.119999885559082,5050425
2025-07-30,15.119999885559082,15.199999809265137,14.90999984741211,15.010000228881836,2009412
2025-07-31,14.880000114440918,15.109999656677246,14.600000381469728,14.979999542236328,2897302
2025-08-01,14.899999618530272,15.4399995803833,14.850000381469728,15.100000381469728,4689861
2025-08-04,15.029999732971191,15.149999618530272,14.729999542236328,14.859999656677246,2767978
2025-08-05,14.850000381469728,14.899999618530272,14.6899995803833,14.710000038146973,1616556
2025-08-06,14.710000038146973,14.729999542236328,14.369999885559082,14.479999542236328,2096810
2025-08-07,14.399999618530272,14.449999809265137,14.020000457763672,14.31999969482422,2837376
2025-08-08,14.270000457763672,14.5,14.149999618530272,14.43000030517578,2034125
2025-08-11,14.5,14.5,14.140000343322754,14.34000015258789,1917230
2025-08-12,14.199999809265137,14.5,14.199999809265137,14.380000114440918,1397891
2025-08-13,14.380000114440918,14.539999961853027,14.350000381469728,14.43000030517578,1320370
2025-08-14,14.420000076293944,14.489999771118164,14.300000190734863,14.34000015258789,732762
2025-08-18,14.369999885559082,14.539999961853027,14.359999656677246,14.449999809265137,1468909
2025-08-19,14.40999984741211,14.90999984741211,14.350000381469728,14.770000457763672,2551838
2025-08-20,14.800000190734863,15.029999732971191,14.699999809265137,14.960000038146973,1799605
2025-08-21,14.899999618530272,15.119999885559082,14.899999618530272,14.979999542236328,8775848
2025-08-22,14.90999984741211,15.039999961853027,14.640000343322754,14.75,1216954
2025-08-25,14.75,14.850000381469728,14.6899995803833,14.729999542236328,1043381
2025-08-26,14.609999656677246,14.890000343322754,14.5600004196167,14.699999809265137,1225250
2025-08-28,14.600000381469728,14.800000190734863,14.539999961853027,14.739999771118164,1400929
2025-08-29,14.65999984741211,14.789999961853027,14.5600004196167,14.609999656677246,1084396
2025-09-01,14.579999923706056,14.720000267028809,14.449999809265137,14.489999771118164,1376617
2025-09-02,14.5,14.699999809265137,14.449999809265137,14.56999969482422,1923348
2025-09-03,14.539999961853027,14.829999923706056,14.539999961853027,14.75,1970923
2025-09-04,14.84000015258789,15.050000190734863,14.609999656677246,14.670000076293944,1824535
2025-09-05,14.670000076293944,14.699999809265137,14.399999618530272,14.619999885559082,1640268
2025-09-08,14.68000030517578,14.899999618530272,14.5600004196167,14.800000190734863,1720008
2025-09-09,14.800000190734863,14.850000381469728,14.619999885559082,14.670000076293944,1054923
2025-09-10,14.68000030517578,14.989999771118164,14.68000030517578,14.869999885559082,1175524
2025-09-11,14.869999885559082,15.079999923706056,14.84000015258789,14.859999656677246,1249155
2025-09-12,14.850000381469728,14.949999809265137,14.75,14.829999923706056,1169676
2025-09-15,14.880000114440918,14.949999809265137,14.8100004196167,14.899999618530272,1230563
2025-09-16,14.920000076293944,15.25,14.8100004196167,14.9399995803833,3211622
2025-09-17,15.06999969482422,15.25,14.949999809265137,15.029999732971191,2281722
2025-09-18,15.100000381469728,15.199999809265137,14.949999809265137,15.0,1188559
2025-09-19,15.0,15.100000381469728,14.920000076293944,15.079999923706056,1481207
2025-09-22,15.079999923706056,15.119999885559082,14.800000190734863,14.859999656677246,1224750
2025-09-23,14.869999885559082,14.899999618530272,14.699999809265137,14.75,1649408
2025-09-24,14.770000457763672,14.779999732971191,14.40999984741211,14.470000267028809,1814370
2025-09-25,14.5,14.5600004196167,14.300000190734863,14.31999969482422,1383026
2025-09-26,14.289999961853027,14.359999656677246,14.0600004196167,14.1899995803833,1295906
2025-09-29,14.199999809265137,14.220000267028809,13.5,13.699999809265137,4933512
2025-09-30,13.800000190734863,14.079999923706056,13.739999771118164,13.989999771118164,1517698
2025-10-01,14.06999969482422,14.140000343322754,13.899999618530272,14.029999732971191,2019300
2025-10-03,14.039999961853027,14.300000190734863,14.020000457763672,14.239999771118164,2036030
2025-10-06,14.34000015258789,14.380000114440918,14.100000381469728,14.119999885559082,1600471
2025-10-07,14.119999885559082,14.149999618530272,14.0,14.029999732971191,1442542
2025-10-08,14.050000190734863,14.050000190734863,13.920000076293944,13.979999542236328,1699384
2025-10-09,13.899999618530272,14.050000190734863,13.859999656677246,13.960000038146973,1020803
2025-10-10,13.899999618530272,14.34000015258789,13.899999618530272,14.199999809265137,2377819
2025-10-13,14.100000381469728,14.119999885559082,13.880000114440918,14.020000457763672,1575128
2025-10-14,14.020000457763672,14.039999961853027,13.720000267028809,13.800000190734863,2006109
2025-10-15,13.859999656677246,14.0,13.829999923706056,13.960000038146973,1649702
2025-10-16,13.800000190734863,13.859999656677246,13.199999809265137,13.670000076293944,2410636
2025-10-17,13.449999809265137,13.720000267028809,13.449999809265137,13.520000457763672,2152574
2025-10-20,13.550000190734863,13.649999618530272,13.399999618530272,13.420000076293944,1462078
2025-10-21,13.65999984741211,13.65999984741211,13.420000076293944,13.600000381469728,519830
2025-10-23,13.6899995803833,13.880000114440918,13.56999969482422,13.779999732971191,2196671
2025-10-24,13.850000381469728,13.850000381469728,13.720000267028809,13.770000457763672,1330241
2025-10-27,13.770000457763672,13.850000381469728,13.75,13.800000190734863,1326226
2025-10-28,13.84000015258789,13.84000015258789,13.699999809265137,13.739999771118164,1021502
2025-10-29,13.800000190734863,13.869999885559082,13.710000038146973,13.84000015258789,1136307
2025-10-30,13.829999923706056,13.93000030517578,13.779999732971191,13.829999923706056,985853
2025-10-31,13.81999969482422,13.899999618530272,13.75,13.8100004196167,1211441
2025-11-03,13.8100004196167,13.859999656677246,13.699999809265137,13.720000267028809,1265697
2025-11-04,13.739999771118164,13.779999732971191,13.609999656677246,13.65999984741211,1064669
2025-11-06,13.649999618530272,13.65999984741211,13.25,13.329999923706056,2231991
2025-11-07,13.199999809265137,13.399999618530272,13.149999618530272,13.34000015258789,1416842
2025-11-10,13.350000381469728,13.399999618530272,13.18000030517578,13.239999771118164,910154
2025-11-11,13.25,13.260000228881836,13.130000114440918,13.220000267028809,803929
2025-11-12,13.199999809265137,13.31999969482422,13.18000030517578,13.210000038146973,870717
2025-11-13,13.1899995803833,13.329999923706056,13.140000343322754,13.1899995803833,786444
2025-11-14,13.15999984741211,13.300000190734863,13.109999656677246,13.229999542236328,960524
2025-11-17,13.170000076293944,13.390000343322754,13.170000076293944,13.289999961853027,1507522
2025-11-18,13.289999961853027,13.369999885559082,13.15999984741211,13.199999809265137,932424
2025-11-19,13.149999618530272,13.220000267028809,13.109999656677246,13.170000076293944,1009937
2025-11-20,13.25,13.350000381469728,13.1899995803833,13.239999771118164,1450293
2025-11-21,13.25,13.25,13.010000228881836,13.050000190734863,895755
2025-11-24,13.100000381469728,13.100000381469728,12.609999656677246,12.75,2039177
2025-11-25,12.6899995803833,13.489999771118164,12.539999961853027,13.029999732971191,1985488
2025-11-26,13.06999969482422,13.25,12.949999809265137,13.119999885559082,1559612
2025-11-27,13.199999809265137,13.260000228881836,12.979999542236328,13.0600004196167,997049
2025-11-28,13.109999656677246,13.239999771118164,12.949999809265137,13.06999969482422,999627
2025-12-01,13.119999885559082,13.1899995803833,12.8100004196167,12.9399995803833,1370955
2025-12-02,12.869999885559082,13.100000381469728,12.760000228881836,12.989999771118164,1267054
2025-12-03,12.949999809265137,13.029999732971191,12.829999923706056,12.949999809265137,1101837
2025-12-04,12.850000381469728,12.949999809265137,12.800000190734863,12.84000015258789,715827
2025-12-05,12.8100004196167,12.850000381469728,12.619999885559082,12.699999809265137,1312329
2025-12-08,12.56999969482422,12.670000076293944,12.25,12.359999656677246,2143301
2025-12-09,12.300000190734863,12.770000457763672,12.020000457763672,12.520000457763672,16206575
2025-12-10,12.649999618530272,12.989999771118164,12.529999732971191,12.84000015258789,2231209
2025-12-11,12.760000228881836,12.81999969482422,12.59000015258789,12.640000343322754,1217563
2025-12-12,12.600000381469728,12.729999542236328,12.550000190734863,12.649999618530272,1091497
2025-12-15,12.649999618530272,13.0,12.550000190734863,12.9399995803833,1820804
2025-12-16,12.90999984741211,12.979999542236328,12.489999771118164,12.579999923706056,1542973
2025-12-17,12.579999923706056,12.579999923706056,12.34000015258789,12.420000076293944,1518814
2025-12-18,12.350000381469728,12.390000343322754,12.199999809265137,12.210000038146973,1471675
2025-12-19,12.210000038146973,12.510000228881836,12.18000030517578,12.43000030517578,1413103
2025-12-22,12.399999618530272,12.649999618530272,12.399999618530272,12.56999969482422,1893749
2025-12-23,12.539999961853027,12.890000343322754,12.5,12.800000190734863,1510258
2025-12-24,12.829999923706056,12.850000381469728,12.510000228881836,12.550000190734863,1808741
2025-12-26,12.5,12.649999618530272,12.449999809265137,12.59000015258789,1232485
2025-12-29,12.539999961853027,12.649999618530272,12.31999969482422,12.359999656677246,1245670
2025-12-30,12.25,12.449999809265137,12.25,12.390000343322754,1140031
2025-12-31,12.350000381469728,12.550000190734863,12.350000381469728,12.43000030517578,1917262
2026-01-01,12.460000038146973,12.579999923706056,12.40999984741211,12.449999809265137,899375
2026-01-02,12.449999809265137,12.699999809265137,12.399999618530272,12.68000030517578,1460269
2026-01-05,12.699999809265137,12.720000267028809,12.420000076293944,12.470000267028809,2210740
2026-01-06,12.43000030517578,12.5600004196167,12.34000015258789,12.5,1247901
2026-01-07,12.3100004196167,12.5,12.3100004196167,12.420000076293944,1294153
2026-01-08,12.479999542236328,12.479999542236328,12.109999656677246,12.15999984741211,1833920
2026-01-09,12.170000076293944,12.199999809265137,11.970000267028809,12.109999656677246,2019595
2026-01-12,11.979999542236328,12.039999961853027,11.800000190734863,11.970000267028809,2104961
2026-01-13,11.979999542236328,12.15999984741211,11.899999618530272,11.970000267028809,1861534
2026-01-14,11.90999984741211,12.050000190734863,11.90999984741211,12.010000228881836,1406348
2026-01-15,12.010000228881836,12.010000228881836,12.010000228881836,12.010000228881836,0
2026-01-16,12.039999961853027,12.1899995803833,11.960000038146973,12.029999732971191,2267255
2026-01-19,12.0,12.0,11.739999771118164,11.920000076293944,2042053
2026-01-20,11.90999984741211,11.920000076293944,11.300000190734863,11.369999885559082,2863938
2026-01-21,11.350000381469728,11.350000381469728,10.93000030517578,11.0,3438457
2026-01-22,11.010000228881836,11.539999961853027,11.010000228881836,11.300000190734863,2265110
2026-01-23,11.300000190734863,11.300000190734863,9.90999984741211,10.220000267028809,7729835
2026-01-27,10.399999618530272,10.510000228881836,10.039999961853027,10.229999542236328,4781955
2026-01-28,10.25,10.729999542236328,10.239999771118164,10.65999984741211,2506641
2026-01-29,10.65999984741211,10.720000267028809,10.34000015258789,10.420000076293944,2578597
2026-01-30,10.369999885559082,10.760000228881836,10.010000228881836,10.600000381469728,2704951
2026-02-02,10.84000015258789,10.960000038146973,10.399999618530272,10.81999969482422,2510465
2026-02-03,11.199999809265137,11.270000457763672,10.850000381469728,11.029999732971191,2356699
2026-02-04,11.06999969482422,11.34000015258789,10.899999618530272,11.270000457763672,2254211
2026-02-05,11.239999771118164,11.350000381469728,11.020000457763672,11.140000343322754,1533167
2026-02-06,11.029999732971191,11.300000190734863,10.989999771118164,11.220000267028809,1980081
2026-02-09,11.220000267028809,11.890000343322754,11.1899995803833,11.800000190734863,3194582
2026-02-10,11.81999969482422,12.050000190734863,11.399999618530272,11.75,2692577
2026-02-11,11.6899995803833,11.699999809265137,11.529999732971191,11.65999984741211,1729223
2026-02-12,11.699999809265137,11.720000267028809,11.369999885559082,11.449999809265137,2402624
2026-02-13,11.399999618530272,11.5,11.039999961853027,11.239999771118164,1571440
2026-02-16,11.100000381469728,11.199999809265137,10.960000038146973,11.130000114440918,1922853
2026-02-17,11.130000114440918,11.800000190734863,11.0,11.390000343322754,2522032
2026-02-18,11.289999961853027,11.479999542236328,11.260000228881836,11.34000015258789,1686647
2026-02-19,11.350000381469728,11.420000076293944,11.100000381469728,11.15999984741211,8998479
2026-02-20,11.010000228881836,11.300000190734863,10.600000381469728,11.079999923706056,2440458
2026-02-23,11.079999923706056,11.239999771118164,10.859999656677246,10.970000267028809,2042993
2026-02-24,10.850000381469728,10.93000030517578,10.600000381469728,10.699999809265137,2024611
2026-02-25,10.710000038146973,10.800000190734863,10.510000228881836,10.609999656677246,1875036
2026-02-26,10.6899995803833,10.899999618530272,10.600000381469728,10.699999809265137,1577529
2026-02-27,10.699999809265137,10.800000190734863,10.5600004196167,10.720000267028809,1472113
2026-03-02,10.100000381469728,10.489999771118164,10.100000381469728,10.3100004196167,2274062
2026-03-04,10.100000381469728,10.210000038146973,9.989999771118164,10.119999885559082,1909498
2026-03-05,10.079999923706056,10.359999656677246,10.079999923706056,10.18000030517578,5168967
2026-03-06,10.149999618530272,10.40999984741211,10.109999656677246,10.1899995803833,9564487
2026-03-09,10.0,10.100000381469728,9.880000114440918,10.029999732971191,1719467
2026-03-10,10.199999809265137,10.220000267028809,10.020000457763672,10.119999885559082,1999258
2026-03-11,10.149999618530272,10.300000190734863,10.029999732971191,10.0600004196167,1696161
2026-03-12,10.100000381469728,10.170000076293944,9.920000076293944,10.039999961853027,2811607
2026-03-13,10.029999732971191,10.0600004196167,9.81999969482422,9.850000381469728,2245131
2026-03-16,9.84000015258789,9.869999885559082,9.579999923706056,9.760000228881836,2292521
2026-03-17,9.800000190734863,9.850000381469728,9.710000038146973,9.81999969482422,5452864
2026-03-18,9.850000381469728,10.149999618530272,9.850000381469728,10.100000381469728,2899834
2026-03-19,9.90999984741211,10.0600004196167,9.770000457763672,9.800000190734863,1829049
2026-03-20,9.8100004196167,10.020000457763672,9.779999732971191,9.84000015258789,2163457
2026-03-23,9.75,9.75,9.270000457763672,9.3100004196167,3076311
2026-03-24,9.369999885559082,9.600000381469728,9.260000228881836,9.449999809265137,2666119
2026-03-25,9.5,9.850000381469728,9.5,9.760000228881836,3760507
2026-03-27,9.760000228881836,9.770000457763672,9.260000228881836,9.300000190734863,8090317
2026-03-30,9.260000228881836,9.260000228881836,8.760000228881836,8.869999885559082,4373619
2026-04-01,9.050000190734863,9.75,8.90999984741211,9.68000030517578,4427734
2026-04-02,9.520000457763672,9.859999656677246,9.300000190734863,9.779999732971191,2611265
2026-04-06,9.949999809265137,10.149999618530272,9.6899995803833,10.06999969482422,2984891
2026-04-07,10.0,10.289999961853027,9.899999618530272,10.119999885559082,2507222
2026-04-08,10.739999771118164,10.739999771118164,10.300000190734863,10.609999656677246,3108841
2026-04-09,10.710000038146973,10.989999771118164,10.5600004196167,10.699999809265137,3919801
2026-04-10,10.899999618530272,11.489999771118164,10.800000190734863,11.359999656677246,6495471
2026-04-13,11.0,11.56999969482422,10.949999809265137,11.270000457763672,4757581
2026-04-15,11.890000343322754,11.890000343322754,11.5,11.550000190734863,3343131
2026-04-16,11.760000228881836,11.760000228881836,11.3100004196167,11.470000267028809,2877447
2026-04-17,11.5,11.90999984741211,11.470000267028809,11.59000015258789,3324322
2026-04-20,11.34000015258789,11.390000343322754,11.0,11.050000190734863,3774582
2026-04-21,11.0,11.210000038146973,10.960000038146973,11.09000015258789,2047858
2026-04-22,11.020000457763672,11.1899995803833,11.020000457763672,11.15999984741211,1648882
2026-04-23,11.050000190734863,11.449999809265137,11.050000190734863,11.109999656677246,3074914
2026-04-24,11.149999618530272,11.199999809265137,10.970000267028809,11.020000457763672,1948506
2026-04-27,11.029999732971191,11.149999618530272,11.020000457763672,11.100000381469728,1380497
2026-04-28,11.100000381469728,11.170000076293944,11.050000190734863,11.09000015258789,1732412
2026-04-29,11.0600004196167,11.199999809265137,11.0600004196167,11.09000015258789,1842124
2026-04-30,11.020000457763672,11.06999969482422,10.899999618530272,11.010000228881836,1563336
2026-05-01,11.010000228881836,11.010000228881836,11.010000228881836,11.010000228881836,0
2026-05-04,11.09000015258789,11.1899995803833,10.18000030517578,10.859999656677246,2359325
2026-05-05,10.859999656677246,10.970000267028809,10.75,10.880000114440918,2221308
2026-05-06,10.850000381469728,11.25,10.850000381469728,11.119999885559082,2293311
2026-05-07,11.199999809265137,11.25,11.050000190734863,11.1899995803833,1842037
2026-05-08,11.079999923706056,11.15999984741211,11.020000457763672,11.079999923706056,1143377
2026-05-11,10.989999771118164,10.989999771118164,10.760000228881836,10.84000015258789,1890032
2026-05-12,10.65999984741211,10.8100004196167,10.510000228881836,10.550000190734863,2043115
2026-05-13,10.550000190734863,10.84000015258789,10.420000076293944,10.640000343322754,2276448
2026-05-14,10.640000343322754,10.739999771118164,10.359999656677246,10.420000076293944,2200476
2026-05-15,10.43000030517578,10.470000267028809,10.199999809265137,10.25,1768269
2026-05-18,10.109999656677246,10.18000030517578,9.920000076293944,10.039999961853027,1590077
2026-05-19,10.010000228881836,10.289999961853027,10.010000228881836,10.1899995803833,2070416
2026-05-20,10.18000030517578,10.1899995803833,10.010000228881836,10.149999618530272,1221264
2026-05-21,10.149999618530272,10.329999923706056,10.130000114440918,10.170000076293944,1893969
2026-05-22,10.15999984741211,10.18000030517578,10.079999923706056,10.140000343322754,739262
2026-05-25,10.199999809265137,10.710000038146973,10.199999809265137,10.470000267028809,2592591
2026-05-26,10.43000030517578,10.68000030517578,10.380000114440918,10.579999923706056,2008129
2026-05-27,10.649999618530272,11.050000190734863,10.520000457763672,10.979999542236328,3468331
2026-05-28,10.979999542236328,10.979999542236328,10.979999542236328,10.979999542236328,0
2026-05-29,11.0,11.109999656677246,10.710000038146973,10.800000190734863,3124721
2026-06-01,10.880000114440918,10.920000076293944,10.550000190734863,10.56999969482422,2309785
2026-06-02,10.380000114440918,10.880000114440918,10.329999923706056,10.68000030517578,2779083
2026-06-03,10.56999969482422,10.649999618530272,10.399999618530272,10.510000228881836,1535672
2026-06-04,10.449999809265137,10.68000030517578,10.369999885559082,10.56999969482422,1466642
2026-06-05,10.479999542236328,11.390000343322754,10.479999542236328,11.079999923706056,10911356
2026-06-08,10.920000076293944,11.100000381469728,10.720000267028809,10.800000190734863,2868076
2026-06-09,10.960000038146973,11.079999923706056,10.68000030517578,10.81999969482422,2150541
2026-06-10,10.899999618530272,10.90999984741211,10.5600004196167,10.65999984741211,1541329
2026-06-11,10.5,10.600000381469728,10.300000190734863,10.350000381469728,1398228
2026-06-12,10.619999885559082,10.720000267028809,10.43000030517578,10.68000030517578,1558914
2026-06-15,10.800000190734863,11.460000038146973,10.800000190734863,11.210000038146973,7936479
2026-06-16,11.119999885559082,11.390000343322754,11.100000381469728,11.15999984741211,2690562
2026-06-17,11.149999618530272,11.34000015258789,11.149999618530272,11.220000267028809,2588175
2026-06-18,11.15999984741211,11.979999542236328,11.149999618530272,11.600000381469728,9545739
2026-06-19,11.869999885559082,12.890000343322754,11.600000381469728,12.18000030517578,32958142
2026-06-22,12.239999771118164,12.5600004196167,12.050000190734863,12.199999809265137,7237304
2026-06-23,12.3100004196167,12.449999809265137,11.649999618530272,11.739999771118164,6032866
2026-06-24,11.81999969482422,11.989999771118164,11.5,11.81999969482422,3961588
2026-06-25,12.050000190734863,12.100000381469728,11.600000381469728,11.729999542236328,2866282
2026-06-26,11.729999542236328,11.729999542236328,11.729999542236328,11.729999542236328,0
2026-06-29,11.600000381469728,11.619999885559082,10.550000190734863,11.140000343322754,3219292
2026-06-30,11.140000343322754,11.25,11.050000190734863,11.149999618530272,1967735
2026-07-01,11.15999984741211,11.720000267028809,11.15999984741211,11.350000381469728,3566795
2026-07-02,11.59000015258789,11.600000381469728,11.359999656677246,11.40999984741211,1547653
2026-07-03,11.510000228881836,11.5600004196167,11.199999809265137,11.300000190734863,1494121
2026-07-06,11.380000114440918,11.380000114440918,11.079999923706056,11.149999618530272,1069871
2026-07-07,11.140000343322754,11.15999984741211,10.90999984741211,11.09000015258789,932061
2026-07-08,10.970000267028809,11.029999732971191,10.699999809265137,10.789999961853027,1734174
2026-07-09,10.84000015258789,11.020000457763672,10.770000457763672,10.890000343322754,1372992
2026-07-10,11.0,11.09000015258789,10.9399995803833,11.029999732971191,909074
2026-07-13,10.90999984741211,11.43000030517578,10.800000190734863,11.239999771118164,3345998
2026-07-14,11.3100004196167,11.81999969482422,11.25,11.279999732971191,4936513
2026-07-15,11.369999885559082,11.420000076293944,11.119999885559082,11.210000038146973,1668661
2026-07-16,11.31999969482422,11.31999969482422,11.010000228881836,11.079999923706056,1290198
2026-07-17,10.899999618530272,11.18000030517578,10.75,11.0600004196167,1968701
2026-07-20,11.0,11.149999618530272,10.989999771118164,11.079999923706056,1319902
2026-07-21,10.90999984741211,11.079999923706056,10.90999984741211,11.020000457763672,747000
2026-07-22,10.960000038146973,11.140000343322754,10.800000190734863,10.81999969482422,1317234
2026-07-23,10.75,10.84000015258789,10.600000381469728,10.640000343322754,988700
2026-07-24,10.510000228881836,10.84000015258789,10.510000228881836,10.760000228881836,1159488
2026-07-27,10.899999618530272,10.93000030517578,10.8100004196167,10.880000114440918,957666
2026-07-28,10.779999732971191,10.899999618530272,10.75,10.8100004196167,748621
2026-07-29,10.8100004196167,10.890000343322754,10.75,10.800000190734863,957061
2026-07-30,10.8100004196167,10.829999923706056,10.6899995803833,10.75,1046854
2026-08-03,10.770000457763672,11.130000114440918,10.770000457763672,11.050000190734863,1971674
2026-08-04,11.039999961853027,11.0600004196167,10.890000343322754,10.920000076293944,980748
2026-08-05,10.9399995803833,11.0,10.869999885559082,10.899999618530272,857052
2026-08-06,10.899999618530272,10.979999542236328,10.800000190734863,10.829999923706056,1055693
