Date,Open,High,Low,Close,Volume
1999-07-01,1187.85,1197.0,1179.3,1183.2,36948339
1999-07-02,1183.65,1204.15,1183.65,1197.85,51739331
1999-07-05,1197.95,1232.4,1197.95,1230.25,55952520
1999-07-06,1230.3,1246.4,1230.3,1241.25,46084967
1999-07-07,1241.65,1255.75,1238.15,1243.7,59196355
1999-07-08,1243.9,1251.15,1238.4,1244.05,56923181
1999-07-09,1244.4,1260.7,1244.4,1254.0,65222034
1999-07-12,1254.1,1318.05,1254.1,1315.35,66689438
1999-07-13,1315.75,1338.15,1315.75,1321.45,69956411
1999-07-14,1322.9,1341.1,1306.2,1335.15,62491537
1999-07-15,1335.55,1367.95,1310.45,1317.7,71343991
1999-07-16,1318.3,1331.75,1312.3,1324.25,47853260
1999-07-19,1325.35,1357.85,1325.35,1349.6,47690607
1999-07-20,1349.6,1350.35,1310.85,1314.7,50203194
1999-07-21,1314.8,1346.65,1302.8,1340.15,40166722
1999-07-22,1339.05,1358.25,1337.55,1349.2,43138275
1999-07-23,1350.0,1367.3,1339.6,1342.95,38453827
1999-07-26,1342.6,1342.6,1314.8,1326.15,30647841
1999-07-27,1325.4,1327.0,1304.4,1309.85,40019741
1999-07-28,1309.75,1337.0,1309.75,1320.1,40245151
1999-07-29,1320.75,1329.75,1312.55,1325.7,46817455
1999-07-30,1325.55,1325.55,1302.5,1310.15,34290200
1999-08-02,1309.85,1310.8,1282.85,1289.6,25884347
1999-08-03,1289.2,1290.8,1277.85,1285.05,39013261
1999-08-04,1285.9,1329.3,1285.9,1326.4,43239315
1999-08-05,1326.75,1345.85,1317.5,1323.3,33019385
1999-08-06,1323.15,1326.0,1315.15,1316.8,30085971
1999-08-09,1316.9,1332.9,1312.8,1327.75,37619856
1999-08-10,1328.15,1328.4,1305.85,1309.75,33652918
1999-08-11,1308.75,1328.2,1295.2,1315.3,34507359
1999-08-12,1315.9,1321.55,1308.05,1309.5,27260405
1999-08-13,1309.7,1317.1,1290.3,1291.85,26029321
1999-08-16,1292.35,1314.15,1292.35,1309.9,34650361
1999-08-17,1310.3,1327.9,1310.3,1322.7,34956222
1999-08-18,1326.0,1371.9,1326.0,1363.35,46823761
1999-08-19,1363.5,1375.45,1341.55,1345.0,43346181
1999-08-20,1345.6,1350.3,1332.4,1347.3,28902521
1999-08-23,1347.75,1375.95,1347.75,1369.7,46431149
1999-08-24,1370.05,1385.6,1369.9,1382.65,45408456
1999-08-25,1383.45,1414.0,1341.35,1371.65,50299041
1999-08-26,1371.9,1408.15,1371.9,1402.5,38217896
1999-08-27,1402.6,1425.2,1402.6,1417.5,36606510
1999-08-30,1417.8,1435.5,1417.8,1422.6,46989716
1999-08-31,1422.65,1424.05,1409.55,1412.0,38972160
1999-09-01,1412.05,1430.8,1397.7,1410.7,43993413
1999-09-02,1410.0,1410.0,1372.5,1375.85,32966516
1999-09-03,1375.7,1384.25,1370.95,1374.95,31511260
1999-09-06,1375.45,1392.05,1372.5,1390.2,30638177
1999-09-07,1391.2,1403.75,1378.95,1383.25,40411200
1999-09-08,1385.55,1413.45,1385.55,1399.5,43965745
1999-09-09,1400.15,1402.25,1388.65,1396.9,41088137
1999-09-10,1397.15,1398.6,1388.85,1391.1,40904408
1999-09-14,1391.9,1397.45,1366.25,1370.55,43755495
1999-09-15,1371.0,1392.35,1371.0,1374.7,35088892
1999-09-16,1374.45,1375.35,1347.3,1351.2,31300438
1999-09-17,1350.35,1364.05,1329.7,1359.7,34644812
1999-09-20,1359.8,1379.05,1356.3,1357.85,30797034
1999-09-21,1358.45,1367.75,1348.6,1350.6,36609865
1999-09-22,1350.7,1400.0,1350.7,1386.45,34759245
1999-09-23,1387.95,1403.55,1387.45,1398.0,40007163
1999-09-24,1397.45,1427.75,1396.75,1412.25,53623795
1999-09-27,1413.8,1427.15,1387.05,1389.5,46403334
1999-09-28,1389.25,1389.45,1363.45,1379.15,55042402
1999-09-29,1380.7,1429.05,1380.3,1415.3,58492479
1999-09-30,1415.55,1432.55,1409.55,1413.1,57209189
1999-10-01,1414.65,1419.1,1389.05,1403.2,49444898
1999-10-04,1403.45,1406.35,1367.85,1372.3,39013018
1999-10-05,1372.4,1384.35,1358.95,1378.15,46223533
1999-10-06,1377.65,1419.75,1377.15,1392.7,57096325
1999-10-07,1394.35,1475.45,1394.35,1469.75,62423583
1999-10-08,1470.0,1502.65,1462.75,1479.25,55103382
1999-10-11,1480.8,1504.55,1479.1,1484.0,50443446
1999-10-12,1484.4,1493.15,1472.35,1483.85,55862923
1999-10-13,1485.45,1510.5,1466.0,1496.3,61674546
1999-10-14,1497.3,1522.85,1496.65,1505.2,40798761
1999-10-15,1505.7,1512.0,1448.95,1454.55,33570666
1999-10-18,1454.9,1461.45,1426.15,1444.05,48449171
1999-10-20,1446.2,1498.7,1446.2,1477.65,56371669
1999-10-21,1478.0,1496.45,1448.35,1453.35,57106864
1999-10-22,1452.6,1452.6,1421.4,1430.25,47318625
1999-10-23,1430.75,1451.85,1429.1,1449.8,13421359
1999-10-25,1449.85,1457.2,1410.85,1426.2,50227435
1999-10-26,1426.6,1431.5,1410.95,1414.35,43549612
1999-10-27,1419.1,1440.7,1400.75,1411.4,46640392
1999-10-28,1411.2,1411.45,1361.05,1367.7,38435832
1999-10-29,1367.9,1370.8,1296.7,1325.45,54898848
1999-11-01,1325.9,1332.7,1260.8,1270.0,42509452
1999-11-02,1269.3,1335.6,1239.8,1332.2,49344614
1999-11-03,1332.7,1353.55,1303.25,1326.4,51551841
1999-11-04,1326.85,1339.75,1313.6,1336.8,36095298
1999-11-05,1336.75,1369.65,1336.55,1364.55,42069165
1999-11-07,1364.7,1382.25,1364.7,1369.6,14703133
1999-11-09,1370.5,1374.8,1345.25,1371.2,36465784
1999-11-10,1371.6,1392.55,1371.6,1389.1,28087976
1999-11-11,1389.2,1402.7,1382.3,1389.6,36513793
1999-11-12,1389.25,1389.4,1368.85,1373.55,24594677
1999-11-15,1372.75,1381.1,1358.15,1362.7,21003729
1999-11-16,1362.3,1362.3,1351.4,1357.75,24934776
1999-11-17,1367.65,1381.5,1352.25,1352.25,28939420
1999-11-18,1353.4,1366.25,1342.25,1364.25,24289422
1999-11-19,1365.25,1381.05,1360.05,1361.85,25393385
1999-11-22,1362.4,1378.1,1358.2,1375.25,30071822
1999-11-24,1376.5,1404.05,1376.5,1394.95,41974204
1999-11-25,1395.85,1417.65,1395.85,1408.65,36846097
1999-11-26,1409.35,1418.15,1395.5,1399.6,34638373
1999-11-29,1399.8,1401.25,1382.2,1384.65,29331668
1999-11-30,1384.9,1386.75,1370.55,1376.15,31627112
1999-12-01,1375.05,1401.1,1374.7,1388.75,30994153
1999-12-02,1388.2,1420.7,1387.2,1408.85,35590582
1999-12-03,1409.05,1436.65,1409.05,1418.0,41864176
1999-12-06,1418.3,1445.6,1418.3,1442.85,36327200
1999-12-07,1443.2,1455.4,1439.65,1445.15,40659301
1999-12-08,1451.1,1486.15,1420.95,1438.65,55489809
1999-12-09,1437.1,1451.5,1428.05,1447.55,28324031
1999-12-10,1448.05,1462.6,1437.0,1439.7,30857013
1999-12-13,1440.2,1444.95,1421.85,1427.65,25627987
1999-12-14,1427.9,1431.25,1391.1,1398.25,36426032
1999-12-15,1396.6,1410.8,1376.75,1401.4,27406330
1999-12-16,1404.05,1428.5,1402.75,1419.7,23552094
1999-12-17,1420.1,1439.25,1414.15,1419.3,29845835
1999-12-20,1419.45,1435.55,1418.75,1422.45,31078939
1999-12-21,1422.6,1437.6,1413.85,1421.7,30195486
1999-12-22,1429.15,1486.9,1429.15,1481.7,44342451
1999-12-23,1481.6,1510.85,1481.6,1488.35,17185124
1999-12-24,1488.05,1489.9,1453.35,1459.0,25668024
1999-12-27,1459.65,1460.5,1427.7,1432.1,21846872
1999-12-28,1427.45,1451.35,1418.85,1442.2,28571075
1999-12-29,1443.9,1483.4,1443.9,1476.35,19747988
1999-12-30,1489.2,1504.95,1476.75,1480.45,14707482
2000-01-03,1482.15,1592.9,1482.15,1592.2,25358322
2000-01-04,1594.4,1641.95,1594.4,1638.7,38787872
2000-01-05,1634.55,1635.5,1555.05,1595.8,62153431
2000-01-06,1595.8,1639.0,1595.8,1617.6,51272875
2000-01-07,1616.6,1628.25,1597.2,1613.3,54315945
2000-01-10,1615.65,1662.1,1614.95,1632.95,45013949
2000-01-11,1633.25,1639.9,1548.25,1572.5,49120254
2000-01-12,1572.3,1631.55,1571.7,1624.8,38364961
2000-01-13,1627.85,1671.15,1613.65,1621.4,44738447
2000-01-14,1622.15,1627.4,1591.4,1622.75,43292009
2000-01-17,1623.5,1668.45,1604.65,1611.6,42683260
2000-01-18,1611.65,1615.15,1587.85,1606.7,37564199
2000-01-19,1610.05,1644.45,1608.85,1634.85,42981295
2000-01-20,1634.65,1644.4,1596.65,1601.1,42625471
2000-01-21,1601.25,1626.5,1593.2,1620.6,39715905
2000-01-24,1623.05,1645.0,1608.3,1613.6,34726595
2000-01-25,1612.95,1613.65,1579.55,1586.4,36881758
2000-01-27,1600.5,1633.55,1600.05,1603.9,38102878
2000-01-28,1603.65,1610.9,1592.7,1599.1,46563431
2000-01-31,1598.35,1598.35,1538.7,1546.2,36153239
2000-02-01,1546.2,1554.15,1521.4,1549.5,37161352
2000-02-02,1554.2,1605.9,1554.2,1588.0,39358471
2000-02-03,1591.25,1616.7,1591.25,1597.9,40826374
2000-02-04,1598.5,1621.35,1596.45,1599.75,30459542
2000-02-07,1599.8,1645.9,1599.8,1636.6,34666978
2000-02-08,1636.6,1676.1,1636.6,1662.75,40722843
2000-02-09,1666.95,1731.65,1666.7,1689.65,41767017
2000-02-10,1692.1,1713.7,1692.1,1711.2,30110126
2000-02-11,1712.85,1771.65,1712.85,1756.0,33406798
2000-02-14,1777.75,1795.45,1738.75,1744.5,31621011
2000-02-15,1744.5,1744.5,1694.45,1702.55,39135619
2000-02-16,1704.85,1742.8,1704.15,1711.1,31314383
2000-02-17,1710.05,1753.1,1710.05,1742.1,28333952
2000-02-18,1742.3,1764.15,1713.45,1717.8,24491796
2000-02-21,1719.55,1767.8,1719.55,1753.5,26015488
2000-02-22,1754.2,1781.05,1733.55,1739.05,33425078
2000-02-23,1745.2,1818.15,1689.2,1696.4,27905642
2000-02-24,1696.4,1751.6,1693.1,1732.0,23492408
2000-02-25,1734.05,1757.05,1699.25,1710.45,19458640
2000-02-28,1711.15,1726.65,1670.75,1722.55,27266318
2000-02-29,1722.85,1783.3,1626.35,1654.8,49498835
2000-03-01,1661.5,1727.9,1630.0,1712.7,37586272
2000-03-02,1713.65,1773.85,1690.05,1696.55,42276125
2000-03-03,1696.45,1719.15,1644.4,1656.0,29500370
2000-03-06,1656.0,1721.0,1656.0,1688.5,32426509
2000-03-07,1711.85,1730.85,1684.9,1702.75,36861204
2000-03-08,1717.75,1765.25,1654.45,1666.35,30249973
2000-03-09,1667.45,1692.25,1595.45,1646.25,27734646
2000-03-10,1647.85,1680.45,1588.2,1602.75,23714154
2000-03-13,1601.4,1645.0,1553.45,1560.7,32025029
2000-03-14,1561.55,1571.3,1503.2,1567.05,37965722
2000-03-15,1546.8,1630.95,1538.7,1620.1,28895834
2000-03-16,1620.4,1621.2,1554.3,1562.2,33981961
2000-03-21,1563.3,1585.25,1542.65,1556.6,30768798
2000-03-22,1551.05,1604.0,1551.05,1589.6,26938367
2000-03-23,1590.3,1629.2,1544.5,1553.4,21308741
2000-03-24,1554.2,1579.4,1540.45,1569.55,15407574
2000-03-27,1570.45,1593.3,1555.75,1562.95,19049762
2000-03-28,1563.3,1575.85,1527.55,1568.6,28174402
2000-03-29,1569.3,1609.4,1553.4,1558.25,32288722
2000-03-30,1556.95,1557.85,1489.1,1549.5,38871150
2000-03-31,1545.55,1545.55,1493.9,1528.45,49680971
2000-04-03,1528.7,1555.5,1510.75,1534.75,50909584
2000-04-04,1534.05,1534.05,1420.85,1428.1,42180348
2000-04-05,1428.5,1467.4,1391.65,1434.65,49400946
2000-04-06,1436.15,1475.25,1381.05,1452.95,40869843
2000-04-07,1453.3,1558.05,1453.3,1557.15,49468064
2000-04-10,1557.55,1636.95,1557.55,1613.0,67959549
2000-04-11,1613.0,1631.6,1550.85,1624.65,34966347
2000-04-12,1624.4,1628.55,1586.0,1592.7,35323588
2000-04-13,1587.95,1587.95,1502.7,1518.65,20985552
2000-04-17,1518.55,1518.55,1412.45,1443.55,47786700
2000-04-18,1443.55,1478.85,1410.0,1414.8,30055064
2000-04-19,1417.75,1469.05,1375.05,1404.95,38873392
2000-04-20,1405.7,1425.55,1339.75,1415.65,43869587
2000-04-24,1416.05,1431.8,1371.85,1388.0,34272187
2000-04-25,1383.8,1383.8,1311.3,1359.45,40507493
2000-04-26,1362.5,1439.05,1362.5,1436.1,45032350
2000-04-27,1436.15,1455.85,1400.65,1416.9,51773632
2000-04-28,1419.9,1438.0,1396.55,1406.55,27456437
2000-05-02,1410.0,1421.5,1319.65,1333.45,39377730
2000-05-03,1330.15,1342.15,1258.1,1316.05,34709688
2000-05-04,1317.95,1385.15,1317.95,1380.55,29963970
2000-05-05,1381.9,1428.6,1381.9,1422.4,35555435
2000-05-08,1423.25,1436.6,1358.8,1365.05,23965671
2000-05-09,1362.45,1385.7,1328.05,1378.55,24898689
2000-05-10,1380.4,1391.35,1359.65,1363.15,22179474
2000-05-11,1359.1,1359.1,1295.95,1304.55,23828870
2000-05-12,1305.3,1326.3,1276.4,1282.8,23382546
2000-05-15,1281.3,1311.7,1220.7,1299.25,21763805
2000-05-16,1300.2,1310.45,1287.8,1306.85,17410579
2000-05-17,1310.8,1347.7,1303.75,1311.65,25382671
2000-05-18,1311.3,1316.2,1289.55,1293.4,23235814
2000-05-19,1293.45,1293.45,1252.7,1268.0,27403349
2000-05-22,1267.85,1267.85,1228.4,1233.0,18684174
2000-05-23,1229.25,1230.9,1203.2,1224.4,21794331
2000-05-24,1224.5,1246.25,1201.5,1235.9,30854002
2000-05-25,1237.0,1269.8,1235.7,1247.65,35464246
2000-05-26,1247.1,1278.75,1232.85,1275.35,33048311
2000-05-29,1273.7,1317.75,1267.4,1311.05,47527900
2000-05-30,1310.8,1347.3,1304.95,1344.85,35581006
2000-05-31,1355.35,1410.75,1355.35,1380.45,46440897
2000-06-01,1380.4,1380.4,1345.1,1349.0,29618849
2000-06-02,1350.15,1395.35,1350.15,1389.25,40135483
2000-06-05,1390.95,1461.05,1390.95,1404.6,46679969
2000-06-06,1405.45,1426.15,1392.7,1421.75,28124165
2000-06-07,1423.4,1442.7,1413.8,1430.35,32121331
2000-06-08,1430.5,1468.7,1430.5,1463.65,39568681
2000-06-09,1464.3,1485.5,1458.9,1467.2,55393741
2000-06-12,1464.4,1477.55,1437.15,1440.4,28468653
2000-06-13,1438.8,1438.8,1411.9,1432.9,37250861
2000-06-14,1434.95,1459.15,1423.95,1435.5,37371054
2000-06-15,1437.0,1452.8,1422.4,1445.25,30332490
2000-06-16,1443.15,1480.85,1441.6,1477.3,39625952
2000-06-19,1477.55,1510.45,1477.55,1498.75,37008819
2000-06-20,1498.0,1518.05,1497.05,1507.1,32047330
2000-06-21,1524.05,1539.1,1470.4,1475.15,30544515
2000-06-22,1475.65,1491.4,1461.3,1488.25,42444916
2000-06-23,1487.85,1499.85,1462.75,1472.2,62807049
2000-06-26,1472.15,1472.15,1431.25,1451.65,28885013
2000-06-27,1452.8,1467.15,1448.95,1454.3,41444271
2000-06-28,1453.7,1474.7,1445.6,1470.0,25720842
2000-06-29,1471.35,1505.75,1471.35,1492.35,41360755
2000-06-30,1490.2,1490.65,1462.45,1471.45,39155406
2000-07-03,1473.45,1498.7,1473.45,1495.25,39577037
2000-07-04,1496.15,1516.8,1494.8,1511.3,37921171
2000-07-05,1511.5,1530.9,1511.5,1526.05,51276438
2000-07-06,1525.15,1525.15,1504.05,1516.8,41999154
2000-07-07,1517.0,1528.15,1513.4,1517.6,40341969
2000-07-10,1518.15,1523.2,1502.7,1509.65,40338082
2000-07-11,1510.55,1523.1,1506.15,1518.55,47327973
2000-07-12,1518.7,1537.1,1507.95,1533.35,41648670
2000-07-13,1535.55,1564.75,1513.65,1522.6,47987006
2000-07-14,1522.2,1534.35,1505.9,1509.75,50970729
2000-07-17,1509.25,1512.25,1475.15,1479.65,39534845
2000-07-18,1479.3,1482.9,1458.6,1463.1,39629219
2000-07-19,1464.55,1468.55,1432.85,1435.8,38459509
2000-07-20,1434.95,1443.25,1416.0,1424.2,44962303
2000-07-21,1424.9,1435.2,1394.3,1397.25,47900266
2000-07-24,1397.05,1397.05,1310.85,1317.75,41605572
2000-07-25,1317.35,1363.45,1269.25,1348.9,52145532
2000-07-26,1350.8,1371.8,1315.15,1318.25,35752137
2000-07-27,1317.0,1342.75,1291.3,1338.05,41436644
2000-07-28,1337.7,1359.4,1327.95,1333.8,44541451
2000-07-31,1333.3,1343.65,1317.3,1332.85,28942787
2000-08-01,1332.85,1344.5,1322.6,1326.85,32539550
2000-08-02,1323.7,1333.85,1312.25,1331.9,30378509
2000-08-03,1330.7,1339.4,1319.0,1321.25,37075727
2000-08-04,1320.25,1333.15,1302.65,1318.55,38818913
2000-08-07,1319.7,1321.7,1299.9,1310.8,33735626
2000-08-08,1312.1,1348.25,1311.15,1345.6,38046488
2000-08-09,1345.95,1363.95,1341.05,1344.95,44986130
2000-08-10,1345.25,1360.4,1325.15,1328.0,44327298
2000-08-11,1328.15,1328.15,1306.6,1310.75,36412192
2000-08-14,1312.25,1321.55,1295.45,1317.9,43856581
2000-08-16,1319.35,1354.95,1319.35,1351.45,40974798
2000-08-17,1351.5,1363.05,1334.95,1341.4,53407669
2000-08-18,1342.0,1360.65,1339.05,1358.05,48685807
2000-08-21,1358.75,1374.5,1358.75,1370.25,49039737
2000-08-22,1370.75,1394.9,1370.75,1381.2,52198971
2000-08-23,1381.6,1398.9,1376.9,1386.05,61613888
2000-08-24,1386.3,1390.45,1374.9,1386.95,44508722
2000-08-25,1387.35,1396.1,1377.75,1381.25,50255008
2000-08-28,1379.6,1383.45,1368.25,1369.85,37279363
2000-08-29,1368.65,1373.55,1360.65,1367.7,38510859
2000-08-30,1369.9,1384.85,1369.8,1375.95,43639136
2000-08-31,1376.5,1397.3,1375.9,1394.1,41752795
2000-09-04,1395.95,1433.15,1395.95,1427.75,59118945
2000-09-05,1428.05,1434.65,1420.9,1428.25,46660762
2000-09-06,1430.9,1444.45,1421.0,1435.35,55564667
2000-09-07,1434.7,1450.2,1424.35,1439.75,50581945
2000-09-08,1440.6,1453.15,1440.6,1450.05,48947780
2000-09-11,1449.35,1469.0,1448.95,1456.35,48899129
2000-09-12,1457.1,1470.55,1447.8,1467.65,44769146
2000-09-13,1467.65,1482.0,1452.6,1456.15,40899886
2000-09-14,1456.75,1466.65,1437.85,1445.3,48935189
2000-09-15,1443.25,1451.05,1411.55,1417.2,48417567
2000-09-18,1416.05,1416.05,1352.1,1354.35,44613980
2000-09-19,1351.8,1361.7,1295.3,1317.0,61402728
2000-09-20,1317.8,1351.1,1311.1,1342.9,42014443
2000-09-21,1341.65,1347.4,1325.75,1329.85,37264457
2000-09-22,1329.1,1329.1,1261.2,1266.45,53881081
2000-09-25,1268.4,1305.1,1268.4,1292.55,42390608
2000-09-26,1292.9,1298.25,1261.0,1267.9,46208596
2000-09-27,1267.45,1299.0,1249.35,1292.55,49801255
2000-09-28,1292.4,1302.75,1260.8,1266.4,60964211
2000-09-29,1267.3,1284.15,1264.4,1271.65,49222289
2000-10-03,1270.75,1288.15,1254.35,1282.0,53465691
2000-10-04,1281.45,1300.05,1275.8,1297.8,42233464
2000-10-05,1296.1,1306.45,1282.5,1284.75,46464764
2000-10-06,1284.35,1287.85,1262.65,1285.0,51772489
2000-10-09,1285.05,1286.35,1264.2,1267.3,35059618
2000-10-10,1268.7,1272.75,1230.05,1238.95,48897412
2000-10-11,1232.85,1234.1,1193.8,1201.9,50473747
2000-10-12,1201.3,1214.35,1185.1,1206.25,58853946
2000-10-13,1205.7,1205.7,1167.5,1176.75,55251611
2000-10-16,1177.85,1228.8,1173.35,1175.45,55531115
2000-10-17,1174.3,1174.3,1140.6,1158.05,60519154
2000-10-18,1157.05,1157.05,1122.8,1136.0,46516140
2000-10-19,1135.65,1171.5,1108.2,1166.15,67023099
2000-10-20,1166.2,1202.7,1166.2,1172.0,67674507
2000-10-23,1171.75,1172.15,1141.45,1143.95,48683559
2000-10-24,1143.0,1155.35,1132.9,1152.45,48203039
2000-10-25,1158.2,1190.4,1157.25,1183.9,61460048
2000-10-26,1182.8,1188.2,1176.6,1186.3,14447058
2000-10-27,1186.95,1192.9,1171.85,1178.7,42726133
2000-10-30,1178.75,1185.8,1164.25,1167.15,38382435
2000-10-31,1167.2,1175.6,1155.15,1172.75,46347670
2000-11-01,1178.25,1203.85,1177.1,1200.8,57074022
2000-11-02,1201.25,1226.35,1199.75,1224.85,67708490
2000-11-03,1225.0,1249.2,1225.0,1242.05,76271033
2000-11-06,1242.15,1261.4,1236.65,1240.25,71321989
2000-11-07,1239.0,1249.1,1232.35,1246.75,52944920
2000-11-08,1246.65,1277.25,1246.65,1266.8,75236288
2000-11-09,1266.75,1275.55,1255.95,1269.95,61831113
2000-11-10,1271.35,1271.4,1237.5,1239.55,62554227
2000-11-13,1239.35,1239.35,1199.95,1208.05,56910304
2000-11-14,1207.2,1246.9,1207.05,1242.85,71325452
2000-11-15,1245.0,1270.1,1243.2,1247.05,71820640
2000-11-16,1246.6,1254.55,1228.6,1233.25,62682250
2000-11-17,1232.35,1238.0,1216.9,1236.0,56343239
2000-11-20,1236.0,1241.75,1231.05,1237.6,53530821
2000-11-21,1236.95,1237.85,1224.3,1235.0,54134113
2000-11-22,1235.85,1247.5,1220.05,1222.35,56320308
2000-11-23,1221.2,1223.05,1209.85,1216.0,60184640
2000-11-24,1216.05,1230.0,1216.05,1225.2,69640031
2000-11-27,1225.4,1254.45,1225.35,1252.9,67007159
2000-11-28,1252.9,1275.45,1248.9,1272.75,81848549
2000-11-29,1272.25,1281.0,1253.45,1264.75,83440444
2000-11-30,1264.75,1272.1,1258.4,1268.15,75246754
2000-12-01,1268.1,1280.5,1255.2,1276.2,93875047
2000-12-04,1276.25,1290.0,1273.65,1275.6,68385969
2000-12-05,1275.7,1288.2,1275.5,1284.65,66897728
2000-12-06,1284.85,1319.85,1284.85,1298.55,82720927
2000-12-07,1298.9,1308.45,1295.1,1302.5,86887597
2000-12-08,1303.3,1317.2,1303.3,1313.7,92770801
2000-12-11,1313.7,1333.5,1313.7,1332.15,77519863
2000-12-12,1332.2,1341.75,1327.6,1333.35,78396433
2000-12-13,1333.8,1360.8,1333.8,1354.3,81303722
2000-12-14,1354.45,1369.5,1346.15,1349.35,107922822
2000-12-15,1349.25,1349.25,1308.15,1312.6,106556294
2000-12-18,1310.15,1321.65,1297.2,1317.6,71852888
2000-12-19,1317.75,1325.6,1307.0,1310.5,79675399
2000-12-20,1312.8,1313.4,1285.45,1295.25,64915151
2000-12-21,1294.25,1294.25,1257.1,1277.4,81444699
2000-12-22,1278.95,1292.8,1237.3,1242.0,89709314
2000-12-26,1242.05,1248.5,1207.95,1212.0,71777831
2000-12-27,1212.15,1239.0,1208.75,1228.3,59260399
2000-12-28,1229.35,1253.6,1229.35,1248.95,61894808
2000-12-29,1249.0,1265.9,1242.25,1263.55,68269636
2001-01-01,1263.5,1276.15,1250.65,1254.3,60533274
2001-01-02,1254.25,1279.6,1248.55,1271.8,72271588
2001-01-03,1271.8,1293.55,1263.95,1291.25,99079153
2001-01-04,1291.3,1331.35,1291.3,1307.65,106441914
2001-01-05,1307.55,1330.3,1306.25,1327.25,98830568
2001-01-08,1327.35,1334.2,1303.35,1309.25,96096878
2001-01-09,1309.2,1323.4,1304.9,1311.65,90810817
2001-01-10,1311.65,1324.35,1285.3,1287.3,81319087
2001-01-11,1287.5,1296.75,1275.95,1280.4,83103723
2001-01-12,1280.45,1298.85,1279.4,1286.75,82041684
2001-01-15,1286.85,1295.2,1277.85,1286.75,73889684
2001-01-16,1287.0,1302.6,1279.85,1293.05,78828339
2001-01-17,1299.4,1312.35,1295.3,1297.9,72314744
2001-01-18,1297.95,1309.95,1297.95,1305.95,80942229
2001-01-19,1306.0,1333.5,1306.0,1329.1,107078787
2001-01-22,1329.3,1351.85,1329.3,1348.0,99483653
2001-01-23,1347.95,1362.05,1346.5,1355.2,98006531
2001-01-24,1355.35,1371.1,1355.35,1365.95,114566115
2001-01-25,1366.05,1374.2,1353.5,1370.1,108877172
2001-01-29,1368.55,1368.55,1312.1,1342.05,87201969
2001-01-30,1342.1,1382.55,1342.05,1379.7,96518544
2001-01-31,1385.85,1396.05,1369.0,1371.7,100053358
2001-02-01,1371.5,1373.5,1340.95,1359.15,111146242
2001-02-02,1359.1,1384.9,1355.3,1378.85,116258775
2001-02-05,1378.8,1392.15,1373.45,1382.6,99313910
2001-02-06,1382.7,1395.4,1382.7,1387.1,87855379
2001-02-07,1387.3,1391.85,1368.05,1370.8,113028665
2001-02-08,1370.65,1396.8,1365.05,1395.5,112780156
2001-02-09,1395.55,1416.3,1395.55,1405.7,145053047
2001-02-12,1405.7,1416.45,1397.6,1402.2,93541589
2001-02-13,1402.2,1412.7,1386.65,1391.2,101737939
2001-02-14,1393.15,1396.35,1380.65,1393.35,82940179
2001-02-15,1393.35,1421.0,1393.35,1416.7,104604788
2001-02-16,1415.85,1422.95,1376.15,1381.35,113023358
2001-02-19,1381.4,1392.05,1369.45,1384.8,78672846
2001-02-20,1384.85,1392.8,1380.4,1383.85,100052290
2001-02-21,1383.9,1389.55,1364.25,1370.1,101078364
2001-02-22,1370.05,1370.05,1335.65,1355.1,100049959
2001-02-23,1355.1,1362.8,1314.1,1320.45,109210345
2001-02-26,1320.9,1325.2,1299.05,1312.4,86950781
2001-02-27,1312.45,1324.0,1281.9,1295.55,106024966
2001-02-28,1295.3,1362.25,1294.6,1351.4,150441998
2001-03-01,1351.75,1399.55,1345.05,1358.05,136400622
2001-03-02,1360.25,1386.75,1301.8,1306.35,124763272
2001-03-05,1304.85,1316.45,1259.1,1271.45,121535287
2001-03-07,1272.8,1311.1,1249.45,1290.5,104381701
2001-03-08,1290.85,1307.95,1279.3,1292.85,60218168
2001-03-09,1292.7,1292.7,1219.35,1254.75,60117766
2001-03-12,1253.25,1253.25,1193.95,1197.95,54093815
2001-03-13,1197.85,1201.15,1098.75,1124.7,69137496
2001-03-14,1125.15,1200.25,1114.6,1194.2,42822737
2001-03-15,1191.6,1219.7,1170.7,1217.15,47034759
2001-03-16,1216.9,1233.4,1179.6,1193.55,51146372
2001-03-19,1192.85,1201.7,1173.15,1186.7,29195967
2001-03-20,1186.8,1193.35,1162.35,1170.95,29316504
2001-03-21,1168.8,1212.2,1156.15,1207.1,30172182
2001-03-22,1206.45,1218.35,1184.95,1187.55,33692351
2001-03-23,1187.6,1196.55,1139.65,1161.3,35578430
2001-03-26,1159.85,1165.65,1147.5,1161.5,22757464
2001-03-27,1161.6,1182.7,1157.25,1177.75,34348645
2001-03-28,1177.55,1209.6,1177.55,1206.2,31734710
2001-03-29,1204.9,1210.1,1185.0,1195.1,31581037
2001-03-30,1195.05,1195.25,1144.65,1148.2,33959470
2001-04-02,1148.1,1148.1,1094.35,1138.1,40163288
2001-04-03,1136.65,1153.1,1128.1,1149.25,29797348
2001-04-04,1146.1,1146.15,1120.35,1136.65,27091152
2001-04-06,1137.55,1171.85,1133.05,1139.6,36171484
2001-04-09,1137.6,1138.55,1116.1,1128.35,28396434
2001-04-10,1129.1,1129.75,1093.05,1103.05,35199275
2001-04-11,1104.9,1116.85,1056.1,1066.8,39177495
2001-04-12,1066.75,1066.75,1001.8,1024.9,47079193
2001-04-16,1024.0,1049.4,1000.1,1044.6,44790803
2001-04-17,1044.85,1072.9,1037.7,1067.0,50797893
2001-04-18,1066.5,1106.3,1063.05,1103.4,55976491
2001-04-19,1103.6,1159.3,1103.6,1144.45,70684003
2001-04-20,1145.75,1156.45,1120.6,1144.0,49354917
2001-04-23,1144.05,1162.05,1137.3,1149.75,48547640
2001-04-24,1149.6,1149.6,1128.4,1146.3,42006905
2001-04-25,1146.5,1162.85,1142.3,1155.35,52927065
2001-04-26,1155.4,1170.2,1138.85,1143.75,55932790
2001-04-27,1143.65,1143.65,1078.1,1101.3,56498863
2001-04-30,1101.45,1127.9,1101.45,1125.25,42750822
2001-05-02,1125.45,1150.65,1125.25,1137.2,43257145
2001-05-03,1137.15,1139.85,1117.7,1122.05,35696448
2001-05-04,1121.45,1131.95,1113.65,1130.05,42006775
2001-05-07,1130.05,1145.4,1130.05,1139.2,35261515
2001-05-08,1139.25,1151.95,1138.2,1148.95,43301789
2001-05-09,1149.9,1164.3,1145.25,1149.25,55608670
2001-05-10,1149.1,1151.6,1139.25,1144.95,37684921
2001-05-11,1144.1,1146.85,1136.9,1140.5,42033729
2001-05-14,1140.45,1146.25,1134.05,1140.8,32675541
2001-05-15,1140.75,1147.75,1096.25,1145.3,45135447
2001-05-16,1147.1,1163.15,1146.05,1151.15,48486563
2001-05-17,1151.2,1179.0,1150.6,1174.95,62568541
2001-05-18,1175.0,1187.65,1169.2,1172.8,53432585
2001-05-21,1172.95,1182.65,1166.7,1169.45,43127114
2001-05-22,1169.5,1176.2,1165.65,1168.1,37282910
2001-05-23,1168.25,1181.8,1167.0,1179.1,40537706
2001-05-24,1179.1,1190.15,1177.55,1181.85,49236107
2001-05-25,1181.95,1188.5,1171.35,1174.9,44045491
2001-05-28,1174.95,1194.5,1174.45,1193.2,45583971
2001-05-29,1193.25,1202.05,1193.25,1198.45,44863947
2001-05-30,1199.5,1207.0,1173.75,1177.55,53458645
2001-05-31,1177.5,1177.5,1154.9,1167.9,51326602
2001-06-01,1168.1,1175.8,1146.9,1148.05,45591808
2001-06-04,1148.0,1154.45,1125.35,1127.2,39210374
2001-06-05,1127.15,1130.65,1106.8,1115.6,44902352
2001-06-06,1117.5,1132.95,1114.0,1115.7,34916039
2001-06-07,1115.05,1116.1,1095.45,1112.35,43845499
2001-06-08,1112.45,1128.9,1112.45,1126.6,47213483
2001-06-11,1126.55,1134.8,1122.35,1131.1,35437940
2001-06-12,1131.05,1133.3,1121.8,1127.15,39272103
2001-06-13,1127.1,1132.95,1126.9,1129.0,32960264
2001-06-14,1128.95,1128.95,1110.15,1112.75,40353911
2001-06-15,1112.7,1112.7,1084.2,1087.75,45840395
2001-06-18,1087.75,1087.75,1064.4,1078.3,42081822
2001-06-19,1078.25,1099.7,1075.45,1096.65,37831986
2001-06-20,1096.35,1100.55,1084.7,1097.6,31013783
2001-06-21,1097.9,1102.45,1090.25,1095.2,37933371
2001-06-22,1095.85,1097.8,1081.3,1087.65,37679782
2001-06-25,1087.1,1087.1,1064.4,1067.0,39750113
2001-06-26,1066.4,1099.8,1060.05,1096.6,50432531
2001-06-27,1096.6,1102.8,1086.75,1096.1,46770073
2001-06-28,1095.85,1101.0,1090.2,1094.0,31053307
2001-06-29,1094.05,1114.35,1091.05,1107.9,39500902
2001-07-02,1108.35,1119.55,1097.95,1100.75,18076084
2001-07-03,1097.4,1097.4,1066.05,1069.8,30622828
2001-07-04,1068.05,1074.6,1062.2,1067.95,26706623
2001-07-05,1068.35,1079.35,1066.95,1069.75,27267379
2001-07-06,1069.15,1069.15,1059.6,1065.1,23382015
2001-07-09,1064.8,1064.8,1052.1,1059.5,18018743
2001-07-10,1059.95,1078.1,1059.25,1072.05,21876937
2001-07-11,1072.15,1088.5,1068.35,1083.65,24685120
2001-07-12,1083.8,1109.0,1083.8,1105.5,37170474
2001-07-13,1105.7,1127.15,1103.3,1110.45,39255312
2001-07-16,1110.35,1116.7,1102.45,1105.55,28105463
2001-07-17,1103.55,1106.05,1092.5,1103.1,23685095
2001-07-18,1103.1,1108.45,1088.1,1091.95,26611850
2001-07-19,1091.35,1091.35,1079.55,1085.9,29236416
2001-07-20,1085.95,1089.95,1072.75,1077.7,28964869
2001-07-23,1076.15,1076.15,1063.4,1070.65,1394931
2001-07-24,1065.95,1074.75,1064.5,1072.55,22139911
2001-07-25,1072.45,1073.95,1062.15,1064.2,27922213
2001-07-26,1063.9,1066.55,1050.15,1053.4,32443885
2001-07-27,1053.2,1061.2,1046.9,1051.7,28239132
2001-07-30,1051.45,1062.8,1050.9,1061.45,26457025
2001-07-31,1061.45,1076.35,1053.6,1072.85,34607069
2001-08-01,1073.0,1077.7,1059.75,1063.15,53427200
2001-08-02,1064.25,1070.05,1059.55,1066.0,43294501
2001-08-03,1066.4,1077.55,1066.2,1074.6,43832220
2001-08-06,1074.2,1082.4,1072.55,1075.25,37036989
2001-08-07,1074.35,1079.3,1070.2,1072.1,26869345
2001-08-08,1071.75,1072.1,1059.55,1068.0,28799186
2001-08-09,1068.1,1072.6,1061.4,1070.65,26832655
2001-08-10,1070.65,1076.7,1069.05,1071.15,25904867
2001-08-13,1070.95,1081.4,1061.05,1063.0,21608532
2001-08-14,1063.05,1076.6,1062.2,1075.5,42862979
2001-08-16,1075.2,1083.7,1072.95,1078.95,48317102
2001-08-17,1079.0,1084.0,1067.6,1069.2,51086895
2001-08-20,1062.5,1067.95,1061.0,1063.75,30726001
2001-08-21,1063.65,1071.2,1062.3,1068.7,34638057
2001-08-23,1068.7,1079.0,1065.7,1071.5,29660741
2001-08-24,1071.5,1076.7,1064.9,1069.15,42200669
2001-08-27,1064.05,1078.35,1064.05,1072.55,35798530
2001-08-28,1072.35,1076.85,1069.6,1070.65,31745448
2001-08-29,1070.55,1074.5,1066.45,1067.45,28191743
2001-08-30,1068.3,1070.25,1061.9,1064.15,38781188
2001-08-31,1064.1,1064.1,1051.75,1053.75,34365231
2001-09-03,1054.65,1059.9,1046.35,1048.05,29925067
2001-09-04,1048.2,1053.25,1043.3,1048.2,39738793
2001-09-05,1047.25,1051.55,1043.3,1045.0,35505602
2001-09-06,1047.7,1048.2,1033.4,1036.1,47387436
2001-09-07,1036.35,1037.35,1026.45,1035.2,49214540
2001-09-10,1035.0,1045.3,1031.45,1033.4,36055527
2001-09-11,1033.35,1037.45,1020.7,1023.4,36494424
2001-09-12,1023.25,1023.25,957.95,982.2,34980485
2001-09-13,982.2,993.05,969.0,971.7,41790832
2001-09-14,972.05,974.5,902.7,919.7,49968104
2001-09-17,916.15,916.15,861.05,872.25,46030271
2001-09-18,872.15,910.35,868.5,900.2,71872529
2001-09-19,899.7,915.0,899.7,912.2,52494122
2001-09-20,910.2,910.35,873.7,898.8,55774749
2001-09-21,903.75,903.75,849.95,854.2,47900433
2001-09-24,853.0,878.6,853.0,869.05,48761034
2001-09-25,869.15,893.35,858.85,861.4,54353301
2001-09-26,861.35,877.0,859.2,873.7,52833284
2001-09-27,873.15,893.05,868.3,890.0,51712403
2001-09-28,891.75,922.55,891.0,913.85,63992439
2001-10-01,914.65,919.2,905.5,910.1,49595909
2001-10-03,910.05,915.05,896.25,899.65,40480562
2001-10-04,899.65,914.25,899.65,911.65,47793023
2001-10-05,911.6,919.75,903.05,914.6,38678056
2001-10-08,911.2,913.05,884.65,901.95,36382088
2001-10-09,903.0,914.3,902.55,912.7,36541512
2001-10-10,915.5,942.8,912.9,940.35,53379009
2001-10-11,940.45,959.75,940.45,954.9,49847301
2001-10-12,958.4,969.9,956.85,960.4,55195833
2001-10-15,963.65,966.15,954.35,963.4,43543056
2001-10-16,963.4,973.25,962.5,971.25,47172702
2001-10-17,971.95,989.05,971.95,986.25,53218059
2001-10-18,984.2,984.5,969.35,972.05,42709459
2001-10-19,972.2,981.0,970.85,976.65,38879800
2001-10-22,980.05,994.15,973.2,976.4,44249199
2001-10-23,976.75,994.15,976.55,993.2,51827720
2001-10-24,992.95,1000.95,987.4,991.2,59400439
2001-10-25,991.25,998.0,979.95,983.2,60241032
2001-10-29,983.15,996.6,974.05,977.45,37908923
2001-10-30,977.35,977.35,960.5,963.1,46820016
2001-10-31,962.85,976.4,959.35,971.9,48402824
2001-11-01,973.55,997.3,973.55,994.0,53177458
2001-11-02,994.25,1009.55,991.95,997.6,57608835
2001-11-05,997.25,1001.3,987.85,991.05,44011648
2001-11-06,991.2,1007.4,991.15,1001.9,50531340
2001-11-07,1001.95,1014.1,984.45,987.5,44843739
2001-11-08,987.5,1001.15,985.75,997.7,51431168
2001-11-09,999.1,1008.95,999.1,1004.05,62739687
2001-11-12,1004.55,1014.25,1003.6,1010.9,46429666
2001-11-13,1010.95,1013.25,999.85,1005.4,43465584
2001-11-14,1005.45,1017.2,1004.7,1015.8,13831835
2001-11-15,1016.05,1038.35,1015.15,1035.7,50501218
2001-11-19,1034.2,1072.0,1032.85,1068.15,73038463
2001-11-20,1067.3,1082.4,1046.15,1050.2,72218774
2001-11-21,1050.4,1064.85,1046.3,1056.35,57521765
2001-11-22,1056.45,1075.9,1056.45,1062.45,60059388
2001-11-23,1063.05,1075.05,1057.3,1059.0,54530688
2001-11-26,1059.25,1084.65,1059.25,1080.6,52432285
2001-11-27,1087.6,1097.6,1071.05,1076.05,67611969
2001-11-28,1076.15,1082.3,1067.65,1070.8,58924642
2001-11-29,1070.3,1071.0,1063.0,1067.15,60878364
2001-12-03,1067.2,1074.5,1063.25,1065.4,53290729
2001-12-04,1066.05,1082.6,1065.65,1077.7,58418781
2001-12-05,1077.95,1107.15,1077.95,1104.55,67346487
2001-12-06,1105.1,1132.65,1105.1,1110.45,77041903
2001-12-07,1110.9,1122.65,1109.65,1112.3,59278142
2001-12-10,1112.15,1123.55,1112.15,1115.25,54626721
2001-12-11,1112.15,1122.85,1107.7,1110.2,69174821
2001-12-12,1110.65,1121.55,1104.75,1107.65,54115209
2001-12-13,1107.75,1114.15,1069.95,1098.75,66162787
2001-12-14,1098.65,1102.9,1082.75,1087.85,41868889
2001-12-18,1089.9,1098.0,1071.35,1082.3,47044326
2001-12-19,1082.5,1086.35,1057.1,1060.75,49991317
2001-12-20,1060.45,1064.8,1047.5,1062.0,55791413
2001-12-21,1061.8,1061.8,1043.65,1050.85,47173980
2001-12-24,1051.0,1055.0,1032.6,1048.5,41895503
2001-12-26,1048.9,1058.3,1030.5,1034.25,42610311
2001-12-27,1033.85,1037.7,1017.35,1020.0,60268297
2001-12-28,1019.9,1036.35,1010.45,1033.8,56360665
2001-12-31,1033.9,1062.3,1033.9,1059.05,53151737
2002-01-01,1058.85,1071.15,1052.05,1055.3,43951938
2002-01-02,1054.95,1065.25,1054.1,1060.75,49608297
2002-01-03,1063.45,1074.85,1062.9,1072.25,61870889
2002-01-04,1072.4,1099.25,1072.4,1096.2,74407831
2002-01-07,1093.05,1111.55,1093.05,1100.15,61389127
2002-01-08,1100.55,1114.55,1097.9,1109.9,67831569
2002-01-09,1110.0,1119.4,1098.7,1102.8,74868151
2002-01-10,1098.8,1105.35,1093.6,1098.2,68965273
2002-01-11,1098.15,1105.9,1073.45,1088.55,71147237
2002-01-14,1089.45,1118.5,1089.45,1109.8,60424974
2002-01-15,1109.45,1112.6,1090.2,1094.15,55221142
2002-01-16,1094.15,1104.8,1085.3,1090.3,59753435
2002-01-17,1090.25,1116.05,1078.95,1109.2,83524489
2002-01-18,1109.55,1121.75,1089.05,1093.15,84626074
2002-01-21,1093.25,1099.8,1082.65,1091.35,64348299
2002-01-22,1091.35,1099.0,1090.0,1092.85,55745783
2002-01-23,1092.85,1096.95,1087.5,1089.4,53732790
2002-01-24,1089.6,1098.6,1081.7,1085.3,47718204
2002-01-25,1085.85,1089.7,1077.0,1080.1,59839751
2002-01-28,1083.25,1088.75,1068.7,1071.35,49771696
2002-01-29,1071.35,1076.45,1068.85,1071.65,58946386
2002-01-30,1072.85,1072.85,1058.8,1067.45,50687169
2002-01-31,1067.65,1082.0,1067.65,1075.4,66028228
2002-02-01,1076.95,1088.05,1076.95,1081.65,58399504
2002-02-04,1083.05,1086.95,1074.15,1076.9,57892596
2002-02-05,1076.25,1081.2,1069.4,1074.25,68534066
2002-02-06,1074.4,1117.1,1074.0,1113.1,73870009
2002-02-07,1114.85,1130.95,1104.3,1110.45,93831069
2002-02-08,1112.8,1131.85,1104.45,1123.75,73014449
2002-02-11,1124.85,1144.15,1124.85,1131.55,61164119
2002-02-12,1131.95,1143.3,1125.55,1129.5,59329834
2002-02-13,1129.8,1142.3,1129.6,1135.1,55749416
2002-02-14,1135.5,1151.65,1133.85,1150.0,60597908
2002-02-15,1150.65,1164.1,1150.3,1159.95,67681171
2002-02-18,1159.85,1177.05,1156.7,1172.85,59695028
2002-02-19,1172.85,1178.1,1155.1,1158.9,59280466
2002-02-20,1158.45,1158.45,1134.65,1145.95,49629349
2002-02-21,1146.05,1158.05,1146.05,1149.85,34460898
2002-02-22,1149.85,1165.7,1145.5,1163.5,53387825
2002-02-25,1163.65,1167.6,1155.45,1165.45,51745981
2002-02-26,1165.75,1192.65,1165.75,1189.4,66999666
2002-02-27,1190.15,1205.95,1180.0,1189.2,76052450
2002-02-28,1189.6,1197.0,1135.2,1142.05,104258064
2002-03-01,1142.05,1181.25,1135.45,1178.0,68816352
2002-03-04,1178.45,1201.1,1172.3,1177.35,74298964
2002-03-05,1176.4,1193.1,1175.15,1178.5,63428456
2002-03-06,1176.55,1182.65,1162.75,1172.6,61487666
2002-03-07,1173.6,1195.2,1173.6,1193.05,50206347
2002-03-08,1193.6,1199.6,1182.55,1187.65,50281539
2002-03-11,1187.5,1192.75,1164.55,1167.85,50588345
2002-03-12,1167.85,1171.2,1144.3,1150.45,50380999
2002-03-13,1150.2,1165.4,1143.55,1157.05,41957225
2002-03-14,1156.85,1163.65,1153.15,1159.45,31818825
2002-03-15,1159.6,1173.75,1159.6,1169.75,61764394
2002-03-18,1169.95,1184.7,1163.75,1169.3,44598134
2002-03-19,1169.4,1170.8,1150.3,1152.15,40006138
2002-03-20,1152.05,1158.95,1148.5,1155.6,41282550
2002-03-21,1155.55,1155.55,1141.05,1144.2,32471168
2002-03-22,1144.5,1148.65,1135.9,1138.45,36787369
2002-03-26,1138.1,1140.2,1117.85,1123.05,32691866
2002-03-27,1130.0,1134.1,1121.35,1123.35,41551364
2002-03-28,1123.6,1138.45,1123.6,1129.55,55362083
2002-04-01,1129.85,1143.3,1129.85,1138.95,41464447
2002-04-02,1138.8,1147.3,1132.3,1136.95,50733525
2002-04-03,1136.6,1136.9,1121.45,1123.5,39862825
2002-04-04,1124.05,1149.65,1123.9,1145.9,49472486
2002-04-05,1146.05,1153.3,1139.9,1141.95,40192567
2002-04-08,1141.9,1147.9,1134.0,1135.25,31263947
2002-04-09,1135.15,1137.45,1122.1,1126.7,37258542
2002-04-10,1126.7,1140.25,1125.75,1138.5,48371804
2002-04-11,1138.55,1150.2,1138.55,1143.6,48509919
2002-04-12,1143.25,1151.55,1138.65,1146.5,38866977
2002-04-15,1146.55,1152.55,1130.45,1134.15,32838768
2002-04-16,1130.8,1133.5,1116.65,1118.75,32533210
2002-04-17,1119.0,1136.6,1118.95,1125.1,34383746
2002-04-18,1125.25,1135.0,1123.8,1129.0,34219373
2002-04-19,1125.55,1127.05,1097.6,1100.3,42127555
2002-04-22,1100.5,1107.2,1088.05,1104.15,38335333
2002-04-23,1104.0,1108.8,1095.0,1106.0,39715536
2002-04-24,1106.25,1116.85,1105.7,1110.6,40697311
2002-04-25,1110.65,1113.85,1089.0,1094.3,44989860
2002-04-26,1094.25,1103.35,1094.1,1097.4,30866979
2002-04-29,1097.55,1098.65,1073.3,1074.2,41590165
2002-04-30,1074.25,1085.75,1073.4,1084.5,35796410
2002-05-02,1084.8,1101.1,1084.8,1093.3,44413724
2002-05-03,1093.4,1098.6,1091.5,1096.95,34201217
2002-05-06,1096.95,1102.05,1096.25,1100.95,33065194
2002-05-07,1100.9,1111.85,1096.65,1110.7,34359853
2002-05-08,1110.7,1122.7,1110.7,1117.6,38154848
2002-05-09,1117.7,1136.55,1117.7,1127.6,41844601
2002-05-10,1127.05,1127.3,1111.15,1116.4,39471255
2002-05-13,1116.8,1121.95,1114.2,1119.65,35779577
2002-05-14,1119.95,1125.95,1111.45,1115.1,45786733
2002-05-15,1115.15,1121.5,1102.65,1107.8,43830185
2002-05-16,1108.25,1111.25,1089.85,1092.8,48839381
2002-05-17,1092.8,1099.75,1079.95,1090.65,55619999
2002-05-20,1091.7,1097.95,1071.35,1074.35,43649853
2002-05-21,1074.75,1074.85,1028.25,1049.2,69838950
2002-05-22,1049.5,1050.9,1035.5,1045.3,50691915
2002-05-23,1045.2,1045.35,1024.3,1026.75,40362927
2002-05-24,1026.9,1069.2,1026.9,1067.0,51001192
2002-05-27,1067.0,1071.5,1054.1,1062.7,45839909
2002-05-28,1061.9,1062.3,1034.1,1038.2,47296910
2002-05-29,1038.2,1047.95,1026.5,1041.65,59425589
2002-05-30,1041.4,1049.95,1030.1,1032.15,56754281
2002-05-31,1032.5,1037.7,1020.1,1028.8,48912840
2002-06-03,1029.25,1047.25,1029.25,1039.75,35078791
2002-06-04,1040.15,1047.4,1036.55,1045.4,31085674
2002-06-05,1045.55,1067.5,1045.0,1064.2,48382002
2002-06-06,1064.15,1072.0,1055.5,1064.35,49917727
2002-06-07,1063.75,1063.75,1044.35,1048.8,34431823
2002-06-10,1049.95,1072.5,1049.95,1069.9,36192600
2002-06-11,1070.95,1099.5,1070.55,1097.05,57802224
2002-06-12,1097.15,1100.45,1088.5,1092.8,45733083
2002-06-13,1093.0,1102.05,1080.8,1082.85,36920383
2002-06-14,1081.75,1087.6,1079.45,1085.7,45124098
2002-06-17,1085.8,1097.55,1085.7,1088.9,35014054
2002-06-18,1088.9,1097.4,1073.75,1074.95,38285735
2002-06-19,1074.7,1079.2,1056.45,1062.9,46367417
2002-06-20,1063.1,1074.0,1056.25,1070.05,44432596
2002-06-21,1069.5,1069.8,1058.95,1062.55,36400989
2002-06-24,1065.6,1065.6,1054.45,1061.85,28998464
2002-06-25,1061.9,1063.3,1048.55,1055.4,48986465
2002-06-26,1055.35,1061.05,1042.2,1044.2,38081458
2002-06-27,1044.5,1053.7,1044.0,1048.55,50093269
2002-06-28,1049.4,1068.9,1049.4,1057.8,42669654
2002-07-01,1058.0,1070.15,1058.0,1068.95,31615730
2002-07-02,1067.9,1071.7,1064.95,1068.05,42057870
2002-07-03,1067.8,1074.0,1065.55,1069.9,39630859
2002-07-04,1069.95,1078.55,1068.4,1070.55,39803828
2002-07-05,1071.0,1076.2,1067.45,1073.8,31658677
2002-07-08,1074.0,1085.3,1072.9,1082.05,41663659
2002-07-09,1081.9,1083.65,1077.55,1080.3,39642048
2002-07-10,1081.55,1087.4,1069.45,1071.7,40196542
2002-07-11,1070.95,1070.95,1055.3,1056.6,36454257
2002-07-12,1057.1,1064.9,1054.9,1058.25,31397210
2002-07-15,1057.95,1058.45,1043.3,1048.0,30059725
2002-07-16,1047.9,1051.85,1033.95,1035.95,41557411
2002-07-17,1035.95,1037.5,1025.0,1032.55,36540126
2002-07-18,1032.55,1044.0,1032.55,1041.3,32852208
2002-07-19,1041.35,1041.5,1032.25,1035.9,38248003
2002-07-22,1035.2,1035.2,1009.0,1012.0,38097742
2002-07-23,1012.05,1023.65,1005.75,1021.9,48047033
2002-07-24,1021.8,1022.2,1001.9,1004.05,43163651
2002-07-25,1004.2,1021.3,997.85,1001.55,77644954
2002-07-26,1001.05,1001.05,972.55,973.5,59582074
2002-07-29,973.0,977.95,953.15,971.65,55206523
2002-07-30,973.0,987.5,956.8,960.65,54986098
2002-07-31,960.3,964.1,943.6,958.9,58530809
2002-08-01,959.2,972.05,954.15,957.7,43346922
2002-08-02,957.55,957.55,935.55,954.75,42399615
2002-08-05,954.9,966.5,953.9,963.25,42315175
2002-08-06,963.3,969.55,955.4,966.65,40644012
2002-08-07,967.7,978.6,966.55,969.1,44116134
2002-08-08,969.15,971.75,951.2,953.55,42631668
2002-08-09,953.8,963.85,948.0,961.95,53339216
2002-08-12,961.15,971.55,961.15,969.85,38876795
2002-08-13,970.4,977.2,969.9,976.05,26756958
2002-08-14,976.05,976.25,967.25,969.65,40794287
2002-08-16,970.75,981.2,968.35,979.25,33890407
2002-08-19,979.4,983.55,978.2,979.85,29704038
2002-08-20,979.75,990.85,979.05,988.55,41504172
2002-08-21,988.6,994.25,984.35,988.45,55111392
2002-08-22,988.55,995.3,983.45,985.7,40653997
2002-08-23,985.75,996.4,984.7,995.2,39913412
2002-08-26,992.4,1001.45,986.15,998.85,45092815
2002-08-27,998.85,1003.3,985.7,987.7,54473165
2002-08-28,987.35,988.1,981.1,985.7,44209404
2002-08-29,985.85,989.4,981.45,987.25,75078066
2002-08-30,987.65,1012.75,986.7,1010.6,70534773
2002-09-02,1010.9,1024.65,1010.85,1013.5,56393644
2002-09-03,1013.65,1014.8,999.4,1001.1,44809812
2002-09-04,1000.7,1008.8,990.85,1006.95,53158549
2002-09-05,1006.9,1013.45,1004.2,1008.6,57436407
2002-09-06,1008.45,1008.45,992.7,995.2,45009048
2002-09-09,992.05,1005.85,985.25,998.55,51864825
2002-09-11,998.6,1002.35,993.35,998.85,44180814
2002-09-12,998.95,1005.15,998.8,1001.65,43058940
2002-09-13,1001.4,1001.4,989.85,992.0,31250206
2002-09-16,991.75,997.0,983.55,985.75,30548896
2002-09-17,985.75,996.8,985.75,994.9,35811735
2002-09-18,994.15,994.15,981.6,983.6,35931214
2002-09-19,983.45,985.25,970.8,976.05,40460954
2002-09-20,975.6,975.6,960.7,969.6,46970014
2002-09-23,969.85,974.75,967.35,970.3,39800308
2002-09-24,969.95,969.95,960.2,966.2,40927813
2002-09-25,964.65,971.85,960.5,970.05,44112468
2002-09-26,970.1,976.25,968.25,969.9,29510252
2002-09-27,969.95,978.0,969.25,976.45,48529490
2002-09-30,976.15,976.15,961.55,963.15,38959112
2002-10-01,961.15,964.2,950.3,955.2,43093930
2002-10-03,955.35,957.9,945.8,948.2,41043857
2002-10-04,948.1,951.8,944.5,948.2,44508105
2002-10-07,947.8,956.35,946.25,954.75,40189307
2002-10-08,954.8,963.15,952.5,960.8,54859797
2002-10-09,960.85,968.75,952.95,954.75,46565044
2002-10-10,954.8,960.45,945.0,958.45,47794544
2002-10-11,958.45,973.5,958.45,971.05,50971734
2002-10-14,971.5,976.5,969.0,972.45,40659614
2002-10-16,972.9,983.6,971.7,973.6,49810083
2002-10-17,973.7,976.05,966.55,973.3,56768806
2002-10-18,973.8,982.5,968.8,971.65,52619622
2002-10-21,971.75,976.2,965.65,967.35,32914353
2002-10-22,967.5,976.35,961.65,962.5,35375332
2002-10-23,962.9,963.75,955.45,957.35,50462667
2002-10-24,957.7,959.8,945.0,946.9,38784328
2002-10-25,946.8,946.8,929.25,932.2,50212164
2002-10-28,932.35,934.9,920.1,922.7,41855140
2002-10-29,922.55,939.7,921.65,936.9,63152064
2002-10-30,936.15,944.35,935.9,937.75,59331163
2002-10-31,937.35,953.3,937.05,951.4,101284389
2002-11-01,951.45,956.95,946.4,951.45,81886663
2002-11-04,951.6,965.5,951.6,962.1,20401035
2002-11-05,962.85,963.7,957.2,962.3,46548237
2002-11-07,962.35,970.2,957.95,960.7,61354415
2002-11-08,960.5,960.95,954.35,956.95,47446182
2002-11-11,957.55,958.55,952.1,954.05,43589114
2002-11-12,953.9,960.85,948.05,959.85,44778171
2002-11-13,960.35,965.75,956.9,962.65,50761991
2002-11-14,964.15,974.1,963.5,971.9,62899686
2002-11-15,972.3,992.05,972.3,990.35,71314009
2002-11-18,990.35,1000.3,989.05,996.85,65778859
2002-11-20,996.85,1007.2,992.3,1001.6,79534922
2002-11-21,1001.8,1012.75,1001.8,1008.75,70834273
2002-11-22,1009.5,1026.0,1009.5,1020.15,82797325
2002-11-25,1020.9,1030.35,1017.5,1026.2,65195626
2002-11-26,1026.4,1040.45,1026.0,1036.15,78128618
2002-11-27,1036.35,1042.2,1027.7,1031.1,68616818
2002-11-28,1031.25,1051.75,1031.25,1049.7,75687832
2002-11-29,1049.55,1057.45,1040.95,1050.15,62330269
2002-12-02,1050.15,1070.15,1050.15,1067.9,74959263
2002-12-03,1067.7,1075.75,1051.8,1055.0,76920329
2002-12-04,1055.75,1055.75,1034.1,1036.4,63804437
2002-12-05,1036.75,1052.45,1036.75,1045.95,66830738
2002-12-06,1047.55,1072.25,1047.55,1069.8,86984722
2002-12-09,1070.5,1085.75,1054.95,1058.65,98466325
2002-12-10,1058.35,1066.1,1045.65,1063.7,74261316
2002-12-11,1064.1,1076.95,1062.3,1069.75,75858834
2002-12-12,1069.95,1078.85,1066.8,1077.0,64366654
2002-12-13,1074.45,1087.35,1074.45,1086.2,59302311
2002-12-16,1089.0,1100.0,1075.55,1078.45,66320701
2002-12-17,1078.7,1084.95,1069.0,1073.25,54160964
2002-12-18,1073.2,1083.65,1072.85,1077.95,58440571
2002-12-19,1077.85,1079.9,1070.5,1076.0,60426570
2002-12-20,1075.45,1084.95,1075.4,1079.3,48150321
2002-12-23,1079.3,1082.6,1073.35,1076.0,39095304
2002-12-24,1075.95,1087.0,1072.65,1085.0,46070600
2002-12-26,1085.05,1100.4,1085.05,1094.8,70340712
2002-12-27,1095.65,1103.95,1095.6,1098.4,61404780
2002-12-30,1095.8,1095.8,1084.35,1091.95,47674403
2002-12-31,1091.85,1100.1,1091.7,1093.5,46467775
2003-01-01,1093.6,1102.1,1093.6,1100.15,38958168
2003-01-02,1100.55,1105.6,1091.2,1093.05,63892238
2003-01-03,1094.45,1099.85,1087.3,1089.6,61476283
2003-01-06,1089.75,1093.05,1081.25,1084.35,47347534
2003-01-07,1084.4,1089.85,1078.95,1081.8,53731411
2003-01-08,1082.4,1091.45,1082.3,1089.35,51031790
2003-01-09,1089.75,1099.15,1087.75,1097.35,44479270
2003-01-10,1097.6,1103.25,1077.4,1080.25,54047778
2003-01-13,1080.25,1080.4,1070.75,1073.75,46771066
2003-01-14,1072.7,1080.8,1070.3,1078.95,44511095
2003-01-15,1077.9,1087.5,1077.8,1085.0,45491014
2003-01-16,1085.05,1091.35,1083.95,1088.35,45419748
2003-01-17,1089.3,1090.25,1083.2,1086.5,47498203
2003-01-20,1086.25,1087.0,1074.2,1076.35,44276855
2003-01-21,1076.3,1080.5,1074.1,1077.9,50161614
2003-01-22,1078.45,1086.2,1073.6,1082.9,48868230
2003-01-23,1081.4,1083.15,1069.05,1070.9,59861682
2003-01-24,1070.6,1075.2,1053.4,1056.05,61550716
2003-01-27,1057.8,1059.35,1030.35,1037.65,63980714
2003-01-28,1036.35,1047.95,1026.75,1046.2,69969592
2003-01-29,1059.8,1059.8,1033.3,1037.2,71658988
2003-01-30,1037.15,1050.55,1031.35,1034.6,79530492
2003-01-31,1034.75,1044.25,1026.2,1041.85,76707456
2003-02-03,1040.25,1056.6,1036.5,1055.3,47032852
2003-02-04,1056.55,1063.7,1050.45,1054.8,57858399
2003-02-05,1054.3,1054.65,1041.75,1047.4,53799329
2003-02-06,1047.25,1065.95,1043.7,1063.6,48003528
2003-02-07,1063.75,1065.8,1055.5,1057.5,55925333
2003-02-10,1058.2,1058.75,1047.15,1048.6,42872573
2003-02-11,1048.6,1055.8,1044.55,1048.0,47493149
2003-02-12,1048.15,1051.0,1040.4,1044.45,53197866
2003-02-14,1044.45,1047.05,1034.1,1036.0,43897560
2003-02-17,1036.2,1060.5,1036.2,1058.2,49290270
2003-02-18,1058.95,1065.15,1057.6,1059.3,48386712
2003-02-19,1059.3,1068.8,1059.3,1064.3,45848907
2003-02-20,1064.15,1071.7,1058.35,1065.6,51011262
2003-02-21,1065.6,1069.2,1061.1,1066.15,49463111
2003-02-24,1066.2,1075.5,1066.2,1070.15,45246292
2003-02-25,1070.1,1073.25,1054.9,1055.55,34610805
2003-02-26,1055.6,1059.6,1048.2,1049.65,57563920
2003-02-27,1049.6,1057.45,1044.9,1052.95,63410023
2003-02-28,1053.65,1068.65,1053.65,1063.4,82249558
2003-03-03,1063.55,1070.85,1057.55,1058.85,46368797
2003-03-04,1058.7,1058.7,1045.2,1046.6,37230678
2003-03-05,1046.55,1046.55,1029.9,1040.7,52522971
2003-03-06,1040.3,1040.75,1029.55,1031.25,41244807
2003-03-07,1031.05,1031.05,1014.3,1017.1,45653477
2003-03-10,1017.1,1021.5,1004.35,1006.7,41937474
2003-03-11,1006.65,1016.7,998.95,1014.55,49640682
2003-03-12,1014.25,1017.75,1000.05,1001.7,44964940
2003-03-13,1001.5,1006.4,994.2,999.65,47582037
2003-03-17,999.7,1000.85,982.7,993.0,43454602
2003-03-19,993.35,1011.45,992.9,1003.9,47894712
2003-03-20,1003.45,1028.9,1001.75,1025.25,62394776
2003-03-21,1025.55,1033.7,1022.05,1030.55,50206057
2003-03-22,1030.6,1039.8,1030.6,1037.15,19834836
2003-03-24,1037.15,1038.55,1011.95,1013.9,42047884
2003-03-25,1013.5,1013.5,998.4,1011.3,46533129
2003-03-26,1011.55,1019.9,1004.85,1013.85,40991502
2003-03-27,1013.9,1013.9,999.6,1002.7,50307563
2003-03-28,1002.8,1006.3,996.75,1000.6,41726885
2003-03-31,1000.6,1000.6,974.1,978.2,41575833
2003-04-01,977.4,992.05,973.5,984.3,50070441
2003-04-02,984.45,1002.1,984.45,999.4,49613799
2003-04-03,999.55,1010.75,999.55,1009.15,48980845
2003-04-04,1009.15,1018.25,1002.75,1016.95,55418219
2003-04-07,1017.05,1033.45,1017.05,1031.5,53490204
2003-04-08,1032.0,1032.0,1016.6,1018.1,49369923
2003-04-09,1018.0,1018.0,1002.3,1004.85,45373972
2003-04-10,1003.8,1003.8,958.2,962.2,73197133
2003-04-11,958.9,965.15,935.7,949.8,83519810
2003-04-15,951.8,964.2,938.8,951.2,59848779
2003-04-16,950.65,961.75,949.0,958.65,52698724
2003-04-17,958.65,958.65,936.7,940.7,47281254
2003-04-21,941.5,949.7,941.5,947.2,51700926
2003-04-22,947.1,951.4,937.85,943.5,65115537
2003-04-23,943.75,951.2,931.5,934.2,66282840
2003-04-24,934.2,943.15,927.8,929.7,107328010
2003-04-25,929.45,931.35,921.1,924.3,65197821
2003-04-28,922.85,931.05,920.0,929.5,62369319
2003-04-29,929.75,936.9,929.75,932.3,57870020
2003-04-30,935.25,935.55,929.85,934.05,63802968
2003-05-02,930.9,940.2,930.8,938.3,62768613
2003-05-05,937.45,948.95,936.65,945.4,65759521
2003-05-06,945.85,955.0,943.2,951.85,71311687
2003-05-07,950.4,956.65,948.9,950.15,69371421
2003-05-08,950.15,951.3,938.7,941.55,66562642
2003-05-09,941.6,941.65,935.8,937.85,51202220
2003-05-12,938.5,944.45,934.0,936.0,45850053
2003-05-13,936.9,945.8,936.7,944.2,55131529
2003-05-14,944.2,953.45,943.15,952.15,50634950
2003-05-15,952.15,961.6,951.15,959.85,49127274
2003-05-16,959.85,974.4,959.85,973.1,53821532
2003-05-19,973.7,979.85,964.6,966.55,61264454
2003-05-20,964.65,974.05,959.8,971.55,60797431
2003-05-21,972.05,980.75,965.55,968.0,57374488
2003-05-22,967.95,972.4,960.05,963.25,55564023
2003-05-23,963.5,972.9,962.4,967.9,64215772
2003-05-26,967.85,983.9,967.1,982.45,54019157
2003-05-27,982.35,990.0,974.25,976.85,58429965
2003-05-28,977.65,992.25,977.55,990.8,64763004
2003-05-29,990.8,1004.85,989.5,1002.6,91560152
2003-05-30,1000.05,1013.85,994.65,1006.8,73782145
2003-06-02,1006.85,1020.5,1004.7,1015.15,67864677
2003-06-03,1015.9,1016.9,1007.65,1010.65,56893849
2003-06-04,1010.7,1022.75,1010.1,1021.05,63191749
2003-06-05,1021.1,1038.3,1021.1,1035.05,89524111
2003-06-06,1036.2,1048.85,1035.95,1046.4,74620221
2003-06-09,1046.0,1057.05,1039.85,1052.1,58750135
2003-06-10,1052.0,1056.55,1033.95,1037.8,76478522
2003-06-11,1038.0,1048.25,1035.0,1044.1,61659164
2003-06-12,1044.2,1052.6,1043.1,1051.3,58625881
2003-06-13,1050.95,1059.45,1050.95,1056.2,61693409
2003-06-16,1056.5,1059.8,1045.55,1051.8,56080695
2003-06-17,1052.3,1083.2,1052.3,1081.95,72620597
2003-06-18,1082.8,1093.2,1080.9,1086.75,82701728
2003-06-19,1085.95,1097.0,1078.9,1092.55,75600994
2003-06-20,1092.65,1101.6,1081.35,1100.25,70937531
2003-06-23,1100.6,1106.15,1087.65,1089.2,61149315
2003-06-24,1089.2,1092.65,1079.1,1085.35,61821312
2003-06-25,1085.65,1109.75,1084.35,1106.65,76190759
2003-06-26,1106.8,1118.9,1106.8,1116.35,92146328
2003-06-27,1117.45,1126.8,1109.35,1125.55,87543575
2003-06-30,1125.6,1141.3,1125.5,1134.15,67933704
2003-07-01,1133.95,1139.0,1125.75,1130.7,64850149
2003-07-02,1131.55,1145.4,1130.2,1133.8,73749783
2003-07-03,1133.8,1150.75,1126.35,1144.65,87418530
2003-07-04,1145.6,1148.85,1134.0,1138.45,57673799
2003-07-07,1138.9,1145.75,1134.6,1140.55,57428401
2003-07-08,1141.45,1153.15,1141.3,1145.9,68365550
2003-07-09,1146.35,1155.3,1137.15,1141.05,53365632
2003-07-10,1146.0,1163.6,1146.0,1162.35,74515376
2003-07-11,1162.3,1170.75,1157.45,1161.65,73790385
2003-07-14,1161.2,1173.95,1161.2,1171.5,69731056
2003-07-15,1171.5,1175.55,1148.8,1159.85,77635571
2003-07-16,1158.7,1170.45,1148.6,1168.75,67838029
2003-07-17,1168.85,1175.95,1145.65,1152.0,80352181
2003-07-18,1151.85,1162.6,1130.45,1140.0,77573758
2003-07-21,1140.0,1146.4,1112.55,1115.8,72114632
2003-07-22,1115.35,1118.25,1089.3,1109.2,80609731
2003-07-23,1109.6,1124.7,1109.6,1119.05,93262817
2003-07-24,1119.95,1144.35,1118.55,1139.45,92464124
2003-07-25,1135.5,1164.7,1135.05,1162.75,85402139
2003-07-28,1163.25,1180.6,1163.25,1169.2,82800855
2003-07-29,1169.25,1177.25,1154.8,1174.75,76214167
2003-07-30,1175.3,1187.7,1168.45,1183.0,82323601
2003-07-31,1183.3,1198.5,1181.9,1185.85,117341864
2003-08-01,1185.8,1198.8,1180.3,1195.75,86333839
2003-08-04,1196.05,1206.1,1185.95,1203.6,101511770
2003-08-05,1203.9,1218.5,1181.0,1184.45,108251167
2003-08-06,1184.1,1191.05,1164.75,1171.05,112282482
2003-08-07,1170.75,1199.7,1170.75,1196.95,112321440
2003-08-08,1199.7,1224.5,1199.7,1222.65,130088954
2003-08-11,1222.6,1240.35,1215.75,1232.85,154664395
2003-08-12,1233.95,1249.35,1229.8,1234.75,146062165
2003-08-13,1235.35,1249.35,1229.3,1246.9,127521351
2003-08-14,1247.0,1260.35,1243.4,1247.75,150830207
2003-08-18,1247.9,1285.7,1247.9,1281.4,214890048
2003-08-19,1286.05,1307.6,1268.1,1277.7,233905141
2003-08-20,1280.8,1292.95,1280.8,1287.4,179404320
2003-08-21,1288.2,1304.15,1287.0,1300.95,147954336
2003-08-22,1301.5,1319.45,1298.8,1311.15,174012616
2003-08-25,1311.95,1332.55,1245.85,1271.1,189194819
2003-08-26,1270.2,1322.95,1269.5,1318.2,203044555
2003-08-27,1318.75,1346.3,1318.75,1340.3,186171921
2003-08-28,1340.2,1349.0,1328.35,1341.05,147158684
2003-08-29,1341.2,1365.8,1340.8,1356.55,187820071
2003-09-01,1356.7,1379.4,1356.65,1375.95,120487114
2003-09-02,1375.95,1388.95,1366.9,1385.45,129850160
2003-09-03,1387.2,1394.95,1353.6,1359.35,169287905
2003-09-04,1358.9,1382.6,1355.8,1372.7,171389654
2003-09-05,1373.0,1400.9,1372.75,1398.4,139876884
2003-09-08,1398.4,1420.25,1398.35,1417.35,109014271
2003-09-09,1417.8,1430.7,1397.65,1407.05,132144013
2003-09-10,1407.0,1414.1,1389.65,1409.55,184176199
2003-09-11,1409.65,1422.4,1399.6,1403.15,154182208
2003-09-12,1405.55,1415.65,1367.15,1372.1,141936153
2003-09-15,1371.75,1371.85,1322.65,1329.25,144295345
2003-09-16,1330.15,1362.1,1299.5,1357.95,194591088
2003-09-17,1357.95,1377.45,1332.2,1341.6,165349781
2003-09-18,1341.45,1342.6,1299.25,1302.35,142763465
2003-09-19,1303.2,1331.05,1285.25,1322.15,152262512
2003-09-22,1319.25,1333.55,1300.25,1302.9,114650274
2003-09-23,1302.85,1333.7,1290.55,1328.2,118684243
2003-09-24,1324.85,1373.9,1322.65,1372.05,137395795
2003-09-25,1371.45,1377.25,1352.8,1357.2,196918451
2003-09-26,1357.55,1389.3,1357.35,1386.95,142165715
2003-09-29,1386.9,1422.35,1386.1,1399.95,139656652
2003-09-30,1400.7,1418.1,1399.8,1417.1,117562513
2003-10-01,1416.6,1430.9,1407.95,1420.85,118748942
2003-10-03,1420.85,1451.2,1420.85,1449.3,140535297
2003-10-06,1449.45,1481.05,1423.75,1478.9,145928936
2003-10-07,1478.95,1498.45,1467.75,1477.85,210467958
2003-10-08,1477.85,1493.05,1460.6,1478.6,147781840
2003-10-09,1487.85,1505.05,1478.4,1502.1,117870572
2003-10-10,1507.1,1527.25,1505.1,1523.1,152851144
2003-10-13,1523.35,1550.9,1516.05,1546.75,132233265
2003-10-14,1548.7,1562.85,1513.75,1520.8,182174604
2003-10-15,1521.45,1543.85,1503.0,1537.0,152159445
2003-10-16,1537.3,1563.4,1537.3,1555.7,162780171
2003-10-17,1565.2,1574.1,1552.15,1569.45,200565508
2003-10-20,1569.7,1574.1,1536.5,1542.7,167970501
2003-10-21,1546.2,1549.65,1496.95,1506.5,196133297
2003-10-22,1506.75,1522.65,1483.0,1494.1,152764083
2003-10-23,1494.75,1503.0,1466.25,1470.45,133913651
2003-10-24,1485.8,1512.55,1434.75,1506.05,150857549
2003-10-25,1506.05,1533.05,1506.05,1521.95,43192470
2003-10-27,1522.05,1524.05,1482.0,1485.3,135062137
2003-10-28,1485.45,1500.8,1471.3,1481.75,138887809
2003-10-29,1481.3,1501.7,1477.1,1498.45,134071278
2003-10-30,1499.25,1524.25,1495.8,1516.85,202265871
2003-10-31,1517.1,1559.75,1515.55,1555.9,154475544
2003-11-03,1556.5,1605.6,1556.5,1601.65,151954886
2003-11-04,1601.3,1626.4,1601.3,1618.7,205241333
2003-11-05,1618.7,1627.6,1592.55,1609.15,151581079
2003-11-06,1610.55,1630.25,1605.4,1612.2,174022088
2003-11-07,1612.1,1624.5,1585.35,1592.05,138361140
2003-11-10,1603.55,1603.65,1568.1,1594.5,62348347
2003-11-11,1594.5,1608.85,1590.95,1601.15,108535273
2003-11-12,1601.3,1617.75,1598.0,1603.8,107391704
2003-11-13,1610.4,1616.15,1573.6,1579.95,108845195
2003-11-14,1577.2,1580.3,1544.75,1550.45,109485525
2003-11-15,1549.65,1571.3,1542.0,1562.8,37842102
2003-11-17,1563.1,1584.75,1554.4,1579.9,89944517
2003-11-18,1579.15,1591.25,1557.2,1564.4,106234569
2003-11-19,1563.95,1564.0,1534.35,1540.6,110695451
2003-11-20,1542.85,1558.15,1517.9,1522.3,112465566
2003-11-21,1520.4,1547.0,1509.15,1540.7,112861081
2003-11-24,1541.35,1554.05,1536.5,1543.9,116684453
2003-11-25,1543.95,1572.05,1543.95,1568.65,95578818
2003-11-27,1568.85,1602.6,1568.7,1598.35,113548508
2003-11-28,1598.55,1618.95,1598.55,1615.25,99391295
2003-12-01,1615.85,1660.55,1615.7,1657.65,110444045
2003-12-02,1657.65,1671.85,1639.65,1658.5,117862704
2003-12-03,1660.7,1676.2,1655.9,1670.5,97016649
2003-12-04,1670.65,1683.75,1656.1,1675.2,103573662
2003-12-05,1675.5,1688.25,1642.05,1645.8,100930848
2003-12-08,1644.85,1654.35,1631.85,1646.25,95772821
2003-12-09,1646.4,1677.9,1646.4,1675.85,82349571
2003-12-10,1675.75,1697.3,1672.65,1686.9,102329931
2003-12-11,1688.35,1701.7,1678.35,1695.4,85832630
2003-12-12,1695.8,1705.95,1686.45,1698.9,95310528
2003-12-15,1699.7,1728.0,1699.7,1723.95,99575076
2003-12-16,1723.9,1740.3,1711.3,1736.25,105562816
2003-12-17,1736.35,1746.2,1725.4,1733.25,101347785
2003-12-18,1733.2,1759.0,1725.85,1756.1,114569624
2003-12-19,1757.0,1783.7,1755.4,1778.55,140662197
2003-12-22,1778.85,1794.3,1778.4,1789.15,93942619
2003-12-23,1789.1,1800.9,1751.05,1780.3,85978089
2003-12-24,1788.45,1815.6,1780.3,1808.7,134998248
2003-12-26,1804.7,1840.35,1804.7,1837.05,114224183
2003-12-29,1838.05,1876.0,1837.65,1874.05,98547463
2003-12-30,1878.9,1914.4,1858.55,1873.25,149042440
2003-12-31,1868.9,1895.65,1852.5,1879.75,114764846
2004-01-01,1880.35,1917.05,1880.35,1912.25,102551958
2004-01-02,1912.25,1951.7,1911.05,1946.05,117079420
2004-01-05,1946.3,1969.2,1930.75,1955.0,129703252
2004-01-06,1955.1,1979.05,1908.75,1926.7,124014883
2004-01-07,1927.95,1930.95,1888.1,1916.75,119197257
2004-01-08,1918.1,1973.45,1918.1,1968.55,115681568
2004-01-09,1969.0,2014.65,1957.45,1971.9,153058574
2004-01-12,1972.0,1980.55,1936.75,1945.6,116680396
2004-01-13,1944.7,1967.85,1926.1,1963.6,109878698
2004-01-14,1987.4,1995.2,1970.1,1982.15,113207896
2004-01-15,1983.2,2000.3,1933.25,1944.45,121984544
2004-01-16,1944.15,1953.05,1887.1,1900.65,122454732
2004-01-19,1901.9,1943.1,1874.95,1935.35,120699191
2004-01-20,1928.8,1957.65,1876.85,1893.25,137946936
2004-01-21,1895.45,1899.55,1811.35,1824.6,142236140
2004-01-22,1824.7,1854.55,1756.25,1770.5,164347974
2004-01-23,1771.1,1858.5,1771.1,1847.55,130354915
2004-01-27,1847.9,1911.3,1844.65,1904.7,127781806
2004-01-28,1903.9,1918.45,1846.35,1863.1,153540516
2004-01-29,1863.0,1883.1,1827.25,1843.6,158143479
2004-01-30,1843.7,1860.4,1804.3,1809.75,137217319
2004-02-03,1809.3,1815.95,1755.65,1769.0,142154231
2004-02-04,1769.1,1829.65,1761.75,1822.2,152457977
2004-02-05,1823.5,1846.75,1787.15,1804.5,152934389
2004-02-06,1804.35,1837.95,1797.95,1833.65,119124927
2004-02-09,1834.9,1885.2,1833.05,1880.7,102126031
2004-02-10,1880.85,1897.0,1861.65,1880.75,130427516
2004-02-11,1891.8,1894.8,1874.5,1891.5,110956963
2004-02-12,1892.2,1906.1,1869.25,1885.3,109930676
2004-02-13,1875.6,1916.2,1873.25,1913.6,123505334
2004-02-16,1914.45,1929.5,1909.45,1913.55,116669614
2004-02-17,1913.55,1926.15,1905.5,1920.1,122676414
2004-02-18,1920.0,1935.8,1912.6,1916.45,109066831
2004-02-19,1916.65,1919.7,1851.8,1858.3,140471420
2004-02-20,1858.25,1872.85,1831.15,1852.65,130222046
2004-02-23,1853.0,1867.25,1800.2,1808.2,99793235
2004-02-24,1808.4,1826.85,1780.35,1821.35,132737579
2004-02-25,1833.65,1834.1,1779.0,1786.8,102770698
2004-02-26,1787.45,1818.6,1760.55,1765.8,114138836
2004-02-27,1765.9,1807.45,1763.95,1800.3,128743251
2004-03-01,1798.35,1856.45,1795.35,1852.7,113700489
2004-03-03,1852.45,1868.25,1842.45,1860.4,133763488
2004-03-04,1859.3,1867.95,1831.2,1843.85,112524143
2004-03-05,1843.9,1871.1,1843.9,1867.7,116411628
2004-03-08,1868.15,1891.95,1867.95,1885.25,129103983
2004-03-09,1884.5,1898.7,1843.0,1866.05,127687024
2004-03-10,1866.3,1866.4,1835.8,1844.35,131854116
2004-03-11,1843.95,1843.95,1798.45,1805.4,116657246
2004-03-12,1805.2,1820.95,1775.9,1812.2,126013646
2004-03-15,1812.45,1836.0,1751.8,1763.4,134128305
2004-03-16,1763.35,1769.5,1730.1,1749.35,145237359
2004-03-17,1749.6,1765.05,1738.85,1749.85,98285659
2004-03-18,1750.0,1754.95,1708.3,1716.65,99544763
2004-03-19,1716.3,1738.6,1703.55,1725.1,98828472
2004-03-22,1726.3,1726.35,1678.4,1685.0,89144358
2004-03-23,1685.15,1710.45,1669.7,1696.4,99199995
2004-03-24,1697.4,1700.65,1676.4,1692.1,88912964
2004-03-25,1691.95,1720.65,1691.95,1704.45,108540393
2004-03-26,1704.45,1755.45,1703.8,1747.5,107611073
2004-03-29,1747.35,1766.15,1739.5,1762.05,81094296
2004-03-30,1762.15,1775.4,1746.25,1750.15,88665735
2004-03-31,1744.6,1775.3,1740.2,1771.9,93070841
2004-04-01,1771.45,1823.05,1771.45,1819.65,111071273
2004-04-02,1856.1,1856.3,1809.0,1841.1,118736971
2004-04-05,1841.1,1878.8,1840.0,1856.6,102595126
2004-04-06,1870.8,1876.15,1836.9,1851.15,109408750
2004-04-07,1856.4,1865.2,1833.95,1848.7,86260745
2004-04-08,1854.0,1864.95,1839.7,1853.55,93980684
2004-04-12,1860.3,1873.75,1828.95,1838.2,80205015
2004-04-13,1838.5,1885.15,1819.8,1878.45,85830602
2004-04-15,1878.5,1884.5,1855.0,1861.95,112263936
2004-04-16,1863.85,1882.55,1861.8,1868.95,83291614
2004-04-17,1869.2,1875.95,1864.95,1868.1,23013538
2004-04-19,1868.2,1876.2,1837.4,1844.05,93078338
2004-04-20,1844.4,1851.0,1832.0,1844.25,102774012
2004-04-21,1844.35,1876.0,1838.6,1873.35,114885658
2004-04-22,1873.55,1894.6,1871.0,1889.55,116776999
2004-04-23,1890.85,1912.35,1885.75,1892.45,127538156
2004-04-27,1890.05,1893.1,1814.0,1817.25,120420688
2004-04-28,1819.0,1833.95,1801.8,1816.55,117150482
2004-04-29,1816.7,1818.9,1793.1,1808.95,136948059
2004-04-30,1820.55,1841.45,1788.3,1796.1,105820820
2004-05-03,1796.1,1801.45,1742.8,1766.7,105961228
2004-05-04,1769.1,1803.15,1768.8,1793.1,89713100
2004-05-05,1789.45,1814.35,1788.1,1809.9,76697398
2004-05-06,1810.3,1837.95,1810.3,1832.8,83788972
2004-05-07,1832.85,1833.15,1796.95,1804.45,84070586
2004-05-10,1804.4,1804.4,1753.8,1769.1,98002184
2004-05-11,1768.7,1768.7,1692.9,1699.45,98598870
2004-05-12,1699.25,1721.35,1689.85,1711.1,106577371
2004-05-13,1707.95,1750.3,1625.1,1717.5,155582005
2004-05-14,1717.05,1722.8,1566.95,1582.4,177163472
2004-05-17,1582.5,1583.8,1292.2,1388.75,114967105
2004-05-18,1392.95,1517.6,1389.65,1503.95,148414213
2004-05-19,1508.05,1576.05,1508.05,1567.85,141941997
2004-05-20,1566.5,1591.05,1531.3,1543.85,134939278
2004-05-21,1545.05,1566.15,1498.1,1560.2,113119146
2004-05-24,1563.65,1613.6,1563.05,1608.85,93125853
2004-05-25,1608.9,1621.45,1566.4,1606.7,101368524
2004-05-26,1608.15,1625.7,1587.0,1598.8,101450235
2004-05-27,1590.15,1606.0,1576.05,1586.4,101143246
2004-05-28,1586.35,1587.1,1504.0,1508.75,134295973
2004-05-31,1507.05,1509.05,1456.2,1483.6,127192663
2004-06-01,1483.9,1529.6,1483.9,1507.9,107046479
2004-06-02,1508.0,1543.3,1508.0,1535.2,87161946
2004-06-03,1535.8,1566.5,1484.5,1495.1,112497745
2004-06-04,1494.85,1527.0,1480.8,1521.1,106871617
2004-06-07,1521.6,1557.5,1521.6,1542.55,105183587
2004-06-08,1542.6,1557.0,1526.45,1550.55,91169729
2004-06-09,1550.45,1561.6,1541.6,1548.3,93462741
2004-06-10,1547.7,1552.75,1535.0,1544.75,78627977
2004-06-11,1544.95,1547.4,1504.8,1508.45,85740531
2004-06-14,1508.15,1509.6,1474.65,1481.35,96831363
2004-06-15,1481.45,1507.85,1481.0,1501.0,97738521
2004-06-16,1500.95,1525.2,1490.45,1494.75,88673485
2004-06-17,1494.7,1519.2,1482.2,1512.05,88057448
2004-06-18,1511.95,1515.05,1485.05,1491.2,89863436
2004-06-21,1490.75,1499.8,1478.85,1482.0,80291533
2004-06-22,1482.85,1489.6,1467.65,1474.7,90058699
2004-06-23,1474.8,1481.45,1442.55,1446.1,102698050
2004-06-24,1445.35,1474.3,1437.9,1470.75,136457145
2004-06-25,1471.5,1494.0,1459.55,1488.5,148717352
2004-06-28,1488.6,1516.95,1488.6,1514.35,127919681
2004-06-29,1514.35,1528.5,1503.3,1518.3,135420339
2004-06-30,1518.7,1532.15,1501.7,1505.6,132032819
2004-07-01,1506.65,1539.15,1504.55,1537.2,113007107
2004-07-02,1537.05,1547.65,1516.15,1537.5,127491075
2004-07-05,1537.55,1546.0,1522.9,1526.85,101154967
2004-07-06,1526.65,1561.0,1524.15,1558.25,131317837
2004-07-07,1558.05,1578.5,1551.35,1566.8,159590341
2004-07-08,1567.25,1586.55,1504.5,1518.15,204439801
2004-07-09,1517.45,1557.75,1472.55,1553.2,104348113
2004-07-12,1548.6,1562.8,1537.7,1556.95,82414320
2004-07-13,1560.0,1569.75,1530.6,1539.3,79361213
2004-07-14,1535.1,1552.25,1519.35,1522.75,109996034
2004-07-15,1523.1,1543.25,1517.8,1539.4,141173783
2004-07-16,1538.15,1562.0,1533.65,1558.8,138318933
2004-07-19,1559.2,1582.35,1556.55,1571.6,112369129
2004-07-20,1571.7,1581.05,1555.55,1566.1,121193509
2004-07-21,1566.15,1600.7,1562.9,1581.4,112756067
2004-07-22,1581.6,1609.55,1580.95,1598.1,170678158
2004-07-23,1587.6,1610.85,1587.6,1601.6,152832431
2004-07-26,1602.15,1620.35,1584.65,1618.0,138957185
2004-07-27,1617.95,1629.35,1597.2,1600.75,167540739
2004-07-28,1600.85,1609.45,1586.15,1594.15,147021678
2004-07-29,1594.7,1624.3,1590.15,1618.7,167182154
2004-07-30,1618.9,1638.7,1609.9,1632.3,150998622
2004-08-02,1631.55,1643.8,1627.25,1639.05,96477681
2004-08-03,1639.95,1648.35,1626.3,1630.6,135832403
2004-08-04,1631.3,1635.95,1618.2,1626.55,105081166
2004-08-05,1626.4,1656.25,1626.4,1654.95,134331831
2004-08-06,1654.85,1658.7,1626.7,1633.4,141536623
2004-08-09,1633.25,1644.4,1617.05,1642.6,107649584
2004-08-10,1642.75,1656.6,1637.7,1652.15,120498596
2004-08-11,1652.1,1658.9,1616.85,1621.6,138797784
2004-08-12,1624.3,1629.15,1599.5,1607.2,125121830
2004-08-13,1598.2,1612.7,1591.6,1598.2,110483689
2004-08-16,1597.5,1603.2,1582.35,1599.15,142520329
2004-08-17,1624.0,1628.45,1597.45,1604.35,139522764
2004-08-18,1604.15,1604.15,1577.25,1581.8,105910219
2004-08-19,1581.9,1612.5,1581.9,1609.2,111167429
2004-08-20,1609.2,1610.6,1584.05,1590.35,108919261
2004-08-23,1590.9,1595.55,1573.7,1578.2,128548070
2004-08-24,1578.2,1597.9,1578.05,1591.6,94198546
2004-08-25,1592.2,1598.55,1586.35,1595.7,70779892
2004-08-26,1595.75,1613.25,1593.45,1610.75,96018805
2004-08-27,1610.85,1617.25,1600.15,1609.0,66373587
2004-08-30,1609.45,1629.9,1609.2,1628.45,62840641
2004-08-31,1628.5,1634.8,1618.3,1631.75,92193309
2004-09-01,1631.7,1640.55,1631.1,1635.45,80868524
2004-09-02,1635.5,1641.25,1619.9,1629.3,73762856
2004-09-03,1629.65,1636.1,1622.1,1634.1,81209846
2004-09-06,1634.6,1649.15,1634.45,1644.0,68876077
2004-09-07,1643.95,1653.15,1641.8,1650.15,73203629
2004-09-08,1650.6,1658.85,1648.25,1656.25,75592478
2004-09-09,1656.25,1662.4,1640.25,1649.0,86876535
2004-09-10,1649.45,1670.95,1642.35,1668.75,78599722
2004-09-13,1668.25,1681.75,1668.05,1675.2,81533998
2004-09-14,1675.2,1686.8,1668.45,1685.55,90528039
2004-09-15,1685.7,1694.45,1675.85,1683.2,104918054
2004-09-16,1683.6,1708.0,1677.35,1705.7,139089131
2004-09-17,1702.7,1736.4,1702.7,1733.65,159703813
2004-09-20,1734.05,1741.55,1725.3,1728.8,132546554
2004-09-21,1728.75,1753.0,1724.7,1750.2,122449459
2004-09-22,1749.75,1760.8,1736.3,1753.9,123805174
2004-09-23,1753.1,1753.15,1723.4,1726.15,142285668
2004-09-24,1726.15,1736.9,1717.2,1722.5,101667012
2004-09-27,1722.4,1726.15,1707.95,1717.5,81158865
2004-09-28,1717.45,1717.9,1697.4,1700.25,98870177
2004-09-29,1700.55,1730.3,1695.7,1727.95,144119600
2004-09-30,1728.3,1748.2,1728.2,1745.5,125084761
2004-10-01,1744.4,1778.65,1737.85,1775.15,95830753
2004-10-04,1776.75,1813.9,1775.45,1805.65,94391831
2004-10-05,1805.85,1816.55,1798.6,1812.45,96076661
2004-10-06,1811.7,1824.8,1790.6,1794.9,106347877
2004-10-07,1793.0,1821.85,1793.0,1815.7,90730956
2004-10-08,1815.65,1825.15,1808.75,1820.2,94300969
2004-10-09,1812.85,1824.9,1812.8,1817.8,25796168
2004-10-11,1817.85,1829.45,1803.5,1807.75,71941685
2004-10-12,1808.45,1820.9,1783.05,1786.9,87627308
2004-10-14,1784.8,1805.7,1773.0,1794.75,96789923
2004-10-15,1794.8,1814.05,1789.55,1795.0,82579352
2004-10-18,1796.05,1806.15,1782.95,1786.0,64342310
2004-10-19,1787.2,1813.9,1787.2,1808.4,73752799
2004-10-20,1808.6,1815.2,1785.45,1790.05,80483375
2004-10-21,1790.35,1795.4,1772.4,1779.75,69150111
2004-10-25,1780.0,1783.55,1753.5,1757.25,78085684
2004-10-26,1777.85,1782.1,1750.3,1781.05,99726392
2004-10-27,1781.15,1797.55,1774.2,1783.85,87521515
2004-10-28,1783.9,1808.15,1783.9,1800.1,113058113
2004-10-29,1800.85,1808.85,1783.1,1786.9,125107570
2004-11-01,1787.3,1800.25,1776.7,1797.75,79012229
2004-11-02,1798.3,1817.1,1798.3,1813.7,76288479
2004-11-03,1814.15,1838.4,1814.15,1837.4,86217947
2004-11-04,1837.8,1853.05,1830.5,1834.85,85025973
2004-11-05,1836.05,1854.4,1836.0,1852.3,63624259
2004-11-08,1852.45,1871.05,1852.45,1862.8,63019704
2004-11-09,1863.55,1869.45,1853.45,1858.75,63300470
2004-11-10,1859.65,1878.2,1857.7,1876.1,71714188
2004-11-11,1876.45,1884.65,1866.95,1870.55,58868131
2004-11-12,1871.9,1885.05,1866.75,1872.95,21421309
2004-11-16,1872.8,1881.4,1862.8,1879.0,68597061
2004-11-17,1879.05,1892.15,1874.35,1888.65,77652189
2004-11-18,1890.45,1895.3,1880.8,1892.05,91092186
2004-11-19,1891.95,1898.15,1869.35,1872.35,83053004
2004-11-22,1872.55,1878.05,1845.1,1873.35,73274594
2004-11-23,1873.35,1900.05,1873.35,1892.6,82131852
2004-11-24,1893.15,1907.35,1889.85,1904.05,65665293
2004-11-25,1904.25,1915.8,1892.6,1901.05,105457319
2004-11-29,1899.3,1942.95,1894.6,1939.65,110660425
2004-11-30,1940.25,1963.8,1940.25,1958.8,119046574
2004-12-01,1960.75,1971.6,1944.5,1962.05,114582297
2004-12-02,1962.75,2001.55,1962.75,1999.0,131745401
2004-12-03,1991.9,2011.9,1990.3,1996.2,111129666
2004-12-06,1996.3,2012.25,1989.95,1993.15,103216603
2004-12-07,1990.6,2002.6,1981.15,1992.7,91427830
2004-12-08,1994.15,2009.7,1973.15,1977.95,101909462
2004-12-09,1977.8,1995.7,1964.5,1989.95,87016756
2004-12-10,1990.2,1999.7,1964.65,1969.0,86928429
2004-12-13,1970.6,1987.0,1964.8,1985.35,68234148
2004-12-14,1985.2,2008.8,1972.85,2006.8,80092685
2004-12-15,2006.8,2034.35,2006.8,2028.7,86232934
2004-12-16,2028.8,2039.2,2019.5,2033.2,76507235
2004-12-17,2032.85,2037.7,2007.2,2012.1,86236837
2004-12-20,2012.5,2029.5,2007.15,2026.85,83223264
2004-12-21,2027.8,2047.5,2025.25,2044.65,73293290
2004-12-22,2040.6,2053.9,2029.85,2035.35,75621797
2004-12-23,2035.6,2049.3,2031.9,2045.15,57029880
2004-12-24,2045.35,2065.6,2045.3,2062.7,68446068
2004-12-27,2061.6,2079.05,2046.25,2062.6,73520453
2004-12-28,2063.6,2074.6,2060.05,2071.35,85664006
2004-12-29,2071.55,2086.15,2062.35,2069.6,68714648
2004-12-30,2070.55,2088.45,2052.25,2059.8,79260391
2004-12-31,2059.85,2083.0,2059.85,2080.5,60138542
2005-01-03,2080.0,2118.6,2080.0,2115.0,70506865
2005-01-04,2116.95,2120.15,2100.55,2103.75,72718302
2005-01-05,2103.75,2105.1,1990.15,2032.2,109223487
2005-01-06,2031.55,2035.65,1984.25,1998.35,94321939
2005-01-07,1998.25,2021.45,1992.55,2015.5,76285818
2005-01-10,2016.75,2025.9,1974.8,1982.0,75659206
2005-01-11,1982.7,1988.9,1947.35,1952.05,70270295
2005-01-12,1953.6,1966.65,1900.85,1913.6,85040272
2005-01-13,1922.5,1963.4,1916.95,1954.55,80904072
2005-01-14,1954.9,1961.4,1922.85,1931.1,86211083
2005-01-17,1931.75,1944.55,1902.45,1932.9,82253062
2005-01-18,1933.05,1956.95,1925.35,1934.05,91873146
2005-01-19,1934.1,1945.65,1922.35,1926.65,94221284
2005-01-20,1928.1,1940.95,1900.05,1925.3,96601275
2005-01-24,1925.3,1932.75,1902.9,1909.0,74819372
2005-01-25,1908.85,1934.25,1894.4,1931.85,88566262
2005-01-27,1931.9,1961.75,1929.0,1955.0,135722670
2005-01-28,1955.25,2014.25,1950.85,2008.3,106730397
2005-01-31,2008.45,2060.4,2006.35,2057.6,137984563
2005-02-01,2057.75,2072.5,2045.25,2059.85,135567534
2005-02-02,2062.15,2074.5,2045.5,2052.25,89992221
2005-02-03,2052.35,2083.75,2052.35,2079.45,78096873
2005-02-04,2079.4,2099.2,2060.8,2077.95,79164167
2005-02-07,2097.45,2098.0,2049.85,2055.1,62127314
2005-02-08,2055.0,2065.0,2043.6,2055.15,74190476
2005-02-09,2055.2,2077.7,2055.2,2070.0,68237793
2005-02-10,2070.1,2075.1,2049.85,2063.35,69893469
2005-02-11,2063.35,2084.5,2063.35,2082.05,84987297
2005-02-14,2083.05,2110.15,2083.05,2098.25,86445194
2005-02-15,2098.25,2101.6,2081.2,2089.95,60938189
2005-02-16,2090.0,2103.4,2059.45,2068.8,68533655
2005-02-17,2069.1,2069.15,2045.85,2061.9,63853254
2005-02-18,2062.45,2076.7,2048.85,2055.55,63673961
2005-02-21,2055.15,2065.75,2039.9,2043.2,46917742
2005-02-22,2043.4,2061.65,2036.6,2058.4,51898487
2005-02-23,2058.7,2065.15,2051.35,2057.1,52493127
2005-02-24,2057.75,2070.5,2052.4,2055.3,76500198
2005-02-25,2057.3,2081.85,2051.2,2060.9,66309002
2005-02-28,2061.2,2106.2,2047.7,2103.25,103139340
2005-03-01,2103.1,2115.1,2073.8,2084.4,71289743
2005-03-02,2084.6,2096.35,2080.55,2093.25,78599088
2005-03-03,2093.4,2132.75,2093.35,2128.85,84295271
2005-03-04,2129.1,2152.75,2129.1,2148.15,78283092
2005-03-07,2148.25,2166.85,2143.05,2160.1,86791264
2005-03-08,2160.65,2173.85,2154.0,2168.95,78378567
2005-03-09,2169.1,2183.45,2141.35,2160.8,81074126
2005-03-10,2160.85,2170.2,2145.75,2167.4,61889887
2005-03-11,2167.7,2182.1,2148.7,2154.0,70474058
2005-03-14,2153.8,2164.15,2140.9,2146.35,73875042
2005-03-15,2146.55,2151.35,2122.0,2128.95,60049989
2005-03-16,2129.35,2158.9,2121.1,2125.55,75512834
2005-03-17,2123.95,2126.55,2090.45,2098.5,62045976
2005-03-18,2097.75,2112.25,2077.2,2109.15,83945077
2005-03-21,2117.95,2124.8,2089.35,2096.6,62125033
2005-03-22,2096.75,2099.0,2056.5,2061.6,57631155
2005-03-23,2061.2,2067.45,2019.85,2026.4,91449560
2005-03-24,2026.6,2042.45,2007.35,2015.4,70928621
2005-03-28,2015.75,2046.85,2015.25,2029.45,51850957
2005-03-29,2029.4,2032.65,1971.55,1983.85,69687568
2005-03-30,1983.65,2000.45,1971.15,1993.7,69953686
2005-03-31,1994.5,2043.6,1994.5,2035.65,91752570
2005-04-01,2035.9,2071.2,2024.25,2067.65,63209440
2005-04-04,2067.65,2076.6,2054.9,2063.4,64426298
2005-04-05,2063.2,2077.95,2043.7,2052.55,54691988
2005-04-06,2054.0,2073.1,2051.3,2069.3,53943729
2005-04-07,2069.15,2084.9,2048.05,2052.85,48150317
2005-04-08,2053.05,2057.5,2024.8,2031.2,42153310
2005-04-11,2032.75,2033.0,2001.85,2008.2,38487508
2005-04-12,2002.75,2027.8,2002.75,2024.95,35572259
2005-04-13,2024.9,2038.85,2018.1,2025.45,44910337
2005-04-15,2022.5,2022.5,1952.75,1956.3,64717231
2005-04-18,1955.5,1959.25,1914.85,1927.8,70752264
2005-04-19,1927.9,1961.15,1902.8,1909.4,61369260
2005-04-20,1908.5,1941.85,1902.9,1929.7,74597233
2005-04-21,1930.5,1950.0,1911.4,1948.55,58531700
2005-04-22,1950.6,1972.95,1950.0,1967.35,55286066
2005-04-25,1968.45,1974.2,1952.4,1970.95,53653518
2005-04-26,1971.05,1972.85,1951.8,1957.1,51302647
2005-04-27,1959.45,1962.2,1930.35,1935.4,62035956
2005-04-28,1935.65,1950.25,1921.05,1941.3,82325185
2005-04-29,1943.2,1943.2,1896.3,1902.5,64304715
2005-05-02,1903.1,1925.6,1898.15,1916.75,60560833
2005-05-03,1916.95,1940.1,1911.0,1920.7,51921972
2005-05-04,1920.5,1944.45,1920.15,1942.6,48177637
2005-05-05,1942.6,1973.35,1942.05,1963.3,53020698
2005-05-06,1962.3,1984.4,1947.3,1977.5,52715637
2005-05-09,1978.05,2003.15,1978.05,2000.75,51489665
2005-05-10,2001.0,2007.8,1989.1,1994.3,56034583
2005-05-11,1990.55,1991.85,1975.05,1985.95,44567833
2005-05-12,1985.95,1999.85,1981.95,1993.15,36125196
2005-05-13,1992.5,1992.75,1978.9,1988.3,36652241
2005-05-16,1991.5,2014.95,1989.7,2012.6,38016370
2005-05-17,2013.1,2024.6,1984.75,1990.8,48666725
2005-05-18,1990.65,1990.95,1964.65,1982.75,51569522
2005-05-19,1983.15,2008.35,1983.15,1990.85,42626009
2005-05-20,1991.85,1998.2,1975.95,1992.4,41636877
2005-05-23,1992.1,2019.35,1991.7,2013.9,37691431
2005-05-24,2016.0,2031.9,2009.55,2028.6,56757502
2005-05-25,2028.55,2047.45,2019.0,2043.85,76579699
2005-05-26,2043.5,2078.65,2025.65,2074.7,88187689
2005-05-27,2073.25,2099.35,2069.5,2076.4,73791013
2005-05-30,2076.55,2086.85,2064.85,2072.4,54670426
2005-05-31,2072.5,2091.75,2066.55,2087.55,45872849
2005-06-01,2087.8,2097.6,2081.2,2087.55,58896370
2005-06-02,2087.85,2093.45,2062.55,2064.65,50472017
2005-06-03,2064.1,2097.25,2061.35,2094.25,52180109
2005-06-04,2094.1,2098.1,2087.0,2092.35,22469509
2005-06-06,2092.0,2109.1,2087.4,2092.8,42744602
2005-06-07,2091.95,2102.85,2084.35,2098.15,36007293
2005-06-08,2094.7,2115.25,2094.05,2112.4,49625237
2005-06-09,2112.25,2118.65,2097.55,2103.2,53924493
2005-06-10,2103.45,2133.1,2086.3,2090.6,49033630
2005-06-13,2090.7,2106.65,2081.7,2102.75,38787661
2005-06-14,2103.65,2113.85,2098.7,2112.35,38606690
2005-06-15,2110.5,2131.95,2110.35,2128.65,44576500
2005-06-16,2128.3,2135.1,2114.55,2123.7,65288983
2005-06-17,2123.6,2131.75,2103.9,2123.4,43861852
2005-06-20,2130.8,2150.25,2124.65,2144.35,92370554
2005-06-21,2144.75,2173.25,2140.15,2170.0,68986654
2005-06-22,2167.8,2196.45,2167.35,2187.35,87458824
2005-06-23,2187.35,2192.1,2174.05,2183.85,62648424
2005-06-24,2184.0,2204.45,2162.95,2194.35,57555948
2005-06-27,2194.35,2219.65,2188.15,2199.8,93011396
2005-06-28,2199.8,2206.8,2165.9,2169.85,73416302
2005-06-29,2170.2,2194.25,2162.0,2191.65,58638570
2005-06-30,2191.55,2226.15,2189.45,2220.6,82212701
2005-07-01,2220.45,2220.55,2198.9,2211.9,54585383
2005-07-04,2212.05,2232.2,2211.4,2230.65,49155821
2005-07-05,2231.2,2238.6,2205.1,2210.75,55515957
2005-07-06,2211.35,2232.65,2211.3,2228.2,51427929
2005-07-07,2228.3,2235.8,2171.25,2179.4,60514945
2005-07-08,2183.55,2210.7,2179.05,2196.2,48318799
2005-07-11,2195.55,2224.65,2195.55,2218.85,54405573
2005-07-12,2219.1,2233.2,2191.7,2220.8,71608159
2005-07-13,2221.45,2234.15,2200.05,2204.05,74227393
2005-07-14,2204.4,2212.55,2178.6,2185.1,65035973
2005-07-15,2185.1,2216.5,2181.85,2212.55,57478017
2005-07-18,2212.95,2248.7,2212.95,2234.0,55018172
2005-07-19,2234.25,2246.7,2227.2,2237.3,51111855
2005-07-20,2236.9,2252.0,2236.9,2241.9,56890570
2005-07-21,2240.95,2251.85,2221.2,2230.5,60766699
2005-07-22,2231.0,2268.55,2223.15,2265.6,57710283
2005-07-25,2266.65,2293.95,2266.65,2291.75,81357219
2005-07-26,2289.25,2307.1,2279.8,2303.15,98680238
2005-07-27,2304.25,2324.0,2292.85,2319.1,70682407
2005-07-29,2318.05,2332.55,2280.85,2312.3,111818711
2005-08-01,2312.05,2329.9,2294.25,2318.05,59153792
2005-08-02,2321.9,2357.15,2319.75,2353.65,81640117
2005-08-03,2359.1,2377.0,2345.2,2357.0,102044390
2005-08-04,2357.75,2377.35,2352.05,2367.8,91949999
2005-08-05,2367.35,2377.1,2355.95,2361.2,114264260
2005-08-08,2361.95,2386.95,2320.05,2324.4,97370128
2005-08-09,2324.75,2342.2,2303.1,2318.7,93650866
2005-08-10,2322.3,2364.8,2322.05,2360.15,81805269
2005-08-11,2358.9,2387.3,2355.5,2380.9,93589538
2005-08-12,2381.05,2390.45,2356.9,2361.55,71135423
2005-08-16,2361.65,2379.4,2356.85,2369.8,59048436
2005-08-17,2369.8,2406.25,2357.5,2403.15,61480220
2005-08-18,2404.65,2426.65,2380.7,2388.45,63479228
2005-08-19,2400.8,2409.35,2378.45,2383.45,47521272
2005-08-22,2383.45,2403.45,2355.75,2367.85,55932078
2005-08-23,2369.55,2380.5,2320.35,2326.1,57190186
2005-08-24,2326.1,2334.9,2300.45,2322.5,68322962
2005-08-25,2323.1,2359.2,2320.7,2354.55,78538713
2005-08-26,2354.6,2368.05,2340.2,2357.05,47579420
2005-08-29,2359.2,2365.85,2312.6,2337.65,41867254
2005-08-30,2337.8,2373.8,2337.75,2367.75,46969539
2005-08-31,2369.05,2387.0,2355.0,2384.65,50116797
2005-09-01,2384.7,2412.35,2382.9,2405.75,59762105
2005-09-02,2406.45,2422.1,2396.1,2415.8,61335349
2005-09-05,2417.1,2439.55,2414.95,2422.95,50521839
2005-09-06,2422.4,2436.25,2417.0,2428.65,47409904
2005-09-08,2429.0,2456.9,2429.0,2454.45,46073516
2005-09-09,2448.8,2462.8,2441.9,2455.45,47670661
2005-09-12,2455.85,2486.35,2455.85,2484.15,44832163
2005-09-13,2484.0,2503.0,2477.1,2500.35,54880639
2005-09-14,2500.4,2514.75,2476.0,2492.45,82087707
2005-09-15,2492.85,2527.5,2492.75,2523.95,62944965
2005-09-16,2524.9,2555.1,2519.05,2552.35,63656466
2005-09-19,2555.45,2579.7,2550.45,2567.1,63880908
2005-09-20,2567.2,2582.8,2546.6,2578.0,77237821
2005-09-21,2576.7,2585.6,2504.9,2567.3,108694906
2005-09-22,2567.85,2580.4,2465.85,2476.5,103320451
2005-09-23,2480.5,2507.9,2453.05,2477.75,84222865
2005-09-26,2477.85,2560.85,2477.85,2557.35,61924057
2005-09-27,2558.5,2592.5,2549.85,2574.85,80835742
2005-09-28,2574.45,2602.95,2559.85,2598.05,75639565
2005-09-29,2598.6,2633.9,2589.45,2611.2,118315309
2005-09-30,2607.9,2623.05,2567.75,2601.4,88155803
2005-10-03,2601.0,2635.0,2597.2,2630.05,64623105
2005-10-04,2630.0,2667.05,2629.6,2663.35,76746128
2005-10-05,2663.7,2669.2,2636.6,2644.4,87711982
2005-10-06,2643.8,2643.8,2571.3,2579.15,107136584
2005-10-07,2577.2,2603.25,2547.55,2574.05,92769893
2005-10-10,2577.1,2595.15,2561.0,2566.85,61304701
2005-10-11,2569.15,2592.0,2533.7,2589.55,71470357
2005-10-13,2584.4,2589.35,2529.05,2537.3,95738560
2005-10-14,2537.7,2548.0,2478.0,2484.4,91435384
2005-10-17,2488.4,2498.6,2459.5,2485.15,76999001
2005-10-18,2485.25,2517.7,2452.5,2468.2,77318585
2005-10-19,2467.8,2467.85,2394.95,2412.45,93293821
2005-10-20,2421.4,2463.85,2363.55,2395.45,114276924
2005-10-21,2397.85,2447.85,2384.05,2443.75,97458038
2005-10-24,2444.2,2460.0,2388.4,2394.85,80236463
2005-10-25,2394.95,2444.6,2390.85,2418.2,85086738
2005-10-26,2418.45,2434.0,2401.1,2408.5,91104303
2005-10-27,2408.95,2416.45,2338.6,2352.9,125291990
2005-10-28,2352.65,2355.15,2307.45,2316.05,84569727
2005-10-31,2314.85,2373.4,2314.2,2370.95,69796263
2005-11-01,2366.8,2410.15,2366.8,2386.75,18746555
2005-11-02,2386.45,2423.8,2367.75,2419.05,82540716
2005-11-07,2419.25,2464.65,2411.6,2461.6,79272406
2005-11-08,2463.65,2502.9,2460.0,2492.65,79715915
2005-11-09,2493.1,2519.4,2475.7,2489.1,73896105
2005-11-10,2489.1,2504.75,2480.85,2500.7,64917294
2005-11-11,2500.85,2551.4,2500.85,2548.65,72465029
2005-11-14,2548.55,2576.95,2534.4,2558.7,70311886
2005-11-16,2559.45,2585.95,2559.45,2582.75,59709061
2005-11-17,2558.45,2608.85,2558.45,2603.95,66443810
2005-11-18,2604.0,2632.35,2595.15,2620.05,81690974
2005-11-21,2620.1,2626.4,2591.75,2602.5,74794904
2005-11-22,2603.25,2614.0,2567.05,2572.85,67631761
2005-11-23,2572.85,2613.4,2563.1,2608.6,70840659
2005-11-24,2608.9,2643.7,2608.7,2635.0,98400541
2005-11-25,2635.35,2668.9,2633.75,2664.3,74964394
2005-11-26,2664.85,2686.5,2664.7,2683.45,25534972
2005-11-28,2683.6,2717.15,2682.65,2712.0,83653385
2005-11-29,2712.35,2713.9,2679.9,2698.3,78581982
2005-11-30,2698.1,2727.05,2647.1,2652.25,82029860
2005-12-01,2651.6,2705.0,2641.95,2698.95,74048315
2005-12-02,2699.55,2730.7,2691.5,2697.95,79794777
2005-12-05,2697.6,2710.65,2654.35,2660.5,62679907
2005-12-06,2661.4,2694.4,2647.35,2662.3,56613837
2005-12-07,2662.3,2697.1,2662.3,2693.0,66551374
2005-12-08,2694.95,2711.6,2673.5,2706.7,70166907
2005-12-09,2706.75,2761.1,2698.0,2756.45,76475444
2005-12-12,2756.4,2789.35,2756.4,2776.2,75289837
2005-12-13,2776.8,2815.3,2764.65,2812.3,93127558
2005-12-14,2812.8,2825.65,2788.3,2804.55,122645697
2005-12-15,2805.2,2821.5,2763.35,2778.55,92701214
2005-12-16,2778.65,2814.9,2766.5,2810.15,88271522
2005-12-19,2808.35,2846.0,2803.45,2842.6,77018983
2005-12-20,2843.15,2853.1,2815.2,2826.2,74975479
2005-12-21,2826.45,2847.3,2799.45,2822.9,123430901
2005-12-22,2826.7,2846.65,2818.65,2835.25,66786005
2005-12-23,2835.7,2857.0,2799.7,2804.85,65175171
2005-12-26,2804.3,2804.3,2741.8,2749.6,57486163
2005-12-27,2746.25,2812.6,2725.7,2805.9,58763373
2005-12-28,2806.8,2824.3,2780.0,2794.05,73928672
2005-12-29,2792.75,2829.4,2792.75,2821.95,79236604
2005-12-30,2823.95,2845.55,2812.75,2836.55,76048886
2006-01-02,2836.8,2849.45,2825.4,2835.95,51922369
2006-01-03,2835.95,2887.2,2832.05,2883.35,56919143
2006-01-04,2883.0,2909.35,2883.0,2904.4,82021279
2006-01-05,2904.45,2916.2,2884.8,2899.85,70082252
2006-01-06,2899.85,2921.7,2877.25,2914.0,83354445
2006-01-09,2913.35,2927.25,2898.25,2910.1,74818404
2006-01-10,2910.15,2913.05,2865.6,2870.8,71122017
2006-01-12,2869.35,2869.35,2824.0,2850.7,92184274
2006-01-13,2851.4,2878.35,2846.7,2850.55,66173305
2006-01-16,2851.35,2855.7,2824.05,2833.1,57827407
2006-01-17,2833.8,2861.25,2820.65,2829.1,95095316
2006-01-18,2809.9,2840.1,2783.85,2809.2,119045833
2006-01-19,2811.1,2875.95,2811.1,2870.85,69427054
2006-01-20,2870.8,2912.8,2870.8,2900.95,73695932
2006-01-23,2900.3,2900.3,2870.95,2884.05,65128512
2006-01-24,2886.35,2914.25,2885.75,2908.0,67193094
2006-01-25,2908.75,2949.1,2871.25,2940.35,97129132
2006-01-27,2941.9,2989.7,2941.9,2982.75,115083146
2006-01-30,2983.3,3002.2,2963.65,2974.5,99399734
2006-01-31,2968.95,3005.1,2968.85,3001.1,74303077
2006-02-01,3001.3,3011.05,2960.9,2971.55,87163320
2006-02-02,2972.2,2997.25,2957.55,2967.45,80517157
2006-02-03,2968.1,2973.9,2931.85,2940.6,62877718
2006-02-06,2940.95,3009.45,2928.1,3000.45,70479490
2006-02-07,3001.15,3025.1,2991.25,3020.1,84822966
2006-02-08,3018.2,3021.25,2984.9,3008.95,72204624
2006-02-10,3009.15,3031.75,3009.1,3027.55,77233296
2006-02-13,3026.15,3042.75,3018.5,3041.15,66172668
2006-02-14,3040.25,3051.7,3009.9,3017.55,86851659
2006-02-15,3001.4,3048.8,2995.3,3022.2,90334973
2006-02-16,3023.1,3036.65,3013.7,3021.6,77742684
2006-02-17,3021.65,3038.8,2976.7,2981.5,80252511
2006-02-20,2982.35,3010.65,2955.85,3005.85,61702111
2006-02-21,3008.55,3042.05,3008.55,3035.5,59629361
2006-02-22,3035.65,3055.65,3032.5,3050.8,56288881
2006-02-23,3050.85,3078.4,3050.85,3062.1,108536483
2006-02-24,3061.7,3072.0,3041.6,3050.05,61840503
2006-02-27,3050.3,3070.35,3050.3,3067.45,53579117
2006-02-28,3067.9,3090.3,3031.8,3074.7,101518894
2006-03-01,3074.6,3127.25,3064.0,3123.1,96935864
2006-03-02,3124.25,3170.35,3124.25,3150.7,117835195
2006-03-03,3151.3,3167.2,3132.6,3147.35,68562889
2006-03-06,3147.25,3194.0,3147.2,3190.4,70231056
2006-03-07,3190.45,3192.95,3166.75,3182.8,85670076
2006-03-08,3183.45,3187.5,3107.9,3116.7,104385907
2006-03-09,3116.75,3132.65,3069.85,3129.1,91561270
2006-03-10,3129.05,3189.35,3128.6,3183.9,89130425
2006-03-13,3184.1,3221.3,3174.05,3202.65,71708390
2006-03-14,3197.2,3223.45,3184.05,3195.35,81135055
2006-03-16,3197.3,3230.4,3196.95,3226.6,85098635
2006-03-17,3226.9,3258.3,3226.9,3234.05,84410109
2006-03-20,3234.2,3268.25,3234.2,3265.65,74738736
2006-03-21,3264.65,3292.15,3247.25,3262.3,94383185
2006-03-22,3263.35,3267.95,3221.95,3240.15,92992199
2006-03-23,3240.85,3265.6,3225.2,3247.15,132315985
2006-03-24,3247.15,3286.2,3242.6,3279.8,133458459
2006-03-27,3283.4,3327.05,3280.8,3321.65,155883121
2006-03-28,3321.45,3344.5,3311.85,3325.0,145259830
2006-03-29,3324.85,3359.8,3324.8,3354.2,107383096
2006-03-30,3354.25,3433.85,3354.25,3418.95,167133850
2006-03-31,3420.55,3425.45,3381.9,3402.55,191025581
2006-04-03,3403.15,3478.25,3402.45,3473.3,73250033
2006-04-04,3473.1,3508.25,3463.85,3483.15,92359007
2006-04-05,3483.15,3513.95,3483.15,3510.9,79374868
2006-04-07,3525.6,3555.5,3445.9,3454.8,137089599
2006-04-10,3455.0,3489.05,3430.4,3478.45,104980176
2006-04-12,3479.1,3484.65,3366.75,3380.0,124245306
2006-04-13,3380.4,3391.05,3290.35,3345.5,129244802
2006-04-17,3342.15,3433.65,3342.15,3425.15,94138429
2006-04-18,3429.0,3521.95,3429.0,3518.1,103920172
2006-04-19,3523.65,3570.5,3502.75,3535.85,119462639
2006-04-20,3539.8,3578.35,3527.25,3573.5,113701322
2006-04-21,3576.75,3592.75,3517.1,3573.05,134014772
2006-04-24,3572.8,3585.35,3536.3,3548.9,90785788
2006-04-25,3548.8,3552.65,3433.55,3462.65,83494373
2006-04-26,3462.65,3562.3,3454.1,3555.75,90642187
2006-04-27,3554.7,3598.95,3492.75,3508.1,148887167
2006-04-28,3507.45,3517.65,3342.85,3508.35,108821039
2006-04-29,3508.35,3565.75,3508.35,3557.6,35740010
2006-05-02,3557.55,3622.05,3556.9,3605.45,108347510
2006-05-03,3604.4,3640.8,3581.4,3634.25,95591194
2006-05-04,3630.65,3674.5,3621.55,3648.4,100108143
2006-05-05,3649.45,3676.55,3639.55,3663.95,106747561
2006-05-08,3668.65,3708.55,3668.65,3693.15,70284895
2006-05-09,3694.65,3725.4,3655.65,3720.55,83890001
2006-05-10,3720.75,3758.05,3717.25,3754.25,93510261
2006-05-11,3755.8,3774.15,3687.9,3701.05,77726368
2006-05-12,3704.15,3704.15,3633.85,3650.05,94028454
2006-05-15,3651.0,3653.0,3482.85,3502.95,125542855
2006-05-16,3502.95,3543.5,3382.4,3523.3,139746059
2006-05-17,3525.05,3641.85,3525.05,3635.1,100892613
2006-05-18,3636.45,3636.45,3365.9,3388.9,137036044
2006-05-19,3391.85,3493.05,3205.25,3246.9,143372267
2006-05-22,3254.3,3313.9,2896.4,3081.35,148001127
2006-05-23,3068.6,3221.05,2997.35,3199.35,114894339
2006-05-24,3203.5,3249.75,3091.6,3115.55,134699170
2006-05-25,3114.7,3198.35,3012.95,3177.7,154894775
2006-05-26,3177.7,3277.95,3177.7,3209.6,105522896
2006-05-29,3207.25,3255.25,3193.15,3214.9,73032523
2006-05-30,3215.5,3252.1,3167.05,3185.3,69451029
2006-05-31,3181.95,3181.95,2972.9,3071.05,119568428
2006-06-01,3072.55,3130.0,2936.6,2962.25,112881053
2006-06-02,2961.5,3099.35,2940.2,3091.35,106179408
2006-06-05,3092.6,3125.4,3006.4,3016.65,88204812
2006-06-06,3015.05,3015.05,2910.3,2937.3,98819077
2006-06-07,2935.25,2956.9,2819.45,2860.45,122677884
2006-06-08,2856.9,2859.4,2683.2,2724.35,133611695
2006-06-09,2721.2,2875.75,2707.85,2866.3,101500861
2006-06-12,2867.65,2877.8,2761.85,2776.85,78190250
2006-06-13,2773.6,2773.6,2638.1,2663.3,85457365
2006-06-14,2665.05,2767.75,2595.65,2632.8,98860315
2006-06-15,2634.1,2814.15,2634.1,2798.8,88836911
2006-06-16,2799.85,2960.15,2799.85,2890.35,117621143
2006-06-19,2892.0,2932.9,2846.5,2916.9,75179603
2006-06-20,2919.0,2919.0,2837.45,2861.3,85067878
2006-06-21,2861.4,2930.8,2836.4,2923.45,81725635
2006-06-22,2923.75,3017.65,2923.75,2994.75,81030379
2006-06-23,2993.55,3063.2,2920.2,3042.7,86904356
2006-06-25,3043.15,3083.0,3035.95,3050.3,12073961
2006-06-26,3051.8,3059.85,2928.0,2943.2,87442622
2006-06-27,2943.6,3004.15,2899.25,2982.45,116745741
2006-06-28,2982.2,3003.65,2909.6,2981.1,84897439
2006-06-29,2982.9,3049.25,2982.9,2997.9,110790760
2006-06-30,2993.5,3134.15,2993.5,3128.2,98679172
2006-07-03,3128.75,3160.35,3114.85,3150.95,66603275
2006-07-04,3151.05,3177.4,3130.3,3138.65,66682150
2006-07-05,3136.95,3201.2,3121.8,3197.1,90419711
2006-07-06,3197.5,3197.5,3138.4,3156.4,74893378
2006-07-07,3157.95,3193.1,3056.3,3075.85,90060282
2006-07-10,3077.1,3147.7,3064.1,3142.0,65284375
2006-07-11,3145.3,3146.0,3100.4,3116.15,66336970
2006-07-12,3124.95,3201.35,3078.25,3195.9,93623050
2006-07-13,3196.3,3208.85,3148.95,3169.3,81620172
2006-07-14,3166.25,3166.25,3089.55,3123.35,61512609
2006-07-17,3123.65,3125.1,2999.35,3007.55,60049023
2006-07-18,3007.15,3038.25,2967.95,2993.65,70494264
2006-07-19,2995.85,3045.35,2919.95,2932.75,79085652
2006-07-20,2943.65,3041.25,2943.65,3023.05,77712999
2006-07-21,3025.1,3029.1,2930.15,2945.0,74876151
2006-07-24,2944.9,2996.65,2878.25,2985.85,78139891
2006-07-25,2989.5,3046.95,2987.15,3040.5,70646865
2006-07-26,3040.45,3121.4,3022.7,3110.15,77137663
2006-07-27,3109.85,3167.1,3109.85,3156.15,106694441
2006-07-28,3158.0,3168.5,3109.45,3130.8,81278521
2006-07-31,3131.35,3179.7,3110.6,3143.2,61675413
2006-08-01,3128.2,3154.7,3113.6,3147.8,57028169
2006-08-02,3129.45,3187.85,3127.9,3182.1,55484351
2006-08-03,3182.55,3234.25,3175.15,3190.0,69084722
2006-08-04,3189.7,3228.15,3161.8,3176.75,69528047
2006-08-07,3176.7,3178.5,3142.55,3151.1,50260661
2006-08-08,3151.55,3216.75,3151.55,3212.4,52271647
2006-08-09,3211.55,3267.2,3187.85,3254.6,71781978
2006-08-10,3254.6,3274.75,3229.45,3260.1,59287718
2006-08-11,3260.05,3286.5,3236.95,3274.35,63497173
2006-08-14,3274.95,3317.8,3269.15,3313.1,51600194
2006-08-16,3314.75,3377.1,3314.75,3356.05,69199131
2006-08-17,3359.7,3385.15,3328.6,3353.9,72570406
2006-08-18,3354.5,3366.25,3332.2,3356.75,57031969
2006-08-21,3356.8,3374.9,3332.9,3366.0,48935056
2006-08-22,3369.6,3398.35,3351.5,3364.6,58614547
2006-08-23,3363.6,3369.65,3325.1,3335.8,52060467
2006-08-24,3336.65,3379.55,3304.85,3370.4,70794902
2006-08-25,3368.55,3402.7,3368.55,3385.95,68458051
2006-08-28,3386.0,3405.3,3377.75,3401.1,46753742
2006-08-29,3405.05,3434.95,3396.1,3425.7,60674227
2006-08-30,3425.8,3440.2,3407.75,3430.35,61671400
2006-08-31,3404.5,3452.3,3403.65,3413.9,98616609
2006-09-01,3414.0,3439.5,3402.9,3435.45,71355586
2006-09-04,3435.55,3483.1,3435.55,3476.85,55794558
2006-09-05,3471.4,3488.6,3457.9,3473.75,49637615
2006-09-06,3474.4,3490.7,3465.8,3477.25,64632141
2006-09-07,3477.15,3478.85,3438.8,3454.55,61695576
2006-09-08,3454.65,3477.95,3442.85,3471.45,75299798
2006-09-11,3470.35,3486.65,3351.3,3366.15,78022331
2006-09-12,3363.3,3395.05,3328.45,3389.9,80287997
2006-09-13,3389.85,3470.65,3389.8,3454.55,71103462
2006-09-14,3454.6,3484.0,3454.6,3471.6,88081056
2006-09-15,3471.65,3487.45,3434.55,3478.6,71320369
2006-09-18,3478.65,3506.2,3478.4,3492.75,60726317
2006-09-19,3493.5,3514.95,3438.8,3457.35,69738853
2006-09-20,3457.85,3509.85,3419.75,3502.8,62440086
2006-09-21,3506.7,3556.35,3506.7,3553.05,65971047
2006-09-22,3554.05,3562.45,3525.4,3544.05,60146361
2006-09-25,3545.1,3568.65,3514.85,3523.45,59718564
2006-09-26,3523.7,3576.75,3517.15,3571.75,67280328
2006-09-27,3571.75,3603.7,3568.4,3579.3,65272270
2006-09-28,3579.95,3589.3,3560.75,3571.75,82845862
2006-09-29,3572.15,3599.8,3564.7,3588.4,71280518
2006-10-03,3588.95,3606.2,3561.7,3569.6,55658446
2006-10-04,3570.95,3580.05,3508.65,3515.35,68278198
2006-10-05,3515.6,3574.95,3515.6,3564.9,74898110
2006-10-06,3565.45,3583.75,3560.9,3569.7,83455201
2006-10-09,3570.05,3585.35,3540.45,3567.15,52281974
2006-10-10,3567.45,3597.2,3563.1,3571.05,61272629
2006-10-11,3581.55,3614.5,3544.25,3558.55,64789296
2006-10-12,3562.55,3626.8,3545.95,3621.05,67079130
2006-10-13,3621.65,3682.35,3621.65,3676.05,77576341
2006-10-16,3668.9,3729.7,3668.9,3723.95,74544319
2006-10-17,3726.4,3742.5,3691.35,3715.0,72710899
2006-10-18,3715.2,3727.0,3701.3,3710.65,98341144
2006-10-19,3711.1,3726.95,3655.05,3677.8,87373113
2006-10-20,3678.75,3714.25,3665.5,3676.85,71910699
2006-10-21,3680.85,3708.4,3662.85,3683.5,10531676
2006-10-23,3683.4,3690.85,3651.2,3657.3,45483007
2006-10-26,3656.2,3686.85,3651.2,3677.55,97769504
2006-10-27,3676.85,3747.35,3674.8,3739.35,81362792
2006-10-30,3739.35,3776.05,3719.45,3769.1,85610530
2006-10-31,3770.5,3782.85,3726.75,3744.1,87732761
2006-11-01,3744.1,3777.7,3737.0,3767.05,70546138
2006-11-02,3769.4,3805.5,3761.9,3791.2,57711779
2006-11-03,3793.05,3809.65,3771.0,3805.35,61269479
2006-11-06,3804.75,3822.4,3798.25,3809.25,68853934
2006-11-07,3812.15,3840.45,3789.4,3798.75,72012582
2006-11-08,3799.2,3809.95,3737.2,3777.3,81509881
2006-11-09,3777.8,3808.2,3769.8,3796.4,71619806
2006-11-10,3796.05,3842.4,3785.4,3834.75,70384022
2006-11-13,3834.8,3862.05,3834.0,3858.75,56173959
2006-11-14,3862.0,3883.0,3850.75,3865.9,68081114
2006-11-15,3865.95,3888.8,3838.25,3876.3,69066795
2006-11-16,3876.4,3900.4,3863.85,3876.85,81514258
2006-11-17,3877.0,3891.85,3835.7,3852.8,77876260
2006-11-20,3852.65,3866.95,3794.3,3856.15,84182263
2006-11-21,3859.5,3921.7,3856.75,3918.25,67180630
2006-11-22,3918.3,3960.0,3909.6,3954.75,87853870
2006-11-23,3955.3,3976.8,3933.7,3945.45,64562640
2006-11-24,3945.45,3965.8,3935.3,3950.85,68029182
2006-11-27,3974.95,3974.95,3948.85,3968.9,56622181
2006-11-28,3966.0,3966.0,3911.55,3921.75,59759241
2006-11-29,3922.5,3952.4,3920.0,3928.2,59745228
2006-11-30,3929.4,3973.0,3929.4,3954.5,99230654
2006-12-01,3955.7,4001.3,3953.95,3997.6,58708116
2006-12-04,4002.4,4015.25,3991.55,4001.0,54018198
2006-12-05,4001.25,4033.2,4001.25,4015.75,65921607
2006-12-06,4016.0,4036.2,3982.5,4015.95,65477220
2006-12-07,4015.0,4027.7,4001.4,4015.35,52637334
2006-12-08,4015.75,4046.85,3948.7,3962.0,53674764
2006-12-11,3961.9,3965.05,3798.3,3849.5,79520623
2006-12-12,3849.1,3861.25,3661.6,3716.9,105472463
2006-12-13,3716.75,3777.6,3657.65,3765.2,93071516
2006-12-14,3765.7,3855.05,3763.5,3843.05,72361721
2006-12-15,3849.6,3908.45,3845.45,3888.65,91020399
2006-12-18,3888.2,3934.0,3828.15,3928.75,72483576
2006-12-19,3928.85,3931.9,3783.45,3832.0,75208480
2006-12-20,3832.15,3886.1,3787.55,3815.55,81933913
2006-12-21,3814.75,3851.2,3768.8,3833.5,57300356
2006-12-22,3834.9,3880.15,3823.4,3871.15,51348663
2006-12-26,3871.3,3946.1,3870.45,3940.5,45448366
2006-12-27,3942.75,3986.75,3937.7,3974.25,54698735
2006-12-28,3974.2,3997.35,3961.95,3970.55,82886489
2006-12-29,3971.65,3991.6,3960.45,3966.4,46461571
2007-01-02,3966.25,4016.65,3964.95,4007.4,40789960
2007-01-03,4007.7,4029.8,3985.0,4024.05,63826475
2007-01-04,4027.3,4041.0,3979.8,3988.8,67096186
2007-01-05,3990.15,4011.45,3969.65,3983.4,69146575
2007-01-08,3983.3,3987.45,3913.0,3933.4,63615668
2007-01-09,3933.3,3963.75,3890.75,3911.4,65321592
2007-01-10,3910.95,3911.95,3841.7,3850.3,68470689
2007-01-11,3852.15,3953.1,3833.6,3942.25,83152375
2007-01-12,3944.55,4059.15,3944.55,4052.45,81362992
2007-01-15,4052.85,4099.65,4052.4,4078.4,81723925
2007-01-16,4090.7,4107.45,4067.9,4080.5,60251260
2007-01-17,4084.9,4096.75,4071.55,4076.45,59073863
2007-01-18,4075.2,4140.25,4075.2,4109.05,75646344
2007-01-19,4126.0,4137.15,4058.35,4090.15,85555366
2007-01-22,4089.6,4114.5,4069.95,4102.45,63758853
2007-01-23,4102.65,4105.1,4056.45,4066.1,80442797
2007-01-24,4066.6,4098.25,4065.75,4089.9,90298316
2007-01-25,4092.05,4157.95,4090.1,4147.7,130890355
2007-01-29,4148.4,4167.15,4115.75,4124.45,94946217
2007-01-31,4123.85,4137.85,4068.55,4082.7,114992600
2007-02-01,4083.4,4141.6,4081.1,4137.2,73460198
2007-02-02,4140.2,4198.7,4132.95,4183.5,92547027
2007-02-05,4193.15,4219.0,4170.0,4215.35,62178023
2007-02-06,4216.55,4228.15,4186.15,4195.9,64125214
2007-02-07,4198.2,4232.3,4192.85,4224.25,66702277
2007-02-08,4232.0,4245.3,4188.45,4223.4,69459583
2007-02-09,4223.5,4239.2,4171.8,4187.4,66107054
2007-02-12,4187.2,4187.2,4044.35,4058.3,91427563
2007-02-13,4069.1,4132.7,3998.3,4044.55,97888267
2007-02-14,4044.9,4057.35,3965.2,4047.1,82077938
2007-02-15,4046.8,4155.7,4046.8,4146.2,77344389
2007-02-19,4149.25,4177.7,4149.25,4164.55,59419122
2007-02-20,4164.85,4175.45,4099.55,4106.95,63235945
2007-02-21,4107.15,4132.8,4080.9,4096.2,72693724
2007-02-22,4096.65,4126.9,4023.15,4040.0,120932537
2007-02-23,4046.0,4065.45,3918.2,3938.95,91231906
2007-02-26,3939.1,3958.9,3856.7,3942.0,86198266
2007-02-27,3948.05,3958.0,3873.85,3893.9,75831405
2007-02-28,3893.4,3893.4,3674.85,3745.3,143100823
2007-03-01,3745.4,3818.75,3718.15,3811.2,108340792
2007-03-02,3811.65,3842.05,3711.05,3726.75,99384914
2007-03-05,3726.5,3726.65,3554.5,3576.5,111377742
2007-03-06,3577.15,3679.15,3576.65,3655.65,94708234
2007-03-07,3661.55,3714.15,3568.55,3626.85,92664441
2007-03-08,3627.25,3779.5,3626.8,3761.65,102126395
2007-03-09,3761.85,3795.7,3684.25,3718.0,116080128
2007-03-12,3717.45,3781.45,3713.9,3734.6,89783796
2007-03-13,3735.25,3775.85,3717.15,3770.55,76689083
2007-03-14,3768.4,3768.4,3623.0,3641.1,83325778
2007-03-15,3644.9,3711.05,3630.55,3643.6,73901367
2007-03-16,3639.35,3683.6,3573.85,3608.55,64748146
2007-03-19,3611.3,3683.35,3602.85,3678.9,45956072
2007-03-20,3680.35,3725.0,3676.65,3697.6,69478798
2007-03-21,3697.7,3771.2,3680.6,3764.55,73653431
2007-03-22,3764.5,3881.0,3764.5,3875.9,91519911
2007-03-23,3876.75,3901.75,3850.8,3861.05,85511339
2007-03-26,3863.45,3885.45,3768.25,3819.95,67231993
2007-03-28,3818.75,3830.3,3752.95,3761.1,83105233
2007-03-29,3759.15,3805.85,3750.35,3798.1,111423813
2007-03-30,3788.85,3832.2,3785.3,3821.55,81295476
2007-04-02,3820.0,3820.0,3617.0,3633.6,74611355
2007-04-03,3633.85,3703.05,3632.2,3690.65,64733113
2007-04-04,3689.75,3751.4,3689.75,3733.25,87771799
2007-04-05,3735.2,3771.45,3709.15,3752.0,75346993
2007-04-09,3752.9,3850.9,3747.25,3843.5,65501863
2007-04-10,3844.15,3858.35,3819.3,3848.15,78284712
2007-04-11,3848.35,3876.35,3844.75,3862.65,89113728
2007-04-12,3861.85,3861.85,3811.25,3829.85,69265870
2007-04-13,3830.35,3924.55,3828.45,3917.35,89158610
2007-04-16,3920.5,4016.8,3920.5,4013.35,85406452
2007-04-17,4014.4,4030.0,3976.25,3984.95,83281173
2007-04-18,3989.6,4039.25,3981.75,4011.6,73900407
2007-04-19,3998.5,4011.0,3933.35,3997.65,76167934
2007-04-20,4000.25,4090.05,3995.5,4083.55,96650049
2007-04-23,4083.55,4122.35,4075.2,4085.1,85793172
2007-04-24,4085.1,4162.15,4057.7,4141.8,101792602
2007-04-25,4134.25,4173.3,4114.35,4167.3,96383411
2007-04-26,4170.05,4217.9,4143.25,4177.85,111716820
2007-04-27,4182.0,4182.0,4074.3,4083.5,83330984
2007-04-30,4081.6,4096.9,4028.9,4087.9,74746036
2007-05-03,4089.45,4161.2,4080.75,4150.85,79591422
2007-05-04,4168.9,4180.9,4109.7,4117.35,67472022
2007-05-07,4117.5,4157.65,4103.6,4111.15,63121628
2007-05-08,4111.25,4136.05,4066.4,4077.0,77322300
2007-05-09,4077.25,4087.8,4030.55,4079.3,65609530
2007-05-10,4079.6,4134.2,4057.55,4066.8,74217966
2007-05-11,4070.2,4094.65,3981.15,4076.65,101897727
2007-05-14,4078.8,4151.3,4072.45,4134.3,95639685
2007-05-15,4134.3,4150.45,4102.45,4120.3,82708097
2007-05-16,4125.4,4181.0,4113.05,4170.95,87122564
2007-05-17,4172.1,4232.45,4172.1,4219.55,92236562
2007-05-18,4216.5,4228.45,4177.0,4214.5,68771304
2007-05-21,4217.65,4269.35,4217.55,4260.9,92776373
2007-05-22,4263.1,4281.6,4234.1,4278.1,85013484
2007-05-23,4279.6,4291.4,4231.05,4246.2,84529936
2007-05-24,4246.2,4250.85,4189.05,4204.9,79985272
2007-05-25,4197.85,4256.4,4141.35,4248.15,87574680
2007-05-28,4248.35,4295.6,4242.8,4256.55,82687609
2007-05-29,4257.6,4298.85,4248.9,4293.25,70929391
2007-05-30,4292.7,4301.6,4241.35,4249.65,88198865
2007-05-31,4250.25,4306.75,4250.25,4295.8,105631422
2007-06-01,4296.05,4325.8,4288.55,4297.05,73330395
2007-06-04,4300.7,4362.95,4256.45,4267.05,81067590
2007-06-05,4268.9,4292.5,4249.1,4284.65,77453933
2007-06-06,4285.75,4324.1,4190.95,4198.25,83487572
2007-06-07,4197.6,4230.05,4130.5,4179.5,85897072
2007-06-08,4179.5,4195.15,4126.1,4145.0,104593779
2007-06-11,4183.75,4205.2,4134.95,4145.6,82508456
2007-06-12,4139.7,4166.85,4100.8,4155.2,74344690
2007-06-13,4155.2,4161.8,4102.95,4113.05,64074203
2007-06-14,4113.2,4174.05,4112.85,4170.0,62857867
2007-06-15,4186.4,4209.45,4153.7,4171.45,63381900
2007-06-18,4177.0,4208.15,4140.25,4147.1,51604532
2007-06-19,4143.85,4222.4,4136.15,4214.3,56324333
2007-06-20,4214.3,4257.0,4214.3,4248.65,66195436
2007-06-21,4248.65,4275.35,4220.1,4267.4,71847492
2007-06-22,4267.55,4278.85,4242.5,4252.05,66686692
2007-06-25,4251.4,4264.25,4236.3,4259.4,76162914
2007-06-26,4259.4,4296.15,4250.1,4285.7,79271798
2007-06-27,4286.2,4294.2,4255.25,4263.95,77203717
2007-06-28,4263.9,4291.4,4256.9,4282.0,117441740
2007-06-29,4282.4,4321.35,4280.95,4318.3,72628435
2007-07-02,4318.4,4346.75,4305.45,4313.75,64709910
2007-07-03,4315.05,4363.35,4313.55,4357.55,60061503
2007-07-04,4358.25,4386.45,4342.0,4359.3,62524977
2007-07-05,4359.2,4378.55,4311.8,4353.95,64671779
2007-07-06,4353.1,4411.0,4304.0,4384.85,84077477
2007-07-09,4385.45,4427.55,4385.45,4419.4,60169572
2007-07-10,4419.1,4434.45,4393.0,4406.05,73279845
2007-07-11,4403.8,4411.45,4344.7,4387.15,78074214
2007-07-12,4388.05,4451.95,4387.05,4446.15,94804490
2007-07-13,4446.4,4513.9,4446.05,4504.55,126861025
2007-07-16,4505.95,4521.85,4495.95,4512.15,102224299
2007-07-17,4497.1,4550.25,4488.25,4496.75,99221022
2007-07-18,4498.65,4510.8,4452.85,4499.55,78605118
2007-07-19,4500.35,4573.0,4496.2,4562.1,84358586
2007-07-20,4563.75,4600.8,4553.8,4566.05,90691447
2007-07-23,4564.25,4628.45,4547.2,4619.35,78303529
2007-07-24,4620.05,4647.95,4609.75,4620.75,82215745
2007-07-25,4620.5,4620.5,4555.8,4588.7,108683665
2007-07-26,4593.1,4624.3,4570.8,4619.8,129054845
2007-07-27,4618.65,4618.9,4424.25,4445.2,137904339
2007-07-30,4442.35,4493.05,4403.7,4440.05,95133545
2007-07-31,4444.25,4534.2,4432.85,4528.85,84428945
2007-08-01,4528.85,4532.9,4339.75,4345.85,104901731
2007-08-02,4356.35,4399.75,4327.0,4356.35,71160531
2007-08-03,4355.75,4428.1,4355.75,4401.55,63323143
2007-08-06,4404.05,4404.05,4267.15,4339.5,64266652
2007-08-07,4341.5,4406.4,4341.5,4356.35,62908203
2007-08-08,4357.0,4472.15,4356.75,4462.1,68516647
2007-08-09,4462.25,4530.05,4390.8,4403.2,79104231
2007-08-10,4393.6,4395.5,4239.2,4333.35,83430243
2007-08-13,4324.65,4383.8,4324.65,4373.65,49978808
2007-08-14,4373.9,4394.3,4354.35,4370.2,43545272
2007-08-16,4366.0,4366.0,4171.15,4178.6,97455252
2007-08-17,4171.1,4171.1,4002.2,4108.05,136745082
2007-08-20,4108.95,4262.6,4108.95,4209.05,68848163
2007-08-21,4209.55,4238.1,4058.55,4074.9,76222185
2007-08-22,4081.25,4165.7,4040.15,4153.15,88280495
2007-08-23,4160.1,4249.85,4100.8,4114.95,94064917
2007-08-24,4113.05,4201.45,4110.05,4190.15,63207503
2007-08-27,4193.6,4310.0,4193.6,4302.6,63334364
2007-08-28,4302.4,4329.15,4280.6,4320.7,64161720
2007-08-29,4317.7,4368.6,4226.35,4359.3,86795180
2007-08-30,4360.35,4422.3,4359.75,4412.3,129235436
2007-08-31,4412.6,4471.3,4403.0,4464.0,84522020
2007-09-03,4466.65,4490.55,4452.4,4474.75,82426744
2007-09-04,4481.55,4501.3,4460.4,4479.25,72596442
2007-09-05,4479.6,4507.75,4458.55,4475.85,74049046
2007-09-06,4475.7,4522.5,4445.55,4518.6,60723408
2007-09-07,4518.65,4547.75,4499.9,4509.5,58007769
2007-09-10,4506.85,4515.25,4452.95,4507.85,68954773
2007-09-11,4509.65,4538.6,4487.15,4497.05,80407538
2007-09-12,4498.65,4531.5,4490.4,4496.85,67387402
2007-09-13,4498.05,4540.6,4498.05,4528.95,59367856
2007-09-14,4530.0,4582.6,4508.85,4518.0,71396061
2007-09-17,4518.45,4549.05,4482.85,4494.65,51303287
2007-09-18,4494.1,4551.8,4481.55,4546.2,56445958
2007-09-19,4550.25,4739.0,4550.25,4732.35,108516311
2007-09-20,4734.85,4760.85,4721.15,4747.55,94397108
2007-09-21,4752.95,4855.7,4733.7,4837.55,162157477
2007-09-24,4837.15,4941.15,4837.15,4932.2,163303253
2007-09-25,4939.1,4953.9,4878.15,4938.85,141397062
2007-09-26,4937.6,4980.85,4930.35,4940.5,117795116
2007-09-27,4942.7,5016.4,4942.7,5000.55,172282571
2007-09-28,4996.45,5055.8,4996.45,5021.35,138449641
2007-10-01,5021.5,5089.3,5001.35,5068.95,132718024
2007-10-03,5069.0,5261.35,5034.15,5210.8,189671371
2007-10-04,5211.65,5233.1,5126.05,5208.65,127928117
2007-10-05,5208.15,5248.55,5164.5,5185.85,102068106
2007-10-08,5186.25,5249.3,5024.75,5085.1,111963708
2007-10-09,5062.65,5348.7,5000.95,5327.25,140800436
2007-10-10,5328.15,5454.7,5328.15,5441.45,184935570
2007-10-11,5438.9,5532.75,5424.25,5524.85,130842926
2007-10-12,5525.3,5549.3,5402.6,5428.25,174642549
2007-10-15,5428.35,5682.65,5419.9,5670.4,160987288
2007-10-16,5670.65,5708.35,5578.45,5668.05,174339189
2007-10-17,5658.9,5658.9,5107.3,5559.3,186850872
2007-10-18,5551.1,5736.8,5269.65,5351.0,206826198
2007-10-19,5360.35,5390.85,5101.75,5215.3,181564197
2007-10-22,5202.75,5247.4,5070.9,5184.0,136778675
2007-10-23,5185.3,5488.5,5176.85,5473.7,145836946
2007-10-24,5477.6,5577.9,5419.4,5496.15,168219323
2007-10-25,5499.05,5605.95,5469.3,5568.95,189001966
2007-10-26,5564.25,5716.9,5513.35,5702.3,164503445
2007-10-29,5708.9,5922.5,5708.9,5905.9,173592451
2007-10-30,5917.55,5976.0,5833.9,5868.75,176833304
2007-10-31,5868.9,5952.25,5861.3,5900.65,168376615
2007-11-01,5903.8,6011.95,5837.2,5866.45,270430021
2007-11-02,5854.85,5944.75,5714.25,5932.4,164840883
2007-11-05,5931.9,5948.55,5819.6,5847.3,169236876
2007-11-06,5847.1,5957.2,5759.95,5786.5,244846922
2007-11-07,5782.4,5861.35,5744.3,5782.35,171689234
2007-11-08,5779.3,5780.8,5646.75,5698.75,141330728
2007-11-09,5703.45,5794.2,5614.9,5663.25,21389583
2007-11-12,5660.6,5660.6,5477.5,5617.1,138684010
2007-11-13,5612.35,5758.85,5591.6,5695.4,157132078
2007-11-14,5703.95,5950.2,5700.05,5937.9,173322049
2007-11-15,5942.7,5966.95,5895.65,5912.1,146636457
2007-11-16,5913.15,5948.05,5817.4,5906.85,129792165
2007-11-19,5908.05,5981.8,5893.8,5907.65,104832611
2007-11-20,5911.25,5923.7,5755.8,5780.9,127253010
2007-11-21,5778.8,5790.05,5530.85,5561.05,129971304
2007-11-22,5564.65,5608.65,5394.35,5519.35,149030575
2007-11-23,5524.3,5638.6,5514.75,5608.6,102005286
2007-11-26,5611.3,5772.55,5608.95,5731.7,127104011
2007-11-27,5729.25,5743.55,5655.6,5698.15,96308399
2007-11-28,5699.55,5749.95,5595.5,5617.55,97582679
2007-11-29,5617.8,5725.0,5612.1,5634.6,301117809
2007-11-30,5633.9,5782.55,5632.65,5762.75,170577892
2007-12-03,5765.45,5878.8,5754.6,5865.0,111926365
2007-12-04,5870.2,5897.25,5840.3,5858.35,107528301
2007-12-05,5861.9,5949.3,5859.95,5940.0,120145091
2007-12-06,5941.05,6027.05,5919.8,5954.7,154949531
2007-12-07,5963.6,6042.1,5894.8,5974.3,123105339
2007-12-10,5974.0,6015.3,5923.35,5960.6,86359475
2007-12-11,5960.4,6111.2,5960.4,6097.25,115310729
2007-12-12,6067.05,6175.65,6005.45,6159.3,130818169
2007-12-13,6159.25,6185.4,6040.4,6058.1,120319710
2007-12-14,6056.2,6078.55,6015.05,6047.7,100558395
2007-12-17,6037.95,6039.95,5740.6,5777.0,108208153
2007-12-18,5777.6,5874.6,5710.6,5742.3,109864350
2007-12-19,5730.25,5840.8,5676.7,5751.15,88389658
2007-12-20,5751.75,5799.5,5742.75,5766.5,79144603
2007-12-24,5771.3,6001.05,5771.3,5985.1,100417081
2007-12-26,5988.45,6085.25,5988.45,6070.75,90827443
2007-12-27,6069.0,6110.85,6060.2,6081.5,150138294
2007-12-28,6079.55,6098.6,6021.9,6079.7,87075023
2007-12-31,6095.0,6167.75,6095.0,6138.6,85023208
2008-01-01,6136.75,6165.35,6109.85,6144.35,81305366
2008-01-02,6144.7,6197.0,6060.85,6179.4,110353305
2008-01-03,6184.25,6230.15,6126.4,6178.55,156427760
2008-01-04,6179.1,6300.05,6179.1,6274.3,147642063
2008-01-07,6271.0,6289.8,6193.35,6279.1,139778977
2008-01-08,6282.45,6357.1,6221.6,6287.85,162564130
2008-01-09,6287.55,6338.3,6231.25,6272.0,120853354
2008-01-10,6278.1,6347.0,6142.9,6156.95,133662127
2008-01-11,6166.65,6224.2,6112.55,6200.1,125140494
2008-01-14,6208.8,6244.15,6172.0,6206.8,111015627
2008-01-15,6226.35,6260.45,6053.3,6074.25,117677698
2008-01-16,6065.0,6065.0,5825.75,5935.75,152499954
2008-01-17,5937.95,6013.15,5880.3,5913.2,127181643
2008-01-18,5907.75,5908.75,5677.0,5705.3,135839094
2008-01-21,5705.0,5705.0,4977.1,5208.8,211347217
2008-01-22,5203.35,5203.35,4448.5,4899.3,200603284
2008-01-23,4903.05,5328.05,4891.6,5203.4,172729968
2008-01-24,5208.0,5357.2,4995.8,5033.45,145355769
2008-01-25,5035.05,5399.25,5035.05,5383.35,105876191
2008-01-28,5380.95,5380.95,5071.0,5274.1,94557347
2008-01-29,5279.55,5391.6,5225.25,5280.8,99068477
2008-01-30,5283.75,5314.3,5142.25,5167.6,101260486
2008-01-31,5172.25,5251.65,5071.15,5137.45,187588589
2008-02-01,5140.6,5339.95,5090.75,5317.25,106716699
2008-02-04,5315.55,5545.2,5315.55,5463.5,105796179
2008-02-05,5463.75,5500.6,5412.95,5483.9,96724766
2008-02-06,5470.4,5470.4,5257.05,5322.55,106220956
2008-02-07,5322.55,5344.6,5113.85,5133.25,103085491
2008-02-08,5132.1,5173.85,5034.25,5120.35,108947080
2008-02-11,5120.55,5126.4,4803.6,4857.0,125724868
2008-02-12,4877.85,4949.6,4820.45,4838.25,102374113
2008-02-13,4836.55,4986.55,4836.55,4929.45,104398927
2008-02-14,4944.65,5220.25,4944.65,5202.0,106458411
2008-02-15,5202.85,5315.4,5104.75,5302.9,110683112
2008-02-18,5304.45,5348.6,5224.0,5276.9,77582930
2008-02-19,5278.4,5368.45,5262.0,5280.8,88665218
2008-02-20,5267.15,5267.15,5116.3,5154.45,89916733
2008-02-21,5156.9,5241.35,5120.05,5191.8,89877229
2008-02-22,5183.4,5184.0,5092.8,5110.75,72385283
2008-02-25,5112.25,5212.35,5055.15,5200.7,78356314
2008-02-26,5200.8,5281.2,5200.8,5270.05,86295954
2008-02-27,5271.4,5368.15,5249.75,5268.4,91216141
2008-02-28,5266.35,5302.85,5227.15,5285.1,108030320
2008-02-29,5285.0,5290.8,5098.35,5223.5,165090052
2008-03-03,5222.8,5222.8,4936.05,4953.0,150762989
2008-03-04,4958.55,4976.7,4812.95,4864.25,150910718
2008-03-05,4866.85,4936.75,4847.25,4921.4,114859430
2008-03-07,4918.3,4918.3,4672.25,4771.6,146225530
2008-03-10,4767.8,4814.95,4620.5,4800.4,155966648
2008-03-11,4796.3,4888.5,4732.85,4865.9,158842196
2008-03-12,4869.75,5019.2,4854.75,4872.0,135721301
2008-03-13,4868.7,4868.8,4580.15,4623.6,137742263
2008-03-14,4623.8,4758.95,4607.55,4745.8,177665094
2008-03-17,4745.45,4745.45,4482.1,4503.1,143351899
2008-03-18,4519.9,4617.95,4468.55,4533.0,170020881
2008-03-19,4534.75,4718.4,4533.9,4573.95,164033720
2008-03-24,4576.8,4649.45,4539.8,4609.85,123982175
2008-03-25,4616.8,4896.8,4616.8,4877.5,145601277
2008-03-26,4878.7,4912.3,4808.65,4828.85,126360231
2008-03-27,4828.8,4863.75,4769.6,4830.25,180115315
2008-03-28,4830.0,4970.8,4796.35,4942.0,164141244
2008-03-31,4942.15,4947.0,4703.85,4734.5,150089100
2008-04-01,4735.65,4800.75,4628.75,4739.55,119878713
2008-04-02,4741.4,4916.75,4741.4,4754.2,115678126
2008-04-03,4753.9,4833.25,4738.2,4771.6,130583246
2008-04-04,4766.7,4791.7,4632.7,4647.0,132143809
2008-04-07,4631.35,4798.55,4628.8,4761.2,124925089
2008-04-08,4760.65,4769.55,4677.8,4709.65,113783563
2008-04-09,4707.05,4758.25,4667.5,4747.05,101430145
2008-04-10,4747.55,4799.5,4720.9,4733.0,150146637
2008-04-11,4734.35,4817.4,4727.25,4777.8,132775090
2008-04-15,4779.95,4917.1,4708.3,4879.65,152133622
2008-04-16,4881.65,4951.4,4874.05,4887.3,137348930
2008-04-17,4890.6,4984.95,4889.65,4958.4,135283525
2008-04-21,4955.9,5053.4,4955.9,5037.0,110601430
2008-04-22,5037.05,5074.25,4994.05,5049.3,126837163
2008-04-23,5044.35,5083.5,5003.55,5022.8,146161834
2008-04-24,5022.9,5072.7,4991.35,4999.85,154288468
2008-04-25,4999.15,5117.7,4999.15,5111.7,134465254
2008-04-28,5112.5,5147.45,5079.15,5089.65,110778893
2008-04-29,5092.4,5210.9,5082.15,5195.5,215000545
2008-04-30,5198.35,5230.75,5155.85,5165.9,146277434
2008-05-02,5265.3,5298.85,5197.6,5228.2,131260266
2008-05-05,5227.25,5254.5,5182.6,5192.25,125641202
2008-05-06,5192.35,5206.5,5110.9,5144.65,131800270
2008-05-07,5156.7,5159.05,5101.25,5135.5,153438748
2008-05-08,5135.8,5143.05,5062.45,5081.7,127167885
2008-05-09,5070.85,5087.65,4969.4,4982.6,142385969
2008-05-12,4981.0,5021.75,4913.8,5012.65,151227287
2008-05-13,5008.6,5066.0,4943.75,4957.8,158521953
2008-05-14,4958.45,5026.1,4932.05,5011.75,147937974
2008-05-15,5010.9,5118.55,4999.6,5115.25,150871774
2008-05-16,5115.65,5167.4,5106.4,5157.7,152622286
2008-05-20,5157.0,5160.05,5072.4,5104.95,158813241
2008-05-21,5105.7,5135.55,5048.7,5117.65,163032543
2008-05-22,5117.0,5118.9,5010.7,5025.45,113544128
2008-05-23,5026.55,5059.05,4940.7,4946.55,152368191
2008-05-26,4953.6,4953.6,4858.0,4875.05,124506200
2008-05-27,4877.15,4932.0,4846.2,4859.8,120401073
2008-05-28,4862.7,4926.9,4835.65,4918.35,140737265
2008-05-29,4926.3,4957.4,4801.9,4835.3,194902303
2008-05-30,4844.05,4908.85,4833.45,4870.1,138696130
2008-06-02,4869.25,4908.8,4713.0,4739.6,118396812
2008-06-03,4739.3,4739.3,4634.0,4715.9,140745401
2008-06-04,4718.7,4731.5,4564.5,4585.6,154838181
2008-06-05,4586.95,4690.6,4536.25,4676.95,169638133
2008-06-06,4680.55,4746.3,4614.25,4627.8,132088975
2008-06-09,4626.45,4626.45,4411.6,4500.95,175247907
2008-06-10,4522.0,4522.55,4369.8,4449.8,165412516
2008-06-11,4469.65,4541.05,4468.05,4523.6,166416446
2008-06-12,4524.4,4550.0,4392.0,4539.35,164247033
2008-06-13,4539.5,4563.35,4491.35,4517.1,139532826
2008-06-16,4536.3,4617.7,4536.3,4572.5,111415055
2008-06-17,4572.5,4664.05,4561.75,4653.0,107221118
2008-06-18,4652.8,4679.75,4569.9,4582.4,136923928
2008-06-19,4582.55,4585.7,4488.95,4504.25,102266764
2008-06-20,4504.2,4532.0,4333.6,4347.55,133685260
2008-06-23,4351.15,4351.15,4225.5,4266.4,126376126
2008-06-24,4271.05,4305.9,4156.1,4191.1,132477086
2008-06-25,4189.6,4264.55,4093.2,4252.65,152437781
2008-06-26,4252.6,4324.75,4230.0,4315.85,196473131
2008-06-27,4315.3,4315.3,4119.2,4136.65,177324470
2008-06-30,4136.25,4163.0,4021.7,4040.55,144491241
2008-07-01,4039.75,4075.4,3878.2,3896.75,164469220
2008-07-02,3895.3,4107.15,3848.25,4093.35,199920144
2008-07-03,4094.6,4097.35,3874.85,3925.75,154573765
2008-07-04,3926.65,4033.5,3896.4,4016.0,152045352
2008-07-07,4002.0,4114.5,4002.0,4030.0,125737237
2008-07-08,4028.7,4028.7,3896.05,3988.55,135090953
2008-07-09,3990.9,4169.4,3990.9,4157.1,144597409
2008-07-10,4155.65,4187.95,4110.4,4162.2,146458190
2008-07-11,4166.0,4215.5,4014.45,4049.0,137337875
2008-07-14,4047.45,4118.1,4004.25,4039.7,126882896
2008-07-15,4039.3,4040.7,3835.5,3861.1,142682247
2008-07-16,3861.55,3920.05,3790.2,3816.7,185428595
2008-07-17,3823.15,3968.75,3823.15,3947.2,180239171
2008-07-18,3962.95,4110.55,3926.3,4092.25,175068345
2008-07-21,4092.2,4168.15,4072.75,4159.5,136720904
2008-07-22,4158.45,4262.45,4137.95,4240.1,165666075
2008-07-23,4246.7,4491.55,4246.7,4476.8,233619126
2008-07-24,4476.2,4539.45,4385.85,4433.55,177026127
2008-07-25,4440.85,4440.85,4297.15,4311.85,161681204
2008-07-28,4282.25,4352.65,4282.25,4332.1,111107965
2008-07-29,4332.2,4332.2,4159.15,4189.85,125806260
2008-07-30,4191.2,4327.0,4191.2,4313.55,151936263
2008-07-31,4314.35,4342.0,4285.55,4332.95,199677047
2008-08-01,4331.6,4422.95,4235.7,4413.55,178077599
2008-08-04,4426.1,4436.15,4362.9,4395.35,131343663
2008-08-05,4395.8,4515.15,4376.0,4502.85,194984174
2008-08-06,4506.25,4615.9,4503.9,4517.55,175692787
2008-08-07,4515.25,4580.15,4493.7,4523.85,133711940
2008-08-08,4518.35,4546.35,4464.0,4529.5,114202272
2008-08-11,4529.35,4625.2,4529.35,4620.4,112939704
2008-08-12,4620.95,4649.85,4525.75,4552.25,123375933
2008-08-13,4548.05,4572.65,4497.25,4529.05,105825121
2008-08-14,4524.2,4529.8,4421.25,4430.7,95028617
2008-08-18,4430.7,4447.4,4379.85,4393.05,96897991
2008-08-19,4393.1,4393.7,4316.55,4368.25,96476193
2008-08-20,4365.45,4434.9,4365.45,4415.75,89434446
2008-08-21,4416.2,4418.55,4271.3,4283.85,91313625
2008-08-22,4283.85,4337.0,4248.0,4327.45,101435362
2008-08-25,4317.95,4398.8,4317.95,4335.35,79239792
2008-08-26,4335.2,4345.05,4283.3,4337.5,86937484
2008-08-27,4336.85,4364.25,4282.65,4292.1,84380597
2008-08-28,4290.75,4304.5,4201.85,4214.0,161197240
2008-08-29,4230.6,4368.8,4230.6,4360.0,111455760
2008-09-01,4356.1,4365.0,4281.35,4348.65,82996531
2008-09-02,4358.85,4522.4,4343.1,4504.0,129292702
2008-09-04,4512.95,4514.6,4419.45,4447.75,114713208
2008-09-05,4444.7,4444.7,4328.9,4352.3,108583037
2008-09-08,4358.3,4558.0,4358.3,4482.3,117351175
2008-09-09,4485.15,4497.5,4418.95,4468.7,95544721
2008-09-10,4467.5,4467.5,4382.35,4400.25,134790277
2008-09-11,4397.25,4399.3,4272.75,4290.3,116723061
2008-09-12,4291.6,4323.9,4200.15,4228.45,145748456
2008-09-15,4231.95,4237.25,3955.4,4072.9,147158815
2008-09-16,4072.55,4090.1,3919.35,4074.9,159518028
2008-09-17,4074.8,4116.7,3974.6,4008.25,153414046
2008-09-18,4005.25,4050.1,3799.55,4038.15,203882671
2008-09-19,4040.8,4262.65,4040.8,4245.25,206052260
2008-09-22,4248.95,4303.25,4202.4,4223.05,137082447
2008-09-23,4223.9,4224.7,4117.9,4126.9,125527290
2008-09-24,4125.75,4207.95,4115.85,4161.25,156072253
2008-09-25,4162.15,4172.6,4077.5,4110.55,217958856
2008-09-26,4108.75,4110.7,3970.35,3985.25,133851369
2008-09-29,3990.2,3997.55,3777.3,3850.05,187237452
2008-09-30,3848.7,3966.85,3715.05,3921.2,217095428
2008-10-01,3921.85,4000.5,3861.25,3950.75,149863209
2008-10-03,3953.55,3969.55,3804.85,3818.3,172679745
2008-10-06,3817.3,3820.85,3581.6,3602.35,157489980
2008-10-07,3606.95,3732.65,3537.0,3606.6,210246893
2008-10-08,3604.4,3604.4,3329.45,3513.65,228575994
2008-10-10,3502.05,3502.05,3198.95,3279.95,283977364
2008-10-13,3272.9,3510.2,3272.9,3490.7,195385035
2008-10-14,3494.1,3648.25,3491.5,3518.65,177533438
2008-10-15,3517.9,3518.5,3324.55,3338.4,163717675
2008-10-16,3333.85,3333.85,3099.9,3269.3,234077842
2008-10-17,3269.05,3335.95,3046.6,3074.35,194265455
2008-10-20,3108.2,3238.4,3058.95,3122.8,186324892
2008-10-21,3125.4,3254.85,3117.35,3234.9,225718997
2008-10-22,3234.7,3235.75,3051.8,3065.15,171324331
2008-10-23,3064.8,3085.1,2917.15,2943.15,234116773
2008-10-24,2936.25,2936.25,2525.05,2584.0,348595400
2008-10-27,2583.75,2585.3,2252.75,2524.2,341552313
2008-10-28,2526.2,2695.95,2526.2,2684.6,51206468
2008-10-29,2685.3,2781.25,2631.9,2697.05,361640496
2008-10-31,2696.3,2921.35,2696.3,2885.6,320836935
2008-11-03,2885.4,3062.05,2885.4,3043.85,240443755
2008-11-04,3050.25,3152.3,2985.0,3142.1,304637885
2008-11-05,3155.75,3240.55,2971.0,2994.95,305687563
2008-11-06,2998.45,3007.8,2860.25,2892.65,268176655
2008-11-07,2893.25,3010.0,2860.1,2973.0,246638152
2008-11-10,2973.3,3161.25,2973.3,3148.25,251108020
2008-11-11,3147.2,3147.2,2919.45,2938.65,221654127
2008-11-12,2937.9,2975.2,2794.95,2848.45,250791310
2008-11-14,2848.0,2938.8,2778.8,2810.35,257081847
2008-11-17,2813.4,2835.7,2694.5,2799.55,251219581
2008-11-18,2802.45,2802.45,2664.3,2683.15,220347375
2008-11-19,2682.75,2772.4,2617.9,2635.0,230509310
2008-11-20,2634.2,2634.2,2502.9,2553.15,204791432
2008-11-21,2553.6,2718.6,2539.8,2693.45,281247780
2008-11-24,2690.85,2740.35,2633.8,2708.25,236797126
2008-11-25,2708.3,2790.7,2638.2,2654.0,214273358
2008-11-26,2652.45,2762.6,2643.35,2752.25,269948758
2008-11-28,2745.7,2779.0,2690.3,2755.1,296322562
2008-12-01,2755.15,2832.85,2669.5,2682.9,257834565
2008-12-02,2672.9,2672.9,2570.7,2657.8,261046123
2008-12-03,2657.5,2693.65,2611.95,2656.45,282545081
2008-12-04,2656.5,2793.8,2646.35,2788.0,324695285
2008-12-05,2786.65,2821.15,2701.35,2714.4,319248265
2008-12-08,2714.7,2861.55,2714.7,2784.0,311403332
2008-12-10,2785.7,2940.15,2785.7,2928.25,370599341
2008-12-11,2934.05,2945.3,2861.55,2920.15,352245716
2008-12-12,2915.35,2936.8,2812.55,2921.35,284387903
2008-12-15,2917.9,3012.1,2917.9,2981.2,293737834
2008-12-16,2983.6,3052.55,2963.3,3041.75,270617321
2008-12-17,3040.45,3076.2,2943.5,2954.35,344614834
2008-12-18,2955.35,3072.55,2922.65,3060.75,377032468
2008-12-19,3063.0,3106.8,3036.3,3077.5,386314136
2008-12-22,3077.25,3110.45,3027.8,3039.3,315828829
2008-12-23,3039.25,3040.0,2957.05,2968.65,303129447
2008-12-24,2967.4,2968.0,2900.45,2916.85,380460882
2008-12-26,2919.85,2960.95,2844.8,2857.25,237935397
2008-12-29,2857.15,2931.8,2812.9,2922.2,335171811
2008-12-30,2922.55,2999.15,2899.75,2979.5,302749136
2008-12-31,2979.8,3002.65,2937.35,2959.15,288826411
2009-01-01,2963.3,3039.25,2963.3,3033.45,226681072
2009-01-02,3034.6,3079.85,3021.8,3046.75,318672508
2009-01-05,3058.75,3131.95,3056.45,3121.45,311929372
2009-01-06,3121.5,3141.8,3056.1,3112.8,340452916
2009-01-07,3112.8,3147.2,2888.2,2920.4,686898999
2009-01-09,2919.95,2929.85,2810.25,2873.0,591981660
2009-01-12,2868.85,2869.2,2748.55,2773.1,272867140
2009-01-13,2775.0,2802.6,2720.8,2744.95,252698258
2009-01-14,2748.4,2853.25,2748.4,2835.3,217953716
2009-01-15,2832.3,2832.3,2701.75,2736.7,218127929
2009-01-16,2737.0,2835.65,2724.2,2828.45,229499649
2009-01-19,2828.7,2868.2,2819.9,2846.2,328336119
2009-01-20,2842.9,2842.9,2758.0,2796.6,233289325
2009-01-21,2777.4,2787.3,2690.2,2706.15,220067231
2009-01-22,2714.7,2744.85,2681.4,2713.8,229581189
2009-01-23,2705.45,2765.55,2661.65,2678.55,211289358
2009-01-27,2686.05,2777.3,2685.25,2771.35,220453539
2009-01-28,2771.1,2855.4,2765.6,2849.5,280820341
2009-01-29,2849.35,2873.85,2795.35,2823.95,347987447
2009-01-30,2824.05,2881.0,2774.1,2874.8,295045380
2009-02-02,2872.35,2873.45,2760.7,2766.65,235281717
2009-02-03,2773.5,2831.7,2752.9,2783.9,256264668
2009-02-04,2780.7,2842.2,2780.7,2803.05,204148860
2009-02-05,2802.75,2816.8,2754.85,2780.05,178583516
2009-02-06,2779.35,2852.5,2778.65,2843.1,187961190
2009-02-09,2843.05,2926.75,2840.15,2919.9,186517519
2009-02-10,2919.7,2957.4,2891.75,2934.5,302564116
2009-02-11,2933.0,2937.5,2877.6,2925.7,243376977
2009-02-12,2927.4,2939.0,2886.55,2893.05,214711779
2009-02-13,2896.95,2969.75,2896.85,2948.35,195741802
2009-02-16,2948.25,2953.2,2839.1,2848.5,246055796
2009-02-17,2853.85,2854.65,2757.3,2770.5,191473117
2009-02-18,2755.15,2806.5,2736.65,2776.15,214170731
2009-02-19,2776.7,2802.15,2767.6,2789.35,174587983
2009-02-20,2789.3,2789.3,2709.3,2736.45,154745737
2009-02-24,2737.25,2746.2,2677.55,2733.9,182727347
2009-02-25,2733.45,2789.35,2733.45,2762.5,176810272
2009-02-26,2762.2,2797.8,2731.9,2785.65,250274333
2009-02-27,2785.7,2787.2,2708.45,2763.65,231597805
2009-03-02,2764.6,2764.6,2659.55,2674.6,194233262
2009-03-03,2672.15,2688.5,2611.55,2622.4,217640315
2009-03-04,2611.95,2655.7,2611.95,2645.2,202951378
2009-03-05,2645.9,2663.9,2564.1,2576.7,247491627
2009-03-06,2576.75,2628.1,2539.45,2620.15,242507546
2009-03-09,2620.1,2621.25,2555.6,2573.15,166405852
2009-03-12,2574.5,2646.1,2574.5,2617.45,213787846
2009-03-13,2616.6,2726.15,2616.6,2719.25,263891931
2009-03-16,2716.05,2781.95,2701.95,2777.25,263151493
2009-03-17,2776.35,2805.6,2738.7,2757.45,288783952
2009-03-18,2757.65,2836.05,2752.25,2794.7,261792179
2009-03-19,2797.05,2822.25,2771.35,2807.15,223408426
2009-03-20,2807.35,2816.1,2773.65,2807.05,186838911
2009-03-23,2807.25,2949.75,2807.25,2939.9,251175674
2009-03-24,2923.8,3017.4,2914.5,2938.7,383117195
2009-03-25,2938.8,2996.5,2923.3,2984.35,383648320
2009-03-26,2982.25,3103.35,2982.25,3082.25,416183641
2009-03-27,3079.4,3123.35,3055.9,3108.65,326572500
2009-03-30,3108.75,3110.2,2962.4,2978.15,275780455
2009-03-31,2981.7,3054.3,2966.4,3020.95,341399212
2009-04-01,3023.85,3069.3,2965.7,3060.35,319442080
2009-04-02,3061.05,3228.75,3061.05,3211.05,370836234
2009-04-06,3211.35,3303.9,3211.35,3256.6,357065601
2009-04-08,3255.35,3357.05,3149.25,3342.95,409030235
2009-04-09,3346.0,3401.15,3307.05,3342.05,414637960
2009-04-13,3342.2,3417.8,3334.15,3382.6,331534301
2009-04-15,3381.45,3497.55,3311.8,3484.15,458489468
2009-04-16,3484.35,3511.25,3354.2,3369.5,559549931
2009-04-17,3369.5,3489.85,3359.25,3384.4,491159908
2009-04-20,3384.75,3441.1,3339.45,3377.1,341798670
2009-04-21,3376.85,3414.7,3309.35,3365.3,344667947
2009-04-22,3364.6,3401.1,3296.9,3330.3,327292987
2009-04-23,3330.5,3439.9,3310.5,3423.7,315691090
2009-04-24,3423.6,3491.35,3402.9,3480.75,306127718
2009-04-27,3481.3,3517.25,3435.3,3470.0,315936295
2009-04-28,3469.5,3471.95,3351.5,3362.35,287134649
2009-04-29,3371.65,3486.4,3366.7,3473.95,483582317
2009-05-04,3478.7,3664.5,3478.7,3654.0,363866099
2009-05-05,3664.5,3682.2,3618.75,3661.9,442066443
2009-05-06,3662.0,3717.05,3608.65,3625.05,408101644
2009-05-07,3617.15,3692.05,3617.15,3683.9,326304598
2009-05-08,3681.8,3711.25,3582.85,3620.7,291694964
2009-05-11,3615.75,3660.2,3534.55,3554.6,285340638
2009-05-12,3554.65,3691.65,3534.2,3681.1,366055503
2009-05-13,3668.75,3709.6,3610.2,3635.25,360452738
2009-05-14,3631.9,3631.9,3537.6,3593.45,288154287
2009-05-15,3597.85,3686.25,3597.85,3671.65,300880814
2009-05-18,3673.15,4384.3,3673.15,4323.15,2768292
2009-05-19,4324.95,4509.4,4167.65,4318.45,670982325
2009-05-20,4318.75,4362.85,4244.7,4270.3,471343167
2009-05-21,4270.35,4319.0,4199.2,4210.9,353070384
2009-05-22,4211.85,4249.5,4155.85,4238.5,284165388
2009-05-25,4238.1,4270.05,4205.1,4237.55,299302991
2009-05-26,4239.55,4256.05,4092.25,4116.7,308739530
2009-05-27,4117.3,4286.45,4115.25,4276.05,353499631
2009-05-28,4276.15,4354.85,4254.85,4337.1,460439887
2009-05-29,4340.75,4488.05,4340.75,4448.95,506796280
2009-06-01,4450.4,4545.4,4450.4,4529.9,464256409
2009-06-02,4530.45,4586.4,4451.3,4525.25,396327441
2009-06-03,4525.5,4574.9,4478.6,4530.7,415829528
2009-06-04,4530.3,4582.2,4453.45,4572.65,424050722
2009-06-05,4573.3,4636.85,4561.95,4586.9,409906842
2009-06-08,4582.35,4611.4,4404.65,4429.9,370092839
2009-06-09,4427.75,4562.45,4365.1,4550.95,414282839
2009-06-10,4551.7,4688.95,4551.7,4655.25,392189746
2009-06-11,4657.4,4679.55,4586.15,4637.7,391597868
2009-06-12,4637.55,4693.2,4566.15,4583.4,351580404
2009-06-15,4584.65,4601.05,4469.6,4484.0,322454082
2009-06-16,4478.1,4537.95,4405.95,4517.8,320009267
2009-06-17,4515.35,4517.8,4332.8,4356.15,327627945
2009-06-18,4352.95,4375.3,4222.15,4251.4,373404826
2009-06-19,4251.1,4326.2,4206.7,4313.6,350066880
2009-06-22,4314.2,4352.25,4221.9,4235.25,270808678
2009-06-23,4223.3,4267.45,4143.25,4247.0,339990201
2009-06-24,4247.3,4307.0,4218.25,4292.95,311199175
2009-06-25,4293.85,4337.95,4221.15,4241.85,407987742
2009-06-26,4243.95,4383.75,4243.95,4375.5,284570041
2009-06-29,4375.4,4439.95,4350.9,4390.95,293321334
2009-06-30,4391.5,4426.75,4267.35,4291.1,336647021
2009-07-01,4292.3,4362.3,4249.7,4340.9,289982752
2009-07-02,4373.5,4383.65,4288.75,4348.85,259079398
2009-07-03,4347.3,4434.45,4298.95,4424.25,224680237
2009-07-06,4429.6,4479.8,4133.7,4165.7,365737764
2009-07-07,4166.0,4231.8,4155.5,4202.15,290915989
2009-07-08,4201.85,4201.85,4061.1,4078.9,339578445
2009-07-09,4078.75,4114.9,4039.85,4080.95,406359501
2009-07-10,4081.4,4129.95,3976.8,4003.9,303001008
2009-07-13,4003.4,4003.4,3918.75,3974.05,273186872
2009-07-14,3974.1,4128.9,3974.1,4111.4,242076783
2009-07-15,4120.8,4249.55,4118.75,4233.5,254611958
2009-07-16,4223.5,4305.0,4205.5,4231.4,292288337
2009-07-17,4231.45,4390.4,4230.15,4374.95,250233020
2009-07-20,4377.9,4510.3,4377.9,4502.25,280309302
2009-07-21,4501.5,4524.0,4436.6,4469.1,311984330
2009-07-22,4469.3,4557.95,4380.45,4398.9,337796915
2009-07-23,4409.7,4532.4,4405.95,4523.75,273052133
2009-07-24,4524.8,4578.75,4504.85,4568.55,351255586
2009-07-27,4568.65,4596.75,4528.5,4572.3,277017434
2009-07-28,4572.8,4599.9,4529.15,4564.1,382344566
2009-07-29,4565.8,4573.85,4420.8,4513.5,368035721
2009-07-30,4513.1,4582.35,4474.5,4571.45,338985380
2009-07-31,4571.6,4669.75,4571.6,4636.45,300437149
2009-08-03,4633.8,4723.75,4617.75,4711.4,277002677
2009-08-04,4706.25,4731.45,4642.6,4680.5,322871852
2009-08-05,4680.95,4717.2,4629.85,4694.15,244640641
2009-08-06,4694.35,4718.15,4559.2,4585.5,278150681
2009-08-07,4591.9,4591.9,4463.95,4481.4,266871982
2009-08-10,4486.5,4562.5,4399.85,4437.65,284079082
2009-08-11,4435.0,4510.8,4398.9,4471.35,250129719
2009-08-12,4473.8,4473.8,4359.4,4457.5,274149382
2009-08-13,4458.55,4614.15,4458.55,4605.0,253540980
2009-08-14,4605.15,4619.0,4559.35,4580.05,222992686
2009-08-17,4578.8,4578.8,4374.6,4387.9,252330559
2009-08-18,4389.5,4491.45,4372.65,4458.9,265217123
2009-08-19,4457.75,4477.55,4353.45,4394.1,254668765
2009-08-20,4394.35,4492.8,4394.35,4453.45,166600981
2009-08-21,4453.45,4538.7,4400.9,4528.8,185694578
2009-08-24,4536.95,4656.3,4536.95,4642.8,207902560
2009-08-25,4641.65,4672.9,4582.5,4659.35,248995054
2009-08-26,4659.45,4697.8,4659.1,4680.85,208840330
2009-08-27,4679.0,4707.9,4645.15,4688.2,230998335
2009-08-28,4688.4,4743.75,4651.4,4732.35,285794817
2009-08-31,4730.85,4730.85,4635.0,4662.1,355947859
2009-09-01,4662.2001953125,4735.89990234375,4600.64990234375,4625.35009765625,0
2009-09-02,4624.0,4650.4501953125,4576.60009765625,4608.35009765625,0
2009-09-03,4608.75,4647.35009765625,4581.0498046875,4593.5498046875,0
2009-09-04,4608.7001953125,4697.2001953125,4580.35009765625,4680.39990234375,0
2009-09-07,4682.39990234375,4790.0,4679.2998046875,4782.89990234375,0
2009-09-08,4782.85009765625,4842.2001953125,4782.64990234375,4805.25,0
2009-09-09,4804.89990234375,4825.0498046875,4783.5,4814.25,0
2009-09-10,4814.35009765625,4889.0498046875,4807.89990234375,4819.39990234375,0
2009-09-11,4819.39990234375,4856.14990234375,4791.5498046875,4829.5498046875,0
2009-09-14,4830.35009765625,4832.25,4786.25,4808.60009765625,0
2009-09-15,4808.35009765625,4899.4501953125,4808.35009765625,4892.10009765625,0
2009-09-16,4894.64990234375,4966.2998046875,4894.64990234375,4958.39990234375,0
2009-09-17,4958.5498046875,5003.0498046875,4944.14990234375,4965.5498046875,0
2009-09-18,4963.9501953125,4980.85009765625,4931.89990234375,4976.0498046875,0
2009-09-22,4977.10009765625,5036.2998046875,4977.10009765625,5020.2001953125,0
2009-09-23,5019.9501953125,5030.75,4957.0498046875,4969.9501953125,0
2009-09-24,4977.14990234375,5016.7001953125,4904.0498046875,4986.5498046875,0
2009-09-25,4985.10009765625,4994.35009765625,4931.25,4958.9501953125,0
2009-09-29,4959.14990234375,5020.25,4959.10009765625,5006.85009765625,0
2009-09-30,5007.64990234375,5087.60009765625,5004.35009765625,5083.9501953125,0
2009-10-01,5087.2001953125,5110.5,5057.0498046875,5083.39990234375,0
2009-10-05,5076.0498046875,5076.0498046875,4991.9501953125,5003.2001953125,0
2009-10-06,5003.64990234375,5034.7001953125,4921.0498046875,5027.39990234375,0
2009-10-07,5031.7001953125,5077.0,4972.9501953125,4985.75,0
2009-10-08,5011.25,5035.10009765625,4980.7001953125,5002.25,0
2009-10-09,4993.0,5032.60009765625,4934.5498046875,4945.2001953125,0
2009-10-12,4945.4501953125,5068.0498046875,4945.4501953125,5054.25,0
2009-10-14,5054.35009765625,5127.39990234375,5054.35009765625,5118.2001953125,0
2009-10-15,5118.5498046875,5152.25,5077.10009765625,5108.85009765625,0
2009-10-16,5108.64990234375,5149.64990234375,5093.2001953125,5142.14990234375,0
2009-10-17,5159.35,5176.8,5124.25,5141.8,41376778
2009-10-20,5145.60009765625,5181.9501953125,5102.64990234375,5114.4501953125,0
2009-10-21,5114.85009765625,5117.4501953125,5051.64990234375,5063.60009765625,0
2009-10-22,5063.35009765625,5064.25,4968.4501953125,4988.60009765625,0
2009-10-23,4986.5498046875,5054.9501953125,4983.25,4997.0498046875,0
2009-10-26,4997.14990234375,5033.75,4961.35009765625,4970.89990234375,0
2009-10-27,4970.5498046875,4970.5498046875,4829.5,4846.7001953125,0
2009-10-28,4846.5498046875,4867.0,4784.10009765625,4826.14990234375,0
2009-10-29,4826.10009765625,4826.10009765625,4738.39990234375,4750.5498046875,0
2009-10-30,4751.10009765625,4853.64990234375,4687.5,4711.7001953125,0
2009-11-03,4712.25,4729.85009765625,4538.5,4563.89990234375,0
2009-11-04,4567.2998046875,4717.7998046875,4565.0,4710.7998046875,0
2009-11-05,4711.64990234375,4776.35009765625,4610.60009765625,4765.5498046875,0
2009-11-06,4767.5,4836.2001953125,4764.85009765625,4796.14990234375,0
2009-11-09,4796.14990234375,4905.25,4789.89990234375,4898.39990234375,0
2009-11-10,4898.89990234375,4947.7001953125,4860.10009765625,4881.7001953125,0
2009-11-11,4882.2998046875,5016.7001953125,4870.0498046875,5003.9501953125,0
2009-11-12,5004.39990234375,5014.39990234375,4924.75,4952.64990234375,0
2009-11-13,4952.35009765625,5017.89990234375,4942.64990234375,4998.9501953125,0
2009-11-16,4996.5,5073.2001953125,4994.0,5058.0498046875,0
2009-11-17,5058.9501953125,5074.0,5010.14990234375,5062.25,0
2009-11-18,5061.5,5079.2998046875,5041.64990234375,5054.7001953125,0
2009-11-19,5043.9501953125,5053.4501953125,4963.7001953125,4989.0,0
2009-11-20,4988.75,5063.2998046875,4932.7998046875,5052.4501953125,0
2009-11-23,5052.9501953125,5113.10009765625,5052.10009765625,5103.5498046875,0
2009-11-24,5105.0,5112.85009765625,5053.5,5090.5498046875,0
2009-11-25,5091.5498046875,5138.0,5078.35009765625,5108.14990234375,0
2009-11-26,5116.4501953125,5116.4501953125,4986.0498046875,5005.5498046875,0
2009-11-27,5005.0498046875,5005.0498046875,4806.7001953125,4941.75,0
2009-11-30,4942.25,5066.35009765625,4942.25,5032.7001953125,0
2009-12-01,5039.7001953125,5130.35009765625,5038.85009765625,5122.0,0
2009-12-02,5122.75,5161.75,5111.75,5123.25,0
2009-12-03,5124.5498046875,5181.0,5106.60009765625,5131.7001953125,0
2009-12-04,5131.7001953125,5161.7998046875,5081.85009765625,5108.89990234375,0
2009-12-07,5108.85009765625,5131.2998046875,5051.5498046875,5066.7001953125,0
2009-12-08,5068.5498046875,5152.5498046875,5058.89990234375,5147.9501953125,0
2009-12-09,5147.64990234375,5147.64990234375,5090.60009765625,5112.0,0
2009-12-10,5112.39990234375,5146.4501953125,5084.64990234375,5134.64990234375,0
2009-12-11,5136.0498046875,5182.5498046875,5088.39990234375,5117.2998046875,0
2009-12-14,5117.4501953125,5156.7001953125,5090.14990234375,5105.7001953125,0
2009-12-15,5105.75,5129.4501953125,5018.25,5033.0498046875,0
2009-12-16,5032.9501953125,5067.25,5001.7998046875,5042.0498046875,0
2009-12-17,5046.64990234375,5064.2001953125,5013.14990234375,5041.75,0
2009-12-18,5042.0,5043.39990234375,4979.0498046875,4987.7001953125,0
2009-12-21,4983.64990234375,4997.85009765625,4943.9501953125,4952.60009765625,0
2009-12-22,4953.35009765625,4997.2998046875,4953.35009765625,4985.85009765625,0
2009-12-23,4990.0498046875,5150.60009765625,4990.0498046875,5144.60009765625,0
2009-12-24,5144.7998046875,5197.89990234375,5129.0498046875,5178.39990234375,0
2009-12-29,5180.75,5214.60009765625,5175.85009765625,5187.9501953125,0
2009-12-30,5188.75,5197.0498046875,5160.10009765625,5169.4501953125,0
2009-12-31,5171.2001953125,5221.85009765625,5168.75,5201.0498046875,0
2010-01-04,5200.89990234375,5238.4501953125,5167.10009765625,5232.2001953125,0
2010-01-05,5277.14990234375,5288.35009765625,5242.39990234375,5277.89990234375,0
2010-01-06,5278.14990234375,5310.85009765625,5260.0498046875,5281.7998046875,0
2010-01-07,5281.7998046875,5302.5498046875,5244.75,5263.10009765625,0
2010-01-08,5264.25,5276.75,5234.7001953125,5244.75,0
2010-01-11,5263.7998046875,5287.2001953125,5227.7998046875,5249.39990234375,0
2010-01-12,5251.10009765625,5300.5,5200.9501953125,5210.39990234375,0
2010-01-13,5212.60009765625,5239.2001953125,5169.5498046875,5233.9501953125,0
2010-01-14,5234.5,5272.85009765625,5232.5,5259.89990234375,0
2010-01-15,5259.89990234375,5279.85009765625,5242.4501953125,5252.2001953125,0
2010-01-18,5253.64990234375,5292.5,5228.9501953125,5274.85009765625,0
2010-01-19,5274.2001953125,5287.7998046875,5218.64990234375,5225.64990234375,0
2010-01-20,5226.10009765625,5256.7001953125,5201.39990234375,5221.7001953125,0
2010-01-21,5220.2001953125,5220.35009765625,5085.4501953125,5094.14990234375,0
2010-01-22,5094.14990234375,5094.14990234375,4954.85009765625,5036.0,0
2010-01-25,5034.5498046875,5035.7001953125,4983.0498046875,5007.89990234375,0
2010-01-27,5008.5,5008.5,4833.0498046875,4853.10009765625,0
2010-01-28,4863.0,4929.89990234375,4824.9501953125,4867.25,0
2010-01-29,4866.14990234375,4893.7001953125,4766.0,4882.0498046875,0
2010-02-01,4882.0498046875,4918.7998046875,4827.14990234375,4899.7001953125,0
2010-02-02,4907.85009765625,4951.14990234375,4814.10009765625,4830.10009765625,0
2010-02-03,4831.0,4949.14990234375,4831.0,4931.85009765625,0
2010-02-04,4931.2998046875,4931.2998046875,4832.35009765625,4845.35009765625,0
2010-02-05,4819.64990234375,4827.0,4692.35009765625,4718.64990234375,0
2010-02-06,4712.75,4768.15,4712.75,4757.25,22091127
2010-02-08,4755.35009765625,4799.0498046875,4675.39990234375,4760.39990234375,0
2010-02-09,4760.5498046875,4810.39990234375,4739.35009765625,4792.64990234375,0
2010-02-10,4793.0,4826.85009765625,4748.10009765625,4757.2001953125,0
2010-02-11,4757.25,4843.7998046875,4757.25,4826.85009765625,0
2010-02-15,4827.89990234375,4845.60009765625,4783.89990234375,4801.9501953125,0
2010-02-16,4801.7998046875,4880.0,4791.35009765625,4855.75,0
2010-02-17,4858.64990234375,4929.7001953125,4857.60009765625,4914.0,0
2010-02-18,4915.10009765625,4922.0498046875,4873.7001953125,4887.75,0
2010-02-19,4887.2998046875,4887.2998046875,4805.5498046875,4844.89990234375,0
2010-02-22,4849.35009765625,4912.0498046875,4845.89990234375,4856.39990234375,0
2010-02-23,4856.60009765625,4884.10009765625,4833.14990234375,4870.0498046875,0
2010-02-24,4869.5498046875,4880.5498046875,4834.64990234375,4858.60009765625,0
2010-02-25,4859.0,4880.14990234375,4835.60009765625,4859.75,0
2010-02-26,4858.5,4992.0,4858.4501953125,4922.2998046875,0
2010-03-02,4935.60009765625,5029.4501953125,4935.35009765625,5017.0,0
2010-03-03,5015.7998046875,5093.25,5015.10009765625,5088.10009765625,0
2010-03-04,5096.9501953125,5096.9501953125,5049.0,5080.25,0
2010-03-05,5080.5498046875,5118.64990234375,5068.0498046875,5088.7001953125,0
2010-03-08,5092.14990234375,5147.10009765625,5092.14990234375,5124.0,0
2010-03-09,5121.0498046875,5131.7998046875,5094.35009765625,5101.5,0
2010-03-10,5101.60009765625,5137.39990234375,5092.0498046875,5116.25,0
2010-03-11,5116.35009765625,5152.60009765625,5102.10009765625,5133.39990234375,0
2010-03-12,5131.7998046875,5158.10009765625,5122.10009765625,5137.0,0
2010-03-15,5134.4501953125,5151.0498046875,5101.2001953125,5128.89990234375,0
2010-03-16,5128.9501953125,5209.25,5125.7001953125,5198.10009765625,0
2010-03-17,5198.4501953125,5260.5,5177.14990234375,5231.89990234375,0
2010-03-18,5232.5498046875,5255.64990234375,5214.39990234375,5245.89990234375,0
2010-03-19,5246.7998046875,5269.9501953125,5237.10009765625,5262.7998046875,0
2010-03-22,5260.9501953125,5260.9501953125,5187.0498046875,5205.2001953125,0
2010-03-23,5205.85009765625,5243.60009765625,5193.39990234375,5225.2998046875,0
2010-03-25,5225.2998046875,5267.2998046875,5202.9501953125,5260.39990234375,0
2010-03-26,5260.5498046875,5293.75,5260.5498046875,5282.0,0
2010-03-29,5283.89990234375,5329.5498046875,5242.14990234375,5302.85009765625,0
2010-03-30,5302.9501953125,5325.0,5251.35009765625,5262.4501953125,0
2010-03-31,5260.39990234375,5293.89990234375,5235.14990234375,5249.10009765625,0
2010-04-01,5249.2001953125,5298.60009765625,5249.2001953125,5290.5,0
2010-04-05,5291.39990234375,5377.5498046875,5291.39990234375,5368.39990234375,0
2010-04-06,5369.64990234375,5388.64990234375,5351.7001953125,5366.0,0
2010-04-07,5365.7001953125,5399.64990234375,5345.0498046875,5374.64990234375,0
2010-04-08,5376.2998046875,5383.64990234375,5290.25,5304.4501953125,0
2010-04-09,5302.39990234375,5377.4501953125,5302.25,5361.75,0
2010-04-12,5354.14990234375,5382.14990234375,5324.89990234375,5339.7001953125,0
2010-04-13,5340.85009765625,5356.5,5301.7001953125,5322.9501953125,0
2010-04-15,5323.2998046875,5373.14990234375,5265.2998046875,5273.60009765625,0
2010-04-16,5273.39990234375,5283.0498046875,5237.5498046875,5262.60009765625,0
2010-04-19,5279.0498046875,5279.0498046875,5160.89990234375,5203.64990234375,0
2010-04-20,5208.2998046875,5257.25,5208.2998046875,5230.10009765625,0
2010-04-21,5230.2998046875,5266.2998046875,5230.2998046875,5244.89990234375,0
2010-04-22,5248.60009765625,5331.7998046875,5221.10009765625,5269.35009765625,0
2010-04-23,5269.64990234375,5311.0498046875,5269.64990234375,5304.10009765625,0
2010-04-26,5299.35009765625,5342.35009765625,5299.35009765625,5322.4501953125,0
2010-04-27,5322.10009765625,5330.5498046875,5301.39990234375,5308.35009765625,0
2010-04-28,5308.2001953125,5308.25,5202.4501953125,5215.4501953125,0
2010-04-29,5215.25,5264.75,5214.7998046875,5254.14990234375,0
2010-04-30,5254.2001953125,5294.7998046875,5254.2001953125,5278.0,0
2010-05-03,5278.39990234375,5278.7001953125,5210.0498046875,5222.75,0
2010-05-04,5223.89990234375,5250.14990234375,5134.85009765625,5148.5,0
2010-05-05,5148.35009765625,5148.35009765625,5056.5,5124.89990234375,0
2010-05-06,5124.39990234375,5124.89990234375,5037.75,5090.85009765625,0
2010-05-07,5072.2998046875,5085.64990234375,4984.60009765625,5018.0498046875,0
2010-05-10,5026.60009765625,5203.2998046875,5026.60009765625,5193.60009765625,0
2010-05-11,5189.75,5206.7001953125,5126.5,5136.14990234375,0
2010-05-12,5133.75,5172.85009765625,5098.7998046875,5156.64990234375,0
2010-05-13,5157.5498046875,5212.7001953125,5147.9501953125,5178.89990234375,0
2010-05-14,5180.5498046875,5192.75,5070.9501953125,5093.5,0
2010-05-17,5093.89990234375,5094.5498046875,4966.25,5059.89990234375,0
2010-05-18,5059.5498046875,5105.2001953125,5024.25,5066.2001953125,0
2010-05-19,5065.10009765625,5065.10009765625,4908.14990234375,4919.64990234375,0
2010-05-20,4924.2998046875,4980.25,4924.2998046875,4947.60009765625,0
2010-05-21,4946.7001953125,4946.7001953125,4842.2998046875,4931.14990234375,0
2010-05-24,4944.2998046875,5029.5498046875,4923.4501953125,4943.9501953125,0
2010-05-25,4945.2998046875,4946.60009765625,4786.4501953125,4806.75,0
2010-05-26,4807.2998046875,4925.4501953125,4807.2998046875,4917.39990234375,0
2010-05-27,4915.14990234375,5016.60009765625,4897.60009765625,5003.10009765625,0
2010-05-28,5005.60009765625,5077.25,5005.60009765625,5066.5498046875,0
2010-05-31,5076.10009765625,5097.60009765625,5038.5498046875,5086.2998046875,0
2010-06-01,5086.25,5086.9501953125,4961.0498046875,4970.2001953125,0
2010-06-02,4970.75,5031.2001953125,4967.0498046875,5019.85009765625,0
2010-06-03,5020.14990234375,5125.7001953125,5020.14990234375,5110.5,0
2010-06-04,5112.60009765625,5147.89990234375,5091.60009765625,5135.5,0
2010-06-07,5132.9501953125,5132.9501953125,5004.25,5034.0,0
2010-06-08,5036.7001953125,5071.35009765625,4967.2998046875,4987.10009765625,0
2010-06-09,4985.0498046875,5050.60009765625,4980.10009765625,5000.2998046875,0
2010-06-10,4999.60009765625,5085.2001953125,4997.60009765625,5078.60009765625,0
2010-06-11,5078.75,5139.0498046875,5078.75,5119.35009765625,0
2010-06-14,5120.14990234375,5201.25,5120.14990234375,5197.7001953125,0
2010-06-15,5201.2998046875,5231.4501953125,5171.0498046875,5222.35009765625,0
2010-06-16,5225.0498046875,5255.64990234375,5214.89990234375,5233.35009765625,0
2010-06-17,5233.64990234375,5285.5498046875,5206.5498046875,5274.85009765625,0
2010-06-18,5274.9501953125,5302.2998046875,5245.5,5262.60009765625,0
2010-06-21,5266.5,5366.75,5266.5,5353.2998046875,0
2010-06-22,5353.9501953125,5354.35009765625,5311.0498046875,5316.5498046875,0
2010-06-23,5316.14990234375,5333.2998046875,5288.14990234375,5323.14990234375,0
2010-06-24,5323.25,5348.2998046875,5284.5498046875,5320.60009765625,0
2010-06-25,5320.5,5320.5,5259.89990234375,5269.0498046875,0
2010-06-28,5271.10009765625,5339.4501953125,5270.75,5333.5,0
2010-06-29,5333.5498046875,5334.14990234375,5235.7998046875,5256.14990234375,0
2010-06-30,5254.25,5320.35009765625,5210.0,5312.5,0
2010-07-01,5312.0498046875,5312.5498046875,5232.10009765625,5251.39990234375,0
2010-07-02,5251.25,5277.25,5225.60009765625,5237.10009765625,0
2010-07-05,5237.0,5252.75,5225.85009765625,5235.89990234375,0
2010-07-06,5236.10009765625,5297.4501953125,5231.5,5289.0498046875,0
2010-07-07,5293.10009765625,5296.75,5233.4501953125,5241.10009765625,0
2010-07-08,5242.0,5320.5,5242.0,5296.85009765625,0
2010-07-09,5297.2001953125,5359.0498046875,5297.2001953125,5352.4501953125,0
2010-07-12,5352.25,5402.7001953125,5351.60009765625,5383.0,0
2010-07-13,5370.2001953125,5406.2001953125,5357.85009765625,5400.64990234375,0
2010-07-14,5402.0,5453.4501953125,5371.7001953125,5386.14990234375,0
2010-07-15,5387.10009765625,5399.2001953125,5360.60009765625,5378.75,0
2010-07-16,5376.64990234375,5401.35009765625,5374.39990234375,5393.89990234375,0
2010-07-19,5392.7001953125,5409.10009765625,5361.5,5386.4501953125,0
2010-07-20,5387.0,5416.4501953125,5353.60009765625,5368.0,0
2010-07-21,5368.85009765625,5409.10009765625,5368.85009765625,5399.35009765625,0
2010-07-22,5399.14990234375,5447.14990234375,5372.2001953125,5441.9501953125,0
2010-07-23,5441.89990234375,5477.5,5435.14990234375,5449.10009765625,0
2010-07-26,5446.5498046875,5466.25,5409.2001953125,5418.60009765625,0
2010-07-27,5420.2001953125,5450.9501953125,5407.2001953125,5430.60009765625,0
2010-07-28,5436.10009765625,5447.85009765625,5386.25,5397.5498046875,0
2010-07-29,5397.85009765625,5415.85009765625,5381.5498046875,5408.89990234375,0
2010-07-30,5408.39990234375,5413.25,5349.2001953125,5367.60009765625,0
2010-08-02,5369.5498046875,5438.85009765625,5351.2998046875,5431.64990234375,0
2010-08-03,5432.5,5459.2001953125,5426.39990234375,5439.5498046875,0
2010-08-04,5441.35009765625,5481.89990234375,5428.39990234375,5467.85009765625,0
2010-08-05,5470.14990234375,5487.14990234375,5443.10009765625,5447.10009765625,0
2010-08-06,5448.25,5471.89990234375,5431.35009765625,5439.25,0
2010-08-09,5439.7998046875,5492.2998046875,5433.25,5486.14990234375,0
2010-08-10,5486.7998046875,5491.4501953125,5445.35009765625,5460.7001953125,0
2010-08-11,5460.7001953125,5474.60009765625,5412.0,5420.60009765625,0
2010-08-12,5418.7001953125,5431.10009765625,5372.4501953125,5416.4501953125,0
2010-08-13,5420.64990234375,5476.5,5415.5,5452.10009765625,0
2010-08-16,5452.10009765625,5465.25,5397.39990234375,5418.2998046875,0
2010-08-17,5422.14990234375,5443.5498046875,5408.7998046875,5414.14990234375,0
2010-08-18,5416.25,5487.9501953125,5416.25,5479.14990234375,0
2010-08-19,5478.25,5544.7001953125,5478.10009765625,5540.2001953125,0
2010-08-20,5540.7998046875,5546.60009765625,5513.35009765625,5530.64990234375,0
2010-08-23,5531.14990234375,5549.7998046875,5519.39990234375,5543.5,0
2010-08-24,5541.10009765625,5547.25,5488.4501953125,5505.10009765625,0
2010-08-25,5505.2998046875,5506.14990234375,5452.5498046875,5462.35009765625,0
2010-08-26,5462.10009765625,5486.5498046875,5454.7001953125,5477.89990234375,0
2010-08-27,5489.60009765625,5495.2001953125,5391.9501953125,5408.7001953125,0
2010-08-30,5408.89990234375,5469.0,5390.35009765625,5415.4501953125,0
2010-08-31,5413.5498046875,5413.89990234375,5348.89990234375,5402.39990234375,0
2010-09-01,5403.0498046875,5478.60009765625,5403.0498046875,5471.85009765625,0
2010-09-02,5471.89990234375,5513.9501953125,5471.85009765625,5486.14990234375,0
2010-09-03,5486.2998046875,5510.39990234375,5473.64990234375,5479.39990234375,0
2010-09-06,5479.5498046875,5589.39990234375,5479.5498046875,5576.9501953125,0
2010-09-07,5575.89990234375,5625.5,5571.64990234375,5604.0,0
2010-09-08,5604.25,5625.2998046875,5567.75,5607.85009765625,0
2010-09-09,5608.2998046875,5647.4501953125,5608.10009765625,5640.0498046875,0
2010-09-13,5639.2001953125,5770.60009765625,5639.2001953125,5760.0,0
2010-09-14,5760.2998046875,5838.4501953125,5760.2998046875,5795.5498046875,0
2010-09-15,5795.25,5869.4501953125,5792.2001953125,5860.9501953125,0
2010-09-16,5861.10009765625,5901.64990234375,5815.7998046875,5828.7001953125,0
2010-09-17,5828.7001953125,5898.39990234375,5828.7001953125,5884.9501953125,0
2010-09-20,5885.0498046875,5989.5,5885.0498046875,5980.4501953125,0
2010-09-21,5980.5,6032.7998046875,5961.85009765625,6009.0498046875,0
2010-09-22,6008.39990234375,6037.39990234375,5946.4501953125,5991.0,0
2010-09-23,5991.0498046875,6006.7998046875,5932.39990234375,5959.5498046875,0
2010-09-24,5959.4501953125,6029.10009765625,5951.2001953125,6018.2998046875,0
2010-09-27,6018.2998046875,6073.5,6018.2998046875,6035.64990234375,0
2010-09-28,6036.0498046875,6049.7998046875,5991.2998046875,6029.5,0
2010-09-29,6029.14990234375,6071.5498046875,5979.64990234375,5991.2998046875,0
2010-09-30,5991.35009765625,6048.4501953125,5963.60009765625,6029.9501953125,0
2010-10-01,6030.2998046875,6153.10009765625,6030.2998046875,6143.39990234375,0
2010-10-04,6144.7001953125,6222.10009765625,6144.7001953125,6159.4501953125,0
2010-10-05,6159.4501953125,6188.35009765625,6118.0498046875,6145.7998046875,0
2010-10-06,6150.9501953125,6223.39990234375,6148.60009765625,6186.4501953125,0
2010-10-07,6186.85009765625,6199.4501953125,6107.5,6120.2998046875,0
2010-10-08,6121.39990234375,6148.60009765625,6067.0,6103.4501953125,0
2010-10-11,6105.9501953125,6187.75,6105.9501953125,6135.85009765625,0
2010-10-12,6135.9501953125,6144.9501953125,6057.9501953125,6090.89990234375,0
2010-10-13,6091.4501953125,6240.25,6089.75,6233.89990234375,0
2010-10-14,6234.2998046875,6284.10009765625,6157.89990234375,6177.35009765625,0
2010-10-15,6175.89990234375,6200.60009765625,6050.35009765625,6062.64990234375,0
2010-10-18,6112.75,6115.10009765625,5985.10009765625,6075.9501953125,0
2010-10-19,6114.4501953125,6127.0498046875,6008.14990234375,6027.2998046875,0
2010-10-20,6002.9501953125,6038.10009765625,5966.75,5982.10009765625,0
2010-10-21,6008.89990234375,6113.5,5984.89990234375,6101.5,0
2010-10-22,6113.39990234375,6121.10009765625,6041.35009765625,6066.0498046875,0
2010-10-25,6101.25,6151.2998046875,6094.60009765625,6105.7998046875,0
2010-10-26,6116.2998046875,6120.25,6074.64990234375,6082.0,0
2010-10-27,6075.4501953125,6075.9501953125,5987.5498046875,6012.64990234375,0
2010-10-28,6039.9501953125,6071.10009765625,5968.10009765625,5987.7001953125,0
2010-10-29,6021.14990234375,6032.64990234375,5937.10009765625,6017.7001953125,0
2010-11-01,6092.2998046875,6132.39990234375,6084.75,6117.5498046875,0
2010-11-02,6127.5498046875,6138.10009765625,6094.39990234375,6119.0,0
2010-11-03,6150.60009765625,6182.5,6146.7998046875,6160.5,0
2010-11-04,6209.60009765625,6290.14990234375,6199.35009765625,6281.7998046875,0
2010-11-05,6321.85,6338.5,6303.1,6312.45,27174949
2010-11-08,6335.25,6335.89990234375,6265.35009765625,6273.2001953125,0
2010-11-09,6281.0,6310.89990234375,6243.5498046875,6301.5498046875,0
2010-11-10,6303.2001953125,6307.64990234375,6269.25,6275.7001953125,0
2010-11-11,6286.35009765625,6296.5498046875,6179.5,6194.25,0
2010-11-12,6182.2998046875,6202.5,6056.75,6071.64990234375,0
2010-11-15,6079.89990234375,6128.75,6039.39990234375,6121.60009765625,0
2010-11-16,6143.4501953125,6144.0498046875,5970.60009765625,5988.7001953125,0
2010-11-18,6075.9501953125,6076.2001953125,5906.75,5998.7998046875,0
2010-11-19,6011.2998046875,6013.25,5863.9501953125,5890.2998046875,0
2010-11-22,5920.89990234375,6020.25,5905.14990234375,6010.0,0
2010-11-23,5971.5498046875,5973.35009765625,5824.9501953125,5934.75,0
2010-11-24,5946.7998046875,5976.64990234375,5833.60009765625,5865.75,0
2010-11-25,5883.9501953125,5907.10009765625,5780.35009765625,5799.75,0
2010-11-26,5828.5498046875,5838.5,5690.35009765625,5751.9501953125,0
2010-11-29,5789.9501953125,5843.14990234375,5754.7001953125,5830.0,0
2010-11-30,5811.60009765625,5892.25,5768.35009765625,5862.7001953125,0
2010-12-01,5871.0,5971.0,5865.5498046875,5960.89990234375,0
2010-12-02,6023.0498046875,6029.5,5980.60009765625,6011.7001953125,0
2010-12-03,6013.35009765625,6025.39990234375,5964.25,5992.7998046875,0
2010-12-06,6033.64990234375,6069.4501953125,5981.7001953125,5992.25,0
2010-12-07,5995.0498046875,6001.0,5939.7001953125,5976.5498046875,0
2010-12-08,5954.39990234375,5960.0,5878.60009765625,5903.7001953125,0
2010-12-09,5924.25,5927.2998046875,5742.2998046875,5766.5,0
2010-12-10,5761.0,5865.5,5721.14990234375,5857.35009765625,0
2010-12-13,5882.64990234375,5913.7998046875,5795.89990234375,5907.64990234375,0
2010-12-14,5928.7001953125,5953.9501953125,5888.75,5944.10009765625,0
2010-12-15,5931.14990234375,5942.75,5865.7998046875,5892.2998046875,0
2010-12-16,5910.5498046875,5956.14990234375,5855.0498046875,5948.75,0
2010-12-20,5926.85009765625,5985.0,5900.25,5947.0498046875,0
2010-12-21,5960.39990234375,6007.4501953125,5960.0498046875,6000.64990234375,0
2010-12-22,6019.0,6023.7998046875,5958.0,5984.39990234375,0
2010-12-23,6005.89990234375,6006.4501953125,5964.60009765625,5980.0,0
2010-12-24,5940.25,6017.35009765625,5940.25,6011.60009765625,0
2010-12-27,6013.2998046875,6045.75,5991.10009765625,5998.10009765625,0
2010-12-28,6005.35009765625,6010.89990234375,5982.25,5996.0,0
2010-12-29,6005.14990234375,6067.5498046875,6002.85009765625,6060.35009765625,0
2010-12-30,6062.35009765625,6106.39990234375,6062.35009765625,6101.85009765625,0
2010-12-31,6105.10009765625,6147.2998046875,6103.5498046875,6134.5,0
2011-01-03,6177.4501953125,6178.5498046875,6147.2001953125,6157.60009765625,0
2011-01-04,6172.75,6181.0498046875,6124.39990234375,6146.35009765625,0
2011-01-05,6141.35009765625,6141.35009765625,6062.35009765625,6079.7998046875,0
2011-01-06,6107.0,6116.14990234375,6022.2998046875,6048.25,0
2011-01-07,6030.89990234375,6051.2001953125,5883.60009765625,5904.60009765625,0
2011-01-10,5901.2998046875,5907.25,5740.9501953125,5762.85009765625,0
2011-01-11,5767.9501953125,5842.60009765625,5698.2001953125,5754.10009765625,0
2011-01-12,5800.0498046875,5874.2001953125,5711.2998046875,5863.25,0
2011-01-13,5850.75,5857.75,5736.7001953125,5751.89990234375,0
2011-01-14,5752.10009765625,5833.64990234375,5639.64990234375,5654.5498046875,0
2011-01-17,5648.7998046875,5696.14990234375,5624.14990234375,5654.75,0
2011-01-18,5682.5498046875,5730.5,5671.25,5724.0498046875,0
2011-01-19,5737.35009765625,5747.64990234375,5662.5498046875,5691.0498046875,0
2011-01-20,5656.0,5729.4501953125,5634.5,5711.60009765625,0
2011-01-21,5692.0498046875,5717.5498046875,5674.5,5696.5,0
2011-01-24,5717.10009765625,5756.0,5697.75,5743.25,0
2011-01-25,5763.2998046875,5801.5498046875,5680.64990234375,5687.39990234375,0
2011-01-27,5725.2998046875,5726.10009765625,5594.9501953125,5604.2998046875,0
2011-01-28,5614.0,5614.39990234375,5459.5498046875,5512.14990234375,0
2011-01-31,5452.5498046875,5526.85009765625,5416.64990234375,5505.89990234375,0
2011-02-01,5537.2998046875,5539.14990234375,5402.0,5417.2001953125,0
2011-02-02,5469.5498046875,5490.60009765625,5415.64990234375,5432.0,0
2011-02-03,5430.4501953125,5532.64990234375,5418.0,5526.75,0
2011-02-04,5519.89990234375,5556.2998046875,5369.0498046875,5395.75,0
2011-02-07,5430.14990234375,5440.35009765625,5376.9501953125,5396.0,0
2011-02-08,5432.35009765625,5432.35009765625,5303.39990234375,5312.5498046875,0
2011-02-09,5293.0498046875,5339.4501953125,5225.64990234375,5253.5498046875,0
2011-02-10,5246.0498046875,5272.60009765625,5196.7998046875,5225.7998046875,0
2011-02-11,5219.64990234375,5319.4501953125,5177.7001953125,5310.0,0
2011-02-14,5340.25,5463.7998046875,5340.25,5456.0,0
2011-02-15,5467.75,5506.5,5408.35009765625,5481.0,0
2011-02-16,5467.60009765625,5504.7998046875,5460.35009765625,5481.7001953125,0
2011-02-17,5501.7001953125,5553.0,5463.39990234375,5546.4501953125,0
2011-02-18,5557.5498046875,5599.25,5441.9501953125,5458.9501953125,0
2011-02-21,5456.60009765625,5526.25,5413.10009765625,5518.60009765625,0
2011-02-22,5504.39990234375,5519.4501953125,5437.2998046875,5469.2001953125,0
2011-02-23,5452.4501953125,5495.2001953125,5427.5498046875,5437.35009765625,0
2011-02-24,5408.75,5423.39990234375,5242.5,5262.7001953125,0
2011-02-25,5321.0498046875,5338.2001953125,5232.75,5303.5498046875,0
2011-02-28,5330.14990234375,5477.0,5308.60009765625,5333.25,0
2011-03-01,5382.0,5533.0498046875,5373.5498046875,5522.2998046875,0
2011-03-03,5478.4501953125,5570.75,5468.25,5536.2001953125,0
2011-03-04,5586.2001953125,5608.2001953125,5524.10009765625,5538.75,0
2011-03-07,5490.0498046875,5491.25,5408.4501953125,5463.14990234375,0
2011-03-08,5466.10009765625,5530.5498046875,5464.75,5520.7998046875,0
2011-03-09,5542.39990234375,5563.2998046875,5477.4501953125,5531.0,0
2011-03-10,5516.10009765625,5516.2998046875,5468.4501953125,5494.39990234375,0
2011-03-11,5456.14990234375,5502.7001953125,5411.5498046875,5445.4501953125,0
2011-03-14,5436.5,5537.2998046875,5434.25,5531.5,0
2011-03-15,5420.0,5497.85009765625,5373.64990234375,5449.64990234375,0
2011-03-16,5475.9501953125,5535.10009765625,5475.9501953125,5511.14990234375,0
2011-03-17,5455.39990234375,5510.0498046875,5435.2998046875,5446.64990234375,0
2011-03-18,5475.35009765625,5483.0498046875,5366.39990234375,5373.7001953125,0
2011-03-21,5408.75,5413.2998046875,5348.2001953125,5364.75,0
2011-03-22,5390.85009765625,5428.14990234375,5376.14990234375,5413.85009765625,0
2011-03-23,5411.39990234375,5484.9501953125,5401.9501953125,5480.25,0
2011-03-24,5501.7998046875,5529.0,5496.10009765625,5522.39990234375,0
2011-03-25,5588.64990234375,5667.10009765625,5560.9501953125,5654.25,0
2011-03-28,5645.25,5709.10009765625,5643.2001953125,5687.25,0
2011-03-29,5686.5,5770.35009765625,5680.7001953125,5736.35009765625,0
2011-03-30,5755.7998046875,5803.14990234375,5753.89990234375,5787.64990234375,0
2011-03-31,5803.0498046875,5872.0,5778.64990234375,5833.75,0
2011-04-01,5835.0,5860.2001953125,5810.39990234375,5826.0498046875,0
2011-04-04,5842.0,5918.7001953125,5833.2001953125,5908.4501953125,0
2011-04-05,5923.85009765625,5928.64990234375,5855.85009765625,5910.0498046875,0
2011-04-06,5908.0,5944.4501953125,5868.7998046875,5891.75,0
2011-04-07,5888.5498046875,5906.10009765625,5866.25,5885.7001953125,0
2011-04-08,5886.75,5926.9501953125,5822.0,5842.0,0
2011-04-11,5805.35009765625,5830.2998046875,5777.89990234375,5785.7001953125,0
2011-04-13,5747.9501953125,5923.60009765625,5735.5498046875,5911.5,0
2011-04-15,5898.75,5907.35009765625,5806.4501953125,5824.5498046875,0
2011-04-18,5824.35009765625,5897.89990234375,5722.25,5729.10009765625,0
2011-04-19,5716.0,5762.9501953125,5693.25,5740.75,0
2011-04-20,5786.0498046875,5857.35009765625,5759.64990234375,5851.64990234375,0
2011-04-21,5882.85009765625,5912.89990234375,5864.35009765625,5884.7001953125,0
2011-04-25,5859.60009765625,5906.60009765625,5857.0,5874.5,0
2011-04-26,5876.85009765625,5893.2001953125,5791.5498046875,5868.39990234375,0
2011-04-27,5884.2001953125,5892.35009765625,5819.9501953125,5833.89990234375,0
2011-04-28,5851.35009765625,5856.39990234375,5776.9501953125,5785.4501953125,0
2011-04-29,5782.5,5804.2998046875,5706.0498046875,5749.5,0
2011-05-02,5766.89990234375,5775.25,5687.7001953125,5701.2998046875,0
2011-05-03,5689.7001953125,5710.7998046875,5554.85009765625,5565.25,0
2011-05-04,5567.7001953125,5578.7998046875,5503.0,5537.14990234375,0
2011-05-05,5531.60009765625,5560.2998046875,5443.64990234375,5459.85009765625,0
2011-05-06,5477.64990234375,5564.39990234375,5472.4501953125,5551.4501953125,0
2011-05-09,5575.2001953125,5586.0498046875,5502.39990234375,5551.10009765625,0
2011-05-10,5555.5498046875,5592.89990234375,5514.5498046875,5541.25,0
2011-05-11,5547.2001953125,5574.7001953125,5525.0,5565.0498046875,0
2011-05-12,5537.7998046875,5572.5,5476.2998046875,5486.14990234375,0
2011-05-13,5492.35009765625,5605.0,5472.14990234375,5544.75,0
2011-05-16,5541.7001953125,5541.7998046875,5487.64990234375,5499.0,0
2011-05-17,5496.10009765625,5523.85009765625,5421.0498046875,5438.9501953125,0
2011-05-18,5448.2001953125,5460.5,5401.25,5420.60009765625,0
2011-05-19,5448.14990234375,5452.60009765625,5411.25,5428.10009765625,0
2011-05-20,5450.64990234375,5517.5498046875,5432.75,5486.35009765625,0
2011-05-23,5456.7001953125,5456.7001953125,5373.0,5386.5498046875,0
2011-05-24,5385.10009765625,5422.60009765625,5367.4501953125,5394.85009765625,0
2011-05-25,5389.10009765625,5389.10009765625,5328.7001953125,5348.9501953125,0
2011-05-26,5372.75,5422.2001953125,5356.35009765625,5412.35009765625,0
2011-05-27,5413.7001953125,5485.7998046875,5413.60009765625,5476.10009765625,0
2011-05-30,5493.75,5509.2998046875,5458.60009765625,5473.10009765625,0
2011-05-31,5492.0,5571.6,5489.7,5560.15,149409715
2011-06-01,5561.0498046875,5597.35009765625,5559.4501953125,5592.0,0
2011-06-02,5529.89990234375,5568.2001953125,5521.9501953125,5550.35009765625,0
2011-06-03,5565.7001953125,5604.9501953125,5507.2001953125,5516.75,0
2011-06-06,5504.2998046875,5542.64990234375,5479.85009765625,5532.0498046875,0
2011-06-07,5509.14990234375,5570.10009765625,5507.7998046875,5556.14990234375,0
2011-06-08,5535.25,5556.60009765625,5514.89990234375,5526.85009765625,0
2011-06-09,5523.5498046875,5540.10009765625,5502.0498046875,5521.0498046875,0
2011-06-10,5518.0498046875,5521.4501953125,5457.4501953125,5485.7998046875,0
2011-06-13,5469.85009765625,5496.7001953125,5436.9501953125,5482.7998046875,0
2011-06-14,5485.60009765625,5520.14990234375,5484.2001953125,5500.5,0
2011-06-15,5494.4501953125,5499.35009765625,5438.9501953125,5447.5,0
2011-06-16,5419.64990234375,5447.5,5389.7998046875,5396.75,0
2011-06-17,5412.5,5421.14990234375,5355.85009765625,5366.39990234375,0
2011-06-20,5372.2001953125,5377.39990234375,5195.89990234375,5257.89990234375,0
2011-06-21,5280.7998046875,5322.4501953125,5257.0,5275.85009765625,0
2011-06-22,5304.64990234375,5310.5,5262.5,5278.2998046875,0
2011-06-23,5269.10009765625,5330.60009765625,5252.25,5320.0,0
2011-06-24,5343.39990234375,5477.85009765625,5343.39990234375,5471.25,0
2011-06-27,5441.2001953125,5552.64990234375,5434.25,5526.60009765625,0
2011-06-28,5548.85009765625,5558.2998046875,5496.35009765625,5545.2998046875,0
2011-06-29,5566.5,5608.64990234375,5566.5,5600.4501953125,0
2011-06-30,5614.5,5657.89990234375,5606.10009765625,5647.39990234375,0
2011-07-01,5705.75,5705.7998046875,5609.75,5627.2001953125,0
2011-07-04,5679.5498046875,5679.64990234375,5633.10009765625,5650.5,0
2011-07-05,5659.85009765625,5659.85009765625,5612.2998046875,5632.10009765625,0
2011-07-06,5622.7001953125,5655.39990234375,5610.75,5625.4501953125,0
2011-07-07,5633.35009765625,5737.14990234375,5632.9501953125,5728.9501953125,0
2011-07-08,5734.64990234375,5740.39990234375,5651.0498046875,5660.64990234375,0
2011-07-11,5648.0498046875,5652.89990234375,5601.7001953125,5616.10009765625,0
2011-07-12,5556.89990234375,5580.25,5496.9501953125,5526.14990234375,0
2011-07-13,5542.0498046875,5596.14990234375,5541.39990234375,5585.4501953125,0
2011-07-14,5569.0,5653.95,5541.7,5599.8,123015471
2011-07-15,5602.9501953125,5631.7001953125,5562.75,5581.10009765625,0
2011-07-18,5581.75,5596.60009765625,5550.9501953125,5567.0498046875,0
2011-07-19,5569.85009765625,5627.64990234375,5557.2001953125,5613.5498046875,0
2011-07-20,5642.0498046875,5645.39990234375,5555.10009765625,5567.0498046875,0
2011-07-21,5554.60009765625,5578.89990234375,5532.7001953125,5541.60009765625,0
2011-07-22,5576.9501953125,5642.2001953125,5567.10009765625,5633.9501953125,0
2011-07-25,5633.7998046875,5700.5498046875,5616.7001953125,5680.2998046875,0
2011-07-26,5688.4501953125,5702.25,5560.14990234375,5574.85009765625,0
2011-07-27,5588.5498046875,5591.7001953125,5521.5,5546.7998046875,0
2011-07-28,5492.39990234375,5512.10009765625,5475.64990234375,5487.75,0
2011-07-29,5479.0,5520.2998046875,5453.9501953125,5482.0,0
2011-08-01,5527.5,5551.89990234375,5486.4501953125,5516.7998046875,0
2011-08-02,5493.2001953125,5496.2998046875,5433.64990234375,5456.5498046875,0
2011-08-03,5402.0,5422.60009765625,5378.85009765625,5404.7998046875,0
2011-08-04,5412.39990234375,5434.5,5323.14990234375,5331.7998046875,0
2011-08-05,5204.35009765625,5229.64990234375,5116.4501953125,5211.25,0
2011-08-08,5083.85009765625,5204.2001953125,5054.0498046875,5118.5,0
2011-08-09,4947.89990234375,5167.0,4946.4501953125,5072.85009765625,0
2011-08-10,5196.5498046875,5197.9501953125,5123.35009765625,5161.0,0
2011-08-11,5128.0,5184.9501953125,5121.0,5138.2998046875,0
2011-08-12,5194.39990234375,5194.4501953125,5053.35009765625,5072.9501953125,0
2011-08-16,5125.75,5132.2001953125,5015.39990234375,5035.7998046875,0
2011-08-17,5030.2998046875,5112.14990234375,5017.25,5056.60009765625,0
2011-08-18,5077.9501953125,5078.60009765625,4932.14990234375,4944.14990234375,0
2011-08-19,4859.2998046875,4893.60009765625,4796.10009765625,4845.64990234375,0
2011-08-22,4843.7001953125,4910.0498046875,4808.75,4898.7998046875,0
2011-08-23,4925.14990234375,4965.7998046875,4863.7998046875,4948.89990234375,0
2011-08-24,4934.35009765625,4962.39990234375,4875.2998046875,4888.89990234375,0
2011-08-25,4914.64990234375,4915.85009765625,4825.0498046875,4839.60009765625,0
2011-08-26,4839.25,4872.0,4720.0,4747.7998046875,0
2011-08-29,4806.2001953125,4934.39990234375,4806.0498046875,4919.60009765625,0
2011-08-30,4973.25,5016.25,4927.5498046875,5001.0,0
2011-09-02,5109.7998046875,5113.7001953125,4993.35009765625,5040.0,0
2011-09-05,4998.89990234375,5030.2998046875,4964.4501953125,5017.2001953125,0
2011-09-06,4993.35009765625,5072.89990234375,4942.89990234375,5064.2998046875,0
2011-09-07,5080.14990234375,5154.5,5076.2998046875,5124.64990234375,0
2011-09-08,5139.2001953125,5169.25,5098.25,5153.25,0
2011-09-09,5161.2998046875,5163.75,5046.7998046875,5059.4501953125,0
2011-09-12,4981.7001953125,4985.60009765625,4911.25,4946.7998046875,0
2011-09-13,4977.7998046875,5030.14990234375,4911.0498046875,4940.9501953125,0
2011-09-14,4965.0498046875,5026.14990234375,4917.39990234375,5012.5498046875,0
2011-09-15,5062.35009765625,5091.4501953125,4967.4501953125,5075.7001953125,0
2011-09-16,5123.35009765625,5143.60009765625,5068.10009765625,5084.25,0
2011-09-19,5068.39990234375,5068.39990234375,5019.25,5031.9501953125,0
2011-09-20,5042.5498046875,5149.89990234375,5035.25,5140.2001953125,0
2011-09-21,5153.75,5168.39990234375,5109.85009765625,5133.25,0
2011-09-22,5054.4501953125,5059.85009765625,4907.75,4923.64990234375,0
2011-09-23,4873.75,4930.25,4829.60009765625,4867.75,0
2011-09-26,4878.60009765625,4879.7998046875,4758.85009765625,4835.39990234375,0
2011-09-27,4905.14990234375,4982.9501953125,4905.14990234375,4971.25,0
2011-09-28,5005.5,5006.0498046875,4918.4501953125,4945.89990234375,0
2011-09-29,4924.2001953125,5034.25,4906.0,5015.4501953125,0
2011-09-30,4990.14990234375,5025.5498046875,4924.2998046875,4943.25,0
2011-10-03,4874.39990234375,4879.14990234375,4823.89990234375,4849.5,0
2011-10-04,4823.5,4869.75,4728.2998046875,4772.14990234375,0
2011-10-05,4791.2998046875,4827.7998046875,4741.0,4751.2998046875,0
2011-10-07,4883.64990234375,4922.60009765625,4861.2001953125,4888.0498046875,0
2011-10-10,4886.85009765625,4991.14990234375,4882.0498046875,4979.60009765625,0
2011-10-11,5019.89990234375,5045.10009765625,4964.0,4974.35009765625,0
2011-10-12,5011.2001953125,5109.7998046875,4997.64990234375,5099.39990234375,0
2011-10-13,5130.7998046875,5136.9501953125,5067.64990234375,5077.85009765625,0
2011-10-14,5057.35009765625,5141.39990234375,5056.60009765625,5132.2998046875,0
2011-10-17,5156.2001953125,5160.2001953125,5084.5,5118.25,0
2011-10-18,5049.4501953125,5057.5,5011.0498046875,5037.5,0
2011-10-19,5080.4501953125,5148.0498046875,5075.2998046875,5139.14990234375,0
2011-10-20,5086.5498046875,5099.0,5033.9501953125,5091.89990234375,0
2011-10-21,5106.60009765625,5120.75,5037.9501953125,5049.9501953125,0
2011-10-24,5114.7001953125,5145.64990234375,5084.75,5098.35009765625,0
2011-10-25,5137.89990234375,5211.0,5085.5498046875,5191.60009765625,0
2011-10-26,5214.95,5219.25,5196.15,5201.8,27496887
2011-10-28,5341.89990234375,5399.7001953125,5322.7998046875,5360.7001953125,0
2011-10-31,5358.89990234375,5360.25,5314.60009765625,5326.60009765625,0
2011-11-01,5278.60009765625,5310.85009765625,5238.2998046875,5257.9501953125,0
2011-11-02,5216.75,5300.10009765625,5204.9501953125,5258.4501953125,0
2011-11-03,5241.5498046875,5281.60009765625,5201.85009765625,5265.75,0
2011-11-04,5325.39990234375,5326.4501953125,5256.7998046875,5284.2001953125,0
2011-11-08,5292.25,5304.25,5252.0,5289.35009765625,0
2011-11-09,5309.7001953125,5317.5,5211.75,5221.0498046875,0
2011-11-11,5159.75,5198.60009765625,5142.25,5168.85009765625,0
2011-11-14,5217.35009765625,5228.89990234375,5140.5498046875,5148.35009765625,0
2011-11-15,5131.2001953125,5158.75,5052.85009765625,5068.5,0
2011-11-16,5059.10009765625,5065.2001953125,4989.5,5030.4501953125,0
2011-11-17,5027.10009765625,5036.7998046875,4919.4501953125,4934.75,0
2011-11-18,4899.14990234375,4915.89990234375,4837.9501953125,4905.7998046875,0
2011-11-21,4873.7998046875,4873.7998046875,4764.7998046875,4778.35009765625,0
2011-11-22,4794.85009765625,4854.0,4782.5498046875,4812.35009765625,0
2011-11-23,4779.5,4779.5,4640.9501953125,4706.4501953125,0
2011-11-24,4707.55,4771.1,4639.1,4756.45,213363083
2011-11-25,4731.2998046875,4767.2998046875,4693.10009765625,4710.0498046875,0
2011-11-28,4769.2998046875,4859.10009765625,4766.39990234375,4851.2998046875,0
2011-11-29,4864.2001953125,4866.10009765625,4787.10009765625,4805.10009765625,0
2011-11-30,4766.14990234375,4851.5498046875,4754.7998046875,4832.0498046875,0
2011-12-01,4970.85009765625,5011.89990234375,4916.7001953125,4936.85009765625,0
2011-12-02,4940.85009765625,5062.5498046875,4918.39990234375,5050.14990234375,0
2011-12-05,5036.5,5055.39990234375,5002.5498046875,5039.14990234375,0
2011-12-07,5050.10009765625,5099.25,5032.25,5062.60009765625,0
2011-12-08,5037.39990234375,5049.0498046875,4921.4501953125,4943.64990234375,0
2011-12-09,4870.75,4918.35009765625,4841.75,4866.7001953125,0
2011-12-12,4906.85009765625,4910.25,4755.5498046875,4764.60009765625,0
2011-12-13,4733.60009765625,4824.7001953125,4728.5,4800.60009765625,0
2011-12-14,4788.7001953125,4839.5498046875,4750.39990234375,4763.25,0
2011-12-15,4712.7998046875,4768.64990234375,4673.85009765625,4746.35009765625,0
2011-12-16,4752.5,4818.85009765625,4628.2001953125,4651.60009765625,0
2011-12-19,4623.14990234375,4623.14990234375,4555.89990234375,4613.10009765625,0
2011-12-20,4635.7998046875,4637.25,4531.14990234375,4544.2001953125,0
2011-12-21,4636.4501953125,4707.35009765625,4601.9501953125,4693.14990234375,0
2011-12-22,4636.89990234375,4740.60009765625,4632.9501953125,4733.85009765625,0
2011-12-23,4763.2001953125,4763.4501953125,4693.2001953125,4714.0,0
2011-12-26,4718.15,4787.25,4718.15,4779.0,90847991
2011-12-27,4780.2001953125,4800.5,4723.64990234375,4750.5,0
2011-12-28,4756.2001953125,4756.2001953125,4685.64990234375,4705.7998046875,0
2011-12-29,4681.14990234375,4701.7998046875,4639.0498046875,4646.25,0
2011-12-30,4659.9501953125,4690.4501953125,4608.89990234375,4624.2998046875,0
2012-01-02,4640.2,4645.95,4588.05,4636.75,108460668
2012-01-03,4675.7998046875,4773.10009765625,4675.7998046875,4765.2998046875,0
2012-01-04,4774.9501953125,4782.85009765625,4728.85009765625,4749.64990234375,0
2012-01-05,4749.0,4779.7998046875,4730.14990234375,4749.9501953125,0
2012-01-06,4724.14990234375,4794.89990234375,4686.85009765625,4754.10009765625,0
2012-01-07,4755.6,4759.4,4743.05,4746.9,18783880
2012-01-09,4747.5498046875,4758.7001953125,4695.4501953125,4742.7998046875,0
2012-01-10,4771.85009765625,4855.89990234375,4768.25,4849.5498046875,0
2012-01-11,4863.14990234375,4877.2001953125,4841.60009765625,4860.9501953125,0
2012-01-12,4840.9501953125,4869.2001953125,4803.89990234375,4831.25,0
2012-01-13,4861.9501953125,4898.85009765625,4834.2001953125,4866.0,0
2012-01-16,4844.0,4880.7998046875,4827.0498046875,4873.89990234375,0
2012-01-17,4904.5,4975.5498046875,4904.0,4967.2998046875,0
2012-01-18,4977.75,4980.64990234375,4931.0498046875,4955.7998046875,0
2012-01-19,4995.0,5023.7998046875,4991.39990234375,5018.39990234375,0
2012-01-20,5044.85009765625,5064.14990234375,5004.2998046875,5048.60009765625,0
2012-01-23,5025.35009765625,5059.5498046875,5021.35009765625,5046.25,0
2012-01-24,5064.7998046875,5141.0498046875,5049.7998046875,5127.35009765625,0
2012-01-25,5151.5,5174.14990234375,5130.25,5158.2998046875,0
2012-01-27,5216.75,5217.0,5162.39990234375,5204.7001953125,0
2012-01-30,5163.5498046875,5166.14990234375,5076.7001953125,5087.2998046875,0
2012-01-31,5125.25,5215.39990234375,5120.14990234375,5199.25,0
2012-02-01,5198.14990234375,5244.60009765625,5159.0,5235.7001953125,0
2012-02-02,5272.10009765625,5289.9501953125,5225.75,5269.89990234375,0
2012-02-03,5276.10009765625,5334.85009765625,5255.5498046875,5325.85009765625,0
2012-02-06,5379.4501953125,5390.0498046875,5327.25,5361.64990234375,0
2012-02-07,5412.9501953125,5413.35009765625,5322.9501953125,5335.14990234375,0
2012-02-08,5343.7998046875,5396.89990234375,5325.2001953125,5368.14990234375,0
2012-02-09,5343.0498046875,5423.39990234375,5338.89990234375,5412.35009765625,0
2012-02-10,5399.7998046875,5427.75,5341.0498046875,5381.60009765625,0
2012-02-13,5382.10009765625,5421.0498046875,5351.39990234375,5390.2001953125,0
2012-02-14,5380.7998046875,5428.0498046875,5377.9501953125,5416.0498046875,0
2012-02-15,5460.60009765625,5542.10009765625,5460.60009765625,5531.9501953125,0
2012-02-16,5513.75,5531.39990234375,5483.75,5521.9501953125,0
2012-02-17,5574.2001953125,5606.7001953125,5545.2001953125,5564.2998046875,0
2012-02-21,5561.89990234375,5621.5,5561.75,5607.14990234375,0
2012-02-22,5609.75,5629.9501953125,5491.35009765625,5505.35009765625,0
2012-02-23,5490.0498046875,5537.39990234375,5460.7998046875,5483.2998046875,0
2012-02-24,5479.14990234375,5521.39990234375,5405.89990234375,5429.2998046875,0
2012-02-27,5448.10009765625,5449.7998046875,5268.14990234375,5281.2001953125,0
2012-02-28,5310.5,5391.10009765625,5306.4501953125,5375.5,0
2012-02-29,5424.9501953125,5458.7998046875,5352.25,5385.2001953125,0
2012-03-01,5366.0,5372.4501953125,5297.5,5339.75,0
2012-03-02,5369.4501953125,5392.5498046875,5315.0498046875,5359.35009765625,0
2012-03-03,5360.05,5369.6,5353.4,5359.4,16770991
2012-03-05,5342.5498046875,5344.5,5265.7001953125,5280.35009765625,0
2012-03-06,5266.0,5382.0498046875,5206.39990234375,5222.39990234375,0
2012-03-07,5207.0498046875,5243.85009765625,5171.4501953125,5220.4501953125,0
2012-03-09,5294.10009765625,5342.2998046875,5291.60009765625,5333.5498046875,0
2012-03-12,5420.10009765625,5421.89990234375,5327.2998046875,5359.5498046875,0
2012-03-13,5391.0498046875,5438.64990234375,5390.7998046875,5429.5,0
2012-03-14,5490.5498046875,5499.39990234375,5437.7998046875,5463.89990234375,0
2012-03-15,5462.5,5462.5,5362.2998046875,5380.5,0
2012-03-16,5380.35009765625,5445.64990234375,5305.0,5317.89990234375,0
2012-03-19,5337.35009765625,5340.7001953125,5238.5498046875,5257.0498046875,0
2012-03-20,5257.14990234375,5297.35009765625,5233.25,5274.85009765625,0
2012-03-21,5267.2001953125,5372.35009765625,5256.0,5364.9501953125,0
2012-03-22,5361.10009765625,5385.9501953125,5205.64990234375,5228.4501953125,0
2012-03-23,5255.64990234375,5312.0,5220.0,5278.2001953125,0
2012-03-26,5274.35009765625,5274.9501953125,5174.89990234375,5184.25,0
2012-03-27,5242.9501953125,5277.9501953125,5184.64990234375,5243.14990234375,0
2012-03-28,5231.7001953125,5236.5498046875,5169.60009765625,5194.75,0
2012-03-29,5145.9501953125,5194.2998046875,5135.9501953125,5178.85009765625,0
2012-03-30,5206.60009765625,5307.10009765625,5203.64990234375,5295.5498046875,0
2012-04-02,5296.35009765625,5331.5498046875,5278.7998046875,5317.89990234375,0
2012-04-03,5353.2001953125,5378.75,5344.4501953125,5358.5,0
2012-04-04,5328.64990234375,5338.39990234375,5305.2998046875,5322.89990234375,0
2012-04-09,5282.5,5287.89990234375,5228.0,5234.39990234375,0
2012-04-10,5254.10009765625,5255.7998046875,5211.85009765625,5243.60009765625,0
2012-04-11,5209.4501953125,5263.64990234375,5190.7998046875,5226.85009765625,0
2012-04-12,5246.75,5290.60009765625,5246.75,5276.85009765625,0
2012-04-13,5255.7001953125,5306.75,5185.39990234375,5207.4501953125,0
2012-04-16,5190.60009765625,5233.5,5183.5,5226.2001953125,0
2012-04-17,5266.60009765625,5298.2001953125,5208.35009765625,5289.7001953125,0
2012-04-18,5320.7001953125,5342.0,5293.4501953125,5300.0,0
2012-04-19,5320.60009765625,5342.4501953125,5291.2998046875,5332.39990234375,0
2012-04-20,5313.9501953125,5336.14990234375,5245.4501953125,5290.85009765625,0
2012-04-23,5277.39990234375,5310.5498046875,5187.14990234375,5200.60009765625,0
2012-04-24,5215.89990234375,5232.35009765625,5180.35009765625,5222.64990234375,0
2012-04-25,5222.2001953125,5236.10009765625,5160.64990234375,5202.0,0
2012-04-26,5214.75,5215.60009765625,5179.0498046875,5189.0,0
2012-04-27,5189.0,5223.0498046875,5154.2998046875,5190.60009765625,0
2012-04-28,5209.6,5216.4,5196.35,5209.0,6555703
2012-04-30,5201.4501953125,5262.14990234375,5201.4501953125,5248.14990234375,0
2012-05-02,5254.2998046875,5279.60009765625,5226.4501953125,5239.14990234375,0
2012-05-03,5211.2001953125,5217.2998046875,5180.64990234375,5188.39990234375,0
2012-05-04,5166.64990234375,5177.2001953125,5070.60009765625,5086.85009765625,0
2012-05-07,5017.7998046875,5124.75,4988.0,5114.14990234375,0
2012-05-08,5114.7001953125,5119.9501953125,4983.60009765625,4999.9501953125,0
2012-05-09,4967.89990234375,5016.25,4956.4501953125,4974.7998046875,0
2012-05-10,4984.14990234375,5039.2998046875,4950.2998046875,4965.7001953125,0
2012-05-11,4938.85009765625,4976.25,4906.14990234375,4928.89990234375,0
2012-05-14,4934.35009765625,4957.2001953125,4874.5,4907.7998046875,0
2012-05-15,4869.85009765625,4955.2001953125,4868.5498046875,4942.7998046875,0
2012-05-16,4875.2998046875,4882.25,4837.0498046875,4858.25,0
2012-05-17,4878.60009765625,4922.25,4850.2001953125,4870.2001953125,0
2012-05-18,4796.39990234375,4908.5,4788.9501953125,4891.4501953125,0
2012-05-21,4888.5,4937.5,4888.5,4906.05,116506971
2012-05-22,4954.7001953125,4956.35009765625,4849.89990234375,4860.5,0
2012-05-23,4843.0,4853.75,4803.9501953125,4835.64990234375,0
2012-05-24,4863.39990234375,4931.89990234375,4830.14990234375,4921.39990234375,0
2012-05-25,4905.9501953125,4935.7998046875,4889.35009765625,4920.39990234375,0
2012-05-28,4931.7001953125,4994.9501953125,4931.2998046875,4985.64990234375,0
2012-05-29,5005.35009765625,5020.14990234375,4982.14990234375,4990.10009765625,0
2012-05-30,4964.25,4982.25,4944.89990234375,4950.75,0
2012-05-31,4896.10009765625,4924.25,4894.4501953125,4924.25,0
2012-06-01,4910.85009765625,4925.0,4831.75,4841.60009765625,0
2012-06-04,4797.2998046875,4858.2998046875,4770.35009765625,4848.14990234375,0
2012-06-05,4869.4501953125,4898.9501953125,4847.7001953125,4863.2998046875,0
2012-06-06,4886.64990234375,5010.4501953125,4886.14990234375,4997.10009765625,0
2012-06-07,5035.35009765625,5059.64990234375,5007.75,5049.64990234375,0
2012-06-08,5044.25,5084.4501953125,4994.7998046875,5068.35009765625,0
2012-06-11,5096.7001953125,5124.4501953125,5040.7001953125,5054.10009765625,0
2012-06-12,5015.5,5128.89990234375,5015.14990234375,5115.89990234375,0
2012-06-13,5117.5498046875,5144.89990234375,5095.4501953125,5121.4501953125,0
2012-06-14,5105.10009765625,5130.0,5047.60009765625,5054.75,0
2012-06-15,5069.5498046875,5146.2001953125,5069.14990234375,5139.0498046875,0
2012-06-18,5174.0,5190.2001953125,5041.7001953125,5064.25,0
2012-06-19,5050.7998046875,5113.60009765625,5048.10009765625,5103.85009765625,0
2012-06-20,5114.5498046875,5141.7001953125,5100.7001953125,5120.5498046875,0
2012-06-21,5097.35009765625,5170.39990234375,5093.4501953125,5165.0,0
2012-06-22,5101.75,5159.7998046875,5094.0,5146.0498046875,0
2012-06-25,5158.5,5194.60009765625,5105.64990234375,5114.64990234375,0
2012-06-26,5107.4501953125,5134.5498046875,5095.5,5120.7998046875,0
2012-06-27,5149.4501953125,5160.10009765625,5129.25,5141.89990234375,0
2012-06-28,5148.9501953125,5159.0498046875,5125.2998046875,5149.14990234375,0
2012-06-29,5191.25,5286.25,5189.0,5278.89990234375,0
2012-07-02,5283.85009765625,5302.14990234375,5263.35009765625,5278.60009765625,0
2012-07-03,5298.85009765625,5317.0,5265.9501953125,5287.9501953125,0
2012-07-04,5310.39990234375,5317.64990234375,5273.2998046875,5302.5498046875,0
2012-07-05,5297.0498046875,5333.64990234375,5288.85009765625,5327.2998046875,0
2012-07-06,5324.7001953125,5327.2001953125,5287.75,5316.9501953125,0
2012-07-09,5283.7001953125,5300.60009765625,5257.75,5275.14990234375,0
2012-07-10,5286.60009765625,5348.5498046875,5284.5498046875,5345.35009765625,0
2012-07-11,5315.25,5336.4501953125,5300.25,5306.2998046875,0
2012-07-12,5240.0,5261.75,5217.7001953125,5235.25,0
2012-07-13,5242.75,5267.14990234375,5216.85009765625,5227.25,0
2012-07-16,5232.35009765625,5246.85009765625,5190.4501953125,5197.25,0
2012-07-17,5228.0498046875,5236.7001953125,5181.7001953125,5192.85009765625,0
2012-07-18,5199.10009765625,5222.85009765625,5169.0498046875,5216.2998046875,0
2012-07-19,5249.85009765625,5257.75,5233.14990234375,5242.7001953125,0
2012-07-20,5233.5498046875,5238.7001953125,5197.5,5205.10009765625,0
2012-07-23,5163.25,5164.2001953125,5108.10009765625,5117.9501953125,0
2012-07-24,5128.7998046875,5144.0,5103.25,5128.2001953125,0
2012-07-25,5118.39990234375,5121.60009765625,5076.60009765625,5109.60009765625,0
2012-07-26,5126.2998046875,5126.2998046875,5032.39990234375,5043.0,0
2012-07-27,5124.2998046875,5149.9501953125,5077.5,5099.85009765625,0
2012-07-30,5129.75,5206.60009765625,5129.75,5199.7998046875,0
2012-07-31,5214.85009765625,5234.5498046875,5154.0498046875,5229.0,0
2012-08-01,5220.7001953125,5246.35009765625,5212.64990234375,5240.5,0
2012-08-02,5233.10009765625,5236.89990234375,5209.9501953125,5227.75,0
2012-08-03,5195.60009765625,5220.2001953125,5164.64990234375,5215.7001953125,0
2012-08-06,5260.85009765625,5293.2001953125,5260.85009765625,5282.5498046875,0
2012-08-07,5295.39990234375,5350.10009765625,5281.64990234375,5336.7001953125,0
2012-08-08,5345.25,5377.60009765625,5331.0498046875,5338.0,0
2012-08-09,5348.2998046875,5368.2001953125,5312.10009765625,5322.9501953125,0
2012-08-10,5308.2001953125,5330.10009765625,5294.10009765625,5320.39990234375,0
2012-08-13,5316.35009765625,5352.4501953125,5309.0498046875,5347.89990234375,0
2012-08-14,5343.25,5387.0498046875,5328.7998046875,5380.35009765625,0
2012-08-16,5385.9501953125,5390.64990234375,5356.64990234375,5362.9501953125,0
2012-08-17,5368.60009765625,5399.9501953125,5341.7001953125,5366.2998046875,0
2012-08-21,5368.7001953125,5425.14990234375,5368.7001953125,5421.0,0
2012-08-22,5395.75,5433.35009765625,5394.7998046875,5412.85009765625,0
2012-08-23,5426.14990234375,5448.60009765625,5393.85009765625,5415.35009765625,0
2012-08-24,5392.60009765625,5399.64990234375,5371.0,5386.7001953125,0
2012-08-27,5387.85009765625,5399.14990234375,5346.64990234375,5350.25,0
2012-08-28,5348.05,5359.25,5312.6,5334.6,123683723
2012-08-29,5343.85009765625,5345.5,5282.7001953125,5287.7998046875,0
2012-08-30,5268.60009765625,5342.7998046875,5255.0498046875,5315.0498046875,0
2012-08-31,5298.2001953125,5303.25,5238.89990234375,5258.5,0
2012-09-03,5276.5,5295.7998046875,5243.14990234375,5253.75,0
2012-09-04,5249.14990234375,5278.35009765625,5233.2001953125,5274.0,0
2012-09-05,5243.89990234375,5259.5,5215.7001953125,5225.7001953125,0
2012-09-06,5217.64990234375,5260.60009765625,5217.64990234375,5238.39990234375,0
2012-09-07,5309.4501953125,5347.14990234375,5309.2001953125,5342.10009765625,0
2012-09-08,5343.65,5366.3,5343.45,5358.7,11221064
2012-09-10,5361.89990234375,5375.4501953125,5349.10009765625,5363.4501953125,0
2012-09-11,5336.10009765625,5393.35009765625,5332.10009765625,5390.0,0
2012-09-12,5404.4501953125,5435.5498046875,5393.9501953125,5431.0,0
2012-09-13,5435.2001953125,5447.4501953125,5421.85009765625,5435.35009765625,0
2012-09-14,5528.35009765625,5586.64990234375,5526.9501953125,5577.64990234375,0
2012-09-17,5631.75,5652.2001953125,5585.14990234375,5610.0,0
2012-09-18,5602.39990234375,5620.5498046875,5586.4501953125,5600.0498046875,0
2012-09-20,5536.9501953125,5581.35009765625,5534.89990234375,5554.25,0
2012-09-21,5577.0,5720.0,5575.4501953125,5691.14990234375,0
2012-09-24,5691.9501953125,5709.85009765625,5662.75,5669.60009765625,0
2012-09-25,5674.89990234375,5702.7001953125,5652.4501953125,5673.89990234375,0
2012-09-26,5653.39990234375,5672.7998046875,5638.64990234375,5663.4501953125,0
2012-09-27,5673.75,5693.7001953125,5639.7001953125,5649.5,0
2012-09-28,5684.7998046875,5735.14990234375,5683.4501953125,5703.2998046875,0
2012-10-01,5704.75,5722.9501953125,5694.0,5718.7998046875,0
2012-10-03,5727.7001953125,5743.25,5715.7998046875,5731.25,0
2012-10-04,5751.5498046875,5807.25,5751.35009765625,5787.60009765625,0
2012-10-05,5815.0,5815.35009765625,4888.2001953125,5746.9501953125,0
2012-10-08,5751.85009765625,5751.85009765625,5666.2001953125,5676.0,0
2012-10-09,5708.14990234375,5728.64990234375,5677.89990234375,5704.60009765625,0
2012-10-10,5671.14990234375,5686.5,5647.0498046875,5652.14990234375,0
2012-10-11,5663.5,5721.10009765625,5636.9501953125,5708.0498046875,0
2012-10-12,5681.7001953125,5725.0,5659.35009765625,5676.0498046875,0
2012-10-15,5674.25,5693.7001953125,5651.0498046875,5687.25,0
2012-10-16,5705.60009765625,5714.0,5635.60009765625,5648.0,0
2012-10-17,5681.10009765625,5684.35009765625,5633.89990234375,5660.25,0
2012-10-18,5675.2998046875,5722.5,5650.5498046875,5718.7001953125,0
2012-10-19,5703.2998046875,5711.7001953125,5660.0,5684.25,0
2012-10-22,5667.60009765625,5721.5498046875,5658.0498046875,5717.14990234375,0
2012-10-23,5715.64990234375,5720.7998046875,5681.4501953125,5691.39990234375,0
2012-10-25,5688.7998046875,5718.75,5685.7001953125,5705.2998046875,0
2012-10-26,5683.55,5697.2,5641.75,5664.3,101663820
2012-10-29,5665.2001953125,5698.2998046875,5645.10009765625,5665.60009765625,0
2012-10-30,5656.35009765625,5689.89990234375,5589.89990234375,5597.89990234375,0
2012-10-31,5596.75,5624.39990234375,5583.0498046875,5619.7001953125,0
2012-11-01,5609.85009765625,5649.75,5601.9501953125,5645.0498046875,0
2012-11-02,5696.35009765625,5711.2998046875,5682.5498046875,5697.7001953125,0
2012-11-05,5693.0498046875,5709.2001953125,5679.5,5704.2001953125,0
2012-11-06,5694.10009765625,5730.7998046875,5693.64990234375,5724.39990234375,0
2012-11-07,5718.60009765625,5777.2998046875,5711.39990234375,5760.10009765625,0
2012-11-08,5709.0,5744.5,5693.9501953125,5738.75,0
2012-11-09,5731.10009765625,5751.7001953125,5677.75,5686.25,0
2012-11-12,5688.4501953125,5718.89990234375,5665.75,5683.7001953125,0
2012-11-13,5689.7,5698.25,5660.35,5666.95,16516842
2012-11-15,5650.35009765625,5651.64990234375,5603.5498046875,5631.0,0
2012-11-16,5624.7998046875,5650.14990234375,5559.7998046875,5574.0498046875,0
2012-11-19,5577.2998046875,5592.75,5549.25,5571.39990234375,0
2012-11-20,5604.7998046875,5613.7001953125,5548.35009765625,5571.5498046875,0
2012-11-21,5582.5,5620.2001953125,5561.39990234375,5614.7998046875,0
2012-11-22,5628.60009765625,5643.35009765625,5608.0,5627.75,0
2012-11-23,5635.4501953125,5637.75,5593.5498046875,5626.60009765625,0
2012-11-26,5648.64990234375,5649.2001953125,5623.4501953125,5635.89990234375,0
2012-11-27,5658.5,5733.2001953125,5658.0,5727.4501953125,0
2012-11-29,5736.7001953125,5833.5,5736.10009765625,5825.0,0
2012-11-30,5836.0,5885.25,5827.85009765625,5879.85009765625,0
2012-12-03,5878.25,5899.14990234375,5854.60009765625,5870.9501953125,0
2012-12-04,5866.7998046875,5894.9501953125,5859.0,5889.25,0
2012-12-05,5906.60009765625,5917.7998046875,5891.35009765625,5900.5,0
2012-12-06,5926.2998046875,5942.5498046875,5838.89990234375,5930.89990234375,0
2012-12-07,5934.0,5949.85009765625,5888.64990234375,5907.39990234375,0
2012-12-10,5916.0498046875,5919.9501953125,5888.10009765625,5908.89990234375,0
2012-12-11,5923.7998046875,5965.14990234375,5865.4501953125,5898.7998046875,0
2012-12-12,5917.7998046875,5924.60009765625,5874.25,5888.0,0
2012-12-13,5900.35009765625,5907.4501953125,5841.35009765625,5851.5,0
2012-12-14,5846.89990234375,5886.10009765625,5839.14990234375,5879.60009765625,0
2012-12-17,5860.5,5886.0498046875,5850.14990234375,5857.89990234375,0
2012-12-18,5873.60009765625,5905.7998046875,5823.14990234375,5896.7998046875,0
2012-12-19,5917.2998046875,5939.39990234375,5910.7998046875,5929.60009765625,0
2012-12-20,5934.4501953125,5937.60009765625,5881.4501953125,5916.39990234375,0
2012-12-21,5888.0,5888.0,5841.64990234375,5847.7001953125,0
2012-12-24,5869.0,5871.89990234375,5844.7001953125,5855.75,0
2012-12-26,5864.9501953125,5917.2998046875,5859.5498046875,5905.60009765625,0
2012-12-27,5930.2001953125,5930.7998046875,5864.7001953125,5870.10009765625,0
2012-12-28,5887.14990234375,5915.75,5879.5,5908.35009765625,0
2012-12-31,5901.2001953125,5919.0,5897.14990234375,5905.10009765625,0
2013-01-01,5937.65,5963.9,5935.2,5950.85,77902745
2013-01-02,5982.60009765625,6006.0498046875,5982.0,5993.25,0
2013-01-03,6015.7998046875,6017.0,5986.5498046875,6009.5,0
2013-01-04,6011.9501953125,6020.75,5981.5498046875,6016.14990234375,0
2013-01-07,6042.14990234375,6042.14990234375,5977.14990234375,5988.39990234375,0
2013-01-08,5983.4501953125,6007.0498046875,5964.39990234375,6001.7001953125,0
2013-01-09,6006.2001953125,6020.10009765625,5958.4501953125,5971.5,0
2013-01-10,5998.7998046875,6005.14990234375,5947.2998046875,5968.64990234375,0
2013-01-11,6012.39990234375,6018.85009765625,5940.60009765625,5951.2998046875,0
2013-01-14,5967.2001953125,6036.89990234375,5962.14990234375,6024.0498046875,0
2013-01-15,6037.85009765625,6068.5,6018.60009765625,6056.60009765625,0
2013-01-16,6049.0,6055.9501953125,5992.0498046875,6001.85009765625,0
2013-01-17,6001.25,6053.2001953125,5988.10009765625,6039.2001953125,0
2013-01-18,6059.85009765625,6083.39990234375,6048.2998046875,6064.39990234375,0
2013-01-21,6085.75,6094.35009765625,6065.10009765625,6082.2998046875,130900
2013-01-22,6080.14990234375,6101.2998046875,6040.5,6048.5,129000
2013-01-23,6052.85009765625,6069.7998046875,6021.14990234375,6054.2998046875,137000
2013-01-24,6046.2001953125,6065.2998046875,6007.85009765625,6019.35009765625,185200
2013-01-25,6024.5,6080.5498046875,6014.4501953125,6074.64990234375,147600
2013-01-28,6082.10009765625,6088.39990234375,6061.39990234375,6074.7998046875,113100
2013-01-29,6064.7001953125,6111.7998046875,6042.4501953125,6049.89990234375,157600
2013-01-30,6065.0,6071.9501953125,6044.14990234375,6055.75,124200
2013-01-31,6045.64990234375,6058.0498046875,6025.14990234375,6034.75,168500
2013-02-01,6040.9501953125,6052.9501953125,5983.2001953125,5998.89990234375,159300
2013-02-04,6025.2001953125,6038.5,5981.25,5987.25,141700
2013-02-05,5948.2001953125,5970.35009765625,5946.89990234375,5956.89990234375,136200
2013-02-06,5988.0498046875,5990.89990234375,5953.14990234375,5959.2001953125,157800
2013-02-07,5936.4501953125,5978.5,5927.60009765625,5938.7998046875,157600
2013-02-08,5929.10009765625,5953.7001953125,5883.64990234375,5903.5,192600
2013-02-11,5920.0498046875,5924.14990234375,5879.10009765625,5897.85009765625,122000
2013-02-12,5894.35009765625,5927.64990234375,5886.4501953125,5922.5,142800
2013-02-13,5943.14990234375,5969.5,5922.9501953125,5932.9501953125,142600
2013-02-14,5933.2001953125,5940.2001953125,5884.5498046875,5896.9501953125,143800
2013-02-15,5869.9501953125,5899.9501953125,5853.89990234375,5887.39990234375,125100
2013-02-18,5888.64990234375,5911.0,5878.4501953125,5898.2001953125,114300
2013-02-19,5900.2001953125,5947.5498046875,5883.14990234375,5939.7001953125,101000
2013-02-20,5966.2998046875,5971.0,5937.5498046875,5943.0498046875,135400
2013-02-21,5909.64990234375,5921.14990234375,5844.39990234375,5852.25,159400
2013-02-22,5837.9501953125,5873.7998046875,5835.7998046875,5850.2998046875,157000
2013-02-25,5870.5498046875,5878.39990234375,5825.0,5854.75,125100
2013-02-26,5838.2998046875,5838.85009765625,5748.60009765625,5761.35009765625,157400
2013-02-27,5784.89990234375,5818.2001953125,5749.7001953125,5796.89990234375,175200
2013-02-28,5834.35009765625,5849.89990234375,5671.89990234375,5693.0498046875,334900
2013-03-01,5702.4501953125,5739.4501953125,5679.89990234375,5719.7001953125,174500
2013-03-04,5704.7001953125,5712.0,5663.60009765625,5698.5,144900
2013-03-05,5722.4501953125,5790.10009765625,5722.39990234375,5784.25,154400
2013-03-06,5816.39990234375,5828.7001953125,5795.0498046875,5818.60009765625,156900
2013-03-07,5801.2998046875,5878.0,5801.2998046875,5863.2998046875,134700
2013-03-08,5883.64990234375,5952.85009765625,5883.0,5945.7001953125,150800
2013-03-11,5946.10009765625,5971.2001953125,5930.35009765625,5942.35009765625,125400
2013-03-12,5944.60009765625,5952.0,5893.64990234375,5914.10009765625,115900
2013-03-13,5884.7998046875,5893.85009765625,5842.25,5851.2001953125,116700
2013-03-14,5845.9501953125,5920.14990234375,5791.75,5908.9501953125,149000
2013-03-15,5914.89990234375,5945.64990234375,5861.0,5872.60009765625,152200
2013-03-18,5816.75,5850.2001953125,5814.35009765625,5835.25,102700
2013-03-19,5859.5,5863.60009765625,5724.2998046875,5745.9501953125,182300
2013-03-20,5740.5498046875,5745.2998046875,5682.2998046875,5694.39990234375,187600
2013-03-21,5705.89990234375,5757.75,5647.9501953125,5658.75,179200
2013-03-22,5659.7998046875,5691.4501953125,5631.7998046875,5651.35009765625,165300
2013-03-25,5707.2998046875,5718.39990234375,5624.39990234375,5633.85009765625,150400
2013-03-26,5613.75,5655.2998046875,5612.0498046875,5641.60009765625,126500
2013-03-28,5647.75,5692.9501953125,5604.85009765625,5682.5498046875,209700
2013-04-01,5697.35009765625,5720.9501953125,5675.89990234375,5704.39990234375,97800
2013-04-02,5701.7001953125,5754.60009765625,5687.14990234375,5748.10009765625,106400
2013-04-03,5740.2001953125,5744.9501953125,5650.10009765625,5672.89990234375,140700
2013-04-04,5640.64990234375,5644.4501953125,5565.64990234375,5574.75,134600
2013-04-05,5568.10009765625,5577.2998046875,5534.7001953125,5553.25,137500
2013-04-08,5550.5,5569.2001953125,5537.0498046875,5542.9501953125,97000
2013-04-09,5568.75,5603.0498046875,5487.0,5495.10009765625,138200
2013-04-10,5536.25,5569.25,5477.2001953125,5558.7001953125,128600
2013-04-11,5601.64990234375,5610.64990234375,5542.85009765625,5594.0,146800
2013-04-12,5520.7001953125,5544.5,5494.89990234375,5528.5498046875,127300
2013-04-15,5508.5,5592.85009765625,5500.2998046875,5568.39990234375,142900
2013-04-16,5562.4501953125,5699.25,5555.85009765625,5688.9501953125,142700
2013-04-17,5708.64990234375,5732.14990234375,5669.0,5688.7001953125,154600
2013-04-18,5682.7001953125,5794.35009765625,5681.85009765625,5783.10009765625,149900
2013-04-22,5789.85009765625,5844.85009765625,5789.7998046875,5834.39990234375,135100
2013-04-23,5843.10009765625,5844.2998046875,5791.5498046875,5836.89990234375,132200
2013-04-25,5856.10009765625,5924.60009765625,5853.2998046875,5916.2998046875,199600
2013-04-26,5899.75,5907.0498046875,5860.5,5871.4501953125,141300
2013-04-29,5877.60009765625,5918.64990234375,5868.7998046875,5904.10009765625,118900
2013-04-30,5932.60009765625,5962.2998046875,5867.7998046875,5930.2001953125,153200
2013-05-02,5911.39990234375,6019.4501953125,5910.9501953125,5999.35009765625,162400
2013-05-03,5993.5,6000.2998046875,5930.14990234375,5944.0,145800
2013-05-06,5944.89990234375,5976.5,5928.4501953125,5971.0498046875,110200
2013-05-07,5983.4501953125,6050.5,5982.9501953125,6043.5498046875,136400
2013-05-08,6064.14990234375,6083.5498046875,6024.9501953125,6069.2998046875,122300
2013-05-09,6078.35009765625,6084.7001953125,6040.4501953125,6050.14990234375,110000
2013-05-10,6046.25,6105.2998046875,6045.60009765625,6094.75,111400
2013-05-11,6088.2,6114.55,6084.15,6107.25,7991165
2013-05-13,6098.2001953125,6104.9501953125,5972.89990234375,5980.4501953125,107900
2013-05-14,5989.7001953125,6026.2001953125,5970.0498046875,5995.39990234375,119300
2013-05-15,6018.85009765625,6157.10009765625,6018.85009765625,6146.75,153900
2013-05-16,6128.25,6187.2998046875,6128.25,6169.89990234375,158600
2013-05-17,6172.9501953125,6199.9501953125,6146.14990234375,6187.2998046875,147300
2013-05-20,6198.0,6229.4501953125,6146.0498046875,6156.89990234375,122300
2013-05-21,6152.35009765625,6180.25,6102.35009765625,6114.10009765625,130600
2013-05-22,6127.0498046875,6147.60009765625,6074.4501953125,6094.5,133800
2013-05-23,6050.39990234375,6081.4501953125,5955.7001953125,5967.0498046875,198900
2013-05-24,6010.7001953125,6015.2998046875,5936.7998046875,5983.5498046875,161600
2013-05-27,5989.39990234375,6099.89990234375,5975.5498046875,6083.14990234375,115100
2013-05-28,6086.35009765625,6127.64990234375,6055.39990234375,6111.25,139700
2013-05-29,6120.4501953125,6125.0498046875,6069.7998046875,6104.2998046875,120200
2013-05-30,6072.14990234375,6133.75,6072.14990234375,6124.0498046875,194100
2013-05-31,6098.7001953125,6106.25,5975.5498046875,5985.9501953125,175300
2013-06-03,5997.35009765625,6011.0,5916.35009765625,5939.2998046875,112100
2013-06-04,5941.10009765625,5981.60009765625,5910.25,5919.4501953125,114500
2013-06-05,5908.2998046875,5935.2001953125,5883.7001953125,5923.85009765625,110200
2013-06-06,5895.0,5956.5498046875,5869.5,5921.39990234375,114200
2013-06-07,5900.0498046875,5972.7001953125,5871.2998046875,5881.0,118300
2013-06-10,5907.89990234375,5931.64990234375,5857.39990234375,5878.0,100100
2013-06-11,5848.75,5868.0498046875,5780.35009765625,5788.7998046875,180900
2013-06-12,5771.75,5792.89990234375,5738.60009765625,5760.2001953125,140400
2013-06-13,5709.35009765625,5729.85009765625,5683.10009765625,5699.10009765625,142000
2013-06-14,5748.9501953125,5819.39990234375,5739.39990234375,5808.39990234375,124400
2013-06-17,5820.39990234375,5854.89990234375,5770.25,5850.0498046875,107200
2013-06-18,5841.89990234375,5863.39990234375,5804.2998046875,5813.60009765625,117500
2013-06-19,5805.75,5828.39990234375,5777.89990234375,5822.25,115500
2013-06-20,5754.14990234375,5755.0,5645.64990234375,5655.89990234375,198400
2013-06-21,5639.89990234375,5686.14990234375,5616.85009765625,5667.64990234375,182400
2013-06-24,5638.0498046875,5640.0,5566.25,5590.25,193500
2013-06-25,5606.9501953125,5666.25,5570.25,5609.10009765625,196600
2013-06-26,5627.9501953125,5635.25,5579.35009765625,5588.7001953125,160100
2013-06-27,5647.9501953125,5699.35009765625,5630.9501953125,5682.35009765625,239000
2013-06-28,5749.5,5852.9501953125,5749.5,5842.2001953125,214400
2013-07-01,5834.10009765625,5904.35009765625,5822.2001953125,5898.85009765625,144800
2013-07-02,5885.5,5898.7998046875,5852.2998046875,5857.5498046875,145700
2013-07-03,5811.9501953125,5815.0,5760.39990234375,5770.89990234375,160500
2013-07-04,5794.75,5848.2001953125,5786.0498046875,5836.9501953125,151900
2013-07-05,5889.9501953125,5900.4501953125,5858.4501953125,5867.89990234375,123600
2013-07-08,5833.14990234375,5833.85009765625,5775.5498046875,5811.5498046875,127600
2013-07-09,5834.60009765625,5864.9501953125,5834.60009765625,5859.0,110400
2013-07-10,5869.89990234375,5879.35009765625,5802.85009765625,5816.7001953125,117500
2013-07-11,5894.5,5948.85009765625,5887.9501953125,5935.10009765625,120200
2013-07-12,6000.5,6019.0,5951.14990234375,6009.0,127700
2013-07-15,5991.2001953125,6038.2001953125,5980.9501953125,6030.7998046875,116300
2013-07-16,5930.7998046875,5966.0498046875,5910.9501953125,5955.25,151200
2013-07-17,5972.25,5989.7998046875,5926.75,5973.2998046875,191500
2013-07-18,5984.7001953125,6051.10009765625,5974.5498046875,6038.0498046875,171700
2013-07-19,6057.2001953125,6066.85009765625,6020.25,6029.2001953125,163300
2013-07-22,6009.75,6064.14990234375,6004.25,6031.7998046875,115200
2013-07-23,6064.2998046875,6093.35009765625,6061.2998046875,6077.7998046875,126500
2013-07-24,6032.2001953125,6047.25,5962.60009765625,5990.5,151900
2013-07-25,5970.39990234375,5990.64990234375,5896.39990234375,5907.5,237100
2013-07-26,5937.9501953125,5944.5,5869.5,5886.2001953125,174500
2013-07-29,5869.9501953125,5886.0,5825.7998046875,5831.64990234375,173400
2013-07-30,5836.0498046875,5861.2998046875,5747.60009765625,5755.0498046875,181500
2013-07-31,5738.35009765625,5752.10009765625,5675.75,5742.0,235500
2013-08-01,5776.89990234375,5808.5,5676.85009765625,5727.85009765625,216800
2013-08-02,5750.0498046875,5761.85009765625,5649.0,5677.89990234375,222500
2013-08-05,5682.39990234375,5721.0,5661.5,5685.39990234375,197200
2013-08-06,5664.89990234375,5664.89990234375,5521.7998046875,5542.25,216200
2013-08-07,5549.2998046875,5561.4501953125,5486.85009765625,5519.10009765625,245000
2013-08-08,5510.0498046875,5577.60009765625,5510.0498046875,5565.64990234375,204900
2013-08-12,5606.7001953125,5644.10009765625,5557.10009765625,5612.39990234375,195700
2013-08-13,5600.25,5704.75,5578.89990234375,5699.2998046875,223000
2013-08-14,5715.39990234375,5754.5498046875,5690.2001953125,5742.2998046875,223700
2013-08-16,5705.4501953125,5716.60009765625,5496.0498046875,5507.85009765625,248100
2013-08-19,5497.5498046875,5499.64990234375,5360.64990234375,5414.75,219700
2013-08-20,5353.4501953125,5417.7998046875,5306.35009765625,5401.4501953125,261100
2013-08-21,5494.4501953125,5504.10009765625,5268.4501953125,5302.5498046875,255000
2013-08-22,5282.7998046875,5418.9501953125,5254.0498046875,5408.4501953125,284500
2013-08-23,5428.75,5478.7998046875,5377.7998046875,5471.75,251500
2013-08-26,5499.39990234375,5528.7001953125,5454.4501953125,5476.5,242000
2013-08-27,5426.5,5427.39990234375,5274.25,5287.4501953125,306000
2013-08-28,5233.4501953125,5317.7001953125,5118.85009765625,5285.0,336000
2013-08-29,5316.5,5428.89990234375,5303.0,5409.0498046875,326500
2013-08-30,5407.4501953125,5493.2998046875,5360.2001953125,5471.7998046875,336400
2013-09-02,5480.25,5564.89990234375,5478.85009765625,5550.75,214200
2013-09-03,5574.7001953125,5580.9501953125,5323.75,5341.4501953125,250300
2013-09-04,5358.64990234375,5460.25,5318.89990234375,5448.10009765625,237200
2013-09-05,5553.75,5625.75,5552.7001953125,5592.9501953125,274900
2013-09-06,5617.4501953125,5688.60009765625,5566.14990234375,5680.39990234375,253000
2013-09-10,5738.5,5904.85009765625,5738.2001953125,5896.75,275200
2013-09-11,5887.25,5924.35009765625,5832.7001953125,5913.14990234375,265000
2013-09-12,5931.14990234375,5932.0,5815.7998046875,5850.7001953125,273000
2013-09-13,5828.0,5884.2998046875,5822.89990234375,5850.60009765625,190800
2013-09-16,5930.2998046875,5957.25,5798.14990234375,5840.5498046875,219500
2013-09-17,5824.2001953125,5857.7998046875,5804.89990234375,5850.2001953125,157900
2013-09-18,5872.75,5916.89990234375,5840.2001953125,5899.4501953125,153600
2013-09-19,6044.14990234375,6142.5,6040.14990234375,6115.5498046875,287200
2013-09-20,6104.5498046875,6130.9501953125,5932.85009765625,6012.10009765625,318600
2013-09-23,5945.7998046875,5989.39990234375,5871.39990234375,5889.75,188300
2013-09-24,5855.0,5938.39990234375,5854.5498046875,5892.4501953125,187600
2013-09-25,5901.5498046875,5910.5498046875,5811.10009765625,5873.85009765625,200200
2013-09-26,5872.7998046875,5917.64990234375,5864.10009765625,5882.25,220600
2013-09-27,5905.5498046875,5909.2001953125,5819.2998046875,5833.2001953125,163100
2013-09-30,5801.0498046875,5810.2001953125,5718.5,5735.2998046875,155700
2013-10-01,5756.10009765625,5786.4501953125,5700.9501953125,5780.0498046875,159200
2013-10-03,5819.10009765625,5917.60009765625,5802.7001953125,5909.7001953125,199800
2013-10-04,5891.2998046875,5950.4501953125,5885.0,5907.2998046875,191500
2013-10-07,5889.0498046875,5912.0,5825.85009765625,5906.14990234375,156400
2013-10-08,5975.0,5981.7001953125,5913.0,5928.39990234375,158500
2013-10-09,5893.25,6015.5,5877.10009765625,6007.4501953125,192000
2013-10-10,6001.0498046875,6033.9501953125,5979.7998046875,6020.9501953125,159600
2013-10-11,6104.85009765625,6107.60009765625,6046.39990234375,6096.2001953125,180800
2013-10-14,6093.0,6124.10009765625,6082.89990234375,6112.7001953125,142200
2013-10-15,6147.5498046875,6156.2998046875,6056.5498046875,6089.0498046875,218300
2013-10-17,6098.5,6110.75,6032.5498046875,6045.85009765625,230600
2013-10-18,6070.89990234375,6201.4501953125,6070.89990234375,6189.35009765625,250300
2013-10-21,6202.0,6218.9501953125,6163.2998046875,6204.9501953125,197000
2013-10-22,6192.2998046875,6220.10009765625,6181.7998046875,6202.7998046875,161900
2013-10-23,6209.5498046875,6217.9501953125,6116.60009765625,6178.35009765625,188300
2013-10-24,6162.7998046875,6252.4501953125,6142.9501953125,6164.35009765625,148900
2013-10-25,6154.0,6174.75,6125.9501953125,6144.89990234375,144500
2013-10-28,6155.10009765625,6168.75,6094.10009765625,6101.10009765625,146300
2013-10-29,6107.5498046875,6228.0498046875,6079.2001953125,6220.89990234375,197300
2013-10-30,6230.7998046875,6269.2001953125,6222.60009765625,6251.7001953125,177600
2013-10-31,6237.14990234375,6309.0498046875,6235.89990234375,6299.14990234375,239600
2013-11-01,6289.75,6332.60009765625,6286.9501953125,6307.2001953125,191600
2013-11-03,6332.05,6342.95,6311.15,6317.35,23856924
2013-11-05,6282.14990234375,6304.75,6244.2998046875,6253.14990234375,181100
2013-11-06,6260.5498046875,6269.7001953125,6208.7001953125,6215.14990234375,157100
2013-11-07,6228.89990234375,6288.9501953125,6180.7998046875,6187.25,168800
2013-11-08,6170.14990234375,6185.14990234375,6120.9501953125,6140.75,150100
2013-11-11,6110.39990234375,6141.64990234375,6067.75,6078.7998046875,146100
2013-11-12,6087.25,6108.7001953125,6011.75,6018.0498046875,153800
2013-11-13,5998.85009765625,6042.25,5972.4501953125,5989.60009765625,162500
2013-11-14,6037.0,6101.64990234375,6036.64990234375,6056.14990234375,154900
2013-11-18,6111.0498046875,6196.7998046875,6110.39990234375,6189.0,164000
2013-11-19,6197.25,6212.39990234375,6180.2001953125,6203.35009765625,161500
2013-11-20,6186.85009765625,6204.35009765625,6106.9501953125,6122.89990234375,155800
2013-11-21,6096.5,6097.35009765625,5985.39990234375,5999.0498046875,137200
2013-11-22,6027.35009765625,6049.60009765625,5972.7998046875,5995.4501953125,134800
2013-11-25,6035.9501953125,6123.5,6035.9501953125,6115.35009765625,127200
2013-11-26,6099.25,6112.7001953125,6047.75,6059.10009765625,150700
2013-11-27,6062.7001953125,6074.0,6030.2998046875,6057.10009765625,124900
2013-11-28,6092.0,6112.9501953125,6068.2998046875,6091.85009765625,195300
2013-11-29,6103.89990234375,6182.5,6103.7998046875,6176.10009765625,190700
2013-12-02,6171.14990234375,6228.7001953125,6171.14990234375,6217.85009765625,145900
2013-12-03,6204.25,6225.39990234375,6191.39990234375,6201.85009765625,156900
2013-12-04,6187.9501953125,6209.14990234375,6149.89990234375,6160.9501953125,186200
2013-12-05,6262.4501953125,6300.5498046875,6232.0,6241.10009765625,186100
2013-12-06,6234.39990234375,6275.35009765625,6230.75,6259.89990234375,158500
2013-12-09,6415.0,6415.25,6345.0,6363.89990234375,198300
2013-12-10,6354.7001953125,6362.25,6307.5498046875,6332.85009765625,242400
2013-12-11,6307.2001953125,6326.60009765625,6280.25,6307.89990234375,148200
2013-12-12,6276.75,6286.85009765625,6230.5498046875,6237.0498046875,148500
2013-12-13,6201.2998046875,6208.60009765625,6161.39990234375,6168.39990234375,169700
2013-12-16,6168.35009765625,6183.25,6146.0498046875,6154.7001953125,146500
2013-12-17,6178.2001953125,6190.5498046875,6133.0,6139.0498046875,154200
2013-12-18,6129.9501953125,6236.0,6129.9501953125,6217.14990234375,243300
2013-12-19,6253.89990234375,6263.75,6150.7001953125,6166.64990234375,437000
2013-12-20,6179.9501953125,6284.5,6170.35009765625,6274.25,172000
2013-12-23,6267.2001953125,6317.5,6266.9501953125,6284.5,131200
2013-12-24,6296.4501953125,6301.5,6262.0,6268.39990234375,107600
2013-12-26,6270.10009765625,6302.75,6259.4501953125,6278.89990234375,182300
2013-12-27,6292.7998046875,6324.89990234375,6289.39990234375,6313.7998046875,96900
2013-12-30,6336.39990234375,6344.0498046875,6273.14990234375,6291.10009765625,101300
2013-12-31,6307.35009765625,6317.2998046875,6287.2998046875,6304.0,103400
2014-01-01,6323.8,6327.2,6298.25,6301.65,69567668
2014-01-02,6301.25,6358.2998046875,6211.2998046875,6221.14990234375,158100
2014-01-03,6194.5498046875,6221.7001953125,6171.25,6211.14990234375,139000
2014-01-06,6220.85009765625,6224.7001953125,6170.25,6191.4501953125,118300
2014-01-07,6203.89990234375,6221.5,6144.75,6162.25,138600
2014-01-08,6178.0498046875,6192.10009765625,6160.35009765625,6174.60009765625,146900
2014-01-09,6181.7001953125,6188.0498046875,6148.25,6168.35009765625,150100
2014-01-10,6178.85009765625,6239.10009765625,6139.60009765625,6171.4501953125,159900
2014-01-13,6189.5498046875,6288.2001953125,6189.5498046875,6272.75,135000
2014-01-14,6260.25,6280.35009765625,6234.14990234375,6241.85009765625,110200
2014-01-15,6265.9501953125,6325.2001953125,6265.2998046875,6320.89990234375,145900
2014-01-16,6341.35009765625,6346.5,6299.85009765625,6318.89990234375,153400
2014-01-17,6306.25,6327.10009765625,6246.35009765625,6261.64990234375,167700
2014-01-20,6261.75,6307.4501953125,6243.35009765625,6303.9501953125,122100
2014-01-21,6320.14990234375,6330.2998046875,6297.89990234375,6313.7998046875,141700
2014-01-22,6309.0498046875,6349.9501953125,6287.4501953125,6338.9501953125,137500
2014-01-23,6325.9501953125,6355.60009765625,6316.39990234375,6345.64990234375,120100
2014-01-24,6301.64990234375,6331.4501953125,6263.89990234375,6266.75,160300
2014-01-27,6186.2998046875,6188.5498046875,6130.25,6135.85009765625,190400
2014-01-28,6131.85009765625,6163.60009765625,6085.9501953125,6126.25,184100
2014-01-29,6161.0,6170.4501953125,6109.7998046875,6120.25,146700
2014-01-30,6067.0,6082.85009765625,6027.25,6073.7001953125,208100
2014-01-31,6082.75,6097.85009765625,6067.35009765625,6089.5,146700
2014-02-03,6058.7998046875,6074.85009765625,5994.4501953125,6001.7998046875,134900
2014-02-04,5947.60009765625,6017.7998046875,5933.2998046875,6000.89990234375,183300
2014-02-05,6004.25,6028.0498046875,5962.0498046875,6022.39990234375,166600
2014-02-06,6028.35009765625,6048.35009765625,5965.39990234375,6036.2998046875,185500
2014-02-07,6077.64990234375,6079.9501953125,6030.89990234375,6063.2001953125,181900
2014-02-10,6072.7998046875,6083.0498046875,6046.39990234375,6053.4501953125,133100
2014-02-11,6072.4501953125,6081.85009765625,6053.25,6062.7001953125,150500
2014-02-12,6085.35009765625,6106.60009765625,6077.39990234375,6084.0,138500
2014-02-13,6087.5498046875,6094.39990234375,5991.10009765625,6001.10009765625,153700
2014-02-14,6023.75,6056.39990234375,5984.60009765625,6048.35009765625,140200
2014-02-17,6057.1,6080.65,6038.3,6073.3,108492457
2014-02-18,6071.2998046875,6141.7001953125,6066.7998046875,6127.10009765625,126600
2014-02-19,6132.0498046875,6160.35009765625,6125.75,6152.75,95200
2014-02-20,6127.14990234375,6129.10009765625,6086.4501953125,6091.4501953125,132100
2014-02-21,6108.2998046875,6159.64990234375,6108.0,6155.4501953125,112600
2014-02-24,6140.9501953125,6191.85009765625,6130.7998046875,6186.10009765625,144900
2014-02-25,6205.7001953125,6216.85009765625,6176.60009765625,6200.0498046875,146300
2014-02-26,6202.4501953125,6245.9501953125,6202.10009765625,6238.7998046875,181700
2014-02-28,6228.4501953125,6282.7001953125,6228.10009765625,6276.9501953125,180600
2014-03-03,6264.35009765625,6277.75,6212.25,6221.4501953125,144600
2014-03-04,6216.75,6302.14990234375,6215.7001953125,6297.9501953125,166800
2014-03-05,6328.4501953125,6336.25,6287.7998046875,6328.64990234375,160300
2014-03-06,6344.75,6406.60009765625,6339.7001953125,6401.14990234375,180700
2014-03-07,6413.9501953125,6537.7998046875,6413.5498046875,6526.64990234375,284900
2014-03-10,6491.7001953125,6562.2001953125,6487.35009765625,6537.25,242100
2014-03-11,6537.35009765625,6562.85009765625,6494.25,6511.89990234375,239000
2014-03-12,6497.5,6546.14990234375,6487.2998046875,6516.89990234375,175000
2014-03-13,6491.75,6561.4501953125,6476.64990234375,6493.10009765625,167900
2014-03-14,6447.25,6518.4501953125,6432.7001953125,6504.2001953125,177300
2014-03-18,6532.4501953125,6574.9501953125,6497.64990234375,6516.64990234375,179300
2014-03-19,6530.0,6541.2001953125,6506.0,6524.0498046875,172500
2014-03-20,6508.35009765625,6523.64990234375,6473.25,6483.10009765625,142000
2014-03-21,6515.2001953125,6522.89990234375,6485.7001953125,6493.2001953125,189900
2014-03-22,6497.8,6502.65,6481.35,6494.9,9774392
2014-03-24,6510.5,6591.5,6510.5,6583.5,158400
2014-03-25,6550.10009765625,6595.5498046875,6544.85009765625,6589.75,168100
2014-03-26,6615.64990234375,6627.4501953125,6580.60009765625,6601.39990234375,186600
2014-03-27,6613.10009765625,6673.9501953125,6599.5,6641.75,312400
2014-03-28,6673.0498046875,6702.60009765625,6643.7998046875,6695.89990234375,184800
2014-03-31,6723.14990234375,6730.0498046875,6662.39990234375,6704.2001953125,220600
2014-04-01,6729.5,6732.25,6675.4501953125,6721.0498046875,177800
2014-04-02,6757.60009765625,6763.5,6723.60009765625,6752.5498046875,173300
2014-04-03,6772.0498046875,6776.75,6696.89990234375,6736.10009765625,197500
2014-04-04,6741.85009765625,6741.85009765625,6685.14990234375,6694.35009765625,155100
2014-04-07,6694.25,6725.14990234375,6650.39990234375,6695.0498046875,133900
2014-04-09,6722.0,6808.7001953125,6705.10009765625,6796.2001953125,169800
2014-04-10,6803.0498046875,6819.0498046875,6777.2998046875,6796.39990234375,191100
2014-04-11,6758.35009765625,6789.35009765625,6743.14990234375,6776.2998046875,140700
2014-04-15,6792.7001953125,6813.39990234375,6711.75,6733.10009765625,123200
2014-04-16,6727.25,6748.64990234375,6665.14990234375,6675.2998046875,119800
2014-04-17,6695.4501953125,6783.0498046875,6684.39990234375,6779.39990234375,131500
2014-04-21,6789.25,6825.4501953125,6786.89990234375,6817.64990234375,111800
2014-04-22,6822.89990234375,6838.0,6806.25,6815.35009765625,114700
2014-04-23,6823.25,6861.60009765625,6820.75,6840.7998046875,183000
2014-04-25,6855.7998046875,6869.85009765625,6772.85009765625,6782.75,154300
2014-04-28,6778.5498046875,6786.25,6750.2998046875,6761.25,118200
2014-04-29,6769.0,6779.7001953125,6708.64990234375,6715.25,115500
2014-04-30,6724.9501953125,6780.14990234375,6656.7998046875,6696.39990234375,161100
2014-05-02,6709.9501953125,6737.64990234375,6689.5,6694.7998046875,114300
2014-05-05,6681.64990234375,6741.0498046875,6680.4501953125,6699.35009765625,105000
2014-05-06,6719.25,6743.4501953125,6701.89990234375,6715.2998046875,88300
2014-05-07,6708.60009765625,6718.75,6642.89990234375,6652.5498046875,114100
2014-05-08,6669.89990234375,6688.39990234375,6638.5498046875,6659.85009765625,101600
2014-05-09,6654.14990234375,6871.35009765625,6652.14990234375,6858.7998046875,166400
2014-05-12,6863.39990234375,7020.0498046875,6862.89990234375,7014.25,157700
2014-05-13,7080.0,7172.35009765625,7067.14990234375,7108.75,232200
2014-05-14,7112.0,7142.25,7080.89990234375,7108.75,177200
2014-05-15,7111.2998046875,7152.5498046875,7082.5498046875,7123.14990234375,186800
2014-05-16,7270.2001953125,7563.5,7130.64990234375,7203.0,393200
2014-05-19,7276.85009765625,7291.10009765625,7193.5498046875,7263.5498046875,316200
2014-05-20,7309.9501953125,7353.64990234375,7247.7001953125,7275.5,255300
2014-05-21,7274.85009765625,7287.14990234375,7206.7001953125,7252.89990234375,203100
2014-05-22,7289.9501953125,7319.5498046875,7258.14990234375,7276.39990234375,240900
2014-05-23,7306.5,7381.0,7293.89990234375,7367.10009765625,259600
2014-05-26,7428.75,7504.0,7269.0498046875,7359.0498046875,273200
2014-05-27,7363.10009765625,7372.9501953125,7274.75,7318.0,168600
2014-05-28,7324.9501953125,7344.75,7302.60009765625,7329.64990234375,175600
2014-05-29,7316.60009765625,7325.39990234375,7224.39990234375,7235.64990234375,241100
2014-05-30,7254.85009765625,7272.5,7118.4501953125,7229.9501953125,312200
2014-06-02,7264.0498046875,7368.60009765625,7239.5,7362.5,169900
2014-06-03,7375.35009765625,7424.9501953125,7342.14990234375,7415.85009765625,234700
2014-06-04,7417.5498046875,7433.2998046875,7391.35009765625,7402.25,204600
2014-06-05,7399.75,7484.7001953125,7360.5,7474.10009765625,250700
2014-06-06,7521.5,7592.7001953125,7497.64990234375,7583.39990234375,248400
2014-06-09,7621.64990234375,7673.7001953125,7580.25,7654.60009765625,231900
2014-06-10,7679.0498046875,7683.2001953125,7579.2998046875,7656.39990234375,188700
2014-06-11,7672.39990234375,7700.0498046875,7589.0498046875,7626.85009765625,186200
2014-06-12,7641.2998046875,7658.0,7593.7998046875,7649.89990234375,148200
2014-06-13,7668.2001953125,7678.5,7525.35009765625,7542.10009765625,174500
2014-06-16,7534.7998046875,7548.60009765625,7487.5498046875,7533.5498046875,155400
2014-06-17,7525.0498046875,7637.60009765625,7509.25,7631.7001953125,158000
2014-06-18,7636.0498046875,7663.0,7515.5,7558.2001953125,165100
2014-06-19,7580.0498046875,7606.4501953125,7502.5498046875,7540.7001953125,148900
2014-06-20,7543.2998046875,7560.5498046875,7497.2998046875,7511.4501953125,124100
2014-06-23,7514.0,7534.7998046875,7441.60009765625,7493.35009765625,127400
2014-06-24,7515.2001953125,7593.35009765625,7515.2001953125,7580.2001953125,137000
2014-06-25,7588.5498046875,7589.25,7557.0498046875,7569.25,115000
2014-06-26,7554.10009765625,7570.2001953125,7481.2998046875,7493.2001953125,171700
2014-06-27,7514.2001953125,7538.75,7482.2998046875,7508.7998046875,126700
2014-06-30,7534.0498046875,7623.64990234375,7531.60009765625,7611.35009765625,152300
2014-07-01,7629.0,7649.5,7618.14990234375,7634.7001953125,139400
2014-07-02,7683.0498046875,7732.39990234375,7677.2998046875,7725.14990234375,136300
2014-07-03,7734.35009765625,7754.64990234375,7706.7998046875,7714.7998046875,133800
2014-07-04,7718.10009765625,7758.0,7661.2998046875,7751.60009765625,113100
2014-07-07,7780.39990234375,7792.0,7755.10009765625,7787.14990234375,173900
2014-07-08,7804.0498046875,7808.85009765625,7595.89990234375,7623.2001953125,180600
2014-07-09,7637.9501953125,7650.10009765625,7551.64990234375,7585.0,168300
2014-07-10,7589.5,7731.0498046875,7479.0498046875,7567.75,258400
2014-07-11,7584.10009765625,7625.85009765625,7447.2001953125,7459.60009765625,187600
2014-07-14,7469.0,7478.4501953125,7422.14990234375,7454.14990234375,135200
2014-07-15,7491.2998046875,7534.89990234375,7459.14990234375,7526.64990234375,122100
2014-07-16,7564.14990234375,7640.10009765625,7532.4501953125,7624.39990234375,168000
2014-07-17,7612.7001953125,7655.64990234375,7612.7001953125,7640.4501953125,141600
2014-07-18,7630.25,7685.0,7595.5,7663.89990234375,134600
2014-07-21,7701.64990234375,7722.10009765625,7674.0,7684.2001953125,105400
2014-07-22,7708.2001953125,7773.85009765625,7704.7998046875,7767.85009765625,120100
2014-07-23,7794.89990234375,7809.2001953125,7752.89990234375,7795.75,122100
2014-07-24,7796.25,7835.64990234375,7771.64990234375,7830.60009765625,117600
2014-07-25,7828.2001953125,7840.9501953125,7748.60009765625,7790.4501953125,153900
2014-07-28,7792.89990234375,7799.89990234375,7722.64990234375,7748.7001953125,116500
2014-07-30,7746.2001953125,7798.7001953125,7707.60009765625,7791.39990234375,178100
2014-07-31,7784.64990234375,7791.85009765625,7711.14990234375,7721.2998046875,208900
2014-08-01,7662.5,7716.7001953125,7593.89990234375,7602.60009765625,181100
2014-08-04,7639.5498046875,7694.7998046875,7622.0498046875,7683.64990234375,137000
2014-08-05,7706.64990234375,7752.4501953125,7638.0498046875,7746.5498046875,128200
2014-08-06,7726.14990234375,7740.9501953125,7658.9501953125,7672.0498046875,116400
2014-08-07,7651.14990234375,7708.9501953125,7630.39990234375,7649.25,116800
2014-08-08,7588.7001953125,7592.4501953125,7540.10009765625,7568.5498046875,118400
2014-08-11,7619.85009765625,7635.5498046875,7598.60009765625,7625.9501953125,107000
2014-08-12,7688.7998046875,7735.75,7654.7998046875,7727.0498046875,120600
2014-08-13,7717.2998046875,7757.10009765625,7695.7001953125,7739.5498046875,154100
2014-08-14,7756.14990234375,7796.7001953125,7739.10009765625,7791.7001953125,127300
2014-08-18,7785.25,7880.5,7779.2001953125,7874.25,126700
2014-08-19,7901.0,7918.5498046875,7881.14990234375,7897.5,140600
2014-08-20,7915.7998046875,7922.7001953125,7864.0498046875,7875.2998046875,117300
2014-08-21,7875.35009765625,7919.64990234375,7855.9501953125,7891.10009765625,115200
2014-08-22,7904.5498046875,7929.0498046875,7900.0498046875,7913.2001953125,104100
2014-08-25,7931.75,7968.25,7897.9501953125,7906.2998046875,118500
2014-08-26,7874.5,7915.4501953125,7862.4501953125,7904.75,142800
2014-08-27,7933.89990234375,7946.85009765625,7916.5498046875,7936.0498046875,120000
2014-08-28,7942.25,7967.7998046875,7939.2001953125,7954.35009765625,189700
2014-09-01,7990.35009765625,8035.0,7984.0,8027.7001953125,139300
2014-09-02,8038.60009765625,8101.9501953125,8036.5498046875,8083.0498046875,134900
2014-09-03,8110.85009765625,8141.89990234375,8092.25,8114.60009765625,150700
2014-09-04,8114.2001953125,8114.7998046875,8060.89990234375,8095.9501953125,141300
2014-09-05,8099.89990234375,8122.7001953125,8049.85009765625,8086.85009765625,126000
2014-09-08,8132.9501953125,8180.2001953125,8126.14990234375,8173.89990234375,120700
2014-09-09,8161.89990234375,8174.5498046875,8126.5,8152.9501953125,104700
2014-09-10,8135.5498046875,8135.75,8082.10009765625,8094.10009765625,107100
2014-09-11,8115.14990234375,8127.9501953125,8057.2998046875,8085.7001953125,122800
2014-09-12,8087.0498046875,8114.2998046875,8071.60009765625,8105.5,111400
2014-09-15,8070.35009765625,8077.2998046875,8030.0,8042.0,96500
2014-09-16,8036.60009765625,8044.89990234375,7925.14990234375,7932.89990234375,128000
2014-09-17,7971.5,7990.64990234375,7936.9501953125,7975.5,123700
2014-09-18,7950.64990234375,8120.85009765625,7939.7001953125,8114.75,116900
2014-09-19,8129.39990234375,8160.89990234375,8105.35009765625,8121.4501953125,161300
2014-09-22,8084.4501953125,8159.89990234375,8064.7998046875,8146.2998046875,105500
2014-09-23,8144.39990234375,8159.75,8008.10009765625,8017.5498046875,140800
2014-09-24,8015.5498046875,8042.0498046875,7950.0498046875,8002.39990234375,182200
2014-09-25,8003.2998046875,8019.2998046875,7877.35009765625,7911.85009765625,231900
2014-09-26,7885.85009765625,7993.2998046875,7841.7998046875,7968.85009765625,147800
2014-09-29,7978.4501953125,7991.75,7934.7001953125,7958.89990234375,97300
2014-09-30,7948.7998046875,8030.89990234375,7923.85009765625,7964.7998046875,141100
2014-10-01,7960.5,7977.5,7936.7001953125,7945.5498046875,113000
2014-10-07,7897.39990234375,7943.0498046875,7842.7001953125,7852.39990234375,148200
2014-10-08,7828.75,7869.89990234375,7815.75,7842.7001953125,135900
2014-10-09,7886.5,7972.35009765625,7886.5,7960.5498046875,123800
2014-10-10,7911.0,7924.0498046875,7848.4501953125,7859.9501953125,142900
2014-10-13,7831.0,7901.14990234375,7796.0,7884.25,118800
2014-10-14,7923.25,7928.0,7825.4501953125,7864.0,225500
2014-10-16,7837.2998046875,7893.89990234375,7729.64990234375,7748.2001953125,213500
2014-10-17,7733.75,7819.2001953125,7723.85009765625,7779.7001953125,177600
2014-10-20,7896.9501953125,7905.9501953125,7856.9501953125,7879.39990234375,176200
2014-10-21,7906.14990234375,7936.60009765625,7874.35009765625,7927.75,163400
2014-10-22,7997.7998046875,8005.0,7974.5498046875,7995.89990234375,151100
2014-10-23,8027.7,8031.75,8008.85,8014.55,19640498
2014-10-27,8064.35009765625,8064.39990234375,7985.64990234375,7991.7001953125,132800
2014-10-28,8002.39990234375,8037.7998046875,7995.0498046875,8027.60009765625,124100
2014-10-29,8077.0498046875,8097.9501953125,8052.25,8090.4501953125,148300
2014-10-30,8085.2001953125,8181.5498046875,8085.2001953125,8169.2001953125,205700
2014-10-31,8200.7998046875,8330.75,8198.0498046875,8322.2001953125,176200
2014-11-03,8348.150390625,8350.599609375,8297.650390625,8324.150390625,141100
2014-11-05,8351.25,8365.5498046875,8323.5,8338.2998046875,161600
2014-11-07,8331.849609375,8360.349609375,8290.25,8337.0,153400
2014-11-10,8337.7998046875,8383.0498046875,8304.4501953125,8344.25,130700
2014-11-11,8354.099609375,8378.7001953125,8321.849609375,8362.650390625,122000
2014-11-12,8378.900390625,8415.0498046875,8370.5,8383.2998046875,125200
2014-11-13,8405.25,8408.0,8320.349609375,8357.849609375,127400
2014-11-14,8360.7001953125,8400.650390625,8346.7998046875,8389.900390625,146800
2014-11-17,8378.400390625,8438.099609375,8349.099609375,8430.75,113900
2014-11-18,8441.25,8454.5,8407.25,8425.900390625,134700
2014-11-19,8440.650390625,8455.650390625,8360.5,8382.2998046875,125400
2014-11-20,8406.5,8410.849609375,8353.150390625,8401.900390625,122800
2014-11-21,8408.2001953125,8489.7998046875,8398.599609375,8477.349609375,137000
2014-11-24,8490.9501953125,8534.650390625,8490.7998046875,8530.150390625,140700
2014-11-25,8530.7998046875,8535.349609375,8429.4501953125,8463.099609375,271900
2014-11-26,8450.2998046875,8500.2998046875,8438.650390625,8475.75,151900
2014-11-27,8477.7998046875,8506.75,8456.349609375,8494.2001953125,194300
2014-11-28,8516.7998046875,8617.0,8516.25,8588.25,197200
2014-12-01,8605.099609375,8623.0,8545.150390625,8555.900390625,152000
2014-12-02,8535.4501953125,8560.2001953125,8504.650390625,8524.7001953125,137400
2014-12-03,8528.7001953125,8546.9501953125,8508.349609375,8537.650390625,153200
2014-12-04,8582.400390625,8626.9501953125,8526.400390625,8564.400390625,143500
2014-12-05,8584.25,8588.349609375,8523.900390625,8538.2998046875,143300
2014-12-08,8538.650390625,8546.349609375,8432.25,8438.25,163800
2014-12-09,8439.2998046875,8444.5,8330.5,8340.7001953125,146300
2014-12-10,8318.0498046875,8376.7998046875,8317.0,8355.650390625,136700
2014-12-11,8338.849609375,8348.2998046875,8272.400390625,8292.900390625,133900
2014-12-12,8302.0,8321.900390625,8216.2998046875,8224.099609375,138100
2014-12-15,8160.75,8242.400390625,8152.5,8219.599609375,137100
2014-12-16,8172.60009765625,8189.35009765625,8052.60009765625,8067.60009765625,197300
2014-12-17,8041.2001953125,8082.0,7961.35009765625,8029.7998046875,216200
2014-12-18,8138.89990234375,8174.2998046875,8084.89990234375,8159.2998046875,162100
2014-12-19,8230.4501953125,8263.4501953125,8208.599609375,8225.2001953125,174800
2014-12-22,8255.0,8330.9501953125,8228.2001953125,8324.0,139200
2014-12-23,8324.599609375,8364.75,8252.849609375,8267.0,132200
2014-12-24,8272.0498046875,8286.400390625,8155.25,8174.10009765625,221900
2014-12-26,8204.7998046875,8234.5498046875,8147.9501953125,8200.7001953125,75500
2014-12-29,8214.7001953125,8279.150390625,8214.7001953125,8246.2998046875,82100
2014-12-30,8260.2998046875,8268.25,8220.5498046875,8248.25,77700
2014-12-31,8243.900390625,8291.0,8243.75,8282.7001953125,84500
2015-01-01,8272.8,8294.7,8248.75,8284.0,56560411
2015-01-02,8288.7001953125,8410.599609375,8288.7001953125,8395.4501953125,101900
2015-01-05,8407.9501953125,8445.599609375,8363.900390625,8378.400390625,118200
2015-01-06,8325.2998046875,8327.849609375,8111.35009765625,8127.35009765625,172800
2015-01-07,8118.64990234375,8151.2001953125,8065.4501953125,8102.10009765625,164100
2015-01-08,8191.39990234375,8243.5,8167.2998046875,8234.599609375,143800
2015-01-09,8285.4501953125,8303.2998046875,8190.7998046875,8284.5,148000
2015-01-12,8291.349609375,8332.599609375,8245.599609375,8323.0,103200
2015-01-13,8346.150390625,8356.650390625,8267.900390625,8299.400390625,129600
2015-01-14,8307.25,8326.4501953125,8236.650390625,8277.5498046875,146100
2015-01-15,8424.5,8527.099609375,8380.5498046875,8494.150390625,232100
2015-01-16,8504.0498046875,8530.75,8452.25,8513.7998046875,176000
2015-01-19,8550.0498046875,8570.9501953125,8531.5,8550.7001953125,125400
2015-01-20,8575.099609375,8707.900390625,8574.5,8695.599609375,158700
2015-01-21,8719.650390625,8741.849609375,8689.599609375,8729.5,185900
2015-01-22,8745.849609375,8774.150390625,8727.0,8761.400390625,175500
2015-01-23,8827.9501953125,8866.400390625,8795.400390625,8835.599609375,191200
2015-01-27,8871.349609375,8925.0498046875,8825.4501953125,8910.5,192000
2015-01-28,8902.75,8985.0498046875,8874.0498046875,8914.2998046875,185100
2015-01-29,8901.5,8966.650390625,8861.25,8952.349609375,256300
2015-01-30,8996.599609375,8996.599609375,8775.099609375,8808.900390625,267300
2015-02-02,8802.5,8840.7998046875,8751.099609375,8797.400390625,210100
2015-02-03,8823.150390625,8837.2998046875,8726.650390625,8756.5498046875,208700
2015-02-04,8789.150390625,8792.849609375,8704.400390625,8723.7001953125,195300
2015-02-05,8733.099609375,8838.4501953125,8683.650390625,8711.7001953125,173600
2015-02-06,8696.849609375,8726.2001953125,8645.5498046875,8661.0498046875,171300
2015-02-09,8584.400390625,8605.5498046875,8516.349609375,8526.349609375,146800
2015-02-10,8478.099609375,8646.25,8470.5,8565.5498046875,196200
2015-02-11,8603.2998046875,8651.9501953125,8593.650390625,8627.400390625,161600
2015-02-12,8676.9501953125,8732.5498046875,8599.25,8711.5498046875,158800
2015-02-13,8741.5,8822.099609375,8729.650390625,8805.5,221900
2015-02-16,8831.400390625,8870.099609375,8793.400390625,8809.349609375,136400
2015-02-18,8811.5498046875,8894.2998046875,8808.900390625,8869.099609375,147600
2015-02-19,8883.0498046875,8913.4501953125,8794.4501953125,8895.2998046875,213300
2015-02-20,8895.5,8899.9501953125,8816.2998046875,8833.599609375,197600
2015-02-23,8856.849609375,8869.0,8736.099609375,8754.9501953125,139600
2015-02-24,8772.900390625,8800.5,8726.75,8762.099609375,149800
2015-02-25,8801.900390625,8840.650390625,8751.400390625,8767.25,135200
2015-02-26,8779.0,8786.0498046875,8669.4501953125,8683.849609375,217500
2015-02-27,8729.5,8856.9501953125,8717.4501953125,8844.599609375,249500
2015-02-28,8913.05,8941.1,8751.35,8901.85,246453954
2015-03-02,8953.849609375,8972.349609375,8885.4501953125,8956.75,218100
2015-03-03,8962.849609375,9008.400390625,8925.5498046875,8996.25,177800
2015-03-04,9109.150390625,9119.2001953125,8893.9501953125,8922.650390625,248400
2015-03-05,8929.400390625,8957.5498046875,8849.349609375,8937.75,160100
2015-03-09,8891.150390625,8891.2998046875,8740.4501953125,8756.75,155500
2015-03-10,8769.75,8778.0,8677.349609375,8712.0498046875,163800
2015-03-11,8728.75,8755.599609375,8682.349609375,8699.9501953125,172800
2015-03-12,8740.650390625,8787.2001953125,8732.900390625,8776.0,173900
2015-03-13,8844.0498046875,8849.75,8631.75,8647.75,179200
2015-03-16,8656.75,8663.5498046875,8612.0,8633.150390625,163300
2015-03-17,8689.099609375,8742.5498046875,8630.7998046875,8723.2998046875,177000
2015-03-18,8742.900390625,8747.25,8664.0,8685.900390625,156400
2015-03-19,8749.4501953125,8788.2001953125,8614.650390625,8634.650390625,163500
2015-03-20,8627.900390625,8627.900390625,8553.0,8570.900390625,174600
2015-03-23,8591.5498046875,8608.349609375,8540.5498046875,8550.900390625,150700
2015-03-24,8537.0498046875,8627.75,8535.849609375,8542.9501953125,156700
2015-03-25,8568.900390625,8573.75,8516.5498046875,8530.7998046875,161000
2015-03-26,8474.9501953125,8499.4501953125,8325.349609375,8342.150390625,280100
2015-03-27,8396.0,8413.2001953125,8269.150390625,8341.400390625,193000
2015-03-30,8390.9501953125,8492.2998046875,8380.75,8492.2998046875,134700
2015-03-31,8527.599609375,8550.4501953125,8454.150390625,8491.0,167200
2015-04-01,8483.7001953125,8603.400390625,8464.75,8586.25,125500
2015-04-06,8615.7998046875,8667.5498046875,8573.75,8659.900390625,146900
2015-04-07,8684.4501953125,8693.599609375,8586.849609375,8660.2998046875,148700
2015-04-08,8698.9501953125,8730.5,8679.7998046875,8714.400390625,148200
2015-04-09,8756.2001953125,8785.5,8682.4501953125,8778.2998046875,152700
2015-04-10,8774.349609375,8787.400390625,8733.599609375,8780.349609375,139000
2015-04-13,8801.75,8841.650390625,8762.099609375,8834.0,121600
2015-04-15,8844.75,8844.8,8722.4,8750.2,170458015
2015-04-16,8757.0498046875,8760.0,8645.650390625,8706.7001953125,142900
2015-04-17,8698.0498046875,8699.849609375,8596.7001953125,8606.0,150400
2015-04-20,8618.7998046875,8619.9501953125,8422.75,8448.099609375,148900
2015-04-21,8416.099609375,8469.349609375,8352.7001953125,8377.75,407800
2015-04-22,8400.400390625,8449.9501953125,8284.7001953125,8429.7001953125,171800
2015-04-23,8478.2001953125,8504.9501953125,8361.849609375,8398.2998046875,156000
2015-04-24,8405.7001953125,8413.2998046875,8273.349609375,8305.25,173600
2015-04-27,8330.5498046875,8334.4501953125,8202.349609375,8213.7998046875,171500
2015-04-28,8215.5498046875,8308.0,8185.14990234375,8285.599609375,174600
2015-04-29,8274.7998046875,8308.2001953125,8219.2001953125,8239.75,160400
2015-04-30,8224.5,8229.400390625,8144.75,8181.5,267700
2015-05-04,8230.0498046875,8346.0,8220.4501953125,8331.9501953125,131700
2015-05-05,8338.400390625,8355.650390625,8280.599609375,8324.7998046875,155500
2015-05-06,8316.599609375,8331.9501953125,8083.0,8097.0,209600
2015-05-07,8077.0,8122.60009765625,7997.14990234375,8057.2998046875,161600
2015-05-08,8131.5,8224.9501953125,8123.4501953125,8191.5,183100
2015-05-11,8243.2001953125,8332.75,8224.650390625,8325.25,192000
2015-05-12,8326.150390625,8326.650390625,8115.2998046875,8126.9501953125,173400
2015-05-13,8181.5498046875,8254.9501953125,8089.7998046875,8235.4501953125,169800
2015-05-14,8232.4501953125,8236.25,8137.2998046875,8224.2001953125,134800
2015-05-15,8240.2998046875,8279.2001953125,8212.2001953125,8262.349609375,129800
2015-05-18,8284.9501953125,8384.599609375,8271.9501953125,8373.650390625,148700
2015-05-19,8356.2001953125,8427.7998046875,8335.0,8365.650390625,140300
2015-05-20,8392.650390625,8440.349609375,8391.4501953125,8423.25,123600
2015-05-21,8434.5,8446.349609375,8382.5,8421.0,143800
2015-05-22,8432.5,8489.5498046875,8420.599609375,8458.9501953125,187300
2015-05-25,8438.150390625,8441.9501953125,8364.150390625,8370.25,121300
2015-05-26,8377.099609375,8378.900390625,8320.0498046875,8339.349609375,116800
2015-05-27,8302.75,8342.849609375,8277.9501953125,8334.599609375,165500
2015-05-28,8345.7001953125,8364.5,8270.150390625,8319.0,232300
2015-05-29,8327.099609375,8443.900390625,8305.7001953125,8433.650390625,363900
2015-06-01,8417.25,8467.150390625,8405.400390625,8433.400390625,122200
2015-06-02,8442.7998046875,8445.349609375,8226.0498046875,8236.4501953125,146800
2015-06-03,8232.4501953125,8236.7001953125,8094.14990234375,8135.10009765625,171400
2015-06-04,8155.14990234375,8160.0498046875,8056.75,8130.64990234375,154700
2015-06-05,8119.14990234375,8191.0,8100.14990234375,8114.7001953125,162100
2015-06-08,8124.35009765625,8131.0,8030.5498046875,8044.14990234375,135900
2015-06-09,8026.5,8057.14990234375,8005.14990234375,8022.39990234375,136000
2015-06-10,8024.14990234375,8152.25,8023.7998046875,8124.4501953125,136800
2015-06-11,8157.2998046875,8163.0498046875,7958.25,7965.35009765625,166200
2015-06-12,7959.85009765625,7995.60009765625,7940.2998046875,7982.89990234375,136600
2015-06-15,7986.60009765625,8057.7001953125,7944.85009765625,8013.89990234375,133000
2015-06-16,8004.2001953125,8061.85009765625,7952.35009765625,8047.2998046875,124000
2015-06-17,8084.2001953125,8136.85009765625,8048.9501953125,8091.5498046875,152500
2015-06-18,8113.7001953125,8186.89990234375,8101.7998046875,8174.60009765625,144800
2015-06-19,8201.150390625,8250.7998046875,8195.650390625,8224.9501953125,147100
2015-06-22,8259.2998046875,8369.4501953125,8257.400390625,8353.099609375,122700
2015-06-23,8377.4501953125,8398.4501953125,8334.9501953125,8381.5498046875,131700
2015-06-24,8399.400390625,8421.349609375,8338.900390625,8360.849609375,130100
2015-06-25,8336.25,8423.150390625,8329.5,8398.0,201200
2015-06-26,8393.9501953125,8408.5498046875,8339.7001953125,8381.099609375,110600
2015-06-29,8247.0498046875,8329.4501953125,8195.650390625,8318.400390625,132000
2015-06-30,8316.349609375,8378.0,8298.9501953125,8368.5,158500
2015-07-01,8376.25,8481.599609375,8370.150390625,8453.0498046875,131800
2015-07-02,8471.9501953125,8479.25,8433.2001953125,8444.900390625,112000
2015-07-03,8440.099609375,8497.75,8424.150390625,8484.900390625,88400
2015-07-06,8386.150390625,8533.150390625,8386.150390625,8522.150390625,101500
2015-07-07,8525.5,8561.349609375,8483.849609375,8510.7998046875,122200
2015-07-08,8439.2001953125,8457.5,8341.400390625,8363.0498046875,188100
2015-07-09,8364.849609375,8400.2998046875,8323.0,8328.5498046875,131300
2015-07-10,8365.7001953125,8377.099609375,8315.400390625,8360.5498046875,154100
2015-07-13,8397.25,8471.650390625,8355.400390625,8459.650390625,117800
2015-07-14,8470.599609375,8480.25,8424.099609375,8454.099609375,101700
2015-07-15,8463.400390625,8531.400390625,8462.9501953125,8523.7998046875,105500
2015-07-16,8546.150390625,8616.099609375,8542.900390625,8608.0498046875,116000
2015-07-17,8623.650390625,8642.9501953125,8593.150390625,8609.849609375,105000
2015-07-20,8623.900390625,8624.099609375,8559.0,8603.4501953125,90600
2015-07-21,8601.5,8646.75,8517.900390625,8529.4501953125,164100
2015-07-22,8512.25,8643.900390625,8498.650390625,8633.5,136800
2015-07-23,8643.9501953125,8654.75,8573.7998046875,8589.7998046875,132900
2015-07-24,8588.150390625,8589.150390625,8513.5,8521.5498046875,127400
2015-07-27,8492.099609375,8492.2001953125,8351.5498046875,8361.0,136600
2015-07-28,8371.099609375,8397.400390625,8321.75,8337.0,174600
2015-07-29,8365.599609375,8381.5,8338.4501953125,8375.0498046875,141000
2015-07-30,8417.0,8458.900390625,8408.2998046875,8421.7998046875,215200
2015-07-31,8456.099609375,8548.9501953125,8448.0,8532.849609375,203300
2015-08-03,8510.650390625,8563.9501953125,8508.099609375,8543.0498046875,156700
2015-08-04,8564.099609375,8565.150390625,8448.25,8516.900390625,187400
2015-08-05,8547.4501953125,8591.849609375,8545.849609375,8567.9501953125,132800
2015-08-06,8585.7998046875,8606.2998046875,8551.5,8588.650390625,134900
2015-08-07,8580.7998046875,8595.9501953125,8552.7001953125,8564.599609375,143700
2015-08-10,8577.0,8621.5498046875,8497.7998046875,8525.599609375,123400
2015-08-11,8548.4501953125,8556.25,8441.2998046875,8462.349609375,154400
2015-08-12,8445.7001953125,8446.9501953125,8337.9501953125,8349.4501953125,190000
2015-08-13,8384.4501953125,8429.5,8339.75,8355.849609375,189200
2015-08-14,8402.349609375,8530.099609375,8381.2001953125,8518.5498046875,155900
2015-08-17,8530.5,8530.599609375,8428.0498046875,8477.2998046875,174700
2015-08-18,8505.849609375,8525.75,8433.599609375,8466.5498046875,153300
2015-08-19,8468.0498046875,8520.4501953125,8425.9501953125,8495.150390625,130500
2015-08-20,8471.0498046875,8501.349609375,8359.75,8372.75,184100
2015-08-21,8305.400390625,8322.2001953125,8225.0498046875,8299.9501953125,201300
2015-08-24,8055.9501953125,8060.0498046875,7769.39990234375,7809.0,312400
2015-08-25,7895.39990234375,7925.39990234375,7667.25,7880.7001953125,299100
2015-08-26,7865.25,7930.0498046875,7777.10009765625,7791.85009765625,216600
2015-08-27,7921.60009765625,7963.60009765625,7862.2998046875,7948.9501953125,305000
2015-08-28,8053.7001953125,8091.7998046875,7961.64990234375,8001.9501953125,195600
2015-08-31,8009.25,8043.60009765625,7947.9501953125,7971.2998046875,198200
2015-09-01,7907.9501953125,7929.10009765625,7746.5,7785.85009765625,184900
2015-09-02,7856.64990234375,7862.5498046875,7699.25,7717.0,215300
2015-09-03,7774.4501953125,7845.60009765625,7754.0498046875,7823.0,155800
2015-09-04,7803.39990234375,7804.89990234375,7626.85009765625,7655.0498046875,193600
2015-09-07,7685.85009765625,7705.0498046875,7545.89990234375,7558.7998046875,141400
2015-09-08,7587.7001953125,7720.89990234375,7539.5,7688.25,172200
2015-09-09,7805.85009765625,7846.0498046875,7764.5498046875,7818.60009765625,208400
2015-09-10,7729.0498046875,7819.85009765625,7678.5,7788.10009765625,160300
2015-09-11,7833.7998046875,7864.85009765625,7759.89990234375,7789.2998046875,136400
2015-09-14,7811.10009765625,7879.9501953125,7761.85009765625,7872.25,122800
2015-09-15,7867.35009765625,7880.0,7799.75,7829.10009765625,136500
2015-09-16,7886.85009765625,7913.89990234375,7853.2998046875,7899.14990234375,140000
2015-09-18,7967.4501953125,8055.0,7955.85009765625,7981.89990234375,241800
2015-09-21,7911.5,7987.89990234375,7908.35009765625,7977.10009765625,121800
2015-09-22,8014.7998046875,8021.60009765625,7787.75,7812.0,168400
2015-09-23,7737.35009765625,7882.89990234375,7723.25,7845.9501953125,146700
2015-09-24,7838.39990234375,7894.5,7804.10009765625,7868.5,202500
2015-09-28,7892.7998046875,7893.9501953125,7787.9501953125,7795.7001953125,136300
2015-09-29,7725.7001953125,7926.5498046875,7691.2001953125,7843.2998046875,240700
2015-09-30,7924.25,7957.7001953125,7874.5,7948.89990234375,210700
2015-10-01,7992.0498046875,8008.25,7930.64990234375,7950.89990234375,156900
2015-10-05,8005.10009765625,8128.89990234375,8005.10009765625,8119.2998046875,183100
2015-10-06,8180.4501953125,8180.9501953125,8096.5,8152.89990234375,178500
2015-10-07,8146.2001953125,8188.89990234375,8132.89990234375,8177.39990234375,193900
2015-10-08,8196.75,8196.75,8105.85009765625,8129.35009765625,171700
2015-10-09,8186.35009765625,8232.2001953125,8139.64990234375,8189.7001953125,199700
2015-10-12,8231.5,8244.5,8128.2001953125,8143.60009765625,199100
2015-10-13,8121.9501953125,8150.25,8088.60009765625,8131.7001953125,145900
2015-10-14,8102.39990234375,8139.2998046875,8096.35009765625,8107.89990234375,138900
2015-10-15,8134.35009765625,8190.5498046875,8129.7998046875,8179.5,167200
2015-10-16,8193.650390625,8246.400390625,8147.64990234375,8238.150390625,156400
2015-10-19,8262.5498046875,8283.0498046875,8239.2001953125,8275.0498046875,124500
2015-10-20,8280.2998046875,8294.0498046875,8229.2001953125,8261.650390625,155100
2015-10-21,8258.349609375,8294.400390625,8217.150390625,8251.7001953125,144800
2015-10-23,8308.25,8328.099609375,8280.75,8295.4501953125,152000
2015-10-26,8333.650390625,8336.2998046875,8252.0498046875,8260.5498046875,133900
2015-10-27,8230.349609375,8241.9501953125,8217.0498046875,8232.900390625,156700
2015-10-28,8188.89990234375,8209.099609375,8131.7998046875,8171.2001953125,188900
2015-10-29,8175.4501953125,8179.60009765625,8098.0,8111.75,217500
2015-10-30,8123.5498046875,8146.10009765625,8044.39990234375,8065.7998046875,199500
2015-11-02,8054.5498046875,8060.7001953125,7995.60009765625,8050.7998046875,136100
2015-11-03,8086.35009765625,8100.35009765625,8031.75,8060.7001953125,132500
2015-11-04,8104.89990234375,8116.10009765625,8027.2998046875,8040.2001953125,122100
2015-11-05,8030.35009765625,8031.2001953125,7944.10009765625,7955.4501953125,132100
2015-11-06,7956.5498046875,8002.64990234375,7926.14990234375,7954.2998046875,219500
2015-11-09,7788.25,7937.75,7771.7001953125,7915.2001953125,211800
2015-11-10,7877.60009765625,7885.10009765625,7772.85009765625,7783.35009765625,165200
2015-11-11,7838.8,7847.95,7819.1,7825.0,22380435
2015-11-13,7762.4501953125,7775.10009765625,7730.89990234375,7762.25,160900
2015-11-16,7732.9501953125,7838.85009765625,7714.14990234375,7806.60009765625,149500
2015-11-17,7848.75,7860.4501953125,7793.0,7837.5498046875,145000
2015-11-18,7823.14990234375,7843.39990234375,7725.0498046875,7731.7998046875,143600
2015-11-19,7788.5,7854.89990234375,7765.4501953125,7842.75,132600
2015-11-20,7841.89990234375,7906.9501953125,7817.7998046875,7856.5498046875,151900
2015-11-23,7869.5,7877.5,7825.2001953125,7849.25,127000
2015-11-24,7837.0,7870.35009765625,7812.64990234375,7831.60009765625,130600
2015-11-26,7837.14990234375,7897.10009765625,7832.0,7883.7998046875,219800
2015-11-27,7910.60009765625,7959.2998046875,7879.4501953125,7942.7001953125,150300
2015-11-30,7936.25,7966.0,7922.7998046875,7935.25,216300
2015-12-01,7958.14990234375,7972.14990234375,7934.14990234375,7954.89990234375,138600
2015-12-02,7976.7001953125,7979.2998046875,7910.7998046875,7931.35009765625,126300
2015-12-03,7902.2998046875,7912.2998046875,7853.2998046875,7864.14990234375,125700
2015-12-04,7817.60009765625,7821.39990234375,7775.7001953125,7781.89990234375,152500
2015-12-07,7816.5498046875,7825.39990234375,7746.0498046875,7765.39990234375,137600
2015-12-08,7738.5,7771.25,7685.4501953125,7701.7001953125,135100
2015-12-09,7695.5,7702.85009765625,7606.89990234375,7612.5,140000
2015-12-10,7643.2998046875,7691.9501953125,7610.0,7683.2998046875,140800
2015-12-11,7699.60009765625,7703.0498046875,7575.2998046875,7610.4501953125,167800
2015-12-14,7558.2001953125,7663.9501953125,7551.0498046875,7650.0498046875,148900
2015-12-15,7659.14990234375,7705.0,7625.10009765625,7700.89990234375,134300
2015-12-16,7725.25,7776.60009765625,7715.75,7750.89990234375,154300
2015-12-17,7783.0498046875,7852.89990234375,7737.5498046875,7844.35009765625,175900
2015-12-18,7828.89990234375,7836.14990234375,7753.35009765625,7761.9501953125,191400
2015-12-21,7745.64990234375,7840.75,7733.4501953125,7834.4501953125,126300
2015-12-22,7829.39990234375,7846.2998046875,7776.85009765625,7786.10009765625,125700
2015-12-23,7830.4501953125,7871.4501953125,7826.10009765625,7865.9501953125,117900
2015-12-24,7888.75,7888.75,7835.5,7861.0498046875,93500
2015-12-28,7863.2001953125,7937.2001953125,7863.0,7925.14990234375,122900
2015-12-29,7929.2001953125,7942.14990234375,7902.75,7928.9501953125,113000
2015-12-30,7938.60009765625,7944.75,7889.85009765625,7896.25,106800
2015-12-31,7897.7998046875,7955.5498046875,7891.14990234375,7946.35009765625,150900
2016-01-01,7938.45,7972.55,7909.8,7963.2,64843836
2016-01-04,7924.5498046875,7937.5498046875,7781.10009765625,7791.2998046875,134700
2016-01-05,7828.39990234375,7831.2001953125,7763.25,7784.64990234375,145200
2016-01-06,7788.0498046875,7800.9501953125,7721.2001953125,7741.0,147100
2016-01-07,7673.35009765625,7674.9501953125,7556.60009765625,7568.2998046875,188900
2016-01-08,7611.64990234375,7634.10009765625,7581.0498046875,7601.35009765625,157400
2016-01-11,7527.4501953125,7605.10009765625,7494.35009765625,7563.85009765625,189000
2016-01-12,7587.2001953125,7588.2998046875,7487.7998046875,7510.2998046875,163900
2016-01-13,7557.89990234375,7590.9501953125,7425.7998046875,7562.39990234375,215200
2016-01-14,7467.39990234375,7604.7998046875,7443.7998046875,7536.7998046875,200800
2016-01-15,7561.64990234375,7566.5,7427.2998046875,7437.7998046875,197500
2016-01-18,7420.35009765625,7463.64990234375,7336.39990234375,7351.0,233600
2016-01-19,7381.7998046875,7462.75,7364.14990234375,7435.10009765625,188300
2016-01-20,7357.0,7470.89990234375,7241.5,7309.2998046875,225600
2016-01-21,7376.64990234375,7398.7001953125,7250.0,7276.7998046875,240700
2016-01-22,7355.7001953125,7433.39990234375,7327.60009765625,7422.4501953125,229200
2016-01-25,7468.75,7487.14990234375,7421.2001953125,7436.14990234375,163200
2016-01-27,7469.60009765625,7477.89990234375,7419.7001953125,7437.75,187600
2016-01-28,7426.5,7468.85009765625,7409.60009765625,7424.64990234375,274500
2016-01-29,7413.35009765625,7575.64990234375,7402.7998046875,7563.5498046875,298700
2016-02-01,7589.5,7600.4501953125,7541.25,7555.9501953125,200400
2016-02-02,7566.64990234375,7576.2998046875,7428.0498046875,7455.5498046875,230200
2016-02-03,7392.4501953125,7419.39990234375,7350.2998046875,7361.7998046875,192000
2016-02-04,7411.4501953125,7457.0498046875,7365.9501953125,7404.0,222700
2016-02-05,7418.25,7503.14990234375,7406.64990234375,7489.10009765625,249800
2016-02-08,7489.7001953125,7512.5498046875,7363.2001953125,7387.25,171500
2016-02-09,7303.9501953125,7323.4501953125,7275.14990234375,7298.2001953125,212100
2016-02-10,7264.2998046875,7271.85009765625,7177.75,7215.7001953125,246900
2016-02-11,7203.60009765625,7208.64990234375,6959.9501953125,6976.35009765625,292300
2016-02-12,7023.64990234375,7034.7998046875,6869.0,6980.9501953125,333900
2016-02-15,7057.35009765625,7182.7998046875,7056.7998046875,7162.9501953125,354200
2016-02-16,7201.25,7204.64990234375,7037.7001953125,7048.25,253800
2016-02-17,7058.85009765625,7123.7001953125,6960.64990234375,7108.4501953125,260000
2016-02-18,7177.39990234375,7215.10009765625,7127.85009765625,7191.75,246700
2016-02-19,7170.5498046875,7226.85009765625,7145.9501953125,7210.75,192300
2016-02-22,7208.85009765625,7252.39990234375,7200.7001953125,7234.5498046875,154400
2016-02-23,7240.2998046875,7241.7001953125,7090.7001953125,7109.5498046875,194400
2016-02-24,7075.0,7090.7998046875,7009.75,7018.7001953125,199700
2016-02-25,7029.85009765625,7034.2001953125,6961.39990234375,6970.60009765625,283100
2016-02-26,7039.2998046875,7052.89990234375,6985.10009765625,7029.75,206700
2016-02-29,7050.4501953125,7094.60009765625,6825.7998046875,6987.0498046875,473400
2016-03-01,7038.25,7235.5,7035.10009765625,7222.2998046875,275100
2016-03-02,7321.7001953125,7380.35009765625,7308.14990234375,7368.85009765625,338500
2016-03-03,7429.5498046875,7483.9501953125,7406.0498046875,7475.60009765625,278600
2016-03-04,7505.39990234375,7505.89990234375,7444.10009765625,7485.35009765625,281700
2016-03-08,7486.39990234375,7527.14990234375,7442.14990234375,7485.2998046875,257000
2016-03-09,7436.10009765625,7539.0,7424.2998046875,7531.7998046875,245100
2016-03-10,7545.35009765625,7547.10009765625,7447.39990234375,7486.14990234375,224700
2016-03-11,7484.85009765625,7543.9501953125,7460.60009765625,7510.2001953125,198700
2016-03-14,7542.60009765625,7583.7001953125,7515.0498046875,7538.75,166900
2016-03-15,7535.85009765625,7545.2001953125,7452.7998046875,7460.60009765625,193700
2016-03-16,7457.0498046875,7508.0,7405.14990234375,7498.75,195400
2016-03-17,7557.39990234375,7585.2998046875,7479.39990234375,7512.5498046875,239600
2016-03-18,7534.64990234375,7613.60009765625,7517.89990234375,7604.35009765625,237400
2016-03-21,7619.2001953125,7713.5498046875,7617.7001953125,7704.25,196800
2016-03-22,7695.5498046875,7728.2001953125,7643.7998046875,7714.89990234375,208900
2016-03-23,7717.4501953125,7726.85009765625,7670.60009765625,7716.5,199600
2016-03-28,7741.0,7749.39990234375,7587.7001953125,7615.10009765625,242400
2016-03-29,7606.5498046875,7652.89990234375,7582.25,7597.0,216800
2016-03-30,7651.10009765625,7741.9501953125,7643.4501953125,7735.2001953125,232600
2016-03-31,7727.64990234375,7777.60009765625,7702.0,7738.39990234375,380100
2016-04-01,7718.0498046875,7740.14990234375,7666.10009765625,7713.0498046875,183900
2016-04-04,7733.14990234375,7764.4501953125,7704.39990234375,7758.7998046875,155500
2016-04-05,7736.2998046875,7736.2998046875,7588.64990234375,7603.2001953125,203800
2016-04-06,7636.0498046875,7638.64990234375,7591.75,7614.35009765625,165600
2016-04-07,7630.39990234375,7630.75,7535.85009765625,7546.4501953125,234400
2016-04-08,7542.35009765625,7569.35009765625,7526.7001953125,7555.2001953125,143400
2016-04-11,7577.7998046875,7678.7998046875,7516.85009765625,7671.39990234375,179800
2016-04-12,7669.25,7717.39990234375,7663.35009765625,7708.9501953125,163400
2016-04-13,7777.14990234375,7864.7998046875,7772.2001953125,7850.4501953125,220400
2016-04-18,7908.14990234375,7920.60009765625,7842.75,7914.7001953125,184600
2016-04-20,7950.0498046875,7950.39990234375,7877.5498046875,7914.75,205300
2016-04-21,7953.64990234375,7978.4501953125,7884.10009765625,7912.0498046875,223700
2016-04-22,7891.7998046875,7923.35009765625,7873.35009765625,7899.2998046875,183300
2016-04-25,7894.7998046875,7911.0,7827.0,7855.0498046875,146300
2016-04-26,7828.14990234375,7974.5,7822.5498046875,7962.64990234375,202400
2016-04-27,7942.0,7991.0,7940.5498046875,7979.89990234375,206800
2016-04-28,7967.39990234375,7992.0,7834.4501953125,7847.25,292500
2016-04-29,7844.25,7889.0498046875,7788.7001953125,7849.7998046875,243700
2016-05-02,7822.7001953125,7829.7998046875,7777.2998046875,7805.89990234375,146300
2016-05-03,7824.7998046875,7890.25,7735.14990234375,7747.0,186500
2016-05-04,7724.14990234375,7749.0,7697.25,7706.5498046875,199700
2016-05-05,7731.0,7777.5498046875,7706.85009765625,7735.5,185100
2016-05-06,7717.64990234375,7738.89990234375,7678.35009765625,7733.4501953125,163600
2016-05-09,7755.25,7873.64990234375,7753.5498046875,7866.0498046875,160600
2016-05-10,7873.5498046875,7896.89990234375,7837.7001953125,7887.7998046875,162000
2016-05-11,7804.64990234375,7893.10009765625,7780.89990234375,7848.85009765625,214100
2016-05-12,7871.4501953125,7916.0498046875,7849.64990234375,7900.39990234375,152700
2016-05-13,7881.0,7881.0,7784.2001953125,7814.89990234375,179500
2016-05-16,7831.2001953125,7873.89990234375,7772.14990234375,7860.75,205200
2016-05-17,7896.85009765625,7940.10009765625,7879.7001953125,7890.75,183400
2016-05-18,7846.75,7882.0498046875,7810.75,7870.14990234375,156400
2016-05-19,7875.5,7876.2001953125,7766.7998046875,7783.39990234375,170400
2016-05-20,7792.2001953125,7812.39990234375,7735.75,7749.7001953125,157000
2016-05-23,7813.9501953125,7820.60009765625,7722.2001953125,7731.0498046875,172000
2016-05-24,7738.0498046875,7761.5498046875,7715.7998046875,7748.85009765625,147000
2016-05-25,7811.7998046875,7941.2001953125,7809.2998046875,7934.89990234375,176200
2016-05-26,7974.4501953125,8083.0,7948.5,8069.64990234375,264300
2016-05-27,8081.9501953125,8164.2001953125,8077.0498046875,8156.64990234375,260900
2016-05-30,8166.5,8200.0,8150.7998046875,8178.5,247400
2016-05-31,8209.849609375,8213.599609375,8134.2998046875,8160.10009765625,471000
2016-06-01,8179.2001953125,8215.349609375,8171.0498046875,8179.9501953125,194400
2016-06-02,8156.89990234375,8229.5,8154.75,8218.9501953125,181700
2016-06-03,8246.2001953125,8262.0,8209.849609375,8220.7998046875,379000
2016-06-06,8228.75,8234.7001953125,8186.0498046875,8201.0498046875,171600
2016-06-07,8235.5498046875,8294.9501953125,8216.400390625,8266.4501953125,241900
2016-06-08,8285.5,8288.900390625,8252.0498046875,8273.0498046875,174300
2016-06-09,8273.349609375,8273.349609375,8184.60009765625,8203.599609375,174900
2016-06-10,8180.25,8265.599609375,8162.85009765625,8170.0498046875,182200
2016-06-13,8102.25,8125.25,8063.89990234375,8110.60009765625,169700
2016-06-14,8134.39990234375,8134.9501953125,8069.5,8108.85009765625,145500
2016-06-15,8139.39990234375,8213.2001953125,8123.14990234375,8206.599609375,169800
2016-06-16,8180.64990234375,8180.64990234375,8074.4501953125,8140.75,189200
2016-06-17,8176.64990234375,8195.25,8135.7998046875,8170.2001953125,166600
2016-06-20,8115.75,8244.150390625,8107.35009765625,8238.5,168600
2016-06-21,8255.400390625,8257.25,8202.150390625,8219.900390625,137000
2016-06-22,8213.650390625,8238.349609375,8153.25,8203.7001953125,136100
2016-06-23,8201.150390625,8285.599609375,8188.2998046875,8270.4501953125,154100
2016-06-24,8029.10009765625,8100.7001953125,7927.0498046875,8088.60009765625,297600
2016-06-27,8039.35009765625,8120.64990234375,8039.35009765625,8094.7001953125,162500
2016-06-28,8096.0498046875,8146.35009765625,8086.85009765625,8127.85009765625,170400
2016-06-29,8173.10009765625,8212.400390625,8157.64990234375,8204.0,147000
2016-06-30,8260.25,8308.150390625,8242.099609375,8287.75,279400
2016-07-01,8313.0498046875,8356.75,8308.650390625,8328.349609375,165500
2016-07-04,8376.75,8398.4501953125,8364.7001953125,8370.7001953125,154200
2016-07-05,8379.2998046875,8381.4501953125,8319.9501953125,8335.9501953125,139000
2016-07-07,8342.0,8361.9501953125,8317.7001953125,8337.900390625,155500
2016-07-08,8350.0,8353.2998046875,8287.5498046875,8323.2001953125,137900
2016-07-11,8413.349609375,8475.25,8407.0498046875,8467.900390625,149800
2016-07-12,8502.599609375,8526.599609375,8479.2001953125,8521.0498046875,183600
2016-07-13,8540.4501953125,8550.25,8493.5498046875,8519.5,195500
2016-07-14,8515.75,8571.400390625,8500.7001953125,8565.0,153900
2016-07-15,8565.4501953125,8594.7998046875,8510.0498046875,8541.400390625,221700
2016-07-18,8564.0498046875,8587.099609375,8494.349609375,8508.7001953125,164300
2016-07-19,8514.2998046875,8540.0498046875,8476.7001953125,8528.5498046875,167900
2016-07-20,8515.4501953125,8569.900390625,8512.5498046875,8565.849609375,160300
2016-07-21,8582.7001953125,8585.25,8503.4501953125,8510.099609375,150000
2016-07-22,8519.650390625,8548.9501953125,8489.7998046875,8541.2001953125,143200
2016-07-25,8519.9501953125,8641.150390625,8517.2001953125,8635.650390625,150000
2016-07-26,8633.75,8644.900390625,8577.150390625,8590.650390625,154800
2016-07-27,8599.400390625,8665.0,8572.0498046875,8615.7998046875,184100
2016-07-28,8636.9501953125,8674.7001953125,8625.25,8666.2998046875,233500
2016-07-29,8668.2998046875,8670.349609375,8631.150390625,8638.5,157000
2016-08-01,8654.2998046875,8711.2998046875,8590.5,8636.5498046875,188400
2016-08-02,8647.4501953125,8687.2001953125,8611.400390625,8622.900390625,169400
2016-08-03,8635.2001953125,8635.4501953125,8529.599609375,8544.849609375,163000
2016-08-04,8599.9501953125,8601.400390625,8518.150390625,8551.099609375,164700
2016-08-05,8600.2001953125,8689.400390625,8590.150390625,8683.150390625,157900
2016-08-08,8712.849609375,8723.5,8697.599609375,8711.349609375,172600
2016-08-09,8727.7998046875,8728.349609375,8638.2001953125,8678.25,200100
2016-08-10,8686.7001953125,8690.099609375,8564.599609375,8575.2998046875,173600
2016-08-11,8572.7998046875,8601.150390625,8540.0498046875,8592.150390625,189200
2016-08-12,8605.45,8684.3,8604.45,8672.15,272014034
2016-08-16,8670.25,8682.349609375,8600.4501953125,8642.5498046875,224800
2016-08-17,8639.7998046875,8667.099609375,8603.599609375,8624.0498046875,174100
2016-08-18,8648.849609375,8690.7001953125,8645.0498046875,8673.25,164300
2016-08-19,8694.2998046875,8696.599609375,8647.099609375,8666.900390625,191900
2016-08-22,8667.0,8684.849609375,8614.0,8629.150390625,152300
2016-08-23,8628.349609375,8642.150390625,8580.0,8632.599609375,187500
2016-08-24,8648.5,8661.0498046875,8620.900390625,8650.2998046875,149600
2016-08-25,8668.849609375,8683.0498046875,8583.650390625,8592.2001953125,213100
2016-08-26,8614.349609375,8622.9501953125,8547.5498046875,8572.5498046875,147500
2016-08-29,8583.75,8622.0,8543.75,8607.4501953125,129700
2016-08-30,8646.75,8750.599609375,8642.25,8744.349609375,150200
2016-08-31,8754.0498046875,8819.2001953125,8754.0498046875,8786.2001953125,362200
2016-09-01,8793.599609375,8813.25,8759.9501953125,8774.650390625,238900
2016-09-02,8796.349609375,8824.099609375,8768.2001953125,8809.650390625,191500
2016-09-06,8852.7001953125,8950.849609375,8848.4501953125,8943.0,195600
2016-09-07,8968.7001953125,8968.7001953125,8913.349609375,8917.9501953125,290100
2016-09-08,8915.5,8960.349609375,8896.0,8952.5,217200
2016-09-09,8934.2998046875,8939.150390625,8858.7001953125,8866.7001953125,175900
2016-09-12,8732.9501953125,8746.9501953125,8699.400390625,8715.599609375,184500
2016-09-14,8710.650390625,8739.849609375,8688.900390625,8726.599609375,184300
2016-09-15,8743.849609375,8751.9501953125,8704.349609375,8742.5498046875,145400
2016-09-16,8780.849609375,8847.650390625,8750.5,8779.849609375,265800
2016-09-19,8788.4501953125,8824.2998046875,8774.2001953125,8808.400390625,131700
2016-09-20,8816.099609375,8816.4501953125,8759.2998046875,8775.900390625,136500
2016-09-21,8790.2998046875,8826.849609375,8757.2998046875,8777.150390625,148800
2016-09-22,8873.349609375,8893.349609375,8837.7998046875,8867.4501953125,172800
2016-09-23,8880.75,8885.2001953125,8820.2998046875,8831.5498046875,185900
2016-09-26,8807.900390625,8809.5498046875,8715.099609375,8723.0498046875,164000
2016-09-27,8748.900390625,8768.5,8690.5,8706.400390625,151400
2016-09-28,8711.2001953125,8767.0498046875,8703.150390625,8745.150390625,165500
2016-09-29,8792.7001953125,8800.650390625,8558.25,8591.25,372900
2016-09-30,8581.5,8637.150390625,8555.2001953125,8611.150390625,181700
2016-10-03,8666.150390625,8745.2001953125,8635.0,8738.099609375,137300
2016-10-04,8770.0,8783.650390625,8736.099609375,8769.150390625,184300
2016-10-05,8806.349609375,8806.9501953125,8731.400390625,8743.9501953125,157200
2016-10-06,8768.7001953125,8781.150390625,8684.650390625,8709.5498046875,163600
2016-10-07,8721.7001953125,8723.7001953125,8663.7998046875,8697.599609375,150400
2016-10-10,8735.349609375,8745.7998046875,8703.9501953125,8708.7998046875,108400
2016-10-13,8671.5,8681.5498046875,8541.349609375,8573.349609375,212300
2016-10-14,8594.0,8604.4501953125,8549.7998046875,8583.400390625,162800
2016-10-17,8612.9501953125,8615.400390625,8506.150390625,8520.400390625,197400
2016-10-18,8556.0498046875,8685.099609375,8555.900390625,8677.900390625,216600
2016-10-19,8697.5,8698.75,8636.7001953125,8659.099609375,172100
2016-10-20,8693.349609375,8727.0,8678.2998046875,8699.400390625,161000
2016-10-21,8708.599609375,8709.099609375,8652.0498046875,8693.0498046875,157300
2016-10-24,8709.849609375,8736.9501953125,8684.150390625,8708.9501953125,157100
2016-10-25,8721.7001953125,8722.650390625,8663.4501953125,8691.2998046875,189800
2016-10-26,8657.2998046875,8657.2998046875,8596.599609375,8615.25,219300
2016-10-27,8607.099609375,8624.849609375,8550.25,8615.25,242800
2016-10-28,8625.0,8653.75,8581.75,8638.0,175500
2016-10-30,8672.35,8678.25,8616.25,8625.7,16610872
2016-11-01,8653.150390625,8669.599609375,8614.5,8626.25,165000
2016-11-02,8542.7998046875,8549.5,8504.849609375,8514.0,155300
2016-11-03,8499.849609375,8537.650390625,8476.150390625,8484.9501953125,170500
2016-11-04,8503.599609375,8504.0,8400.25,8433.75,224800
2016-11-07,8535.75,8535.849609375,8481.4501953125,8497.0498046875,172800
2016-11-08,8540.0,8559.400390625,8480.099609375,8543.5498046875,195700
2016-11-09,8067.5,8476.2001953125,8002.25,8432.0,314300
2016-11-10,8555.599609375,8598.4501953125,8510.7001953125,8525.75,263100
2016-11-11,8456.650390625,8460.599609375,8284.9501953125,8296.2998046875,266900
2016-11-15,8284.849609375,8288.5498046875,8093.2001953125,8108.4501953125,359200
2016-11-16,8205.650390625,8210.0498046875,8089.39990234375,8111.60009765625,269500
2016-11-17,8105.10009765625,8151.25,8060.2998046875,8079.9501953125,191300
2016-11-18,8097.5498046875,8128.9501953125,8048.2998046875,8074.10009765625,161200
2016-11-21,8102.10009765625,8102.4501953125,7916.39990234375,7929.10009765625,218800
2016-11-22,7989.14990234375,8019.0498046875,7938.14990234375,8002.2998046875,210200
2016-11-23,8051.2001953125,8055.2001953125,7973.10009765625,8033.2998046875,181000
2016-11-24,8011.7998046875,8024.85009765625,7952.5498046875,7965.5,260500
2016-11-25,8007.9501953125,8122.25,7976.75,8114.2998046875,177900
2016-11-28,8080.64990234375,8146.5,8066.5,8126.89990234375,189700
2016-11-29,8131.5498046875,8197.349609375,8128.7001953125,8142.14990234375,189700
2016-11-30,8172.14990234375,8234.25,8139.25,8224.5,248000
2016-12-01,8244.0,8250.7998046875,8185.0498046875,8192.900390625,157700
2016-12-02,8153.5498046875,8159.2998046875,8070.0498046875,8086.7998046875,171500
2016-12-05,8088.75,8141.89990234375,8056.85009765625,8128.75,126500
2016-12-06,8153.14990234375,8178.7001953125,8130.85009765625,8143.14990234375,115300
2016-12-07,8168.39990234375,8190.4501953125,8077.5,8102.0498046875,169800
2016-12-08,8152.10009765625,8256.25,8151.75,8246.849609375,142500
2016-12-09,8271.7001953125,8274.9501953125,8241.9501953125,8261.75,149700
2016-12-12,8230.650390625,8230.650390625,8154.4501953125,8170.7998046875,108100
2016-12-13,8196.150390625,8228.849609375,8155.7998046875,8221.7998046875,184000
2016-12-14,8229.349609375,8229.400390625,8165.10009765625,8182.4501953125,144600
2016-12-15,8128.39990234375,8225.900390625,8121.9501953125,8153.60009765625,181800
2016-12-16,8178.2001953125,8178.7001953125,8127.4501953125,8139.4501953125,203000
2016-12-19,8126.0,8132.5,8094.85009765625,8104.35009765625,107400
2016-12-20,8110.60009765625,8124.10009765625,8062.75,8082.39990234375,128000
2016-12-21,8105.85009765625,8112.5498046875,8053.25,8061.2998046875,123700
2016-12-22,8043.85009765625,8046.4501953125,7964.9501953125,7979.10009765625,122600
2016-12-23,7972.5,8022.60009765625,7942.0498046875,7985.75,124100
2016-12-26,7965.10009765625,7970.0498046875,7893.7998046875,7908.25,106900
2016-12-27,7915.0498046875,8044.64990234375,7903.7001953125,8032.85009765625,118800
2016-12-28,8047.5498046875,8100.5498046875,8028.39990234375,8034.85009765625,126700
2016-12-29,8030.60009765625,8111.10009765625,8020.7998046875,8103.60009765625,178500
2016-12-30,8119.64990234375,8197.0,8114.75,8185.7998046875,127600
2017-01-02,8210.099609375,8212.0,8133.7998046875,8179.5,118300
2017-01-03,8196.0498046875,8219.099609375,8148.60009765625,8192.25,127300
2017-01-04,8202.650390625,8218.5,8180.89990234375,8190.5,132400
2017-01-05,8226.650390625,8282.650390625,8223.7001953125,8273.7998046875,159100
2017-01-06,8281.849609375,8306.849609375,8233.25,8243.7998046875,139400
2017-01-09,8259.349609375,8263.0,8227.75,8236.0498046875,99100
2017-01-10,8262.7001953125,8293.7998046875,8261.0,8288.599609375,142900
2017-01-11,8327.7998046875,8389.0,8322.25,8380.650390625,186500
2017-01-12,8391.0498046875,8417.2001953125,8382.2998046875,8407.2001953125,172600
2017-01-13,8457.650390625,8461.0498046875,8373.150390625,8400.349609375,185300
2017-01-16,8390.9501953125,8426.7001953125,8374.400390625,8412.7998046875,124100
2017-01-17,8415.0498046875,8440.900390625,8378.2998046875,8398.0,122000
2017-01-18,8403.849609375,8460.2998046875,8397.400390625,8417.0,163800
2017-01-19,8418.400390625,8445.150390625,8404.0498046875,8435.099609375,165900
2017-01-20,8404.349609375,8423.650390625,8340.9501953125,8349.349609375,202600
2017-01-23,8329.599609375,8404.150390625,8327.2001953125,8391.5,195000
2017-01-24,8407.0498046875,8480.9501953125,8398.150390625,8475.7998046875,179200
2017-01-25,8499.4501953125,8612.599609375,8493.9501953125,8602.75,292500
2017-01-27,8610.5,8672.7001953125,8606.900390625,8641.25,275400
2017-01-30,8635.5498046875,8662.599609375,8617.75,8632.75,304700
2017-01-31,8629.4501953125,8631.75,8552.400390625,8561.2998046875,521000
2017-02-01,8570.349609375,8722.400390625,8537.5,8716.400390625,327700
2017-02-02,8724.75,8757.599609375,8685.7998046875,8734.25,283500
2017-02-03,8735.150390625,8748.25,8707.75,8740.9501953125,191000
2017-02-06,8785.4501953125,8814.099609375,8770.2001953125,8801.0498046875,194400
2017-02-07,8805.7001953125,8809.2998046875,8741.0498046875,8768.2998046875,226300
2017-02-08,8774.5498046875,8791.25,8715.0,8769.0498046875,218700
2017-02-09,8795.5498046875,8821.400390625,8724.099609375,8778.400390625,187500
2017-02-10,8812.349609375,8822.099609375,8771.2001953125,8793.5498046875,225900
2017-02-13,8819.7998046875,8826.900390625,8754.2001953125,8805.0498046875,204900
2017-02-14,8819.900390625,8820.4501953125,8772.5,8792.2998046875,188300
2017-02-15,8778.9501953125,8807.900390625,8712.849609375,8724.7001953125,216100
2017-02-16,8739.0,8783.9501953125,8719.599609375,8778.0,184600
2017-02-17,8883.7001953125,8896.4501953125,8804.25,8821.7001953125,298300
2017-02-20,8818.5498046875,8886.25,8809.7998046875,8879.2001953125,167800
2017-02-21,8890.75,8920.7998046875,8860.9501953125,8907.849609375,175700
2017-02-22,8931.599609375,8960.75,8905.25,8926.900390625,247100
2017-02-23,8956.400390625,8982.150390625,8927.5498046875,8939.5,377200
2017-02-27,8943.7001953125,8951.7998046875,8888.650390625,8896.7001953125,189900
2017-02-28,8898.9501953125,8914.75,8867.599609375,8879.599609375,293600
2017-03-01,8904.400390625,8960.7998046875,8898.599609375,8945.7998046875,205900
2017-03-02,8982.849609375,8992.5,8879.7998046875,8899.75,218800
2017-03-03,8883.5,8907.099609375,8860.099609375,8897.5498046875,202600
2017-03-06,8915.099609375,8967.7998046875,8914.0,8963.4501953125,174800
2017-03-07,8977.75,8977.849609375,8932.7998046875,8946.900390625,173400
2017-03-08,8950.7001953125,8957.0498046875,8891.9501953125,8924.2998046875,177800
2017-03-09,8914.5,8945.7998046875,8899.5,8927.0,171500
2017-03-10,8953.7001953125,8975.7001953125,8903.9501953125,8934.5498046875,152700
2017-03-14,9091.650390625,9122.75,9060.5,9087.0,270300
2017-03-15,9086.849609375,9106.5498046875,9075.5,9084.7998046875,240600
2017-03-16,9129.650390625,9158.4501953125,9128.5498046875,9153.7001953125,208600
2017-03-17,9207.7998046875,9218.400390625,9147.599609375,9160.0498046875,286700
2017-03-20,9166.9501953125,9167.599609375,9116.2998046875,9126.849609375,332100
2017-03-21,9133.9501953125,9147.75,9087.2001953125,9121.5,247700
2017-03-22,9047.2001953125,9072.900390625,9019.2998046875,9030.4501953125,232300
2017-03-23,9048.75,9099.0498046875,9048.599609375,9086.2998046875,191800
2017-03-24,9104.0,9133.5498046875,9089.400390625,9108.0,203700
2017-03-27,9093.4501953125,9094.849609375,9024.650390625,9045.2001953125,202700
2017-03-28,9081.5,9110.400390625,9079.7998046875,9100.7998046875,183300
2017-03-29,9128.7001953125,9153.150390625,9109.099609375,9143.7998046875,243400
2017-03-30,9142.599609375,9183.150390625,9136.349609375,9173.75,323400
2017-03-31,9158.900390625,9191.7001953125,9152.099609375,9173.75,190900
2017-04-03,9220.599609375,9245.349609375,9192.400390625,9237.849609375,139100
2017-04-05,9264.400390625,9273.900390625,9215.400390625,9265.150390625,184800
2017-04-06,9245.7998046875,9267.9501953125,9218.849609375,9261.9501953125,186100
2017-04-07,9223.7001953125,9250.5,9188.099609375,9198.2998046875,190000
2017-04-10,9225.599609375,9225.650390625,9174.849609375,9181.4501953125,135800
2017-04-11,9184.5498046875,9242.7001953125,9172.849609375,9237.0,200100
2017-04-12,9242.5,9246.400390625,9161.7998046875,9203.4501953125,161800
2017-04-13,9202.5,9202.650390625,9144.9501953125,9150.7998046875,166500
2017-04-17,9144.75,9160.0,9120.25,9139.2998046875,0
2017-04-18,9163.0,9217.900390625,9095.4501953125,9105.150390625,174200
2017-04-19,9112.2001953125,9120.5,9075.150390625,9103.5,173700
2017-04-20,9108.099609375,9143.900390625,9102.650390625,9136.400390625,170300
2017-04-21,9179.099609375,9183.650390625,9088.75,9119.400390625,155200
2017-04-24,9135.349609375,9225.400390625,9130.5498046875,9217.9501953125,167700
2017-04-25,9273.0498046875,9309.2001953125,9250.349609375,9306.599609375,168700
2017-04-26,9336.2001953125,9367.0,9301.349609375,9351.849609375,185700
2017-04-27,9359.150390625,9367.150390625,9322.650390625,9342.150390625,209400
2017-04-28,9340.9501953125,9342.650390625,9282.25,9304.0498046875,162200
2017-05-02,9339.849609375,9352.5498046875,9269.900390625,9313.7998046875,161600
2017-05-03,9344.7001953125,9346.2998046875,9298.400390625,9311.9501953125,151600
2017-05-04,9360.9501953125,9365.650390625,9323.25,9359.900390625,269600
2017-05-05,9374.5498046875,9377.099609375,9272.0,9285.2998046875,231900
2017-05-08,9311.4501953125,9338.7001953125,9297.9501953125,9314.0498046875,174300
2017-05-09,9337.349609375,9338.9501953125,9307.7001953125,9316.849609375,132300
2017-05-10,9339.650390625,9414.75,9336.0,9407.2998046875,152700
2017-05-11,9448.599609375,9450.650390625,9411.2998046875,9422.400390625,171100
2017-05-12,9436.650390625,9437.75,9372.5498046875,9400.900390625,154300
2017-05-15,9433.5498046875,9449.25,9423.099609375,9445.400390625,140800
2017-05-16,9461.0,9517.2001953125,9456.349609375,9512.25,166500
2017-05-17,9517.599609375,9532.599609375,9486.099609375,9525.75,205500
2017-05-18,9453.2001953125,9489.099609375,9418.099609375,9429.4501953125,193300
2017-05-19,9469.900390625,9505.75,9390.75,9427.900390625,252100
2017-05-22,9480.25,9498.650390625,9427.900390625,9438.25,196800
2017-05-23,9445.0498046875,9448.0498046875,9370.0,9386.150390625,224400
2017-05-24,9410.900390625,9431.900390625,9341.650390625,9360.5498046875,211800
2017-05-25,9384.0498046875,9523.2998046875,9379.2001953125,9509.75,289200
2017-05-26,9507.75,9604.900390625,9495.400390625,9595.099609375,218800
2017-05-29,9560.0498046875,9637.75,9547.7001953125,9604.900390625,235000
2017-05-30,9590.650390625,9635.2998046875,9581.2001953125,9624.5498046875,193900
2017-05-31,9636.5498046875,9649.599609375,9609.25,9621.25,414300
2017-06-01,9603.5498046875,9634.650390625,9589.900390625,9616.099609375,176100
2017-06-02,9657.150390625,9673.5,9637.4501953125,9653.5,162200
2017-06-05,9656.2998046875,9687.2001953125,9640.7001953125,9675.099609375,127700
2017-06-06,9704.25,9709.2998046875,9630.2001953125,9637.150390625,145900
2017-06-07,9663.9501953125,9678.5498046875,9630.5498046875,9663.900390625,160700
2017-06-08,9682.400390625,9688.7001953125,9641.5,9647.25,155400
2017-06-09,9638.5498046875,9676.25,9608.150390625,9668.25,159000
2017-06-12,9646.7001953125,9647.0498046875,9598.5,9616.400390625,141400
2017-06-13,9615.5498046875,9654.150390625,9595.400390625,9606.900390625,129700
2017-06-14,9621.5498046875,9627.400390625,9580.4501953125,9618.150390625,181800
2017-06-15,9617.900390625,9621.400390625,9560.7998046875,9578.0498046875,171100
2017-06-16,9595.4501953125,9615.849609375,9565.5,9588.0498046875,213200
2017-06-19,9626.400390625,9673.2998046875,9614.900390625,9657.5498046875,141700
2017-06-20,9670.5,9676.5,9643.75,9653.5,159500
2017-06-21,9648.099609375,9650.4501953125,9608.599609375,9633.599609375,144000
2017-06-22,9642.650390625,9698.849609375,9617.75,9630.0,198800
2017-06-23,9643.25,9647.650390625,9565.2998046875,9574.9501953125,175200
2017-06-27,9594.0498046875,9615.400390625,9473.4501953125,9511.400390625,203300
2017-06-28,9520.2001953125,9522.5,9474.349609375,9491.25,172400
2017-06-29,9522.9501953125,9575.7998046875,9493.7998046875,9504.099609375,259300
2017-06-30,9478.5,9535.7998046875,9448.75,9520.900390625,179600
2017-07-03,9587.9501953125,9624.0,9543.5498046875,9615.0,183000
2017-07-04,9645.900390625,9650.650390625,9595.5,9613.2998046875,144800
2017-07-05,9619.75,9643.650390625,9607.349609375,9637.599609375,130800
2017-07-06,9653.599609375,9700.7001953125,9639.9501953125,9674.5498046875,147400
2017-07-07,9670.349609375,9684.25,9642.650390625,9665.7998046875,141800
2017-07-10,9719.2998046875,9782.150390625,9646.4501953125,9771.0498046875,37500
2017-07-11,9797.4501953125,9830.0498046875,9778.849609375,9786.0498046875,179700
2017-07-12,9807.2998046875,9824.9501953125,9787.7001953125,9816.099609375,145500
2017-07-13,9855.7998046875,9897.25,9853.4501953125,9891.7001953125,181300
2017-07-14,9913.2998046875,9913.2998046875,9845.4501953125,9886.349609375,159600
2017-07-17,9908.150390625,9928.2001953125,9894.7001953125,9915.9501953125,163500
2017-07-18,9832.7001953125,9885.349609375,9792.0498046875,9827.150390625,293900
2017-07-19,9855.9501953125,9905.0498046875,9851.650390625,9899.599609375,200200
2017-07-20,9920.2001953125,9922.5498046875,9863.4501953125,9873.2998046875,161100
2017-07-21,9899.599609375,9924.7001953125,9838.0,9915.25,187500
2017-07-24,9936.7998046875,9982.0498046875,9919.599609375,9966.400390625,174500
2017-07-25,10010.5498046875,10011.2998046875,9949.099609375,9964.5498046875,185500
2017-07-26,9983.650390625,10025.9501953125,9965.9501953125,10020.650390625,197600
2017-07-27,10063.25,10114.849609375,10005.5,10020.5498046875,287900
2017-07-28,9996.5498046875,10026.0498046875,9944.5,10014.5,191600
2017-07-31,10034.7001953125,10085.900390625,10016.9501953125,10077.099609375,237700
2017-08-01,10101.0498046875,10128.599609375,10065.75,10114.650390625,184300
2017-08-02,10136.2998046875,10137.849609375,10054.2001953125,10081.5,161500
2017-08-03,10081.150390625,10081.150390625,9998.25,10013.650390625,192700
2017-08-04,10008.599609375,10075.25,9988.349609375,10066.400390625,178600
2017-08-07,10074.7998046875,10088.099609375,10046.349609375,10057.400390625,137400
2017-08-08,10068.349609375,10083.7998046875,9947.0,9978.5498046875,203300
2017-08-09,9961.150390625,9969.7998046875,9893.0498046875,9908.0498046875,169200
2017-08-10,9872.849609375,9892.650390625,9776.2001953125,9820.25,235500
2017-08-11,9712.150390625,9771.650390625,9685.5498046875,9710.7998046875,285900
2017-08-14,9755.75,9818.2998046875,9752.099609375,9794.150390625,195600
2017-08-16,9825.849609375,9903.9501953125,9773.849609375,9897.2998046875,219500
2017-08-17,9945.5498046875,9947.7998046875,9883.75,9904.150390625,197600
2017-08-18,9865.9501953125,9865.9501953125,9783.650390625,9837.400390625,246300
2017-08-21,9864.25,9884.349609375,9740.099609375,9754.349609375,205300
2017-08-22,9815.75,9828.4501953125,9752.599609375,9765.5498046875,183600
2017-08-23,9803.0498046875,9857.900390625,9786.75,9852.5,168600
2017-08-24,9881.2001953125,9881.5,9848.849609375,9857.0498046875,184700
2017-08-28,9907.150390625,9925.75,9882.0,9912.7998046875,159600
2017-08-29,9886.400390625,9887.349609375,9783.75,9796.0498046875,173300
2017-08-30,9859.5,9909.4501953125,9850.7998046875,9884.400390625,157800
2017-08-31,9905.7001953125,9925.099609375,9856.9501953125,9917.900390625,327700
2017-09-01,9937.650390625,9983.4501953125,9909.849609375,9974.400390625,157800
2017-09-04,9984.150390625,9988.400390625,9861.0,9912.849609375,148800
2017-09-05,9933.25,9963.099609375,9901.0498046875,9952.2001953125,139200
2017-09-06,9899.25,9931.5498046875,9882.5498046875,9916.2001953125,149200
2017-09-07,9945.849609375,9964.849609375,9917.2001953125,9929.900390625,188800
2017-09-08,9958.650390625,9963.599609375,9913.2998046875,9934.7998046875,163600
2017-09-11,9971.75,10028.650390625,9968.7998046875,10006.0498046875,173000
2017-09-12,10056.849609375,10097.5498046875,10028.0498046875,10093.0498046875,182600
2017-09-13,10099.25,10131.9501953125,10063.150390625,10079.2998046875,215000
2017-09-14,10107.400390625,10126.5,10070.349609375,10086.599609375,225600
2017-09-15,10062.349609375,10115.150390625,10043.650390625,10085.400390625,266600
2017-09-18,10133.099609375,10171.7001953125,10131.2998046875,10153.099609375,156100
2017-09-19,10175.599609375,10178.9501953125,10129.9501953125,10147.5498046875,187500
2017-09-20,10160.9501953125,10171.0498046875,10134.2001953125,10141.150390625,199400
2017-09-21,10139.599609375,10158.900390625,10058.599609375,10121.900390625,191800
2017-09-22,10094.349609375,10095.0498046875,9952.7998046875,9964.400390625,226600
2017-09-25,9960.099609375,9960.5,9816.0498046875,9872.599609375,221400
2017-09-26,9875.25,9891.349609375,9813.0,9871.5,190900
2017-09-27,9920.599609375,9921.0498046875,9714.400390625,9735.75,200100
2017-09-28,9736.400390625,9789.2001953125,9687.5498046875,9768.9501953125,385000
2017-09-29,9814.2998046875,9854.0,9775.349609375,9788.599609375,196300
2017-10-03,9893.2998046875,9895.400390625,9831.0498046875,9859.5,162800
2017-10-04,9884.349609375,9938.2998046875,9850.650390625,9914.900390625,156200
2017-10-05,9927.0,9945.9501953125,9881.849609375,9888.7001953125,147800
2017-10-06,9908.150390625,9989.349609375,9906.599609375,9979.7001953125,195800
2017-10-09,9988.2001953125,10015.75,9959.4501953125,9988.75,143900
2017-10-10,10013.7001953125,10034.0,10002.2998046875,10016.9501953125,148600
2017-10-11,10042.599609375,10067.25,9955.7998046875,9984.7998046875,189700
2017-10-12,10011.2001953125,10104.4501953125,9977.099609375,10096.400390625,200900
2017-10-13,10123.7001953125,10191.900390625,10120.099609375,10167.4501953125,230100
2017-10-16,10207.400390625,10242.9501953125,10175.099609375,10230.849609375,203000
2017-10-17,10227.650390625,10251.849609375,10212.599609375,10234.4501953125,195700
2017-10-18,10209.400390625,10236.4501953125,10175.75,10210.849609375,254200
2017-10-19,10210.349609375,10211.9501953125,10123.349609375,10146.5498046875,30200
2017-10-23,10176.650390625,10224.150390625,10124.5,10184.849609375,218100
2017-10-24,10218.5498046875,10237.75,10182.400390625,10207.7001953125,217200
2017-10-25,10321.150390625,10340.5498046875,10240.900390625,10295.349609375,594200
2017-10-26,10291.7998046875,10355.650390625,10271.849609375,10343.7998046875,429700
2017-10-27,10362.2998046875,10366.150390625,10311.2998046875,10323.0498046875,312700
2017-10-30,10353.849609375,10384.5,10344.2998046875,10363.650390625,236900
2017-10-31,10364.900390625,10367.7001953125,10323.9501953125,10335.2998046875,232600
2017-11-01,10390.349609375,10451.650390625,10383.0498046875,10440.5,260300
2017-11-02,10440.5,10453.0,10412.5498046875,10423.7998046875,201500
2017-11-03,10461.5498046875,10461.7001953125,10403.599609375,10452.5,199900
2017-11-06,10431.75,10490.4501953125,10413.75,10451.7998046875,193600
2017-11-07,10477.150390625,10485.75,10340.7998046875,10350.150390625,286900
2017-11-08,10361.9501953125,10384.25,10285.5,10303.150390625,274500
2017-11-09,10358.650390625,10368.4501953125,10266.9501953125,10308.9501953125,240200
2017-11-10,10304.349609375,10344.9501953125,10254.099609375,10321.75,279400
2017-11-13,10322.0,10334.150390625,10216.25,10224.9501953125,210300
2017-11-14,10223.400390625,10248.0,10175.5498046875,10186.599609375,305000
2017-11-15,10171.9501953125,10175.4501953125,10094.0,10118.0498046875,207400
2017-11-16,10152.900390625,10232.25,10139.2001953125,10214.75,182600
2017-11-17,10324.5498046875,10343.599609375,10268.0498046875,10283.599609375,203300
2017-11-20,10287.2001953125,10309.849609375,10261.5,10298.75,147200
2017-11-21,10329.25,10358.7001953125,10315.0498046875,10326.900390625,186100
2017-11-22,10350.7998046875,10368.7001953125,10309.5498046875,10342.2998046875,157600
2017-11-23,10358.4501953125,10374.2998046875,10307.2998046875,10348.75,153000
2017-11-24,10366.7998046875,10404.5,10362.25,10389.7001953125,129200
2017-11-27,10361.0498046875,10407.150390625,10340.2001953125,10399.5498046875,141900
2017-11-28,10387.900390625,10409.5498046875,10355.2001953125,10370.25,196000
2017-11-29,10376.650390625,10392.9501953125,10345.900390625,10361.2998046875,152500
2017-11-30,10332.7001953125,10332.7001953125,10211.25,10226.5498046875,342500
2017-12-01,10263.7001953125,10272.7001953125,10108.5498046875,10121.7998046875,143400
2017-12-04,10175.0498046875,10179.2001953125,10095.7001953125,10127.75,148600
2017-12-05,10118.25,10147.9501953125,10069.099609375,10118.25,155500
2017-12-06,10088.7998046875,10104.2001953125,10033.349609375,10044.099609375,166100
2017-12-07,10063.4501953125,10182.650390625,10061.900390625,10166.7001953125,166200
2017-12-08,10198.4501953125,10270.849609375,10195.25,10265.650390625,200000
2017-12-11,10310.5,10329.2001953125,10282.0498046875,10322.25,147400
2017-12-12,10324.900390625,10326.099609375,10230.2001953125,10240.150390625,175100
2017-12-13,10236.599609375,10296.5498046875,10169.849609375,10192.9501953125,181600
2017-12-14,10229.2998046875,10276.099609375,10141.5498046875,10252.099609375,154300
2017-12-15,10345.650390625,10373.099609375,10319.650390625,10333.25,255100
2017-12-18,10263.099609375,10443.5498046875,10074.7998046875,10388.75,230400
2017-12-19,10414.7998046875,10472.2001953125,10406.0,10463.2001953125,169100
2017-12-20,10494.400390625,10494.4501953125,10437.150390625,10444.2001953125,175200
2017-12-21,10473.9501953125,10473.9501953125,10426.900390625,10440.2998046875,151900
2017-12-22,10457.2998046875,10501.099609375,10448.25,10493.0,138800
2017-12-26,10512.2998046875,10545.4501953125,10477.9501953125,10531.5,155600
2017-12-27,10531.0498046875,10552.400390625,10469.25,10490.75,165200
2017-12-28,10498.2001953125,10534.5498046875,10460.4501953125,10477.900390625,272900
2017-12-29,10492.349609375,10538.7001953125,10488.650390625,10530.7001953125,152000
2018-01-01,10531.7,10537.85,10423.1,10435.55,134532090
2018-01-02,10477.5498046875,10495.2001953125,10404.650390625,10442.2001953125,153400
2018-01-03,10482.650390625,10503.599609375,10429.5498046875,10443.2001953125,167300
2018-01-04,10469.400390625,10513.0,10441.4501953125,10504.7998046875,174900
2018-01-05,10534.25,10566.099609375,10520.099609375,10558.849609375,180900
2018-01-08,10591.7001953125,10631.2001953125,10588.5498046875,10623.599609375,169000
2018-01-09,10645.099609375,10659.150390625,10603.599609375,10637.0,205000
2018-01-10,10652.0498046875,10655.5,10592.7001953125,10632.2001953125,176400
2018-01-11,10637.0498046875,10664.599609375,10612.349609375,10651.2001953125,153800
2018-01-12,10682.5498046875,10690.400390625,10597.099609375,10681.25,175200
2018-01-15,10718.5,10782.650390625,10713.7998046875,10741.5498046875,175900
2018-01-16,10761.5,10762.349609375,10687.849609375,10700.4501953125,211000
2018-01-17,10702.4501953125,10803.0,10666.75,10788.5498046875,252700
2018-01-18,10873.400390625,10887.5,10782.400390625,10817.0,312000
2018-01-19,10829.2001953125,10906.849609375,10793.900390625,10894.7001953125,207600
2018-01-22,10883.2001953125,10975.099609375,10881.400390625,10966.2001953125,231600
2018-01-23,10997.400390625,11092.900390625,10994.5498046875,11083.7001953125,284600
2018-01-24,11069.349609375,11110.099609375,11046.150390625,11086.0,283400
2018-01-25,11095.599609375,11095.599609375,11009.2001953125,11069.650390625,330300
2018-01-29,11079.349609375,11171.5498046875,11075.9501953125,11130.400390625,241700
2018-01-30,11120.849609375,11121.099609375,11033.900390625,11049.650390625,228000
2018-01-31,11018.7998046875,11058.5,10979.2998046875,11027.7001953125,245900
2018-02-01,11044.5498046875,11117.349609375,10878.7998046875,11016.900390625,306200
2018-02-02,10938.2001953125,10954.9501953125,10736.099609375,10760.599609375,282700
2018-02-05,10604.2998046875,10702.75,10586.7998046875,10666.5498046875,240100
2018-02-06,10295.150390625,10594.150390625,10276.2998046875,10498.25,266500
2018-02-07,10607.2001953125,10614.0,10446.400390625,10476.7001953125,250400
2018-02-08,10518.5,10637.7998046875,10479.5498046875,10576.849609375,232200
2018-02-09,10416.5,10480.2001953125,10398.2001953125,10454.9501953125,191600
2018-02-12,10518.2001953125,10555.5,10485.400390625,10539.75,217400
2018-02-14,10585.75,10590.5498046875,10456.650390625,10500.900390625,229200
2018-02-15,10537.900390625,10618.099609375,10511.0498046875,10545.5,210600
2018-02-16,10596.2001953125,10612.900390625,10434.0498046875,10452.2998046875,184300
2018-02-19,10488.900390625,10489.349609375,10302.75,10378.400390625,187300
2018-02-20,10391.0,10429.349609375,10347.650390625,10360.400390625,187700
2018-02-21,10426.0,10426.099609375,10349.599609375,10397.4501953125,234100
2018-02-22,10354.349609375,10397.5498046875,10340.650390625,10382.7001953125,313600
2018-02-23,10408.099609375,10499.099609375,10396.650390625,10491.0498046875,210600
2018-02-26,10526.5498046875,10592.9501953125,10520.2001953125,10582.599609375,171900
2018-02-27,10615.2001953125,10631.650390625,10537.25,10554.2998046875,187500
2018-02-28,10488.9501953125,10535.5,10461.5498046875,10492.849609375,286000
2018-03-01,10479.9501953125,10525.5,10447.150390625,10458.349609375,176000
2018-03-05,10428.2998046875,10428.7001953125,10323.900390625,10358.849609375,194000
2018-03-06,10420.5,10441.349609375,10215.900390625,10249.25,222900
2018-03-07,10232.9501953125,10243.349609375,10141.5498046875,10154.2001953125,249500
2018-03-08,10216.25,10270.349609375,10146.400390625,10242.650390625,226400
2018-03-09,10271.2998046875,10296.7001953125,10211.900390625,10226.849609375,186500
2018-03-12,10301.599609375,10433.650390625,10295.4501953125,10421.400390625,216400
2018-03-13,10389.5,10478.599609375,10377.849609375,10426.849609375,266700
2018-03-14,10393.0498046875,10420.349609375,10336.2998046875,10410.900390625,181400
2018-03-15,10405.4501953125,10420.0,10346.2001953125,10360.150390625,173900
2018-03-16,10345.150390625,10346.2998046875,10180.25,10195.150390625,328500
2018-03-19,10215.349609375,10224.5498046875,10075.2998046875,10094.25,210200
2018-03-20,10051.5498046875,10155.650390625,10049.099609375,10124.349609375,203000
2018-03-21,10181.9501953125,10227.2998046875,10132.9501953125,10155.25,204800
2018-03-22,10167.5,10207.849609375,10105.400390625,10114.75,230500
2018-03-23,9968.7998046875,10027.7001953125,9951.900390625,9998.0498046875,285700
2018-03-26,9989.150390625,10143.5,9958.5498046875,10130.650390625,262600
2018-03-27,10188.0,10207.900390625,10139.650390625,10184.150390625,225700
2018-03-28,10143.599609375,10158.349609375,10096.900390625,10113.7001953125,344400
2018-04-02,10151.650390625,10220.099609375,10127.75,10211.7998046875,225400
2018-04-03,10186.849609375,10255.349609375,10171.0498046875,10245.0,205300
2018-04-04,10274.599609375,10279.849609375,10111.2998046875,10128.400390625,231100
2018-04-05,10228.4501953125,10331.7998046875,10227.4501953125,10325.150390625,236800
2018-04-06,10322.75,10350.4501953125,10290.849609375,10331.599609375,200200
2018-04-09,10333.7001953125,10397.7001953125,10328.5,10379.349609375,221600
2018-04-10,10412.900390625,10424.849609375,10381.5,10402.25,251700
2018-04-11,10428.150390625,10428.150390625,10355.599609375,10417.150390625,250400
2018-04-12,10410.650390625,10469.900390625,10395.25,10458.650390625,238600
2018-04-13,10495.2998046875,10519.900390625,10451.4501953125,10480.599609375,213100
2018-04-16,10398.2998046875,10540.150390625,10396.349609375,10528.349609375,195000
2018-04-17,10557.2998046875,10560.4501953125,10495.650390625,10548.7001953125,206100
2018-04-18,10578.900390625,10594.2001953125,10509.7001953125,10526.2001953125,205400
2018-04-19,10563.650390625,10572.2001953125,10546.2001953125,10565.2998046875,262600
2018-04-20,10560.349609375,10582.349609375,10527.4501953125,10564.0498046875,244600
2018-04-23,10592.7998046875,10638.349609375,10514.9501953125,10584.7001953125,194200
2018-04-24,10578.099609375,10636.7998046875,10569.0,10614.349609375,219200
2018-04-25,10612.400390625,10612.599609375,10536.4501953125,10570.5498046875,189200
2018-04-26,10586.5,10628.400390625,10559.650390625,10617.7998046875,335100
2018-04-27,10651.650390625,10719.7998046875,10647.5498046875,10692.2998046875,0
2018-04-30,10705.75,10759.0,10704.599609375,10739.349609375,173800
2018-05-02,10783.849609375,10784.650390625,10689.7998046875,10718.0498046875,229700
2018-05-03,10720.150390625,10720.599609375,10647.4501953125,10679.650390625,185200
2018-05-04,10700.4501953125,10700.4501953125,10601.599609375,10618.25,186500
2018-05-07,10653.150390625,10725.650390625,10635.650390625,10715.5,168400
2018-05-08,10757.900390625,10758.5498046875,10689.400390625,10717.7998046875,269800
2018-05-09,10693.349609375,10766.25,10689.849609375,10741.7001953125,215400
2018-05-10,10779.650390625,10785.5498046875,10705.0,10716.5498046875,192100
2018-05-11,10741.9501953125,10812.0498046875,10724.4501953125,10806.5,203100
2018-05-14,10815.150390625,10834.849609375,10774.75,10806.599609375,171400
2018-05-15,10812.599609375,10929.2001953125,10781.400390625,10801.849609375,254300
2018-05-16,10751.9501953125,10790.4501953125,10699.7001953125,10741.099609375,231100
2018-05-17,10775.599609375,10777.25,10664.5,10682.7001953125,214100
2018-05-18,10671.849609375,10674.9501953125,10589.099609375,10596.400390625,223000
2018-05-21,10616.7001953125,10621.7001953125,10505.7998046875,10516.7001953125,0
2018-05-22,10518.4501953125,10558.599609375,10490.5498046875,10536.7001953125,241700
2018-05-23,10521.099609375,10533.5498046875,10417.7998046875,10430.349609375,290900
2018-05-24,10464.849609375,10535.150390625,10419.7998046875,10513.849609375,297600
2018-05-25,10533.0498046875,10628.0498046875,10524.0,10605.150390625,260800
2018-05-28,10648.349609375,10709.7998046875,10640.5498046875,10688.650390625,232600
2018-05-29,10689.400390625,10717.25,10616.099609375,10633.2998046875,225800
2018-05-30,10579.0,10648.7001953125,10558.4501953125,10614.349609375,238700
2018-05-31,10670.099609375,10763.7998046875,10620.400390625,10736.150390625,610300
2018-06-01,10738.4501953125,10764.75,10681.5,10696.2001953125,220600
2018-06-04,10765.9501953125,10770.2998046875,10618.349609375,10628.5,203800
2018-06-05,10630.7001953125,10633.150390625,10550.900390625,10593.150390625,167700
2018-06-06,10603.4501953125,10698.349609375,10587.5,10684.650390625,189900
2018-06-07,10722.599609375,10818.0,10722.599609375,10768.349609375,220900
2018-06-08,10736.400390625,10779.4501953125,10709.0498046875,10767.650390625,209400
2018-06-11,10781.849609375,10850.5498046875,10777.0498046875,10786.9501953125,211400
2018-06-12,10816.150390625,10856.5498046875,10789.400390625,10842.849609375,198300
2018-06-13,10887.5,10893.25,10842.650390625,10856.7001953125,213400
2018-06-14,10832.900390625,10833.7001953125,10773.5498046875,10808.0498046875,184300
2018-06-15,10808.650390625,10834.0,10755.400390625,10817.7001953125,305400
2018-06-18,10830.2001953125,10830.2001953125,10787.349609375,10799.849609375,196600
2018-06-19,10789.4501953125,10789.4501953125,10701.2001953125,10710.4501953125,224500
2018-06-20,10734.650390625,10781.7998046875,10724.0498046875,10772.0498046875,193500
2018-06-21,10808.4501953125,10809.599609375,10725.900390625,10741.099609375,223600
2018-06-22,10742.7001953125,10837.0,10710.4501953125,10821.849609375,229800
2018-06-25,10822.900390625,10831.0498046875,10753.0498046875,10762.4501953125,229600
2018-06-26,10742.7001953125,10805.25,10732.5498046875,10769.150390625,220000
2018-06-27,10785.5,10785.5,10652.400390625,10671.400390625,246000
2018-06-28,10660.7998046875,10674.2001953125,10557.7001953125,10589.099609375,352300
2018-06-29,10612.849609375,10723.0498046875,10612.349609375,10714.2998046875,242800
2018-07-02,10732.349609375,10736.150390625,10604.650390625,10657.2998046875,295400
2018-07-03,10668.599609375,10713.2998046875,10630.25,10699.900390625,202100
2018-07-04,10715.0,10777.150390625,10677.75,10769.900390625,173900
2018-07-05,10786.0498046875,10786.0498046875,10726.25,10749.75,220500
2018-07-06,10744.150390625,10816.349609375,10735.0498046875,10772.650390625,0
2018-07-09,10838.2998046875,10860.349609375,10807.150390625,10852.900390625,183600
2018-07-10,10902.75,10956.900390625,10876.650390625,10947.25,197000
2018-07-11,10956.400390625,10976.650390625,10923.0,10948.2998046875,222300
2018-07-12,11006.9501953125,11078.2998046875,10999.650390625,11023.2001953125,248300
2018-07-13,11056.900390625,11071.349609375,10999.75,11018.900390625,0
2018-07-16,11018.9501953125,11019.5,10926.25,10936.849609375,210500
2018-07-17,10939.650390625,11018.5,10925.599609375,11008.0498046875,210600
2018-07-18,11060.2001953125,11076.2001953125,10956.2998046875,10980.4501953125,225500
2018-07-19,10999.5,11006.5,10935.4501953125,10957.099609375,215400
2018-07-20,10963.5,11030.25,10946.2001953125,11010.2001953125,187300
2018-07-23,11019.849609375,11093.400390625,11010.9501953125,11084.75,229100
2018-07-24,11109.0,11143.400390625,11092.5,11134.2998046875,205800
2018-07-25,11148.400390625,11157.150390625,11113.25,11132.0,205900
2018-07-26,11132.9501953125,11185.849609375,11125.7001953125,11167.2998046875,365400
2018-07-27,11232.75,11283.400390625,11210.25,11278.349609375,314600
2018-07-30,11296.650390625,11328.099609375,11261.4501953125,11319.5498046875,278800
2018-07-31,11311.0498046875,11366.0,11267.75,11356.5,256500
2018-08-01,11359.7998046875,11390.5498046875,11313.5498046875,11346.2001953125,269700
2018-08-02,11328.900390625,11328.900390625,11234.9501953125,11244.7001953125,210000
2018-08-03,11297.7998046875,11368.0,11294.5498046875,11360.7998046875,218300
2018-08-06,11401.5,11427.650390625,11370.599609375,11387.099609375,203700
2018-08-07,11423.150390625,11428.9501953125,11359.7001953125,11389.4501953125,226400
2018-08-08,11412.5,11459.9501953125,11379.2998046875,11450.0,210500
2018-08-09,11493.25,11495.2001953125,11454.099609375,11470.7001953125,302200
2018-08-10,11474.9501953125,11478.75,11419.650390625,11429.5,0
2018-08-13,11369.599609375,11406.2998046875,11340.2998046875,11355.75,246900
2018-08-14,11381.7001953125,11452.4501953125,11370.7998046875,11435.099609375,232600
2018-08-16,11397.150390625,11449.849609375,11366.25,11385.0498046875,290600
2018-08-17,11437.150390625,11486.4501953125,11431.7998046875,11470.75,234700
2018-08-20,11502.099609375,11565.2998046875,11499.650390625,11551.75,232600
2018-08-21,11576.2001953125,11581.75,11539.599609375,11570.900390625,224200
2018-08-23,11620.7001953125,11620.7001953125,11546.7001953125,11582.75,248500
2018-08-24,11566.599609375,11604.599609375,11532.0,11557.099609375,218800
2018-08-27,11605.849609375,11700.9501953125,11595.599609375,11691.9501953125,199500
2018-08-28,11731.9501953125,11760.2001953125,11710.5,11738.5,241900
2018-08-29,11744.9501953125,11753.2001953125,11678.849609375,11691.900390625,251600
2018-08-30,11694.75,11698.7998046875,11639.7001953125,11676.7998046875,313800
2018-08-31,11675.849609375,11727.650390625,11640.099609375,11680.5,346500
2018-09-03,11751.7998046875,11751.7998046875,11567.400390625,11582.349609375,234400
2018-09-04,11598.75,11602.5498046875,11496.849609375,11520.2998046875,254800
2018-09-05,11514.849609375,11542.650390625,11393.849609375,11476.9501953125,246100
2018-09-06,11514.150390625,11562.25,11436.0498046875,11536.900390625,247900
2018-09-07,11558.25,11603.0,11484.400390625,11589.099609375,295900
2018-09-10,11570.25,11573.0,11427.2998046875,11438.099609375,286700
2018-09-11,11476.849609375,11479.400390625,11274.0,11287.5,0
2018-09-12,11340.099609375,11380.75,11250.2001953125,11369.900390625,268200
2018-09-14,11443.5,11523.25,11430.5498046875,11515.2001953125,276600
2018-09-17,11464.9501953125,11464.9501953125,11366.900390625,11377.75,201400
2018-09-18,11381.5498046875,11411.4501953125,11268.9501953125,11278.900390625,240900
2018-09-19,11326.650390625,11332.0498046875,11210.900390625,11234.349609375,250600
2018-09-21,11271.2998046875,11346.7998046875,10866.4501953125,11143.099609375,719000
2018-09-24,11164.400390625,11170.150390625,10943.599609375,10967.400390625,0
2018-09-25,10969.9501953125,11080.599609375,10882.849609375,11067.4501953125,405000
2018-09-26,11145.5498046875,11145.5498046875,10993.0498046875,11053.7998046875,340500
2018-09-27,11079.7998046875,11089.4501953125,10953.349609375,10977.5498046875,405700
2018-09-28,11008.099609375,11034.099609375,10850.2998046875,10930.4501953125,478100
2018-10-01,10930.900390625,11035.650390625,10821.5498046875,11008.2998046875,387000
2018-10-03,10982.7001953125,10989.0498046875,10843.75,10858.25,386800
2018-10-04,10754.7001953125,10754.7001953125,10547.25,10599.25,425100
2018-10-05,10514.099609375,10540.650390625,10261.900390625,10316.4501953125,606400
2018-10-08,10310.150390625,10398.349609375,10198.400390625,10348.0498046875,456200
2018-10-09,10390.2998046875,10397.599609375,10279.349609375,10301.0498046875,430500
2018-10-10,10331.849609375,10482.349609375,10318.25,10460.099609375,0
2018-10-11,10169.7998046875,10335.9501953125,10138.599609375,10234.650390625,483500
2018-10-12,10331.5498046875,10492.4501953125,10322.150390625,10472.5,343500
2018-10-15,10524.2001953125,10526.2998046875,10410.150390625,10512.5,259500
2018-10-16,10550.150390625,10604.900390625,10525.2998046875,10584.75,265200
2018-10-17,10688.7001953125,10710.150390625,10436.4501953125,10453.0498046875,284800
2018-10-19,10339.7001953125,10380.099609375,10249.599609375,10303.5498046875,357500
2018-10-22,10405.849609375,10408.5498046875,10224.0,10245.25,297300
2018-10-23,10152.599609375,10222.099609375,10102.349609375,10146.7998046875,302600
2018-10-24,10278.150390625,10290.650390625,10126.7001953125,10224.75,351400
2018-10-25,10135.0498046875,10166.599609375,10079.2998046875,10124.900390625,0
2018-10-26,10122.349609375,10128.849609375,10004.5498046875,10030.0,364300
2018-10-29,10078.099609375,10275.2998046875,10020.349609375,10250.849609375,364400
2018-10-30,10239.400390625,10285.099609375,10175.349609375,10198.400390625,289800
2018-10-31,10209.5498046875,10396.0,10105.099609375,10386.599609375,375000
2018-11-01,10441.7001953125,10441.900390625,10341.900390625,10380.4501953125,348500
2018-11-02,10462.2998046875,10606.9501953125,10457.7001953125,10553.0,421200
2018-11-05,10558.75,10558.7998046875,10477.0,10524.0,301900
2018-11-06,10552.0,10600.25,10491.4501953125,10530.0,0
2018-11-07,10614.4501953125,10616.4501953125,10582.2998046875,10598.400390625,31200
2018-11-09,10614.7001953125,10619.5498046875,10544.849609375,10585.2001953125,296600
2018-11-12,10607.7998046875,10645.5,10464.0498046875,10482.2001953125,259700
2018-11-13,10451.900390625,10596.25,10440.5498046875,10582.5,254600
2018-11-14,10634.900390625,10651.599609375,10532.7001953125,10576.2998046875,384500
2018-11-15,10580.599609375,10646.5,10557.5,10616.7001953125,0
2018-11-16,10644.0,10695.150390625,10631.150390625,10682.2001953125,342800
2018-11-19,10731.25,10774.7001953125,10688.7998046875,10763.400390625,272100
2018-11-20,10740.099609375,10740.849609375,10640.849609375,10656.2001953125,295200
2018-11-21,10670.9501953125,10671.2998046875,10562.349609375,10600.0498046875,300900
2018-11-22,10612.650390625,10646.25,10512.0,10526.75,239500
2018-11-26,10568.2998046875,10637.7998046875,10489.75,10628.599609375,0
2018-11-27,10621.4501953125,10695.150390625,10596.349609375,10685.599609375,0
2018-11-28,10708.75,10757.7998046875,10699.849609375,10728.849609375,424500
2018-11-29,10808.7001953125,10883.0498046875,10782.349609375,10858.7001953125,691300
2018-11-30,10892.099609375,10922.4501953125,10835.099609375,10876.75,453900
2018-12-03,10930.7001953125,10941.2001953125,10845.349609375,10883.75,409700
2018-12-04,10877.099609375,10890.9501953125,10833.349609375,10869.5,322100
2018-12-05,10820.4501953125,10821.0498046875,10747.9501953125,10782.900390625,312300
2018-12-06,10718.150390625,10722.650390625,10588.25,10601.150390625,318500
2018-12-07,10644.7998046875,10704.5498046875,10599.349609375,10693.7001953125,325800
2018-12-10,10508.7001953125,10558.849609375,10474.9501953125,10488.4501953125,381300
2018-12-11,10350.0498046875,10567.150390625,10333.849609375,10549.150390625,425500
2018-12-12,10591.0,10752.2001953125,10560.7998046875,10737.599609375,360500
2018-12-13,10810.75,10838.599609375,10749.5,10791.5498046875,376200
2018-12-14,10784.5,10815.75,10752.099609375,10805.4501953125,340100
2018-12-17,10853.2001953125,10900.349609375,10844.849609375,10888.349609375,296900
2018-12-18,10850.900390625,10915.400390625,10819.099609375,10908.7001953125,286100
2018-12-19,10930.5498046875,10985.150390625,10928.0,10967.2998046875,312100
2018-12-20,10885.2001953125,10962.5498046875,10880.0498046875,10951.7001953125,318900
2018-12-21,10944.25,10963.650390625,10738.650390625,10754.0,377500
2018-12-24,10780.900390625,10782.2998046875,10649.25,10663.5,223400
2018-12-26,10635.4501953125,10747.5,10534.5498046875,10729.849609375,263700
2018-12-27,10817.900390625,10834.2001953125,10764.4501953125,10779.7998046875,456100
2018-12-28,10820.9501953125,10893.599609375,10817.150390625,10859.900390625,245500
2018-12-31,10913.2001953125,10923.5498046875,10853.2001953125,10862.5498046875,180900
2019-01-01,10881.7,10923.6,10807.1,10910.1,159404542
2019-01-02,10868.849609375,10895.349609375,10735.0498046875,10792.5,309700
2019-01-03,10796.7998046875,10814.0498046875,10661.25,10672.25,286200
2019-01-04,10699.7001953125,10741.0498046875,10628.650390625,10727.349609375,296600
2019-01-07,10804.849609375,10835.9501953125,10750.150390625,10771.7998046875,269400
2019-01-08,10786.25,10818.4501953125,10733.25,10802.150390625,277700
2019-01-09,10862.400390625,10870.400390625,10749.400390625,10855.150390625,333000
2019-01-10,10859.349609375,10859.349609375,10801.7998046875,10821.599609375,254400
2019-01-11,10834.75,10850.150390625,10739.400390625,10794.9501953125,260800
2019-01-14,10807.0,10808.0,10692.349609375,10737.599609375,298800
2019-01-15,10777.5498046875,10896.9501953125,10777.5498046875,10886.7998046875,310700
2019-01-16,10899.650390625,10928.150390625,10876.900390625,10890.2998046875,276500
2019-01-17,10920.849609375,10930.650390625,10844.650390625,10905.2001953125,271700
2019-01-18,10914.849609375,10928.2001953125,10852.2001953125,10906.9501953125,323800
2019-01-21,10919.349609375,10987.4501953125,10885.75,10961.849609375,288800
2019-01-22,10949.7998046875,10949.7998046875,10864.150390625,10922.75,300800
2019-01-23,10931.0498046875,10944.7998046875,10811.9501953125,10831.5,298900
2019-01-24,10844.0498046875,10866.599609375,10798.650390625,10849.7998046875,361100
2019-01-25,10859.75,10931.7001953125,10756.4501953125,10780.5498046875,463400
2019-01-28,10792.4501953125,10804.4501953125,10630.9501953125,10661.5498046875,419700
2019-01-29,10653.7001953125,10690.349609375,10583.650390625,10652.2001953125,356900
2019-01-30,10702.25,10710.2001953125,10612.849609375,10651.7998046875,410100
2019-01-31,10690.5498046875,10838.0498046875,10678.5498046875,10830.9501953125,604800
2019-02-01,10851.349609375,10983.4501953125,10813.4501953125,10893.650390625,482300
2019-02-04,10876.75,10927.900390625,10814.150390625,10912.25,318300
2019-02-05,10908.650390625,10956.7001953125,10886.7001953125,10934.349609375,268100
2019-02-06,10965.099609375,11072.599609375,10962.7001953125,11062.4501953125,298500
2019-02-07,11070.4501953125,11118.099609375,11043.599609375,11069.400390625,263500
2019-02-08,11023.5,11041.2001953125,10925.4501953125,10943.599609375,352800
2019-02-11,10930.900390625,10930.900390625,10857.099609375,10888.7998046875,286000
2019-02-12,10879.7001953125,10910.900390625,10823.7998046875,10831.400390625,292300
2019-02-13,10870.55,10891.65,10772.1,10793.65,321958549
2019-02-14,10786.099609375,10792.7001953125,10718.75,10746.0498046875,627000
2019-02-15,10780.25,10785.75,10620.400390625,10724.400390625,521900
2019-02-18,10738.650390625,10759.900390625,10628.400390625,10640.9501953125,345400
2019-02-19,10636.7001953125,10722.849609375,10585.650390625,10604.349609375,291500
2019-02-20,10655.4501953125,10752.7001953125,10646.400390625,10735.4501953125,289200
2019-02-21,10744.099609375,10808.849609375,10721.5,10789.849609375,279600
2019-02-22,10782.7001953125,10801.5498046875,10758.400390625,10791.650390625,396800
2019-02-25,10813.25,10887.099609375,10788.0498046875,10880.099609375,385900
2019-02-26,10775.2998046875,10888.75,10729.2998046875,10835.2998046875,415000
2019-02-27,10881.2001953125,10939.7001953125,10751.2001953125,10806.650390625,381100
2019-02-28,10865.7001953125,10865.7001953125,10784.849609375,10792.5,644200
2019-03-01,10842.650390625,10877.900390625,10823.099609375,10863.5,308500
2019-03-05,10864.849609375,10994.900390625,10817.0,10987.4501953125,373200
2019-03-06,11024.849609375,11062.2998046875,10998.849609375,11053.0,372600
2019-03-07,11077.9501953125,11089.0498046875,11027.099609375,11058.2001953125,321200
2019-03-08,11038.849609375,11049.0,11008.9501953125,11035.400390625,326600
2019-03-11,11068.75,11180.900390625,11059.849609375,11168.0498046875,352200
2019-03-12,11231.349609375,11320.400390625,11227.0,11301.2001953125,391300
2019-03-13,11326.2001953125,11352.2998046875,11276.599609375,11341.7001953125,383000
2019-03-14,11382.5,11383.4501953125,11313.75,11343.25,294500
2019-03-15,11376.849609375,11487.0,11370.7998046875,11426.849609375,463700
2019-03-18,11473.849609375,11530.150390625,11412.5,11462.2001953125,320300
2019-03-19,11500.2998046875,11543.849609375,11451.25,11532.400390625,326100
2019-03-20,11553.349609375,11556.099609375,11503.099609375,11521.0498046875,366300
2019-03-22,11549.2001953125,11572.7998046875,11434.5498046875,11456.900390625,386200
2019-03-25,11395.650390625,11395.650390625,11311.599609375,11354.25,294500
2019-03-26,11375.2001953125,11496.75,11352.4501953125,11483.25,282600
2019-03-27,11531.4501953125,11546.2001953125,11413.0,11445.0498046875,350400
2019-03-28,11463.650390625,11588.5,11452.4501953125,11570.0,527700
2019-03-29,11625.45,11630.35,11570.15,11623.9,416276981
2019-04-01,11665.2001953125,11738.099609375,11644.75,11669.150390625,379600
2019-04-02,11711.5498046875,11729.349609375,11655.849609375,11713.2001953125,386100
2019-04-03,11735.2998046875,11761.0,11629.150390625,11643.9501953125,365800
2019-04-04,11660.2001953125,11662.5498046875,11559.2001953125,11598.0,349000
2019-04-05,11638.400390625,11689.650390625,11609.5,11665.9501953125,266700
2019-04-08,11704.349609375,11710.2998046875,11549.099609375,11604.5,260900
2019-04-09,11612.0498046875,11683.900390625,11569.7001953125,11671.9501953125,300500
2019-04-10,11646.849609375,11680.0498046875,11571.75,11584.2998046875,359900
2019-04-11,11592.5498046875,11606.7001953125,11550.5498046875,11596.7001953125,279800
2019-04-12,11612.849609375,11657.349609375,11578.7998046875,11643.4501953125,246000
2019-04-15,11667.0,11704.599609375,11648.25,11690.349609375,290000
2019-04-16,11736.2001953125,11810.9501953125,11731.5498046875,11787.150390625,354300
2019-04-18,11856.150390625,11856.150390625,11738.5,11752.7998046875,339700
2019-04-22,11727.0498046875,11727.0498046875,11583.9501953125,11594.4501953125,260400
2019-04-23,11612.9501953125,11645.9501953125,11564.7998046875,11575.9501953125,272500
2019-04-24,11601.5,11740.849609375,11578.849609375,11726.150390625,335200
2019-04-25,11735.7001953125,11796.75,11624.2998046875,11641.7998046875,604400
2019-04-26,11683.75,11762.900390625,11661.75,11754.650390625,333500
2019-04-30,11748.75,11756.25,11655.900390625,11748.150390625,532600
2019-05-02,11725.5498046875,11789.2998046875,11699.5498046875,11724.75,380300
2019-05-03,11722.599609375,11770.900390625,11699.349609375,11712.25,305500
2019-05-06,11605.7998046875,11632.5498046875,11571.349609375,11598.25,299000
2019-05-07,11651.5,11657.0498046875,11484.4501953125,11497.900390625,337500
2019-05-08,11478.7001953125,11479.099609375,11346.9501953125,11359.4501953125,372800
2019-05-09,11322.400390625,11357.599609375,11255.0498046875,11301.7998046875,373000
2019-05-10,11314.150390625,11345.7998046875,11251.0498046875,11278.900390625,387300
2019-05-13,11258.7001953125,11300.2001953125,11125.599609375,11148.2001953125,357600
2019-05-14,11151.650390625,11294.75,11108.2998046875,11222.0498046875,398100
2019-05-15,11271.7001953125,11286.7998046875,11136.9501953125,11157.0,414200
2019-05-16,11180.349609375,11281.5498046875,11143.349609375,11257.099609375,350700
2019-05-17,11261.900390625,11426.150390625,11259.849609375,11407.150390625,412100
2019-05-20,11651.900390625,11845.2001953125,11591.7001953125,11828.25,452100
2019-05-21,11863.650390625,11883.5498046875,11682.7998046875,11709.099609375,381000
2019-05-22,11727.9501953125,11784.7998046875,11682.400390625,11737.900390625,355900
2019-05-23,11901.2998046875,12041.150390625,11614.5,11657.0498046875,569000
2019-05-24,11748.0,11859.0,11658.099609375,11844.099609375,374600
2019-05-27,11855.5,11957.150390625,11812.400390625,11924.75,348400
2019-05-28,11958.349609375,11958.5498046875,11864.900390625,11928.75,598300
2019-05-29,11905.7998046875,11931.900390625,11836.7998046875,11861.099609375,318100
2019-05-30,11865.2998046875,11968.5498046875,11859.400390625,11945.900390625,421200
2019-05-31,11999.7998046875,12039.25,11829.4501953125,11922.7998046875,438900
2019-06-03,11953.75,12103.0498046875,11920.099609375,12088.5498046875,315300
2019-06-04,12052.650390625,12095.2001953125,12005.849609375,12021.650390625,289200
2019-06-06,12039.7998046875,12039.7998046875,11830.25,11843.75,415200
2019-06-07,11865.2001953125,11897.5,11769.5,11870.650390625,302500
2019-06-10,11934.900390625,11975.0498046875,11871.75,11922.7001953125,303300
2019-06-11,11959.849609375,12000.349609375,11904.349609375,11965.599609375,332200
2019-06-12,11962.4501953125,11962.4501953125,11866.349609375,11906.2001953125,283700
2019-06-13,11873.900390625,11931.349609375,11817.0498046875,11914.0498046875,447900
2019-06-14,11910.099609375,11911.849609375,11797.7001953125,11823.2998046875,390300
2019-06-17,11844.0,11844.0498046875,11657.75,11672.150390625,295500
2019-06-18,11677.0498046875,11727.2001953125,11641.150390625,11691.5,365500
2019-06-19,11744.4501953125,11802.5,11625.099609375,11691.4501953125,446900
2019-06-20,11653.650390625,11843.5,11635.0498046875,11831.75,442000
2019-06-21,11827.599609375,11827.9501953125,11705.099609375,11724.099609375,468400
2019-06-24,11725.7998046875,11754.0,11670.2001953125,11699.650390625,277600
2019-06-25,11681.0,11814.400390625,11651.0,11796.4501953125,300500
2019-06-26,11768.150390625,11871.849609375,11757.5498046875,11847.5498046875,327900
2019-06-27,11860.849609375,11911.150390625,11821.0498046875,11841.5498046875,480200
2019-06-28,11861.150390625,11871.7001953125,11775.5,11788.849609375,303900
2019-07-01,11839.900390625,11884.650390625,11830.7998046875,11865.599609375,278400
2019-07-02,11890.2998046875,11917.4501953125,11814.7001953125,11910.2998046875,363200
2019-07-03,11932.150390625,11945.2001953125,11887.0498046875,11916.75,340500
2019-07-04,11928.7998046875,11969.25,11923.650390625,11946.75,333600
2019-07-05,11964.75,11981.75,11797.900390625,11811.150390625,530700
2019-07-08,11770.400390625,11771.900390625,11523.2998046875,11558.599609375,464000
2019-07-09,11531.599609375,11582.5498046875,11461.0,11555.900390625,442500
2019-07-10,11536.150390625,11593.7001953125,11475.650390625,11498.900390625,337600
2019-07-11,11561.4501953125,11599.0,11519.5,11582.900390625,317300
2019-07-12,11601.150390625,11639.5498046875,11538.599609375,11552.5,359400
2019-07-15,11614.75,11618.400390625,11532.2998046875,11588.349609375,368800
2019-07-16,11596.650390625,11670.0498046875,11573.9501953125,11662.599609375,480200
2019-07-17,11670.75,11706.650390625,11651.150390625,11687.5,464800
2019-07-18,11675.599609375,11677.150390625,11582.400390625,11596.900390625,498300
2019-07-19,11627.9501953125,11640.349609375,11399.2998046875,11419.25,446000
2019-07-22,11392.849609375,11398.150390625,11301.25,11346.2001953125,516000
2019-07-23,11372.25,11398.150390625,11302.7998046875,11331.0498046875,458900
2019-07-24,11322.4501953125,11359.75,11229.7998046875,11271.2998046875,413200
2019-07-25,11290.400390625,11361.400390625,11239.349609375,11252.150390625,553700
2019-07-26,11247.4501953125,11307.599609375,11210.0498046875,11284.2998046875,522700
2019-07-29,11307.5,11310.9501953125,11152.400390625,11189.2001953125,482900
2019-07-30,11213.7001953125,11267.4501953125,11072.650390625,11085.400390625,479100
2019-07-31,11034.0498046875,11145.2998046875,10999.400390625,11118.0,536700
2019-08-01,11060.2001953125,11076.75,10881.0,10980.0,499900
2019-08-02,10930.2998046875,11080.150390625,10848.9501953125,10997.349609375,547400
2019-08-05,10895.7998046875,10895.7998046875,10782.599609375,10862.599609375,506600
2019-08-06,10815.400390625,11018.5498046875,10813.7998046875,10948.25,517900
2019-08-07,10958.099609375,10975.650390625,10835.900390625,10855.5,548500
2019-08-08,10899.2001953125,11058.0498046875,10842.9501953125,11032.4501953125,482500
2019-08-09,11087.900390625,11181.4501953125,11062.7998046875,11109.650390625,538100
2019-08-13,11139.400390625,11145.900390625,10901.599609375,10925.849609375,624600
2019-08-14,11003.25,11078.150390625,10935.599609375,11029.400390625,511500
2019-08-16,11043.650390625,11068.650390625,10924.2998046875,11047.7998046875,470900
2019-08-19,11094.7998046875,11146.900390625,11037.849609375,11053.900390625,369500
2019-08-20,11063.900390625,11076.2998046875,10985.2998046875,11017.0,444700
2019-08-21,11018.150390625,11034.2001953125,10906.650390625,10918.7001953125,557900
2019-08-22,10905.2998046875,10908.25,10718.2998046875,10741.349609375,668200
2019-08-23,10699.599609375,10862.5498046875,10637.150390625,10829.349609375,667100
2019-08-26,11000.2998046875,11070.2998046875,10756.5498046875,11057.849609375,684100
2019-08-27,11106.5498046875,11141.75,11049.5,11105.349609375,685600
2019-08-28,11101.2998046875,11129.650390625,10987.650390625,11046.099609375,550000
2019-08-29,10996.0498046875,11021.099609375,10922.400390625,10948.2998046875,649900
2019-08-30,10987.7998046875,11042.599609375,10874.7998046875,11023.25,628200
2019-09-03,10960.9501953125,10967.5,10772.7001953125,10797.900390625,483000
2019-09-04,10790.400390625,10858.75,10746.349609375,10844.650390625,508800
2019-09-05,10860.9501953125,10920.099609375,10816.0,10847.900390625,595700
2019-09-06,10883.7998046875,10957.0498046875,10867.4501953125,10946.2001953125,497200
2019-09-09,10936.7001953125,11028.849609375,10889.7998046875,11003.0498046875,412500
2019-09-11,11028.5,11054.7998046875,11011.650390625,11035.7001953125,687100
2019-09-12,11058.2998046875,11081.75,10964.9501953125,10982.7998046875,551400
2019-09-13,10986.7998046875,11084.4501953125,10945.75,11075.900390625,624300
2019-09-16,10994.849609375,11052.7001953125,10968.2001953125,11003.5,434500
2019-09-17,11000.099609375,11000.099609375,10796.5,10817.599609375,482000
2019-09-18,10872.7998046875,10885.150390625,10804.849609375,10840.650390625,519200
2019-09-19,10845.2001953125,10845.2001953125,10670.25,10704.7998046875,642600
2019-09-20,10746.7998046875,11381.900390625,10691.0,11274.2001953125,1356800
2019-09-23,11542.7001953125,11694.849609375,11471.349609375,11600.2001953125,882800
2019-09-24,11590.7001953125,11655.0498046875,11539.2001953125,11588.2001953125,651700
2019-09-25,11564.849609375,11564.9501953125,11416.099609375,11440.2001953125,629100
2019-09-26,11469.849609375,11610.849609375,11466.349609375,11571.2001953125,844500
2019-09-27,11556.349609375,11593.599609375,11499.75,11512.400390625,650000
2019-09-30,11491.150390625,11508.25,11390.7998046875,11474.4501953125,756800
2019-10-01,11515.400390625,11554.2001953125,11247.900390625,11359.900390625,1305400
2019-10-03,11322.25,11370.400390625,11257.349609375,11314.0,1017500
2019-10-04,11388.4501953125,11400.2998046875,11158.349609375,11174.75,928500
2019-10-07,11196.2001953125,11233.849609375,11112.650390625,11126.400390625,733200
2019-10-09,11152.9501953125,11321.599609375,11090.150390625,11313.2998046875,741100
2019-10-10,11280.5,11293.349609375,11208.5498046875,11234.5498046875,562000
2019-10-11,11257.7001953125,11362.900390625,11189.400390625,11305.0498046875,737800
2019-10-14,11335.900390625,11420.4501953125,11290.0498046875,11341.150390625,587600
2019-10-15,11360.849609375,11462.349609375,11342.099609375,11428.2998046875,527400
2019-10-16,11464.9501953125,11481.0498046875,11411.099609375,11464.0,533500
2019-10-17,11466.2998046875,11599.099609375,11439.650390625,11586.349609375,797600
2019-10-18,11580.2998046875,11684.7001953125,11553.150390625,11661.849609375,853400
2019-10-22,11657.150390625,11714.349609375,11573.650390625,11588.349609375,867600
2019-10-23,11596.2001953125,11651.599609375,11554.400390625,11604.099609375,664200
2019-10-24,11661.650390625,11679.599609375,11534.650390625,11582.599609375,700500
2019-10-25,11646.150390625,11646.900390625,11490.75,11583.900390625,812000
2019-10-27,11662.25,11672.4,11604.6,11627.15,161779004
2019-10-29,11643.9501953125,11809.400390625,11627.349609375,11786.849609375,951700
2019-10-30,11883.900390625,11883.9501953125,11784.4501953125,11844.099609375,725200
2019-10-31,11890.4501953125,11945.0,11855.099609375,11877.4501953125,1414800
2019-11-01,11886.599609375,11918.2998046875,11843.349609375,11890.599609375,855300
2019-11-04,11928.900390625,11989.150390625,11905.349609375,11941.2998046875,823100
2019-11-05,11974.599609375,11978.9501953125,11861.900390625,11917.2001953125,632000
2019-11-06,11911.5,12002.900390625,11850.25,11966.0498046875,603400
2019-11-07,12021.099609375,12021.400390625,11946.849609375,12012.0498046875,563000
2019-11-08,11987.150390625,12034.150390625,11888.75,11908.150390625,789300
2019-11-11,11879.2001953125,11932.650390625,11853.9501953125,11913.4501953125,549000
2019-11-13,11908.2998046875,11946.7998046875,11823.2001953125,11840.4501953125,659000
2019-11-14,11858.75,11895.650390625,11802.650390625,11872.099609375,559500
2019-11-15,11904.2001953125,11973.650390625,11879.25,11895.4501953125,580200
2019-11-18,11915.150390625,11946.2001953125,11867.599609375,11884.5,514400
2019-11-19,11919.4501953125,11958.849609375,11881.75,11940.099609375,613900
2019-11-20,12004.75,12038.599609375,11966.0498046875,11999.099609375,646700
2019-11-21,12025.650390625,12028.2001953125,11956.900390625,11968.400390625,557700
2019-11-22,11967.2998046875,11968.099609375,11883.5,11914.400390625,486800
2019-11-25,11922.4501953125,12084.5,11919.75,12073.75,534300
2019-11-26,12110.2001953125,12132.4501953125,12006.349609375,12037.7001953125,1201300
2019-11-27,12068.5,12114.900390625,12055.150390625,12100.7001953125,584200
2019-11-28,12132.099609375,12158.7998046875,12099.9501953125,12151.150390625,620500
2019-11-29,12146.2001953125,12147.400390625,12017.400390625,12056.0498046875,804400
2019-12-02,12137.0498046875,12137.150390625,12023.7001953125,12048.2001953125,720900
2019-12-03,12067.650390625,12068.599609375,11956.400390625,11994.2001953125,605800
2019-12-04,11969.9501953125,12054.7001953125,11935.2998046875,12043.2001953125,747200
2019-12-05,12071.25,12081.2001953125,11998.75,12018.400390625,562200
2019-12-06,12047.349609375,12057.0498046875,11888.849609375,11921.5,609200
2019-12-09,11939.099609375,11981.9501953125,11888.0498046875,11937.5,599100
2019-12-10,11950.5,11953.2001953125,11844.7001953125,11856.7998046875,650200
2019-12-11,11867.349609375,11923.2001953125,11832.2998046875,11910.150390625,997700
2019-12-12,11944.2998046875,12005.5,11934.0,11971.7998046875,752600
2019-12-13,12026.400390625,12098.849609375,12023.599609375,12086.7001953125,597700
2019-12-16,12131.349609375,12134.650390625,12046.2998046875,12053.9501953125,437700
2019-12-17,12082.4501953125,12182.75,12070.349609375,12165.0,499600
2019-12-18,12197.0,12237.7001953125,12163.4501953125,12221.650390625,518900
2019-12-19,12223.400390625,12268.349609375,12191.150390625,12259.7001953125,623100
2019-12-20,12266.4501953125,12293.900390625,12252.75,12271.7998046875,810700
2019-12-23,12235.4501953125,12287.150390625,12213.25,12262.75,604800
2019-12-24,12269.25,12283.7001953125,12202.099609375,12214.5498046875,470300
2019-12-26,12211.849609375,12221.5498046875,12118.849609375,12126.5498046875,520300
2019-12-27,12172.900390625,12258.4501953125,12157.900390625,12245.7998046875,383800
2019-12-30,12274.900390625,12286.4501953125,12213.7998046875,12255.849609375,411100
2019-12-31,12247.099609375,12247.099609375,12151.7998046875,12168.4501953125,426900
2020-01-01,12202.150390625,12222.2001953125,12165.2998046875,12182.5,304100
2020-01-02,12198.5498046875,12289.900390625,12195.25,12282.2001953125,407700
2020-01-03,12261.099609375,12265.599609375,12191.349609375,12226.650390625,428800
2020-01-06,12170.599609375,12179.099609375,11974.2001953125,11993.0498046875,396500
2020-01-07,12079.099609375,12152.150390625,12005.349609375,12052.9501953125,447800
2020-01-08,11939.099609375,12044.9501953125,11929.599609375,12025.349609375,446000
2020-01-09,12153.150390625,12224.0498046875,12132.5498046875,12215.900390625,477500
2020-01-10,12271.0,12311.2001953125,12213.2001953125,12256.7998046875,660600
2020-01-13,12296.7001953125,12337.75,12285.7998046875,12329.5498046875,501000
2020-01-14,12333.099609375,12374.25,12308.7001953125,12362.2998046875,616300
2020-01-15,12349.400390625,12355.150390625,12278.75,12343.2998046875,684400
2020-01-16,12347.099609375,12389.0498046875,12315.7998046875,12355.5,395700
2020-01-17,12328.400390625,12385.4501953125,12321.400390625,12352.349609375,502100
2020-01-20,12430.5,12430.5,12216.900390625,12224.5498046875,491600
2020-01-21,12195.2998046875,12230.0498046875,12162.2998046875,12169.849609375,400
2020-01-22,12218.349609375,12225.0498046875,12087.900390625,12106.900390625,500
2020-01-23,12123.75,12189.0,12094.099609375,12180.349609375,867700
2020-01-24,12174.5498046875,12272.150390625,12149.650390625,12248.25,593200
2020-01-27,12197.099609375,12216.599609375,12107.0,12119.0,441200
2020-01-28,12148.099609375,12163.5498046875,12024.5,12055.7998046875,478500
2020-01-29,12114.900390625,12169.599609375,12103.7998046875,12129.5,514400
2020-01-30,12147.75,12150.2998046875,12010.599609375,12035.7998046875,538100
2020-01-31,12100.400390625,12103.5498046875,11945.849609375,11962.099609375,771300
2020-02-01,11939.0,12017.35,11633.3,11661.85,537634767
2020-02-03,11627.4501953125,11749.849609375,11614.5,11707.900390625,669800
2020-02-04,11786.25,11986.150390625,11783.400390625,11979.650390625,560400
2020-02-05,12005.849609375,12098.150390625,11953.349609375,12089.150390625,758000
2020-02-06,12120.0,12160.599609375,12084.650390625,12137.9501953125,565100
2020-02-07,12151.150390625,12154.7001953125,12073.9501953125,12098.349609375,473500
2020-02-10,12102.349609375,12103.5498046875,11990.75,12031.5,524700
2020-02-11,12108.400390625,12172.2998046875,12099.0,12107.900390625,480000
2020-02-12,12151.0,12231.75,12144.2998046875,12201.2001953125,411700
2020-02-13,12219.5498046875,12225.650390625,12139.7998046875,12174.650390625,501200
2020-02-14,12190.150390625,12246.7001953125,12091.2001953125,12113.4501953125,622800
2020-02-17,12131.7998046875,12159.599609375,12037.0,12045.7998046875,0
2020-02-18,12028.25,12030.75,11908.0498046875,11992.5,676900
2020-02-19,12090.599609375,12134.7001953125,12042.099609375,12125.900390625,513600
2020-02-20,12119.0,12152.0,12071.4501953125,12080.849609375,502600
2020-02-24,12012.5498046875,12012.5498046875,11813.400390625,11829.400390625,490800
2020-02-25,11877.5,11883.0498046875,11779.900390625,11797.900390625,461000
2020-02-26,11738.5498046875,11783.25,11639.599609375,11678.5,567600
2020-02-27,11661.25,11663.849609375,11536.7001953125,11633.2998046875,608600
2020-02-28,11382.0,11384.7998046875,11175.0498046875,11201.75,809900
2020-03-02,11387.349609375,11433.0,11036.25,11132.75,680800
2020-03-03,11217.5498046875,11342.25,11152.5498046875,11303.2998046875,696500
2020-03-04,11351.349609375,11356.599609375,11082.150390625,11251.0,797700
2020-03-05,11306.0498046875,11389.5,11244.599609375,11269.0,1352500
2020-03-06,10942.650390625,11035.099609375,10827.400390625,10989.4501953125,1811000
2020-03-09,10742.0498046875,10751.5498046875,10294.4501953125,10451.4501953125,1565500
2020-03-11,10334.2998046875,10545.099609375,10334.0,10458.400390625,1218500
2020-03-12,10039.9501953125,10040.75,9508.0,9590.150390625,1343500
2020-03-13,9107.599609375,10159.400390625,8555.150390625,9955.2001953125,1388000
2020-03-16,9587.7998046875,9602.2001953125,9165.099609375,9197.400390625,897700
2020-03-17,9285.400390625,9403.7998046875,8915.599609375,8967.0498046875,935600
2020-03-18,9088.4501953125,9127.5498046875,8407.0498046875,8468.7998046875,1516600
2020-03-19,8063.2998046875,8575.4501953125,7832.5498046875,8263.4501953125,925700
2020-03-20,8284.4501953125,8883.0,8178.2001953125,8745.4501953125,1071500
2020-03-23,7945.7001953125,8159.25,7583.60009765625,7610.25,653500
2020-03-24,7848.2998046875,8036.9501953125,7511.10009765625,7801.0498046875,738400
2020-03-25,7735.14990234375,8376.75,7714.75,8317.849609375,736900
2020-03-26,8451.0,8749.0498046875,8304.900390625,8641.4501953125,865600
2020-03-27,8949.099609375,9038.900390625,8522.900390625,8660.25,801500
2020-03-30,8385.9501953125,8576.0,8244.0,8281.099609375,593300
2020-03-31,8529.349609375,8678.2998046875,8358.0,8597.75,712700
2020-04-01,8584.099609375,8588.099609375,8198.349609375,8253.7998046875,506300
2020-04-03,8356.5498046875,8356.5498046875,8055.7998046875,8083.7998046875,697000
2020-04-07,8446.2998046875,8819.400390625,8360.9501953125,8792.2001953125,814200
2020-04-08,8688.900390625,9131.7001953125,8653.900390625,8748.75,896500
2020-04-09,8973.0498046875,9128.349609375,8904.5498046875,9111.900390625,742100
2020-04-13,9103.9501953125,9112.0498046875,8912.400390625,8993.849609375,644000
2020-04-15,9196.400390625,9261.2001953125,8874.099609375,8925.2998046875,879100
2020-04-16,8851.25,9053.75,8821.900390625,8992.7998046875,719400
2020-04-17,9323.4501953125,9324.0,9091.349609375,9266.75,684200
2020-04-20,9390.2001953125,9390.849609375,9230.7998046875,9261.849609375,726400
2020-04-21,9016.9501953125,9044.400390625,8909.400390625,8981.4501953125,655100
2020-04-22,9026.75,9209.75,8946.25,9187.2998046875,734400
2020-04-23,9232.349609375,9343.599609375,9170.150390625,9313.900390625,666700
2020-04-24,9163.900390625,9296.900390625,9141.2998046875,9154.400390625,659400
2020-04-27,9259.7001953125,9377.099609375,9250.349609375,9282.2998046875,512800
2020-04-28,9389.7998046875,9404.400390625,9260.0,9380.900390625,614500
2020-04-29,9408.599609375,9599.849609375,9392.349609375,9553.349609375,653000
2020-04-30,9753.5,9889.0498046875,9731.5,9859.900390625,931200
2020-05-04,9533.5,9533.5,9266.9501953125,9293.5,687500
2020-05-05,9429.400390625,9450.900390625,9190.75,9205.599609375,725200
2020-05-06,9226.7998046875,9346.900390625,9116.5,9270.900390625,722200
2020-05-07,9234.0498046875,9277.849609375,9175.900390625,9199.0498046875,708700
2020-05-08,9376.9501953125,9382.650390625,9238.2001953125,9251.5,609100
2020-05-11,9348.150390625,9439.900390625,9219.9501953125,9239.2001953125,704600
2020-05-12,9168.849609375,9240.849609375,9043.9501953125,9196.5498046875,805500
2020-05-13,9584.2001953125,9584.5,9351.099609375,9383.5498046875,846400
2020-05-14,9213.9501953125,9281.099609375,9119.75,9142.75,602600
2020-05-15,9182.400390625,9182.400390625,9050.0,9136.849609375,575900
2020-05-18,9158.2998046875,9158.2998046875,8806.75,8823.25,773000
2020-05-19,8961.7001953125,9030.349609375,8855.2998046875,8879.099609375,762200
2020-05-20,8889.150390625,9093.7998046875,8875.349609375,9066.5498046875,622300
2020-05-21,9079.4501953125,9178.5498046875,9056.099609375,9106.25,631500
2020-05-22,9067.900390625,9149.599609375,8968.5498046875,9039.25,675800
2020-05-26,9099.75,9161.650390625,8996.650390625,9029.0498046875,655000
2020-05-27,9082.2001953125,9334.0,9004.25,9314.9501953125,763500
2020-05-28,9364.9501953125,9511.25,9336.5,9490.099609375,837900
2020-05-29,9422.2001953125,9598.849609375,9376.900390625,9580.2998046875,967000
2020-06-01,9726.849609375,9931.599609375,9706.9501953125,9826.150390625,794200
2020-06-02,9880.849609375,9995.599609375,9824.0498046875,9979.099609375,770200
2020-06-03,10108.2998046875,10176.2001953125,10035.5498046875,10061.5498046875,794700
2020-06-04,10054.25,10123.849609375,9944.25,10029.099609375,775100
2020-06-05,10093.7998046875,10177.7998046875,10040.75,10142.150390625,987100
2020-06-08,10326.75,10328.5,10120.25,10167.4501953125,936500
2020-06-09,10181.150390625,10291.150390625,10021.4501953125,10046.650390625,754200
2020-06-10,10072.599609375,10148.75,10036.849609375,10116.150390625,632400
2020-06-11,10094.099609375,10112.0498046875,9885.0498046875,9902.0,715500
2020-06-12,9544.9501953125,9996.0498046875,9544.349609375,9972.900390625,796300
2020-06-15,9919.349609375,9943.349609375,9726.349609375,9813.7001953125,716100
2020-06-16,10014.7998046875,10046.150390625,9728.5,9914.0,899900
2020-06-17,9876.7001953125,10003.599609375,9833.7998046875,9881.150390625,685400
2020-06-18,9863.25,10111.2001953125,9845.0498046875,10091.650390625,622900
2020-06-19,10119.0,10272.400390625,10072.650390625,10244.400390625,892100
2020-06-22,10318.75,10393.650390625,10277.599609375,10311.2001953125,685400
2020-06-23,10347.9501953125,10484.7001953125,10301.75,10471.0,669200
2020-06-24,10529.25,10553.150390625,10281.9501953125,10305.2998046875,854800
2020-06-25,10235.5498046875,10361.7998046875,10194.5,10288.900390625,994200
2020-06-26,10378.900390625,10409.849609375,10311.25,10383.0,671900
2020-06-29,10311.9501953125,10337.9501953125,10223.599609375,10312.400390625,574500
2020-06-30,10382.599609375,10401.0498046875,10267.349609375,10302.099609375,556200
2020-07-01,10323.7998046875,10447.0498046875,10299.599609375,10430.0498046875,573600
2020-07-02,10493.0498046875,10598.2001953125,10485.5498046875,10551.7001953125,597400
2020-07-03,10614.9501953125,10631.2998046875,10562.650390625,10607.349609375,525200
2020-07-06,10723.849609375,10811.400390625,10695.099609375,10763.650390625,571200
2020-07-07,10802.849609375,10813.7998046875,10689.7001953125,10799.650390625,636800
2020-07-08,10818.650390625,10847.849609375,10676.5498046875,10705.75,767900
2020-07-09,10755.5498046875,10836.849609375,10733.0,10813.4501953125,618700
2020-07-10,10764.099609375,10819.400390625,10713.0,10768.0498046875,590700
2020-07-13,10851.849609375,10894.0498046875,10756.0498046875,10802.7001953125,554100
2020-07-14,10750.849609375,10755.650390625,10562.900390625,10607.349609375,532400
2020-07-15,10701.0,10827.4501953125,10577.75,10618.2001953125,715900
2020-07-16,10706.2001953125,10755.2998046875,10595.2001953125,10739.9501953125,694400
2020-07-17,10752.0,10933.4501953125,10749.650390625,10901.7001953125,676900
2020-07-20,10999.4501953125,11037.900390625,10953.0,11022.2001953125,554300
2020-07-21,11126.099609375,11179.5498046875,11113.25,11162.25,772000
2020-07-22,11231.2001953125,11238.099609375,11056.5498046875,11132.599609375,765100
2020-07-23,11135.0,11239.7998046875,11103.150390625,11215.4501953125,621600
2020-07-24,11149.9501953125,11225.400390625,11090.2998046875,11194.150390625,678900
2020-07-27,11225.0,11225.0,11087.849609375,11131.7998046875,588100
2020-07-28,11154.099609375,11317.75,11151.400390625,11300.5498046875,683900
2020-07-29,11276.900390625,11341.400390625,11149.75,11202.849609375,600700
2020-07-30,11254.2998046875,11299.9501953125,11084.9501953125,11102.150390625,677800
2020-07-31,11139.5,11150.400390625,11026.650390625,11073.4501953125,642600
2020-08-03,11057.5498046875,11058.0498046875,10882.25,10891.599609375,680900
2020-08-04,10946.650390625,11112.25,10908.099609375,11095.25,625700
2020-08-05,11155.75,11225.650390625,11064.0498046875,11101.650390625,667600
2020-08-06,11185.7001953125,11256.7998046875,11127.2998046875,11200.150390625,600400
2020-08-07,11186.650390625,11231.900390625,11142.0498046875,11214.0498046875,452600
2020-08-10,11270.25,11337.2998046875,11238.0,11270.150390625,492000
2020-08-11,11322.25,11373.599609375,11299.150390625,11322.5,586100
2020-08-12,11289.0,11322.0,11242.650390625,11308.400390625,609900
2020-08-13,11334.849609375,11359.2998046875,11269.9501953125,11300.4501953125,562400
2020-08-14,11353.2998046875,11366.25,11111.4501953125,11178.400390625,645100
2020-08-17,11248.900390625,11267.099609375,11144.5,11247.099609375,634000
2020-08-18,11259.7998046875,11401.7001953125,11253.150390625,11385.349609375,579200
2020-08-19,11452.150390625,11460.349609375,11394.099609375,11408.400390625,626200
2020-08-20,11317.4501953125,11361.4501953125,11289.7998046875,11312.2001953125,791600
2020-08-21,11409.650390625,11418.5,11362.2001953125,11371.599609375,668700
2020-08-24,11412.0,11497.25,11410.650390625,11466.4501953125,532900
2020-08-25,11513.099609375,11525.900390625,11423.349609375,11472.25,638200
2020-08-26,11512.849609375,11561.75,11461.849609375,11549.599609375,743400
2020-08-27,11609.2998046875,11617.349609375,11540.599609375,11559.25,719800
2020-08-28,11602.9501953125,11686.0498046875,11589.400390625,11647.599609375,807000
2020-08-31,11777.5498046875,11794.25,11325.849609375,11387.5,1371800
2020-09-01,11464.2998046875,11553.5498046875,11366.900390625,11470.25,783800
2020-09-02,11478.5498046875,11554.75,11430.400390625,11535.0,593500
2020-09-03,11566.2001953125,11584.9501953125,11507.650390625,11527.4501953125,607100
2020-09-04,11354.400390625,11452.0498046875,11303.650390625,11333.849609375,681300
2020-09-07,11359.599609375,11381.150390625,11251.7001953125,11355.0498046875,560300
2020-09-08,11378.5498046875,11437.25,11290.4501953125,11317.349609375,572200
2020-09-09,11218.599609375,11298.150390625,11185.150390625,11278.0,728900
2020-09-10,11363.2998046875,11464.0498046875,11327.400390625,11449.25,679400
2020-09-11,11447.7998046875,11493.5,11419.900390625,11464.4501953125,554800
2020-09-14,11540.150390625,11568.900390625,11383.5498046875,11440.0498046875,642300
2020-09-15,11487.2001953125,11535.9501953125,11442.25,11521.7998046875,506700
2020-09-16,11538.4501953125,11618.099609375,11516.75,11604.5498046875,527800
2020-09-17,11539.400390625,11587.2001953125,11498.5,11516.099609375,0
2020-09-18,11584.099609375,11584.099609375,11446.099609375,11504.9501953125,764200
2020-09-21,11503.7998046875,11535.25,11218.5,11250.5498046875,602900
2020-09-22,11301.75,11302.2001953125,11084.650390625,11153.650390625,672200
2020-09-23,11258.75,11259.5498046875,11024.400390625,11131.849609375,714900
2020-09-24,11011.0,11015.2998046875,10790.2001953125,10805.5498046875,706100
2020-09-25,10910.400390625,11072.599609375,10854.849609375,11050.25,559600
2020-09-28,11140.849609375,11239.349609375,11099.849609375,11227.5498046875,472800
2020-09-29,11288.599609375,11305.400390625,11181.0,11222.400390625,498300
2020-09-30,11244.4501953125,11295.400390625,11184.5498046875,11247.5498046875,499300
2020-10-01,11364.4501953125,11428.599609375,11347.0498046875,11416.9501953125,447700
2020-10-05,11487.7998046875,11578.0498046875,11452.2998046875,11503.349609375,530600
2020-10-06,11603.4501953125,11680.2998046875,11564.2998046875,11662.400390625,561400
2020-10-07,11679.25,11763.0498046875,11629.349609375,11738.849609375,513400
2020-10-08,11835.400390625,11905.7001953125,11791.150390625,11834.599609375,608800
2020-10-09,11852.0498046875,11938.599609375,11805.2001953125,11914.2001953125,611100
2020-10-12,11973.5498046875,12022.0498046875,11867.2001953125,11930.9501953125,522600
2020-10-13,11934.650390625,11988.2001953125,11888.900390625,11934.5,458300
2020-10-14,11917.400390625,11997.2001953125,11822.150390625,11971.0498046875,569200
2020-10-15,12023.4501953125,12025.4501953125,11661.2998046875,11680.349609375,608900
2020-10-16,11727.400390625,11789.75,11667.849609375,11762.4501953125,555800
2020-10-19,11879.2001953125,11898.25,11820.400390625,11873.0498046875,541400
2020-10-20,11861.0,11949.25,11837.25,11896.7998046875,453600
2020-10-21,11958.5498046875,12018.650390625,11775.75,11937.650390625,623700
2020-10-22,11890.0,11939.5498046875,11823.4501953125,11896.4501953125,544900
2020-10-23,11957.900390625,11974.5498046875,11908.75,11930.349609375,502300
2020-10-26,11937.400390625,11942.849609375,11711.7001953125,11767.75,519800
2020-10-27,11807.099609375,11899.0498046875,11723.0,11889.400390625,616300
2020-10-28,11922.599609375,11929.400390625,11684.849609375,11729.599609375,704000
2020-10-29,11633.2998046875,11744.150390625,11606.4501953125,11670.7998046875,555000
2020-10-30,11678.4501953125,11748.9501953125,11535.4501953125,11642.400390625,553700
2020-11-02,11697.349609375,11725.650390625,11557.400390625,11669.150390625,568400
2020-11-03,11734.4501953125,11836.2001953125,11723.2998046875,11813.5,674300
2020-11-04,11783.349609375,11929.650390625,11756.400390625,11908.5,667300
2020-11-05,12062.400390625,12131.099609375,12027.599609375,12120.2998046875,632500
2020-11-06,12156.650390625,12280.400390625,12131.849609375,12263.5498046875,576800
2020-11-09,12399.400390625,12474.0498046875,12367.349609375,12461.0498046875,553400
2020-11-10,12556.400390625,12643.900390625,12475.25,12631.099609375,847500
2020-11-11,12680.599609375,12769.75,12571.099609375,12749.150390625,880500
2020-11-12,12702.150390625,12741.150390625,12624.849609375,12690.7998046875,622000
2020-11-13,12659.7001953125,12735.9501953125,12607.7001953125,12719.9501953125,513900
2020-11-14,12823.35,12828.7,12749.45,12780.25,107868139
2020-11-17,12932.5,12934.0498046875,12797.099609375,12874.2001953125,707700
2020-11-18,12860.099609375,12948.849609375,12819.349609375,12938.25,731300
2020-11-19,12839.5,12963.0,12745.75,12771.7001953125,768800
2020-11-20,12813.400390625,12892.4501953125,12730.25,12859.0498046875,664000
2020-11-23,12960.2998046875,12968.849609375,12825.7001953125,12926.4501953125,633100
2020-11-24,13002.599609375,13079.099609375,12978.0,13055.150390625,571900
2020-11-25,13130.0,13145.849609375,12833.650390625,12858.400390625,679000
2020-11-26,12906.4501953125,13018.0,12790.400390625,12987.0,549800
2020-11-27,13012.0498046875,13035.2998046875,12914.2998046875,12968.9501953125,1162400
2020-12-01,13062.2001953125,13128.400390625,12962.7998046875,13109.0498046875,583600
2020-12-02,13121.400390625,13128.5,12983.5498046875,13113.75,717700
2020-12-03,13215.2998046875,13216.599609375,13107.900390625,13133.900390625,713700
2020-12-04,13177.400390625,13280.0498046875,13152.849609375,13258.5498046875,640500
2020-12-07,13264.849609375,13366.650390625,13241.9501953125,13355.75,591700
2020-12-08,13393.849609375,13435.4501953125,13311.0498046875,13392.9501953125,543200
2020-12-09,13458.099609375,13548.900390625,13449.599609375,13529.099609375,502600
2020-12-10,13488.5,13503.5498046875,13399.2998046875,13478.2998046875,553400
2020-12-11,13512.2998046875,13579.349609375,13402.849609375,13513.849609375,787700
2020-12-14,13571.4501953125,13597.5,13472.4501953125,13558.150390625,558400
2020-12-15,13547.2001953125,13589.650390625,13447.0498046875,13567.849609375,497600
2020-12-16,13663.099609375,13692.349609375,13606.4501953125,13682.7001953125,462200
2020-12-17,13713.5498046875,13773.25,13673.5498046875,13740.7001953125,416000
2020-12-18,13764.400390625,13772.849609375,13658.599609375,13760.5498046875,519400
2020-12-21,13741.900390625,13777.5,13131.4501953125,13328.400390625,687300
2020-12-22,13373.650390625,13492.0498046875,13192.900390625,13466.2998046875,696200
2020-12-23,13473.5,13619.4501953125,13432.2001953125,13601.099609375,458700
2020-12-24,13672.150390625,13771.75,13626.900390625,13749.25,471400
2020-12-28,13815.150390625,13885.2998046875,13811.5498046875,13873.2001953125,403600
2020-12-29,13910.349609375,13967.599609375,13859.900390625,13932.599609375,439600
2020-12-30,13980.900390625,13997.0,13864.9501953125,13981.9501953125,380700
2020-12-31,13970.0,14024.849609375,13936.4501953125,13981.75,452400
2021-01-01,13996.099609375,14049.849609375,13991.349609375,14018.5,358100
2021-01-04,14104.349609375,14147.9501953125,13953.75,14132.900390625,495000
2021-01-05,14075.150390625,14215.599609375,14048.150390625,14199.5,492500
2021-01-06,14240.9501953125,14244.150390625,14039.900390625,14146.25,632300
2021-01-07,14253.75,14256.25,14123.099609375,14137.349609375,559200
2021-01-08,14258.400390625,14367.2998046875,14221.650390625,14347.25,613500
2021-01-11,14474.0498046875,14498.2001953125,14383.099609375,14484.75,672900
2021-01-12,14473.7998046875,14590.650390625,14432.849609375,14563.4501953125,929600
2021-01-13,14639.7998046875,14653.349609375,14435.7001953125,14564.849609375,874000
2021-01-14,14550.0498046875,14617.7998046875,14471.5,14595.599609375,620200
2021-01-15,14594.349609375,14617.4501953125,14357.849609375,14433.7001953125,789600
2021-01-18,14453.2998046875,14459.150390625,14222.7998046875,14281.2998046875,762000
2021-01-19,14371.650390625,14546.0498046875,14350.849609375,14521.150390625,546100
2021-01-20,14538.2998046875,14666.4501953125,14517.5498046875,14644.7001953125,623100
2021-01-21,14730.9501953125,14753.5498046875,14517.25,14590.349609375,704600
2021-01-22,14583.400390625,14619.900390625,14357.75,14371.900390625,776800
2021-01-25,14477.7998046875,14491.099609375,14218.599609375,14238.900390625,618600
2021-01-27,14237.9501953125,14237.9501953125,13929.2998046875,13967.5,660700
2021-01-28,13810.400390625,13898.25,13713.25,13817.5498046875,637900
2021-01-29,13946.599609375,13966.849609375,13596.75,13634.599609375,753200
2021-02-01,13758.599609375,14336.349609375,13661.75,14281.2001953125,870500
2021-02-02,14481.099609375,14731.7001953125,14469.150390625,14647.849609375,915000
2021-02-03,14754.900390625,14868.849609375,14574.150390625,14789.9501953125,869500
2021-02-04,14789.0498046875,14913.7001953125,14714.75,14895.650390625,884700
2021-02-05,14952.599609375,15014.650390625,14864.75,14924.25,935600
2021-02-08,15064.2998046875,15159.900390625,15041.0498046875,15115.7998046875,671200
2021-02-09,15164.150390625,15257.099609375,15064.2998046875,15109.2998046875,713300
2021-02-10,15119.0498046875,15168.25,14977.2001953125,15106.5,624800
2021-02-11,15073.25,15188.5,15065.400390625,15173.2998046875,500100
2021-02-12,15186.2001953125,15243.5,15081.0,15163.2998046875,571800
2021-02-15,15270.2998046875,15340.150390625,15243.400390625,15314.7001953125,456000
2021-02-16,15371.4501953125,15431.75,15242.2001953125,15313.4501953125,648500
2021-02-17,15279.900390625,15314.2998046875,15170.75,15208.900390625,504800
2021-02-18,15238.7001953125,15250.75,15078.0498046875,15118.9501953125,770600
2021-02-19,15074.7998046875,15144.0498046875,14898.2001953125,14981.75,712200
2021-02-22,14999.0498046875,15010.099609375,14635.0498046875,14675.7001953125,609900
2021-02-23,14782.25,14854.5,14651.849609375,14707.7998046875,744100
2021-02-24,14729.150390625,15008.7998046875,14504.5,14982.0,403800
2021-02-25,15079.849609375,15176.5,15065.349609375,15097.349609375,803900
2021-02-26,14888.599609375,14919.4501953125,14467.75,14529.150390625,1103600
2021-03-01,14702.5,14806.7998046875,14638.5498046875,14761.5498046875,507300
2021-03-02,14865.2998046875,14959.099609375,14760.7998046875,14919.099609375,621700
2021-03-03,15064.400390625,15273.150390625,14995.7998046875,15245.599609375,544200
2021-03-04,15026.75,15202.349609375,14980.2001953125,15080.75,534900
2021-03-05,14977.9501953125,15092.349609375,14862.099609375,14938.099609375,640700
2021-03-08,15002.4501953125,15111.150390625,14919.900390625,14956.2001953125,0
2021-03-09,15049.900390625,15126.849609375,14925.4501953125,15098.400390625,675300
2021-03-10,15202.150390625,15218.4501953125,15100.849609375,15174.7998046875,404600
2021-03-12,15321.150390625,15336.2998046875,14953.599609375,15030.9501953125,493200
2021-03-15,15048.400390625,15048.400390625,14745.849609375,14929.5,467500
2021-03-16,14996.099609375,15051.599609375,14890.650390625,14910.4501953125,100
2021-03-17,14946.5498046875,14956.5498046875,14696.0498046875,14721.2998046875,100
2021-03-18,14855.5,14875.2001953125,14478.599609375,14557.849609375,542200
2021-03-19,14471.150390625,14788.25,14350.099609375,14744.0,919200
2021-03-22,14736.2998046875,14763.900390625,14597.849609375,14736.400390625,459000
2021-03-23,14768.5498046875,14878.599609375,14707.0,14814.75,474200
2021-03-24,14712.4501953125,14752.349609375,14535.0,14549.400390625,456400
2021-03-25,14570.900390625,14575.599609375,14264.400390625,14324.900390625,606800
2021-03-26,14506.2998046875,14572.900390625,14414.25,14507.2998046875,481000
2021-03-30,14628.5,14876.2998046875,14617.599609375,14845.099609375,594500
2021-03-31,14811.849609375,14813.75,14670.25,14690.7001953125,463900
2021-04-01,14798.400390625,14883.2001953125,14692.4501953125,14867.349609375,445000
2021-04-05,14837.7001953125,14849.849609375,14459.5,14637.7998046875,509700
2021-04-06,14737.0,14779.099609375,14573.900390625,14683.5,475300
2021-04-07,14716.4501953125,14879.7998046875,14649.849609375,14819.0498046875,0
2021-04-08,14875.650390625,14984.150390625,14821.099609375,14873.7998046875,514800
2021-04-09,14882.650390625,14918.4501953125,14785.650390625,14834.849609375,504100
2021-04-12,14644.650390625,14652.5,14248.7001953125,14310.7998046875,650200
2021-04-13,14364.900390625,14528.900390625,14274.900390625,14504.7998046875,605100
2021-04-15,14522.400390625,14597.5498046875,14353.2001953125,14581.4501953125,568000
2021-04-16,14599.599609375,14697.7001953125,14559.0,14617.849609375,577200
2021-04-19,14306.599609375,14382.2998046875,14191.400390625,14359.4501953125,512300
2021-04-20,14526.7001953125,14526.9501953125,14207.2998046875,14296.400390625,467400
2021-04-22,14219.150390625,14424.75,14151.400390625,14406.150390625,524600
2021-04-23,14326.349609375,14461.150390625,14273.2998046875,14341.349609375,498100
2021-04-26,14449.4501953125,14557.5,14421.2998046875,14485.0,452700
2021-04-27,14493.7998046875,14667.5498046875,14484.849609375,14653.0498046875,451800
2021-04-28,14710.5,14890.25,14694.9501953125,14864.5498046875,457000
2021-04-29,14979.0,15044.349609375,14814.4501953125,14894.900390625,517500
2021-04-30,14747.349609375,14855.4501953125,14601.7001953125,14631.099609375,613900
2021-05-03,14481.0498046875,14673.849609375,14416.25,14634.150390625,448900
2021-05-04,14687.25,14723.400390625,14461.5,14496.5,503400
2021-05-05,14604.150390625,14637.900390625,14506.599609375,14617.849609375,455900
2021-05-06,14668.349609375,14743.900390625,14611.5,14724.7998046875,467800
2021-05-07,14816.849609375,14863.0498046875,14765.5,14823.150390625,488000
2021-05-10,14928.25,14966.900390625,14892.5,14942.349609375,522000
2021-05-11,14789.7001953125,14900.0,14771.400390625,14850.75,647400
2021-05-12,14823.5498046875,14824.0498046875,14649.7001953125,14696.5,643800
2021-05-14,14749.400390625,14749.650390625,14591.900390625,14677.7998046875,620700
2021-05-17,14756.25,14938.0,14725.349609375,14923.150390625,546400
2021-05-18,15067.2001953125,15137.25,15043.7001953125,15108.099609375,583900
2021-05-19,15058.599609375,15133.400390625,15008.849609375,15030.150390625,569100
2021-05-20,15042.599609375,15069.7998046875,14884.900390625,14906.0498046875,480300
2021-05-21,14987.7998046875,15190.0,14985.849609375,15175.2998046875,572900
2021-05-24,15211.349609375,15256.25,15145.4501953125,15197.7001953125,579800
2021-05-25,15291.75,15293.849609375,15163.400390625,15208.4501953125,441500
2021-05-26,15257.0498046875,15319.900390625,15194.9501953125,15301.4501953125,384000
2021-05-27,15323.9501953125,15384.5498046875,15272.5,15337.849609375,0
2021-05-28,15421.2001953125,15469.650390625,15394.75,15435.650390625,468100
2021-05-31,15437.75,15606.349609375,15374.0,15582.7998046875,436000
2021-06-01,15629.650390625,15660.75,15528.2998046875,15574.849609375,409600
2021-06-02,15520.349609375,15597.4501953125,15459.849609375,15576.2001953125,428600
2021-06-03,15655.5498046875,15705.099609375,15611.0,15690.349609375,410200
2021-06-04,15712.5,15733.599609375,15622.349609375,15670.25,414200
2021-06-07,15725.099609375,15773.4501953125,15678.099609375,15751.650390625,394000
2021-06-08,15773.900390625,15778.7998046875,15680.0,15740.099609375,378200
2021-06-09,15766.2998046875,15800.4501953125,15566.900390625,15635.349609375,457900
2021-06-10,15692.099609375,15751.25,15648.5,15737.75,298300
2021-06-11,15796.4501953125,15835.5498046875,15749.7998046875,15799.349609375,363000
2021-06-14,15791.400390625,15823.0498046875,15606.5,15811.849609375,392900
2021-06-15,15866.9501953125,15901.599609375,15842.400390625,15869.25,323300
2021-06-16,15847.5,15880.849609375,15742.599609375,15767.5498046875,340200
2021-06-17,15648.2998046875,15769.349609375,15616.75,15691.400390625,357600
2021-06-18,15756.5,15761.5,15450.900390625,15683.349609375,640800
2021-06-21,15525.849609375,15765.150390625,15505.650390625,15746.5,351500
2021-06-22,15840.5,15895.75,15752.099609375,15772.75,322200
2021-06-23,15862.7998046875,15862.9501953125,15673.9501953125,15686.9501953125,287500
2021-06-24,15737.2998046875,15821.400390625,15702.7001953125,15790.4501953125,316700
2021-06-25,15839.349609375,15870.7998046875,15772.2998046875,15860.349609375,314600
2021-06-28,15915.349609375,15915.650390625,15792.150390625,15814.7001953125,255100
2021-06-29,15807.5,15835.900390625,15724.0498046875,15748.4501953125,360300
2021-06-30,15776.900390625,15839.099609375,15708.75,15721.5,262400
2021-07-01,15755.0498046875,15755.5498046875,15667.0498046875,15680.0,224900
2021-07-02,15705.849609375,15738.349609375,15635.9501953125,15722.2001953125,254800
2021-07-05,15793.400390625,15845.9501953125,15762.0498046875,15834.349609375,207000
2021-07-06,15813.75,15914.2001953125,15801.0,15818.25,391400
2021-07-07,15819.599609375,15893.5498046875,15779.7001953125,15879.650390625,329300
2021-07-08,15855.400390625,15885.75,15682.900390625,15727.900390625,307900
2021-07-09,15688.25,15730.849609375,15632.75,15689.7998046875,243200
2021-07-12,15766.7998046875,15789.2001953125,15644.75,15692.599609375,216300
2021-07-13,15794.0,15820.7998046875,15744.599609375,15812.349609375,246700
2021-07-14,15808.7001953125,15877.349609375,15764.2001953125,15853.9501953125,0
2021-07-15,15872.150390625,15952.349609375,15855.0,15924.2001953125,284900
2021-07-16,15958.349609375,15962.25,15882.599609375,15923.400390625,276300
2021-07-19,15754.5,15836.900390625,15707.5,15752.400390625,242100
2021-07-20,15703.9501953125,15728.4501953125,15578.5498046875,15632.099609375,274300
2021-07-22,15736.599609375,15834.7998046875,15726.400390625,15824.0498046875,265300
2021-07-23,15856.7998046875,15899.7998046875,15768.400390625,15856.0498046875,294100
2021-07-26,15849.2998046875,15893.349609375,15797.0,15824.4501953125,267100
2021-07-27,15860.5,15881.5498046875,15701.0,15746.4501953125,311000
2021-07-28,15761.5498046875,15767.5,15513.4501953125,15709.400390625,318600
2021-07-29,15762.7001953125,15817.349609375,15737.7998046875,15778.4501953125,401600
2021-07-30,15800.599609375,15862.7998046875,15744.849609375,15763.0498046875,400000
2021-08-02,15874.900390625,15892.900390625,15834.650390625,15885.150390625,244800
2021-08-03,15951.5498046875,16146.900390625,15914.349609375,16130.75,341300
2021-08-04,16195.25,16290.2001953125,16176.150390625,16258.7998046875,427300
2021-08-05,16288.9501953125,16349.4501953125,16210.2998046875,16294.599609375,418200
2021-08-06,16304.400390625,16336.75,16223.2998046875,16238.2001953125,320100
2021-08-09,16281.349609375,16320.75,16179.0498046875,16258.25,240500
2021-08-10,16274.7998046875,16359.25,16202.25,16280.099609375,288000
2021-08-11,16327.2998046875,16338.75,16162.5498046875,16282.25,277900
2021-08-12,16303.650390625,16375.5,16286.900390625,16364.400390625,280200
2021-08-13,16385.69921875,16543.599609375,16376.2998046875,16529.099609375,321900
2021-08-16,16518.400390625,16589.400390625,16480.75,16563.05078125,254000
2021-08-17,16545.25,16628.55078125,16495.400390625,16614.599609375,297400
2021-08-18,16691.94921875,16701.849609375,16535.849609375,16568.849609375,251800
2021-08-20,16382.5,16509.55078125,16376.0498046875,16450.5,350800
2021-08-23,16592.25,16592.5,16395.69921875,16496.44921875,275600
2021-08-24,16561.400390625,16647.099609375,16495.30078125,16624.599609375,275400
2021-08-25,16654.0,16712.44921875,16617.5,16634.650390625,265900
2021-08-26,16627.94921875,16683.69921875,16603.400390625,16636.900390625,253500
2021-08-27,16642.55078125,16722.05078125,16565.599609375,16705.19921875,217400
2021-08-30,16775.849609375,16951.5,16764.849609375,16931.05078125,283500
2021-08-31,16947.5,17153.5,16915.849609375,17132.19921875,464400
2021-09-01,17185.599609375,17225.75,17055.05078125,17076.25,301900
2021-09-02,17095.400390625,17245.5,17059.69921875,17234.150390625,242400
2021-09-03,17262.44921875,17340.099609375,17212.19921875,17323.599609375,261400
2021-09-06,17399.349609375,17429.55078125,17345.55078125,17377.80078125,228000
2021-09-07,17401.55078125,17436.5,17287.0,17362.099609375,243400
2021-09-08,17375.75,17383.400390625,17254.19921875,17353.5,252700
2021-09-09,17312.849609375,17379.650390625,17302.69921875,17369.25,241500
2021-09-13,17363.55078125,17378.349609375,17269.150390625,17355.30078125,241100
2021-09-14,17420.349609375,17438.55078125,17367.05078125,17380.0,230400
2021-09-15,17387.650390625,17532.69921875,17386.900390625,17519.44921875,388200
2021-09-16,17539.19921875,17644.599609375,17510.44921875,17629.5,503300
2021-09-17,17709.650390625,17792.94921875,17537.650390625,17585.150390625,508300
2021-09-20,17443.849609375,17622.75,17361.80078125,17396.900390625,339100
2021-09-21,17450.5,17578.349609375,17326.099609375,17562.0,363600
2021-09-22,17580.900390625,17610.44921875,17524.0,17546.650390625,295200
2021-09-23,17670.849609375,17843.900390625,17646.55078125,17822.94921875,320500
2021-09-24,17897.44921875,17947.650390625,17819.400390625,17853.19921875,360100
2021-09-27,17932.19921875,17943.5,17802.900390625,17855.099609375,295700
2021-09-28,17906.44921875,17912.849609375,17576.099609375,17748.599609375,398000
2021-09-29,17657.94921875,17781.75,17608.150390625,17711.30078125,562200
2021-09-30,17718.900390625,17742.150390625,17585.349609375,17618.150390625,378600
2021-10-01,17531.900390625,17557.150390625,17452.900390625,17532.05078125,305800
2021-10-04,17615.55078125,17750.900390625,17581.349609375,17691.25,295800
2021-10-05,17661.349609375,17833.44921875,17640.900390625,17822.30078125,427000
2021-10-06,17861.5,17884.599609375,17613.150390625,17646.0,395800
2021-10-07,17810.55078125,17857.55078125,17763.80078125,17790.349609375,419900
2021-10-08,17886.849609375,17941.849609375,17840.349609375,17895.19921875,324100
2021-10-11,17867.55078125,18041.94921875,17839.099609375,17945.94921875,375800
2021-10-12,17915.80078125,18008.650390625,17864.94921875,17991.94921875,355600
2021-10-13,18097.849609375,18197.80078125,18050.75,18161.75,506700
2021-10-14,18272.849609375,18350.75,18248.69921875,18338.55078125,538700
2021-10-18,18500.099609375,18543.150390625,18445.30078125,18477.05078125,469900
2021-10-19,18602.349609375,18604.44921875,18377.69921875,18418.75,368200
2021-10-20,18439.900390625,18458.30078125,18209.349609375,18266.599609375,371300
2021-10-21,18382.69921875,18384.19921875,18048.0,18178.099609375,365900
2021-10-22,18230.69921875,18314.25,18034.349609375,18114.900390625,324700
2021-10-25,18229.5,18241.400390625,17968.5,18125.400390625,418700
2021-10-26,18154.5,18310.44921875,18099.30078125,18268.400390625,341400
2021-10-27,18295.849609375,18342.05078125,18167.900390625,18210.94921875,335200
2021-10-28,18187.650390625,18190.69921875,17799.44921875,17857.25,374200
2021-10-29,17833.05078125,17915.849609375,17613.099609375,17671.650390625,336500
2021-11-01,17783.150390625,17954.099609375,17697.099609375,17929.650390625,281200
2021-11-02,17970.900390625,18012.25,17847.599609375,17888.94921875,296400
2021-11-03,17947.94921875,17988.75,17757.94921875,17829.19921875,331000
2021-11-04,17935.05078125,17947.55078125,17900.599609375,17916.80078125,48500
2021-11-08,18040.19921875,18087.80078125,17836.099609375,18068.55078125,338900
2021-11-09,18084.349609375,18112.599609375,17983.05078125,18044.25,270200
2021-11-10,17973.44921875,18061.25,17915.0,18017.19921875,261400
2021-11-11,17967.44921875,17971.349609375,17798.19921875,17873.599609375,232100
2021-11-12,17977.599609375,18123.0,17905.900390625,18102.75,249100
2021-11-15,18140.94921875,18210.150390625,18071.30078125,18109.44921875,280400
2021-11-16,18127.05078125,18132.650390625,17958.80078125,17999.19921875,267400
2021-11-17,17939.349609375,18022.650390625,17879.25,17898.650390625,295700
2021-11-18,17890.55078125,17945.599609375,17688.5,17764.80078125,278400
2021-11-22,17796.25,17805.25,17280.44921875,17416.55078125,356400
2021-11-23,17281.75,17553.69921875,17216.099609375,17503.349609375,308800
2021-11-24,17550.05078125,17600.599609375,17354.0,17415.05078125,298100
2021-11-25,17417.30078125,17564.349609375,17351.69921875,17536.25,255900
2021-11-26,17338.75,17355.400390625,16985.69921875,17026.44921875,356300
2021-11-29,17055.80078125,17160.69921875,16782.400390625,17053.94921875,348900
2021-11-30,17051.150390625,17324.650390625,16931.400390625,16983.19921875,498000
2021-12-01,17104.400390625,17213.05078125,17064.25,17166.900390625,295500
2021-12-02,17183.19921875,17420.349609375,17149.30078125,17401.650390625,279900
2021-12-03,17424.900390625,17489.80078125,17180.80078125,17196.69921875,292500
2021-12-06,17209.05078125,17216.75,16891.69921875,16912.25,231700
2021-12-07,17044.099609375,17251.650390625,16987.75,17176.69921875,254100
2021-12-08,17315.25,17484.599609375,17308.94921875,17469.75,257800
2021-12-09,17524.400390625,17543.25,17379.599609375,17516.849609375,237200
2021-12-10,17476.05078125,17534.349609375,17405.25,17511.30078125,204500
2021-12-13,17619.099609375,17639.5,17355.94921875,17368.25,256600
2021-12-14,17283.19921875,17376.19921875,17225.80078125,17324.900390625,271000
2021-12-15,17323.650390625,17351.19921875,17192.19921875,17221.400390625,215000
2021-12-16,17373.0,17379.349609375,17184.94921875,17248.400390625,219500
2021-12-17,17276.0,17298.150390625,16966.44921875,16985.19921875,354600
2021-12-20,16824.25,16840.099609375,16410.19921875,16614.19921875,330600
2021-12-21,16773.150390625,16936.400390625,16688.25,16770.849609375,241000
2021-12-22,16865.55078125,16971.0,16819.5,16955.44921875,207900
2021-12-23,17066.80078125,17118.650390625,17015.55078125,17072.599609375,197000
2021-12-24,17149.5,17155.599609375,16909.599609375,17003.75,182600
2021-12-27,16937.75,17112.05078125,16833.19921875,17086.25,144800
2021-12-28,17177.599609375,17250.25,17161.150390625,17233.25,176000
2021-12-29,17220.099609375,17285.94921875,17176.650390625,17213.599609375,161700
2021-12-30,17201.44921875,17264.05078125,17146.349609375,17203.94921875,320800
2021-12-31,17244.5,17400.80078125,17238.5,17354.05078125,167000
2022-01-03,17387.150390625,17646.650390625,17383.30078125,17625.69921875,200500
2022-01-04,17681.400390625,17827.599609375,17593.55078125,17805.25,247400
2022-01-05,17820.099609375,17944.69921875,17748.849609375,17925.25,251500
2022-01-06,17768.5,17797.94921875,17655.55078125,17745.900390625,236500
2022-01-07,17797.599609375,17905.0,17704.55078125,17812.69921875,239300
2022-01-10,17913.30078125,18017.44921875,17879.150390625,18003.30078125,232400
2022-01-11,17997.75,18081.25,17964.400390625,18055.75,220200
2022-01-12,18170.400390625,18227.94921875,18128.80078125,18212.349609375,245000
2022-01-13,18257.0,18272.25,18163.80078125,18257.80078125,303700
2022-01-14,18185.0,18286.94921875,18119.650390625,18255.75,229500
2022-01-17,18235.650390625,18321.55078125,18228.75,18308.099609375,266700
2022-01-18,18337.19921875,18350.94921875,18085.900390625,18113.05078125,227500
2022-01-19,18129.19921875,18129.19921875,17884.900390625,17938.400390625,276700
2022-01-20,17921.0,17943.69921875,17648.44921875,17757.0,258100
2022-01-21,17613.69921875,17707.599609375,17485.849609375,17617.150390625,277600
2022-01-24,17575.150390625,17599.400390625,16997.849609375,17149.099609375,323800
2022-01-25,17001.55078125,17309.150390625,16836.80078125,17277.94921875,326500
2022-01-27,17062.0,17182.5,16866.75,17110.150390625,395600
2022-01-28,17208.30078125,17373.5,17077.099609375,17101.94921875,355300
2022-01-31,17301.05078125,17410.0,17264.150390625,17339.849609375,321700
2022-02-01,17529.44921875,17622.400390625,17244.55078125,17576.849609375,386400
2022-02-02,17706.19921875,17794.599609375,17674.80078125,17780.0,271200
2022-02-03,17767.75,17781.150390625,17511.150390625,17560.19921875,226600
2022-02-04,17590.19921875,17617.80078125,17462.55078125,17516.30078125,261400
2022-02-07,17456.30078125,17536.75,17119.400390625,17213.599609375,265000
2022-02-08,17279.849609375,17306.44921875,17043.650390625,17266.75,268500
2022-02-09,17370.099609375,17477.150390625,17339.0,17463.80078125,236400
2022-02-10,17554.099609375,17639.44921875,17427.150390625,17605.849609375,273600
2022-02-11,17451.0,17454.75,17303.0,17374.75,253100
2022-02-14,17076.150390625,17099.5,16809.650390625,16842.80078125,305500
2022-02-15,16933.25,17375.0,16839.25,17352.44921875,298700
2022-02-16,17408.44921875,17490.599609375,17257.69921875,17322.19921875,244500
2022-02-17,17396.55078125,17442.900390625,17235.849609375,17304.599609375,232100
2022-02-18,17236.05078125,17380.80078125,17219.19921875,17276.30078125,189600
2022-02-21,17192.25,17351.05078125,17070.69921875,17206.650390625,215200
2022-02-22,16847.94921875,17148.55078125,16843.80078125,17092.19921875,300100
2022-02-23,17194.5,17220.69921875,17027.849609375,17063.25,200200
2022-02-24,16548.900390625,16705.25,16203.25,16247.9501953125,458000
2022-02-25,16515.650390625,16748.80078125,16478.30078125,16658.400390625,329800
2022-02-28,16481.599609375,16815.900390625,16356.2998046875,16793.900390625,404200
2022-03-02,16593.099609375,16678.5,16478.650390625,16605.94921875,517700
2022-03-03,16723.19921875,16768.94921875,16442.94921875,16498.05078125,442100
2022-03-04,16339.4501953125,16456.0,16133.7998046875,16245.349609375,456100
2022-03-07,15867.9501953125,15944.599609375,15711.4501953125,15863.150390625,585400
2022-03-08,15747.75,16028.75,15671.4501953125,16013.4501953125,543600
2022-03-09,16078.0,16418.05078125,15990.0,16345.349609375,462200
2022-03-10,16757.099609375,16757.30078125,16447.900390625,16594.900390625,486400
2022-03-11,16528.80078125,16694.400390625,16470.900390625,16630.44921875,343700
2022-03-14,16633.69921875,16887.94921875,16606.5,16871.30078125,314700
2022-03-15,16900.650390625,16927.75,16555.0,16663.0,381600
2022-03-16,16876.650390625,16987.900390625,16837.849609375,16975.349609375,260000
2022-03-17,17202.900390625,17344.599609375,17175.75,17287.05078125,448300
2022-03-21,17329.5,17353.349609375,17096.400390625,17117.599609375,285500
2022-03-22,17120.400390625,17334.400390625,17006.30078125,17315.5,338300
2022-03-23,17405.05078125,17442.400390625,17199.599609375,17245.650390625,292100
2022-03-24,17094.94921875,17291.75,17091.150390625,17222.75,290300
2022-03-25,17289.0,17294.900390625,17076.55078125,17153.0,237100
2022-03-28,17181.849609375,17235.099609375,17003.900390625,17222.0,253200
2022-03-29,17297.19921875,17343.650390625,17235.69921875,17325.30078125,235100
2022-03-30,17468.150390625,17522.5,17387.19921875,17498.25,505000
2022-03-31,17519.19921875,17559.80078125,17435.19921875,17464.75,281100
2022-04-01,17436.900390625,17703.69921875,17422.69921875,17670.44921875,291800
2022-04-04,17809.099609375,18114.650390625,17791.400390625,18053.400390625,345500
2022-04-05,18080.599609375,18095.44921875,17921.55078125,17957.400390625,283500
2022-04-06,17842.75,17901.0,17779.849609375,17807.650390625,328800
2022-04-07,17723.30078125,17787.5,17623.69921875,17639.55078125,308800
2022-04-08,17698.150390625,17842.75,17600.55078125,17784.349609375,274400
2022-04-11,17740.900390625,17779.05078125,17650.94921875,17674.94921875,251700
2022-04-12,17584.849609375,17595.30078125,17442.349609375,17530.30078125,266000
2022-04-13,17599.900390625,17663.650390625,17457.400390625,17475.650390625,245100
2022-04-18,17183.44921875,17237.75,17067.849609375,17173.650390625,376100
2022-04-19,17258.94921875,17275.650390625,16824.69921875,16958.650390625,401400
2022-04-20,17045.25,17186.900390625,16978.94921875,17136.55078125,286100
2022-04-21,17234.599609375,17414.69921875,17215.5,17392.599609375,285200
2022-04-22,17242.75,17315.30078125,17149.19921875,17171.94921875,262700
2022-04-25,17009.05078125,17054.30078125,16888.69921875,16953.94921875,275700
2022-04-26,17121.30078125,17223.849609375,17064.44921875,17200.80078125,261100
2022-04-27,17073.349609375,17110.69921875,16958.44921875,17038.400390625,265100
2022-04-28,17189.5,17322.5,17071.05078125,17245.05078125,312900
2022-04-29,17329.25,17377.650390625,17053.25,17102.55078125,336200
2022-05-02,16924.44921875,17092.25,16917.25,17069.099609375,278200
2022-05-04,17096.599609375,17132.849609375,16623.94921875,16677.599609375,310600
2022-05-05,16854.75,16945.69921875,16651.849609375,16682.650390625,265800
2022-05-06,16415.55078125,16484.19921875,16340.900390625,16411.25,300500
2022-05-09,16227.7001953125,16403.69921875,16142.099609375,16301.849609375,288400
2022-05-10,16248.900390625,16404.55078125,16197.2998046875,16240.0498046875,283100
2022-05-11,16270.0498046875,16318.75,15992.599609375,16167.099609375,284300
2022-05-12,16021.099609375,16041.9501953125,15735.75,15808.0,314900
2022-05-13,15977.0,16083.599609375,15740.849609375,15782.150390625,369100
2022-05-16,15845.099609375,15977.9501953125,15739.650390625,15842.2998046875,217600
2022-05-17,15912.599609375,16284.25,15900.7998046875,16259.2998046875,295700
2022-05-18,16318.150390625,16399.80078125,16211.2001953125,16240.2998046875,290400
2022-05-19,15917.400390625,15984.75,15775.2001953125,15809.400390625,313900
2022-05-20,16043.7998046875,16283.0498046875,16003.849609375,16266.150390625,252400
2022-05-23,16290.9501953125,16414.69921875,16185.75,16214.7001953125,293800
2022-05-24,16225.5498046875,16262.7998046875,16078.599609375,16125.150390625,249800
2022-05-25,16196.349609375,16223.349609375,16006.9501953125,16025.7998046875,243300
2022-05-26,16105.0,16204.4501953125,15903.7001953125,16170.150390625,314300
2022-05-27,16296.599609375,16370.599609375,16221.9501953125,16352.4501953125,274100
2022-05-30,16527.900390625,16695.5,16506.150390625,16661.400390625,251400
2022-05-31,16578.44921875,16690.75,16521.900390625,16584.55078125,651600
2022-06-01,16594.400390625,16649.19921875,16438.849609375,16522.75,249600
2022-06-02,16481.650390625,16646.400390625,16443.05078125,16628.0,236000
2022-06-03,16761.650390625,16793.849609375,16567.900390625,16584.30078125,245500
2022-06-06,16530.69921875,16610.94921875,16444.55078125,16569.55078125,233600
2022-06-07,16469.599609375,16487.25,16347.099609375,16416.349609375,233800
2022-06-08,16474.94921875,16514.30078125,16293.349609375,16356.25,243500
2022-06-09,16263.849609375,16492.80078125,16243.849609375,16478.099609375,205000
2022-06-10,16283.9501953125,16324.7001953125,16172.599609375,16201.7998046875,189700
2022-06-13,15877.5498046875,15886.150390625,15684.0,15774.400390625,225500
2022-06-14,15674.25,15858.0,15659.4501953125,15732.099609375,225400
2022-06-15,15729.25,15783.650390625,15678.900390625,15692.150390625,183000
2022-06-16,15832.25,15863.150390625,15335.099609375,15360.599609375,264700
2022-06-17,15272.650390625,15400.400390625,15183.400390625,15293.5,342600
2022-06-20,15334.5,15382.5,15191.099609375,15350.150390625,260000
2022-06-21,15455.9501953125,15707.25,15419.849609375,15638.7998046875,262800
2022-06-22,15545.650390625,15565.400390625,15385.9501953125,15413.2998046875,220900
2022-06-23,15451.5498046875,15628.4501953125,15367.5,15556.650390625,259200
2022-06-24,15657.400390625,15749.25,15619.4501953125,15699.25,219600
2022-06-27,15926.2001953125,15927.4501953125,15815.5,15832.0498046875,210900
2022-06-28,15757.4501953125,15892.099609375,15710.150390625,15850.2001953125,251900
2022-06-29,15701.7001953125,15861.599609375,15687.7998046875,15799.099609375,444900
2022-06-30,15774.5,15890.0,15728.849609375,15780.25,306000
2022-07-01,15703.7001953125,15793.9501953125,15511.0498046875,15752.0498046875,364100
2022-07-04,15710.5,15852.349609375,15661.7998046875,15835.349609375,304300
2022-07-05,15909.150390625,16025.75,15785.4501953125,15810.849609375,254200
2022-07-06,15818.2001953125,16011.349609375,15800.900390625,15989.7998046875,288400
2022-07-07,16113.75,16150.5,16045.9501953125,16132.900390625,264600
2022-07-08,16273.650390625,16275.5,16157.900390625,16220.599609375,281100
2022-07-11,16136.150390625,16248.5498046875,16115.5,16216.0,255900
2022-07-12,16126.2001953125,16158.75,16031.150390625,16058.2998046875,208600
2022-07-13,16128.2001953125,16140.0,15950.150390625,15966.650390625,233300
2022-07-14,16018.849609375,16070.849609375,15858.2001953125,15938.650390625,228600
2022-07-15,16010.7998046875,16066.9501953125,15927.2998046875,16049.2001953125,205800
2022-07-18,16151.400390625,16287.9501953125,16142.2001953125,16278.5,227700
2022-07-19,16187.0498046875,16359.5,16187.0498046875,16340.5498046875,222600
2022-07-20,16562.80078125,16588.0,16490.94921875,16520.849609375,284400
2022-07-21,16523.55078125,16626.94921875,16483.900390625,16605.25,243600
2022-07-22,16661.25,16752.25,16610.900390625,16719.44921875,190900
2022-07-25,16662.55078125,16706.05078125,16564.25,16631.0,211400
2022-07-26,16632.900390625,16636.099609375,16463.30078125,16483.849609375,208200
2022-07-27,16475.349609375,16653.44921875,16438.75,16641.80078125,185200
2022-07-28,16774.849609375,16947.650390625,16746.25,16929.599609375,376300
2022-07-29,17079.5,17172.80078125,17018.150390625,17158.25,436100
2022-08-01,17243.19921875,17356.25,17154.80078125,17340.05078125,381500
2022-08-02,17310.150390625,17390.150390625,17215.849609375,17345.44921875,333600
2022-08-03,17349.25,17407.5,17225.849609375,17388.150390625,285400
2022-08-04,17463.099609375,17490.69921875,17161.25,17382.0,325000
2022-08-05,17423.650390625,17474.400390625,17348.75,17397.5,355300
2022-08-08,17401.5,17548.80078125,17359.75,17525.099609375,257000
2022-08-10,17566.099609375,17566.099609375,17442.80078125,17534.75,312700
2022-08-11,17711.650390625,17719.30078125,17631.94921875,17659.0,311200
2022-08-12,17659.650390625,17724.650390625,17597.849609375,17698.150390625,303900
2022-08-16,17797.19921875,17839.099609375,17764.05078125,17825.25,0
2022-08-17,17868.150390625,17965.94921875,17833.349609375,17944.25,262800
2022-08-18,17898.650390625,17968.44921875,17852.05078125,17956.5,263900
2022-08-19,17966.55078125,17992.19921875,17710.75,17758.44921875,295600
2022-08-22,17682.900390625,17690.05078125,17467.349609375,17490.69921875,287600
2022-08-23,17357.349609375,17625.55078125,17345.19921875,17577.5,285600
2022-08-24,17525.44921875,17623.650390625,17499.25,17604.94921875,262000
2022-08-25,17679.0,17726.5,17487.44921875,17522.44921875,230200
2022-08-26,17619.30078125,17685.849609375,17519.349609375,17558.900390625,266600
2022-08-29,17188.650390625,17380.150390625,17166.19921875,17312.900390625,244900
2022-08-30,17414.94921875,17777.650390625,17401.5,17759.30078125,324700
2022-09-01,17485.69921875,17695.599609375,17468.44921875,17542.80078125,308500
2022-09-02,17598.400390625,17643.849609375,17476.44921875,17539.44921875,256300
2022-09-05,17546.44921875,17683.150390625,17540.349609375,17665.80078125,230300
2022-09-06,17695.69921875,17764.650390625,17587.650390625,17655.599609375,251200
2022-09-07,17519.400390625,17650.75,17484.30078125,17624.400390625,354100
2022-09-08,17748.150390625,17807.650390625,17691.94921875,17798.75,279800
2022-09-09,17923.349609375,17925.94921875,17786.0,17833.349609375,270300
2022-09-12,17890.849609375,17980.55078125,17889.150390625,17936.349609375,228200
2022-09-13,18044.44921875,18088.30078125,18015.44921875,18070.05078125,259900
2022-09-14,17771.150390625,18091.55078125,17771.150390625,18003.75,365900
2022-09-15,18046.349609375,18096.150390625,17861.5,17877.400390625,289600
2022-09-16,17796.80078125,17820.05078125,17497.25,17530.849609375,468500
2022-09-19,17540.650390625,17667.19921875,17429.69921875,17622.25,258300
2022-09-20,17770.400390625,17919.30078125,17744.400390625,17816.25,263100
2022-09-21,17766.349609375,17838.69921875,17663.599609375,17718.349609375,245500
2022-09-22,17609.650390625,17722.75,17532.44921875,17629.80078125,284100
2022-09-23,17593.849609375,17642.150390625,17291.650390625,17327.349609375,390800
2022-09-26,17156.30078125,17196.400390625,16978.30078125,17016.30078125,492000
2022-09-27,17110.900390625,17176.44921875,16942.349609375,17007.400390625,359900
2022-09-28,16870.55078125,17037.599609375,16820.400390625,16858.599609375,323900
2022-09-29,16993.599609375,17026.05078125,16788.599609375,16818.099609375,340000
2022-09-30,16798.05078125,17187.099609375,16747.69921875,17094.349609375,376100
2022-10-03,17102.099609375,17114.650390625,16855.55078125,16887.349609375,278400
2022-10-04,17147.44921875,17287.30078125,17117.30078125,17274.30078125,226000
2022-10-06,17379.25,17428.80078125,17315.650390625,17331.80078125,265500
2022-10-07,17287.19921875,17337.349609375,17216.94921875,17314.650390625,216300
2022-10-10,17094.349609375,17280.150390625,17064.69921875,17241.0,234000
2022-10-11,17256.05078125,17261.80078125,16950.30078125,16983.55078125,282600
2022-10-12,17025.55078125,17142.349609375,16960.05078125,17123.599609375,256000
2022-10-13,17087.349609375,17112.349609375,16956.94921875,17014.349609375,266400
2022-10-14,17322.30078125,17348.55078125,17169.75,17185.69921875,227000
2022-10-17,17144.80078125,17328.55078125,17098.55078125,17311.80078125,212200
2022-10-18,17438.75,17527.80078125,17434.05078125,17486.94921875,239500
2022-10-19,17568.150390625,17607.599609375,17472.849609375,17512.25,210500
2022-10-20,17423.099609375,17584.150390625,17421.0,17563.94921875,249600
2022-10-21,17622.849609375,17670.150390625,17520.75,17576.30078125,277700
2022-10-24,17736.349609375,17777.55078125,17707.400390625,17730.75,45000
2022-10-25,17808.30078125,17811.5,17637.0,17656.349609375,251400
2022-10-27,17771.400390625,17783.900390625,17654.5,17736.94921875,324600
2022-10-28,17756.400390625,17838.900390625,17723.69921875,17786.80078125,250000
2022-10-31,17910.19921875,18022.80078125,17899.900390625,18012.19921875,227200
2022-11-01,18130.69921875,18175.80078125,18060.150390625,18145.400390625,349900
2022-11-02,18177.900390625,18178.75,18048.650390625,18082.849609375,270900
2022-11-03,17968.349609375,18106.30078125,17959.19921875,18052.69921875,213000
2022-11-04,18053.400390625,18135.099609375,18017.150390625,18117.150390625,267900
2022-11-07,18211.75,18255.5,18064.75,18202.80078125,314800
2022-11-09,18288.25,18296.400390625,18117.5,18157.0,307200
2022-11-10,18044.349609375,18103.099609375,17969.400390625,18028.19921875,256500
2022-11-11,18272.349609375,18362.30078125,18259.349609375,18349.69921875,378500
2022-11-14,18376.400390625,18399.44921875,18311.400390625,18329.150390625,301400
2022-11-15,18362.75,18427.94921875,18282.0,18403.400390625,250900
2022-11-16,18398.25,18442.150390625,18344.150390625,18409.650390625,219300
2022-11-17,18358.69921875,18417.599609375,18312.94921875,18343.900390625,200500
2022-11-18,18382.94921875,18394.599609375,18209.80078125,18307.650390625,198800
2022-11-21,18246.400390625,18262.30078125,18133.349609375,18159.94921875,213800
2022-11-22,18179.150390625,18261.849609375,18137.69921875,18244.19921875,177700
2022-11-23,18325.19921875,18325.400390625,18246.0,18267.25,178800
2022-11-24,18326.099609375,18529.69921875,18294.25,18484.099609375,204000
2022-11-25,18528.44921875,18534.900390625,18445.099609375,18512.75,205900
2022-11-28,18430.55078125,18614.25,18365.599609375,18562.75,206500
2022-11-29,18552.44921875,18678.099609375,18552.150390625,18618.05078125,195300
2022-11-30,18625.69921875,18816.05078125,18616.55078125,18758.349609375,345600
2022-12-01,18871.94921875,18887.599609375,18778.19921875,18812.5,325000
2022-12-02,18752.400390625,18781.94921875,18639.19921875,18696.099609375,254400
2022-12-05,18719.55078125,18728.599609375,18591.349609375,18701.05078125,288400
2022-12-06,18600.650390625,18654.900390625,18577.900390625,18642.75,217800
2022-12-07,18638.849609375,18668.30078125,18528.400390625,18560.5,200500
2022-12-08,18570.849609375,18625.0,18536.94921875,18609.349609375,202800
2022-12-09,18662.400390625,18664.69921875,18410.099609375,18496.599609375,215800
2022-12-12,18402.150390625,18521.55078125,18345.69921875,18497.150390625,193900
2022-12-13,18524.400390625,18617.25,18490.19921875,18608.0,187600
2022-12-14,18671.25,18696.099609375,18632.900390625,18660.30078125,208000
2022-12-15,18614.400390625,18652.900390625,18387.69921875,18414.900390625,183100
2022-12-16,18319.099609375,18440.94921875,18255.150390625,18269.0,277700
2022-12-19,18288.099609375,18431.650390625,18244.55078125,18420.44921875,154800
2022-12-20,18340.30078125,18404.900390625,18202.650390625,18385.30078125,169000
2022-12-21,18435.150390625,18473.349609375,18162.75,18199.099609375,187600
2022-12-22,18288.80078125,18318.75,18068.599609375,18127.349609375,195700
2022-12-23,17977.650390625,18050.44921875,17779.5,17806.80078125,221500
2022-12-26,17830.400390625,18084.099609375,17774.25,18014.599609375,176700
2022-12-27,18089.80078125,18149.25,17967.44921875,18132.30078125,214300
2022-12-28,18084.75,18173.099609375,18068.349609375,18122.5,193900
2022-12-29,18045.69921875,18229.69921875,17992.80078125,18191.0,281100
2022-12-30,18259.099609375,18265.25,18080.30078125,18105.30078125,192000
2023-01-02,18131.69921875,18215.150390625,18086.5,18197.44921875,256100
2023-01-03,18163.19921875,18251.94921875,18149.80078125,18232.55078125,208700
2023-01-04,18230.650390625,18243.0,18020.599609375,18042.94921875,235200
2023-01-05,18101.94921875,18120.30078125,17892.599609375,17992.150390625,269900
2023-01-06,18008.05078125,18047.400390625,17795.55078125,17859.44921875,238200
2023-01-09,17952.55078125,18141.400390625,17936.150390625,18101.19921875,257200
2023-01-10,18121.30078125,18127.599609375,17856.0,17914.150390625,283300
2023-01-11,17924.25,17976.349609375,17824.349609375,17895.69921875,259900
2023-01-12,17920.849609375,17945.80078125,17761.650390625,17858.19921875,227800
2023-01-13,17867.5,17999.349609375,17774.25,17956.599609375,256700
2023-01-16,18033.150390625,18049.650390625,17853.650390625,17894.849609375,206200
2023-01-17,17922.80078125,18072.05078125,17886.94921875,18053.30078125,219100
2023-01-18,18074.30078125,18183.75,18032.44921875,18165.349609375,255800
2023-01-19,18119.80078125,18155.19921875,18063.75,18107.849609375,237800
2023-01-20,18115.599609375,18145.44921875,18016.19921875,18027.650390625,237200
2023-01-23,18118.44921875,18162.599609375,18063.44921875,18118.55078125,202500
2023-01-24,18183.94921875,18201.25,18078.650390625,18118.30078125,216900
2023-01-25,18093.349609375,18100.599609375,17846.150390625,17891.94921875,257200
2023-01-27,17877.19921875,17884.75,17493.55078125,17604.349609375,476300
2023-01-30,17541.94921875,17709.150390625,17405.55078125,17648.94921875,432400
2023-01-31,17731.44921875,17735.69921875,17537.55078125,17662.150390625,398300
2023-02-01,17811.599609375,17972.19921875,17353.400390625,17616.30078125,512900
2023-02-02,17517.099609375,17653.900390625,17445.94921875,17610.400390625,490100
2023-02-03,17721.75,17870.30078125,17584.19921875,17854.05078125,424100
2023-02-06,17818.55078125,17823.69921875,17698.349609375,17764.599609375,282500
2023-02-07,17790.099609375,17811.150390625,17652.55078125,17721.5,354400
2023-02-08,17750.30078125,17898.69921875,17744.150390625,17871.69921875,291000
2023-02-09,17885.5,17916.900390625,17779.80078125,17893.44921875,260900
2023-02-10,17847.55078125,17876.94921875,17801.0,17856.5,232000
2023-02-13,17859.099609375,17880.69921875,17719.75,17770.900390625,231300
2023-02-14,17840.349609375,17954.55078125,17800.05078125,17929.849609375,244500
2023-02-15,17896.599609375,18034.099609375,17853.80078125,18015.849609375,229300
2023-02-16,18094.75,18134.75,18000.650390625,18035.849609375,230200
2023-02-17,17974.849609375,18034.25,17884.599609375,17944.19921875,208100
2023-02-20,17965.55078125,18004.349609375,17818.400390625,17844.599609375,174600
2023-02-21,17905.80078125,17924.900390625,17800.30078125,17826.69921875,198200
2023-02-22,17755.349609375,17772.5,17529.44921875,17554.30078125,204000
2023-02-23,17574.650390625,17620.05078125,17455.400390625,17511.25,240800
2023-02-24,17591.349609375,17599.75,17421.80078125,17465.80078125,209400
2023-02-27,17428.599609375,17451.599609375,17299.0,17392.69921875,246400
2023-02-28,17383.25,17440.44921875,17255.19921875,17303.94921875,420900
2023-03-01,17360.099609375,17467.75,17345.25,17450.900390625,272900
2023-03-02,17421.5,17445.80078125,17306.0,17321.900390625,310700
2023-03-03,17451.25,17644.75,17427.69921875,17594.349609375,356200
2023-03-06,17680.349609375,17799.94921875,17671.94921875,17711.44921875,362800
2023-03-08,17665.75,17766.5,17602.25,17754.400390625,267000
2023-03-09,17772.05078125,17772.349609375,17573.599609375,17589.599609375,262400
2023-03-10,17443.80078125,17451.5,17324.349609375,17412.900390625,235900
2023-03-13,17421.900390625,17529.900390625,17113.44921875,17154.30078125,254900
2023-03-14,17160.55078125,17224.650390625,16987.099609375,17043.30078125,290600
2023-03-15,17166.44921875,17211.349609375,16938.900390625,16972.150390625,248200
2023-03-16,16994.650390625,17062.44921875,16850.150390625,16985.599609375,349800
2023-03-17,17111.80078125,17145.80078125,16958.150390625,17100.05078125,408100
2023-03-20,17066.599609375,17066.599609375,16828.349609375,16988.400390625,241800
2023-03-21,17060.400390625,17127.69921875,17016.0,17107.5,246700
2023-03-22,17177.44921875,17207.25,17107.849609375,17151.900390625,0
2023-03-23,17097.400390625,17205.400390625,17045.30078125,17076.900390625,219200
2023-03-24,17076.19921875,17109.44921875,16917.349609375,16945.05078125,228000
2023-03-27,16984.30078125,17091.0,16918.55078125,16985.69921875,218400
2023-03-28,17031.75,17061.75,16913.75,16951.69921875,238800
2023-03-29,16977.30078125,17126.150390625,16940.599609375,17080.69921875,345900
2023-03-31,17210.349609375,17381.599609375,17204.650390625,17359.75,263900
2023-04-03,17427.94921875,17428.05078125,17312.75,17398.05078125,230200
2023-04-05,17422.30078125,17570.55078125,17402.69921875,17557.05078125,248300
2023-04-06,17533.849609375,17638.69921875,17502.849609375,17599.150390625,242700
2023-04-10,17634.900390625,17694.099609375,17597.94921875,17624.05078125,254800
2023-04-11,17704.80078125,17748.75,17655.150390625,17722.30078125,304300
2023-04-12,17759.55078125,17825.75,17717.25,17812.400390625,232800
2023-04-13,17807.30078125,17842.150390625,17729.650390625,17828.0,285800
2023-04-17,17863.0,17863.0,17574.05078125,17706.849609375,357400
2023-04-18,17766.599609375,17766.599609375,17610.19921875,17660.150390625,258900
2023-04-19,17653.349609375,17666.150390625,17579.849609375,17618.75,281500
2023-04-20,17638.599609375,17684.44921875,17584.349609375,17624.44921875,215100
2023-04-21,17639.75,17663.19921875,17553.94921875,17624.05078125,230200
2023-04-24,17707.55078125,17754.5,17612.5,17743.400390625,255700
2023-04-25,17761.55078125,17807.44921875,17716.849609375,17769.25,297400
2023-04-26,17767.30078125,17827.75,17711.19921875,17813.599609375,233000
2023-04-27,17813.099609375,17931.599609375,17797.900390625,17915.05078125,241400
2023-04-28,17950.400390625,18089.150390625,17885.30078125,18065.0,290300
2023-05-02,18124.80078125,18180.25,18101.75,18147.650390625,265200
2023-05-03,18113.80078125,18116.349609375,18042.400390625,18089.849609375,226200
2023-05-04,18081.0,18267.44921875,18066.69921875,18255.80078125,226600
2023-05-05,18117.30078125,18216.94921875,18055.44921875,18069.0,239700
2023-05-08,18120.599609375,18286.94921875,18100.30078125,18264.400390625,228400
2023-05-09,18303.400390625,18344.19921875,18229.650390625,18265.94921875,245400
2023-05-10,18313.599609375,18326.75,18211.94921875,18315.099609375,220500
2023-05-11,18357.80078125,18389.69921875,18270.400390625,18297.0,248900
2023-05-12,18273.75,18342.75,18194.55078125,18314.80078125,241700
2023-05-15,18339.30078125,18458.900390625,18287.900390625,18398.849609375,216100
2023-05-16,18432.349609375,18432.349609375,18264.349609375,18286.5,219500
2023-05-17,18300.44921875,18309.0,18115.349609375,18181.75,229900
2023-05-18,18287.5,18297.19921875,18104.849609375,18129.94921875,272100
2023-05-19,18186.150390625,18218.099609375,18060.400390625,18203.400390625,260900
2023-05-22,18201.099609375,18335.25,18178.849609375,18314.400390625,262600
2023-05-23,18362.900390625,18419.75,18324.19921875,18348.0,270400
2023-05-24,18294.80078125,18392.599609375,18262.94921875,18285.400390625,232600
2023-05-25,18268.900390625,18338.099609375,18202.400390625,18321.150390625,235900
2023-05-26,18368.349609375,18508.55078125,18333.150390625,18499.349609375,198700
2023-05-29,18619.150390625,18641.19921875,18581.25,18598.650390625,265300
2023-05-30,18606.650390625,18662.44921875,18575.5,18633.849609375,234400
2023-05-31,18594.19921875,18603.900390625,18483.849609375,18534.400390625,696500
2023-06-01,18579.400390625,18580.30078125,18464.55078125,18487.75,265600
2023-06-02,18550.849609375,18573.69921875,18478.400390625,18534.099609375,270900
2023-06-05,18612.0,18640.150390625,18582.80078125,18593.849609375,256100
2023-06-06,18600.80078125,18622.75,18531.599609375,18599.0,220800
2023-06-07,18665.599609375,18738.94921875,18636.0,18726.400390625,260100
2023-06-08,18725.349609375,18777.900390625,18615.599609375,18634.55078125,286500
2023-06-09,18655.900390625,18676.650390625,18555.400390625,18563.400390625,221800
2023-06-12,18595.05078125,18633.599609375,18559.75,18601.5,179500
2023-06-13,18631.80078125,18728.900390625,18631.80078125,18716.150390625,233200
2023-06-14,18744.599609375,18769.69921875,18690.0,18755.900390625,261400
2023-06-15,18774.44921875,18794.099609375,18669.05078125,18688.099609375,263000
2023-06-16,18723.30078125,18864.69921875,18710.5,18826.0,272800
2023-06-19,18873.30078125,18881.44921875,18719.150390625,18755.44921875,219800
2023-06-20,18752.349609375,18839.69921875,18660.650390625,18816.69921875,211600
2023-06-21,18849.400390625,18875.900390625,18794.849609375,18856.849609375,217500
2023-06-22,18853.599609375,18886.599609375,18759.5,18771.25,252700
2023-06-23,18741.849609375,18756.400390625,18647.099609375,18665.5,210600
2023-06-26,18682.349609375,18722.05078125,18646.69921875,18691.19921875,171300
2023-06-27,18748.55078125,18829.25,18714.25,18817.400390625,222500
2023-06-28,18908.150390625,19011.25,18861.349609375,18972.099609375,398800
2023-06-30,19076.849609375,19201.69921875,19024.599609375,19189.05078125,247900
2023-07-03,19246.5,19345.099609375,19234.400390625,19322.55078125,226100
2023-07-04,19406.599609375,19434.150390625,19300.0,19389.0,226900
2023-07-05,19405.94921875,19421.599609375,19339.599609375,19398.5,224400
2023-07-06,19385.69921875,19512.19921875,19373.0,19497.30078125,268300
2023-07-07,19422.80078125,19523.599609375,19303.599609375,19331.80078125,237100
2023-07-10,19400.349609375,19435.849609375,19327.099609375,19355.900390625,268200
2023-07-11,19427.099609375,19515.099609375,19406.44921875,19439.400390625,251300
2023-07-12,19497.44921875,19507.69921875,19361.75,19384.30078125,327900
2023-07-13,19495.19921875,19567.0,19385.80078125,19413.75,310400
2023-07-14,19493.44921875,19595.349609375,19433.5,19564.5,291200
2023-07-17,19612.150390625,19731.849609375,19562.94921875,19711.44921875,268700
2023-07-18,19787.5,19819.44921875,19690.19921875,19749.25,286400
2023-07-19,19802.94921875,19851.69921875,19727.44921875,19833.150390625,259700
2023-07-20,19831.69921875,19991.849609375,19758.400390625,19979.150390625,274700
2023-07-21,19800.44921875,19887.400390625,19700.0,19745.0,312500
2023-07-24,19748.44921875,19782.75,19658.30078125,19672.349609375,265600
2023-07-25,19729.349609375,19729.349609375,19615.94921875,19680.599609375,369700
2023-07-26,19733.349609375,19825.599609375,19716.69921875,19778.30078125,244700
2023-07-27,19850.900390625,19867.55078125,19603.55078125,19659.900390625,334900
2023-07-28,19659.75,19695.900390625,19563.099609375,19646.05078125,258700
2023-07-31,19666.349609375,19772.75,19597.599609375,19753.80078125,295100
2023-08-01,19784.0,19795.599609375,19704.599609375,19733.55078125,298000
2023-08-02,19655.400390625,19678.25,19423.55078125,19526.55078125,290700
2023-08-03,19463.75,19537.650390625,19296.44921875,19381.650390625,315700
2023-08-04,19462.80078125,19538.849609375,19436.44921875,19517.0,280800
2023-08-07,19576.849609375,19620.44921875,19524.80078125,19597.30078125,216600
2023-08-08,19627.19921875,19634.400390625,19533.099609375,19570.849609375,260300
2023-08-09,19578.80078125,19645.5,19467.5,19632.55078125,266500
2023-08-10,19605.55078125,19623.599609375,19495.400390625,19543.099609375,312200
2023-08-11,19554.25,19557.75,19412.75,19428.30078125,235500
2023-08-14,19383.94921875,19465.849609375,19257.900390625,19434.55078125,243900
2023-08-16,19369.0,19482.75,19317.19921875,19465.0,0
2023-08-17,19450.55078125,19461.55078125,19326.25,19365.25,268700
2023-08-18,19301.75,19373.80078125,19253.599609375,19310.150390625,256100
2023-08-21,19320.650390625,19425.94921875,19296.30078125,19393.599609375,262600
2023-08-22,19417.099609375,19443.5,19381.30078125,19396.44921875,208700
2023-08-23,19439.19921875,19472.05078125,19366.599609375,19444.0,225200
2023-08-24,19535.150390625,19584.44921875,19369.0,19386.69921875,268300
2023-08-25,19297.400390625,19339.55078125,19229.69921875,19265.80078125,466500
2023-08-28,19298.349609375,19366.849609375,19249.69921875,19306.05078125,248200
2023-08-29,19374.849609375,19377.900390625,19309.099609375,19342.650390625,307400
2023-08-30,19433.44921875,19452.80078125,19334.75,19347.44921875,233000
2023-08-31,19375.55078125,19388.19921875,19223.650390625,19253.80078125,562600
2023-09-01,19258.150390625,19458.55078125,19255.69921875,19435.30078125,333000
2023-09-04,19525.05078125,19545.150390625,19432.849609375,19528.80078125,296800
2023-09-05,19564.650390625,19587.05078125,19525.75,19574.900390625,256800
2023-09-06,19581.19921875,19636.44921875,19491.5,19611.05078125,287600
2023-09-07,19598.650390625,19737.0,19550.05078125,19727.05078125,304900
2023-09-08,19774.80078125,19867.150390625,19727.05078125,19819.94921875,288100
2023-09-11,19890.0,20008.150390625,19865.349609375,19996.349609375,248800
2023-09-12,20110.150390625,20110.349609375,19914.650390625,19993.19921875,328100
2023-09-13,19989.5,20096.900390625,19944.099609375,20070.0,251400
2023-09-14,20127.94921875,20167.650390625,20043.44921875,20103.099609375,275100
2023-09-15,20156.44921875,20222.44921875,20129.69921875,20192.349609375,438200
2023-09-18,20155.94921875,20195.349609375,20115.69921875,20133.30078125,264900
2023-09-20,19980.75,20050.650390625,19878.849609375,19901.400390625,378100
2023-09-21,19840.55078125,19848.75,19709.94921875,19742.349609375,275100
2023-09-22,19744.849609375,19798.650390625,19657.5,19674.25,246400
2023-09-25,19678.19921875,19734.150390625,19601.55078125,19674.55078125,188400
2023-09-26,19682.80078125,19699.349609375,19637.44921875,19664.69921875,204900
2023-09-27,19637.05078125,19730.69921875,19554.0,19716.44921875,203600
2023-09-28,19761.80078125,19766.650390625,19492.099609375,19523.55078125,352800
2023-09-29,19581.19921875,19726.25,19551.05078125,19638.30078125,243500
2023-10-03,19622.400390625,19623.19921875,19479.650390625,19528.75,221700
2023-10-04,19446.30078125,19457.80078125,19333.599609375,19436.099609375,277100
2023-10-05,19521.849609375,19576.94921875,19487.30078125,19545.75,234900
2023-10-06,19621.19921875,19675.75,19589.400390625,19653.5,159100
2023-10-09,19539.44921875,19588.94921875,19480.5,19512.349609375,165100
2023-10-10,19565.599609375,19717.80078125,19565.44921875,19689.849609375,216600
2023-10-11,19767.0,19839.19921875,19756.94921875,19811.349609375,213700
2023-10-12,19822.69921875,19843.30078125,19772.650390625,19794.0,217900
2023-10-13,19654.55078125,19805.400390625,19635.30078125,19751.05078125,255000
2023-10-16,19737.25,19781.30078125,19691.849609375,19731.75,181000
2023-10-17,19843.19921875,19849.75,19775.650390625,19811.5,185800
2023-10-18,19820.44921875,19840.94921875,19659.94921875,19671.099609375,198900
2023-10-19,19545.19921875,19681.80078125,19512.349609375,19624.69921875,230300
2023-10-20,19542.150390625,19593.80078125,19518.69921875,19542.650390625,198300
2023-10-23,19521.599609375,19556.849609375,19257.849609375,19281.75,176000
2023-10-25,19286.44921875,19347.30078125,19074.150390625,19122.150390625,225300
2023-10-26,19027.25,19041.69921875,18837.849609375,18857.25,300400
2023-10-27,18928.75,19076.150390625,18926.650390625,19047.25,205200
2023-10-30,19053.400390625,19158.5,18940.0,19140.900390625,180100
2023-10-31,19232.94921875,19233.69921875,19056.44921875,19079.599609375,206000
2023-11-01,19064.05078125,19096.05078125,18973.69921875,18989.150390625,194100
2023-11-02,19120.0,19175.25,19064.150390625,19133.25,245600
2023-11-03,19241.0,19276.25,19210.900390625,19230.599609375,189500
2023-11-06,19345.849609375,19423.0,19309.69921875,19411.75,180700
2023-11-07,19404.05078125,19423.5,19329.099609375,19406.69921875,198700
2023-11-08,19449.599609375,19464.400390625,19401.5,19443.5,195000
2023-11-09,19457.400390625,19463.900390625,19378.349609375,19395.30078125,208400
2023-11-10,19351.849609375,19451.30078125,19329.44921875,19425.349609375,152200
2023-11-12,19547.25,19547.25,19510.25,19525.55,37311902
2023-11-13,19486.75,19494.400390625,19414.75,19443.55078125,189300
2023-11-15,19651.400390625,19693.19921875,19579.650390625,19675.44921875,291500
2023-11-16,19674.69921875,19875.25,19627.0,19765.19921875,282700
2023-11-17,19674.75,19806.0,19667.44921875,19731.80078125,236800
2023-11-20,19731.150390625,19756.44921875,19670.5,19694.0,173800
2023-11-21,19770.900390625,19829.099609375,19754.05078125,19783.400390625,195000
2023-11-22,19784.0,19825.55078125,19703.849609375,19811.849609375,184500
2023-11-23,19828.44921875,19875.150390625,19786.75,19802.0,170000
2023-11-24,19809.599609375,19832.849609375,19768.849609375,19794.69921875,145900
2023-11-28,19844.650390625,19916.849609375,19800.0,19889.69921875,229600
2023-11-29,19976.55078125,20104.650390625,19956.30078125,20096.599609375,236200
2023-11-30,20108.5,20158.69921875,20015.849609375,20133.150390625,486600
2023-12-01,20194.099609375,20291.55078125,20183.69921875,20267.900390625,265800
2023-12-04,20601.94921875,20702.650390625,20507.75,20686.80078125,381100
2023-12-05,20808.900390625,20864.05078125,20711.150390625,20855.099609375,421000
2023-12-06,20950.75,20961.94921875,20852.150390625,20937.69921875,359200
2023-12-07,20932.400390625,20941.25,20850.80078125,20901.150390625,275000
2023-12-08,20934.099609375,21006.099609375,20862.69921875,20969.400390625,292400
2023-12-11,20965.30078125,21026.099609375,20923.69921875,20997.099609375,212900
2023-12-12,21018.55078125,21037.900390625,20867.150390625,20906.400390625,244900
2023-12-13,20929.75,20950.0,20769.5,20926.349609375,260300
2023-12-14,21110.400390625,21210.900390625,21074.44921875,21182.69921875,334400
2023-12-15,21287.44921875,21492.30078125,21235.30078125,21456.650390625,508800
2023-12-18,21434.80078125,21482.80078125,21365.349609375,21418.650390625,249700
2023-12-19,21477.650390625,21505.05078125,21337.75,21453.099609375,249800
2023-12-20,21543.5,21593.0,21087.349609375,21150.150390625,363900
2023-12-21,21033.94921875,21288.349609375,20976.80078125,21255.05078125,277500
2023-12-22,21295.849609375,21390.5,21232.44921875,21349.400390625,284700
2023-12-26,21365.19921875,21477.150390625,21329.44921875,21441.349609375,219500
2023-12-27,21497.650390625,21675.75,21495.80078125,21654.75,256500
2023-12-28,21715.0,21801.44921875,21678.0,21778.69921875,393100
2023-12-29,21737.650390625,21770.30078125,21676.900390625,21731.400390625,270900
2024-01-01,21727.75,21834.349609375,21680.849609375,21741.900390625,154000
2024-01-02,21751.349609375,21755.599609375,21555.650390625,21665.80078125,263700
2024-01-03,21661.099609375,21677.0,21500.349609375,21517.349609375,311900
2024-01-04,21605.80078125,21685.650390625,21564.55078125,21658.599609375,339200
2024-01-05,21705.75,21749.599609375,21629.19921875,21710.80078125,309300
2024-01-08,21747.599609375,21763.94921875,21492.900390625,21513.0,231500
2024-01-09,21653.599609375,21724.44921875,21517.849609375,21544.849609375,228600
2024-01-10,21529.30078125,21641.849609375,21448.650390625,21618.69921875,217000
2024-01-11,21688.0,21726.5,21593.75,21647.19921875,212500
2024-01-12,21773.55078125,21928.25,21715.150390625,21894.55078125,294700
2024-01-15,22053.150390625,22115.55078125,21963.55078125,22097.44921875,345500
2024-01-16,22080.5,22124.150390625,21969.80078125,22032.30078125,292400
2024-01-17,21647.25,21851.5,21550.44921875,21571.94921875,456000
2024-01-18,21414.19921875,21539.400390625,21285.55078125,21462.25,387300
2024-01-19,21615.19921875,21670.599609375,21575.0,21622.400390625,343100
2024-01-20,21706.15,21720.3,21541.8,21571.8,162073740
2024-01-23,21716.69921875,21750.25,21192.599609375,21238.80078125,449700
2024-01-24,21185.25,21482.349609375,21137.19921875,21453.94921875,407500
2024-01-25,21454.599609375,21459.0,21247.05078125,21352.599609375,418100
2024-01-29,21433.099609375,21763.25,21429.599609375,21737.599609375,376700
2024-01-30,21775.75,21813.05078125,21501.80078125,21522.099609375,375100
2024-01-31,21487.25,21741.349609375,21448.849609375,21725.69921875,410600
2024-02-01,21780.650390625,21832.94921875,21658.75,21697.44921875,332500
2024-02-02,21812.75,22126.80078125,21805.55078125,21853.80078125,442800
2024-02-05,21921.05078125,21964.30078125,21726.94921875,21771.69921875,440800
2024-02-06,21825.19921875,21951.400390625,21737.55078125,21929.400390625,371000
2024-02-07,22045.05078125,22053.30078125,21860.150390625,21930.5,346300
2024-02-08,22009.650390625,22011.05078125,21665.30078125,21717.94921875,491100
2024-02-09,21727.0,21804.44921875,21629.900390625,21782.5,349200
2024-02-12,21800.80078125,21831.69921875,21574.75,21616.05078125,287400
2024-02-13,21664.30078125,21766.80078125,21543.349609375,21743.25,365800
2024-02-14,21578.150390625,21870.849609375,21530.19921875,21840.05078125,359100
2024-02-15,21906.55078125,21953.849609375,21794.80078125,21910.75,345400
2024-02-16,22020.30078125,22068.650390625,21968.94921875,22040.69921875,343900
2024-02-19,22103.44921875,22186.650390625,22021.05078125,22122.25,0
2024-02-20,22099.19921875,22215.599609375,22045.849609375,22196.94921875,295700
2024-02-21,22248.849609375,22249.400390625,21997.94921875,22055.05078125,364500
2024-02-22,22081.55078125,22252.5,21875.25,22217.44921875,343500
2024-02-23,22290.0,22297.5,22186.099609375,22212.69921875,226000
2024-02-26,22169.19921875,22202.150390625,22075.150390625,22122.05078125,207800
2024-02-27,22090.19921875,22218.25,22085.650390625,22198.349609375,252200
2024-02-28,22214.099609375,22229.150390625,21915.849609375,21951.150390625,203000
2024-02-29,21935.19921875,22060.55078125,21860.650390625,21982.80078125,360200
2024-03-01,22048.30078125,22353.30078125,22047.75,22338.75,351500
2024-03-04,22403.5,22440.900390625,22358.30078125,22405.599609375,298800
2024-03-05,22371.25,22416.900390625,22269.150390625,22356.30078125,296200
2024-03-06,22327.5,22497.19921875,22224.349609375,22474.05078125,312300
2024-03-07,22505.30078125,22525.650390625,22430.0,22493.55078125,379900
2024-03-11,22517.5,22526.599609375,22307.25,22332.650390625,277900
2024-03-12,22334.44921875,22452.55078125,22256.0,22335.69921875,299200
2024-03-13,22432.19921875,22446.75,21905.650390625,21997.69921875,493300
2024-03-14,21982.55078125,22204.599609375,21917.5,22146.650390625,426700
2024-03-15,22064.849609375,22120.900390625,21931.69921875,22023.349609375,661500
2024-03-18,21990.099609375,22123.69921875,21916.55078125,22055.69921875,356300
2024-03-19,21946.44921875,21978.30078125,21793.099609375,21817.44921875,344200
2024-03-20,21843.900390625,21930.900390625,21710.19921875,21839.099609375,312400
2024-03-21,21989.900390625,22080.94921875,21941.30078125,22011.94921875,353200
2024-03-22,21932.19921875,22180.69921875,21883.30078125,22096.75,388700
2024-03-26,21947.900390625,22073.19921875,21947.55078125,22004.69921875,328400
2024-03-27,22053.94921875,22193.599609375,22052.849609375,22123.650390625,409100
2024-03-28,22163.599609375,22516.0,22163.599609375,22326.900390625,410500
2024-04-01,22455.0,22529.94921875,22427.75,22462.0,0
2024-04-02,22458.80078125,22497.599609375,22388.150390625,22453.30078125,289500
2024-04-03,22385.69921875,22521.099609375,22346.5,22434.650390625,309600
2024-04-04,22592.099609375,22619.0,22303.80078125,22514.650390625,401000
2024-04-05,22486.400390625,22537.599609375,22427.599609375,22513.69921875,242200
2024-04-08,22578.349609375,22697.30078125,22550.349609375,22666.30078125,227600
2024-04-09,22765.099609375,22768.400390625,22612.25,22642.75,232400
2024-04-10,22720.25,22775.69921875,22673.69921875,22753.80078125,276800
2024-04-12,22677.400390625,22726.44921875,22503.75,22519.400390625,357200
2024-04-15,22339.05078125,22427.44921875,22259.55078125,22272.5,355500
2024-04-16,22125.30078125,22213.75,22079.44921875,22147.900390625,317300
2024-04-18,22212.349609375,22326.5,21961.69921875,21995.849609375,456900
2024-04-19,21861.5,22179.55078125,21777.650390625,22147.0,362500
2024-04-22,22336.900390625,22375.650390625,22198.150390625,22336.400390625,279300
2024-04-23,22447.05078125,22447.55078125,22349.44921875,22368.0,231500
2024-04-24,22421.55078125,22476.44921875,22384.0,22402.400390625,235900
2024-04-25,22316.900390625,22625.94921875,22305.25,22570.349609375,475000
2024-04-26,22620.400390625,22620.400390625,22385.55078125,22419.94921875,329900
2024-04-29,22475.55078125,22655.80078125,22441.900390625,22643.400390625,292000
2024-04-30,22679.650390625,22783.349609375,22568.400390625,22604.849609375,361900
2024-05-02,22567.849609375,22710.5,22567.849609375,22648.19921875,445900
2024-05-03,22766.349609375,22794.69921875,22348.05078125,22475.849609375,438100
2024-05-06,22561.599609375,22588.80078125,22409.44921875,22442.69921875,320300
2024-05-07,22489.75,22499.05078125,22232.05078125,22302.5,297800
2024-05-08,22231.19921875,22368.650390625,22185.19921875,22302.5,277400
2024-05-09,22224.80078125,22307.75,21932.400390625,21957.5,331300
2024-05-10,21990.94921875,22131.30078125,21950.30078125,22055.19921875,265800
2024-05-13,22027.94921875,22131.650390625,21821.05078125,22104.05078125,278200
2024-05-14,22112.900390625,22270.05078125,22081.25,22217.849609375,230200
2024-05-15,22255.599609375,22297.55078125,22151.75,22200.55078125,231900
2024-05-16,22319.19921875,22432.25,22054.55078125,22403.849609375,368900
2024-05-17,22415.25,22502.150390625,22345.650390625,22466.099609375,242700
2024-05-18,22512.85,22520.25,22470.05,22502.0,19064566
2024-05-21,22404.55078125,22591.099609375,22404.55078125,22529.05078125,347600
2024-05-22,22576.599609375,22629.5,22483.150390625,22597.80078125,290300
2024-05-23,22614.099609375,22993.599609375,22577.44921875,22967.650390625,369800
2024-05-24,22930.75,23026.400390625,22908.0,22957.099609375,261900
2024-05-27,23038.94921875,23110.80078125,22871.19921875,22932.44921875,260000
2024-05-28,22977.150390625,22998.55078125,22858.5,22888.150390625,217900
2024-05-29,22762.75,22825.5,22685.44921875,22704.69921875,269900
2024-05-30,22617.44921875,22705.75,22417.0,22488.650390625,373400
2024-05-31,22568.099609375,22653.75,22465.099609375,22530.69921875,572100
2024-06-03,23337.900390625,23338.69921875,23062.30078125,23263.900390625,569400
2024-06-04,23179.5,23179.5,21281.44921875,21884.5,1006100
2024-06-05,22128.349609375,22670.400390625,21791.94921875,22620.349609375,638500
2024-06-06,22798.599609375,22910.150390625,22642.599609375,22821.400390625,480400
2024-06-07,22821.849609375,23320.19921875,22789.05078125,23290.150390625,473600
2024-06-10,23319.150390625,23411.900390625,23227.150390625,23259.19921875,304400
2024-06-11,23283.75,23389.44921875,23206.650390625,23264.849609375,305200
2024-06-12,23344.44921875,23441.94921875,23295.94921875,23322.94921875,295600
2024-06-13,23480.94921875,23481.05078125,23353.900390625,23398.900390625,268300
2024-06-14,23464.94921875,23490.400390625,23334.25,23465.599609375,223100
2024-06-18,23570.80078125,23579.05078125,23499.69921875,23557.900390625,272200
2024-06-19,23629.849609375,23664.0,23412.900390625,23516.0,328800
2024-06-20,23586.150390625,23624.0,23442.599609375,23567.0,280300
2024-06-21,23661.150390625,23667.099609375,23398.19921875,23501.099609375,609900
2024-06-24,23382.30078125,23558.099609375,23350.0,23537.849609375,239400
2024-06-25,23577.099609375,23754.150390625,23562.05078125,23721.30078125,298100
2024-06-26,23723.099609375,23889.900390625,23670.44921875,23868.80078125,287800
2024-06-27,23881.55078125,24087.44921875,23805.400390625,24044.5,515200
2024-06-28,24085.900390625,24174.0,23985.80078125,24010.599609375,354800
2024-07-01,23992.94921875,24164.0,23992.69921875,24141.94921875,0
2024-07-02,24228.75,24236.349609375,24056.400390625,24123.849609375,0
2024-07-03,24291.75,24309.150390625,24207.099609375,24286.5,0
2024-07-04,24369.94921875,24401.0,24281.0,24302.150390625,251200
2024-07-05,24213.349609375,24363.0,24168.849609375,24323.849609375,298400
2024-07-08,24329.44921875,24344.599609375,24240.55078125,24320.55078125,266300
2024-07-09,24351.0,24443.599609375,24331.900390625,24433.19921875,250500
2024-07-10,24459.849609375,24461.05078125,24141.80078125,24324.44921875,292300
2024-07-11,24396.55078125,24402.650390625,24193.75,24315.94921875,306400
2024-07-12,24387.94921875,24592.19921875,24331.150390625,24502.150390625,325800
2024-07-15,24587.599609375,24635.05078125,24522.75,24586.69921875,305400
2024-07-16,24615.900390625,24661.25,24587.650390625,24613.0,283200
2024-07-18,24543.80078125,24837.75,24504.44921875,24800.849609375,350900
2024-07-19,24853.80078125,24854.80078125,24508.150390625,24530.900390625,343800
2024-07-22,24445.75,24595.19921875,24362.30078125,24509.25,324200
2024-07-23,24568.900390625,24582.55078125,24074.19921875,24479.05078125,436400
2024-07-24,24444.94921875,24504.25,24307.25,24413.5,366600
2024-07-25,24230.94921875,24426.150390625,24210.80078125,24406.099609375,391800
2024-07-26,24423.349609375,24861.150390625,24410.900390625,24834.849609375,383800
2024-07-29,24943.30078125,24999.75,24774.599609375,24836.099609375,355000
2024-07-30,24839.400390625,24971.75,24798.650390625,24857.30078125,385000
2024-07-31,24886.69921875,24984.599609375,24856.5,24951.150390625,333600
2024-08-01,25030.94921875,25078.30078125,24956.400390625,25010.900390625,431300
2024-08-02,24789.0,24851.900390625,24686.849609375,24717.69921875,345000
2024-08-05,24302.849609375,24350.05078125,23893.69921875,24055.599609375,487000
2024-08-06,24189.849609375,24382.599609375,23960.400390625,23992.55078125,312300
2024-08-07,24289.400390625,24337.69921875,24184.900390625,24297.5,317600
2024-08-08,24248.55078125,24340.5,24079.69921875,24117.0,311900
2024-08-09,24386.849609375,24419.75,24311.19921875,24367.5,215100
2024-08-12,24320.05078125,24472.80078125,24212.099609375,24347.0,279900
2024-08-13,24342.349609375,24359.94921875,24116.5,24139.0,239700
2024-08-14,24184.400390625,24196.5,24099.69921875,24143.75,303300
2024-08-16,24334.849609375,24563.900390625,24204.5,24541.150390625,271600
2024-08-19,24636.349609375,24638.80078125,24522.94921875,24572.650390625,243600
2024-08-20,24648.900390625,24734.30078125,24607.19921875,24698.849609375,238300
2024-08-21,24680.55078125,24787.94921875,24654.5,24770.19921875,257100
2024-08-22,24863.400390625,24867.349609375,24784.44921875,24811.5,220300
2024-08-23,24845.400390625,24858.400390625,24771.650390625,24823.150390625,206800
2024-08-26,24906.099609375,25043.80078125,24874.69921875,25010.599609375,210300
2024-08-27,25024.80078125,25073.099609375,24973.650390625,25017.75,223300
2024-08-28,25030.80078125,25129.599609375,24964.650390625,25052.349609375,220400
2024-08-29,25035.30078125,25192.900390625,24998.5,25151.94921875,354000
2024-08-30,25249.69921875,25268.349609375,25199.400390625,25235.900390625,638200
2024-09-02,25333.599609375,25333.650390625,25235.5,25278.69921875,222800
2024-09-03,25313.400390625,25321.69921875,25235.80078125,25279.849609375,212100
2024-09-04,25089.94921875,25216.0,25083.80078125,25198.69921875,253800
2024-09-05,25250.5,25275.44921875,25127.75,25145.099609375,222200
2024-09-06,25093.69921875,25168.75,24801.30078125,24852.150390625,311700
2024-09-09,24823.400390625,24957.5,24753.150390625,24936.400390625,254400
2024-09-10,24999.400390625,25130.5,24896.80078125,25041.099609375,251300
2024-09-11,25034.0,25113.69921875,24885.150390625,24918.44921875,279200
2024-09-12,25059.650390625,25433.349609375,24941.44921875,25388.900390625,380100
2024-09-13,25430.44921875,25430.5,25292.44921875,25356.5,250800
2024-09-16,25406.650390625,25445.69921875,25336.19921875,25383.75,168700
2024-09-17,25416.900390625,25441.650390625,25352.25,25418.55078125,216000
2024-09-18,25402.400390625,25482.19921875,25285.55078125,25377.55078125,215700
2024-09-19,25487.05078125,25611.94921875,25376.05078125,25415.80078125,314500
2024-09-20,25525.94921875,25849.25,25426.599609375,25790.94921875,533100
2024-09-23,25872.55078125,25956.0,25847.349609375,25939.05078125,209200
2024-09-24,25921.44921875,26011.55078125,25886.849609375,25940.400390625,384100
2024-09-25,25899.44921875,26032.80078125,25871.349609375,26004.150390625,278500
2024-09-26,26005.400390625,26250.900390625,25998.400390625,26216.05078125,370900
2024-09-27,26248.25,26277.349609375,26151.400390625,26178.94921875,490300
2024-09-30,26061.30078125,26134.69921875,25794.099609375,25810.849609375,343100
2024-10-01,25788.44921875,25907.599609375,25739.19921875,25796.900390625,247400
2024-10-03,25452.849609375,25639.44921875,25230.30078125,25250.099609375,423400
2024-10-04,25181.900390625,25485.05078125,24966.80078125,25014.599609375,374900
2024-10-07,25084.099609375,25143.0,24694.349609375,24795.75,374300
2024-10-08,24832.19921875,25044.0,24756.80078125,25013.150390625,333200
2024-10-09,25065.80078125,25234.05078125,24947.69921875,24981.94921875,290600
2024-10-10,25067.05078125,25134.05078125,24979.400390625,24998.44921875,261400
2024-10-11,24985.30078125,25028.650390625,24920.05078125,24964.25,210500
2024-10-14,25023.44921875,25159.75,25017.5,25127.94921875,206400
2024-10-15,25186.30078125,25212.05078125,25008.150390625,25057.349609375,257200
2024-10-16,25008.55078125,25093.400390625,24908.44921875,24971.30078125,226800
2024-10-17,25027.400390625,25029.5,24728.900390625,24749.849609375,252800
2024-10-18,24664.94921875,24886.19921875,24567.650390625,24854.05078125,290900
2024-10-21,24956.150390625,24978.30078125,24679.599609375,24781.099609375,242000
2024-10-22,24798.650390625,24882.0,24445.80078125,24472.099609375,279500
2024-10-23,24378.150390625,24604.25,24378.099609375,24435.5,284600
2024-10-24,24412.69921875,24480.650390625,24341.19921875,24399.400390625,216700
2024-10-25,24418.05078125,24440.25,24073.900390625,24180.80078125,372600
2024-10-28,24251.099609375,24492.599609375,24134.900390625,24339.150390625,278600
2024-10-29,24328.849609375,24484.5,24140.849609375,24466.849609375,332000
2024-10-30,24371.44921875,24498.19921875,24307.30078125,24340.849609375,285200
2024-10-31,24349.849609375,24372.44921875,24172.599609375,24205.349609375,287000
2024-11-01,24302.75,24368.25,24280.19921875,24304.349609375,38800
2024-11-04,24315.75,24316.75,23816.150390625,23995.349609375,285500
2024-11-05,23916.5,24229.05078125,23842.75,24213.30078125,289500
2024-11-06,24308.75,24537.599609375,24204.05078125,24484.05078125,351100
2024-11-07,24489.599609375,24503.349609375,24179.05078125,24199.349609375,322200
2024-11-08,24207.69921875,24276.150390625,24066.650390625,24148.19921875,298700
2024-11-11,24087.25,24336.80078125,24004.599609375,24141.30078125,273400
2024-11-12,24225.80078125,24242.0,23839.150390625,23883.44921875,255800
2024-11-13,23822.44921875,23873.599609375,23509.599609375,23559.05078125,304600
2024-11-14,23542.150390625,23675.900390625,23484.150390625,23532.69921875,257700
2024-11-18,23605.30078125,23606.80078125,23350.400390625,23453.80078125,263300
2024-11-19,23529.55078125,23780.650390625,23464.80078125,23518.5,297500
2024-11-21,23488.44921875,23507.30078125,23263.150390625,23349.900390625,420300
2024-11-22,23411.80078125,23956.099609375,23359.0,23907.25,367600
2024-11-25,24253.55078125,24351.55078125,24135.44921875,24221.900390625,687200
2024-11-26,24343.30078125,24343.30078125,24125.400390625,24194.5,230700
2024-11-27,24204.80078125,24354.55078125,24145.650390625,24274.900390625,295000
2024-11-28,24274.150390625,24345.75,23873.349609375,23914.150390625,366700
2024-11-29,23927.150390625,24188.44921875,23927.150390625,24131.099609375,282100
2024-12-02,24140.849609375,24301.69921875,24008.650390625,24276.05078125,220400
2024-12-03,24367.5,24481.349609375,24280.0,24457.150390625,339500
2024-12-04,24488.75,24573.19921875,24366.30078125,24467.44921875,348000
2024-12-05,24539.150390625,24857.75,24295.55078125,24708.400390625,361500
2024-12-06,24729.44921875,24751.05078125,24620.5,24677.80078125,226700
2024-12-09,24633.900390625,24705.0,24580.05078125,24619.0,248100
2024-12-10,24652.650390625,24677.80078125,24510.650390625,24610.05078125,261000
2024-12-11,24620.5,24691.75,24583.849609375,24641.80078125,187300
2024-12-12,24604.44921875,24675.25,24527.94921875,24548.69921875,266100
2024-12-13,24498.349609375,24792.30078125,24180.80078125,24768.30078125,310100
2024-12-16,24753.400390625,24781.25,24601.75,24668.25,187600
2024-12-17,24584.80078125,24624.099609375,24303.44921875,24336.0,264900
2024-12-18,24297.94921875,24394.44921875,24149.849609375,24198.849609375,235300
2024-12-19,23877.150390625,24004.900390625,23870.30078125,23951.69921875,271100
2024-12-20,23960.69921875,24065.80078125,23537.349609375,23587.5,442700
2024-12-23,23738.19921875,23869.55078125,23647.19921875,23753.44921875,189800
2024-12-24,23769.099609375,23867.650390625,23685.150390625,23727.650390625,177700
2024-12-26,23775.80078125,23854.5,23653.599609375,23750.19921875,177700
2024-12-27,23801.400390625,23938.849609375,23800.599609375,23813.400390625,176800
2024-12-30,23796.900390625,23915.349609375,23599.30078125,23644.900390625,364900
2024-12-31,23560.599609375,23689.849609375,23460.44921875,23644.80078125,193600
2025-01-01,23637.650390625,23822.80078125,23562.80078125,23742.900390625,154900
2025-01-02,23783.0,24226.69921875,23751.55078125,24188.650390625,283200
2025-01-03,24196.400390625,24196.44921875,23976.0,24004.75,312300
2025-01-06,24045.80078125,24089.94921875,23551.900390625,23616.05078125,278100
2025-01-07,23679.900390625,23795.19921875,23637.80078125,23707.900390625,262300
2025-01-08,23746.650390625,23751.849609375,23496.150390625,23688.94921875,266400
2025-01-09,23674.75,23689.5,23503.05078125,23526.5,269200
2025-01-10,23551.900390625,23596.599609375,23344.349609375,23431.5,261000
2025-01-13,23195.400390625,23340.94921875,23047.25,23085.94921875,316500
2025-01-14,23165.900390625,23264.94921875,23134.150390625,23176.05078125,311200
2025-01-15,23250.44921875,23293.650390625,23146.44921875,23213.19921875,228000
2025-01-16,23377.25,23391.650390625,23272.05078125,23311.80078125,299400
2025-01-17,23277.099609375,23292.099609375,23100.349609375,23203.19921875,272900
2025-01-20,23290.400390625,23391.099609375,23170.650390625,23344.75,301500
2025-01-21,23421.650390625,23426.30078125,22976.849609375,23024.650390625,312900
2025-01-22,23099.150390625,23169.55078125,22981.30078125,23155.349609375,276000
2025-01-23,23128.30078125,23270.80078125,23090.650390625,23205.349609375,275600
2025-01-24,23183.900390625,23347.30078125,23050.0,23092.19921875,264300
2025-01-27,22940.150390625,23007.44921875,22786.900390625,22829.150390625,257400
2025-01-28,22960.44921875,23137.94921875,22857.650390625,22957.25,361900
2025-01-29,23026.75,23183.349609375,22976.5,23163.099609375,226300
2025-01-30,23169.5,23322.05078125,23139.19921875,23249.5,361900
2025-01-31,23296.75,23546.80078125,23277.400390625,23508.400390625,304900
2025-02-01,23528.599609375,23632.44921875,23318.30078125,23482.150390625,281000
2025-02-03,23319.349609375,23381.599609375,23222.0,23361.05078125,329700
2025-02-04,23509.900390625,23762.75,23423.150390625,23739.25,376700
2025-02-05,23801.75,23807.30078125,23680.44921875,23696.30078125,267000
2025-02-06,23761.94921875,23773.55078125,23556.25,23603.349609375,307000
2025-02-07,23649.5,23694.5,23443.19921875,23559.94921875,368100
2025-02-10,23543.80078125,23568.599609375,23316.30078125,23381.599609375,234200
2025-02-11,23383.55078125,23390.05078125,22986.650390625,23071.80078125,268000
2025-02-12,23050.80078125,23144.69921875,22798.349609375,23045.25,279700
2025-02-13,23055.75,23235.5,22992.19921875,23031.400390625,265700
2025-02-14,23096.44921875,23133.69921875,22774.849609375,22929.25,254500
2025-02-17,22809.900390625,22974.19921875,22725.44921875,22959.5,207400
2025-02-18,22963.650390625,22992.5,22801.5,22945.30078125,210600
2025-02-19,22847.25,23049.94921875,22814.849609375,22932.900390625,207000
2025-02-20,22821.099609375,22923.849609375,22812.75,22913.150390625,240800
2025-02-21,22857.19921875,22921.0,22720.30078125,22795.900390625,242800
2025-02-24,22609.349609375,22668.05078125,22518.80078125,22553.349609375,214300
2025-02-25,22516.44921875,22625.30078125,22513.900390625,22547.55078125,250300
2025-02-27,22568.94921875,22613.30078125,22508.400390625,22545.05078125,289200
2025-02-28,22433.400390625,22450.349609375,22104.849609375,22124.69921875,551300
2025-03-03,22194.55078125,22261.55078125,22004.69921875,22119.30078125,282400
2025-03-04,21974.44921875,22105.05078125,21964.599609375,22082.650390625,253300
2025-03-05,22073.05078125,22394.900390625,22067.80078125,22337.30078125,305900
2025-03-06,22476.349609375,22556.44921875,22245.849609375,22544.69921875,372100
2025-03-07,22508.650390625,22633.80078125,22464.75,22552.5,289800
2025-03-10,22521.849609375,22676.75,22429.05078125,22460.30078125,293900
2025-03-11,22345.94921875,22522.099609375,22314.69921875,22497.900390625,347900
2025-03-12,22536.349609375,22577.400390625,22329.55078125,22470.5,369700
2025-03-13,22541.5,22558.05078125,22377.349609375,22397.19921875,287500
2025-03-17,22353.150390625,22577.0,22353.150390625,22508.75,251100
2025-03-18,22662.25,22857.80078125,22599.19921875,22834.30078125,272600
2025-03-19,22874.94921875,22940.69921875,22807.94921875,22907.599609375,324000
2025-03-20,23036.599609375,23216.69921875,22973.94921875,23190.650390625,313700
2025-03-21,23168.25,23402.69921875,23132.80078125,23350.400390625,541000
2025-03-24,23515.400390625,23708.75,23433.5,23658.349609375,311900
2025-03-25,23751.5,23869.599609375,23601.400390625,23668.650390625,338200
2025-03-26,23700.94921875,23736.5,23451.69921875,23486.849609375,278600
2025-03-27,23433.94921875,23646.44921875,23412.19921875,23591.94921875,510300
2025-03-28,23600.400390625,23649.19921875,23450.19921875,23519.349609375,295400
2025-04-01,23341.099609375,23565.150390625,23136.400390625,23165.69921875,314300
2025-04-02,23192.599609375,23350.0,23158.44921875,23332.349609375,341000
2025-04-03,23150.30078125,23306.5,23145.80078125,23250.099609375,283200
2025-04-04,23190.400390625,23214.69921875,22857.44921875,22904.44921875,466800
2025-04-07,21758.400390625,22254.0,21743.650390625,22161.599609375,647100
2025-04-08,22446.75,22697.19921875,22270.849609375,22535.849609375,468300
2025-04-09,22460.30078125,22468.69921875,22353.25,22399.150390625,383800
2025-04-11,22695.400390625,22923.900390625,22695.400390625,22828.55078125,402200
2025-04-15,23368.349609375,23368.349609375,23207.0,23328.55078125,388300
2025-04-16,23344.099609375,23452.19921875,23273.05078125,23437.19921875,348400
2025-04-17,23401.849609375,23872.349609375,23298.55078125,23851.650390625,505300
2025-04-21,23949.150390625,24189.55078125,23903.650390625,24125.55078125,406100
2025-04-22,24185.400390625,24242.599609375,24072.0,24167.25,440900
2025-04-23,24357.599609375,24359.30078125,24119.94921875,24328.94921875,415000
2025-04-24,24277.900390625,24347.849609375,24216.150390625,24246.69921875,358800
2025-04-25,24289.0,24365.44921875,23847.849609375,24039.349609375,387700
2025-04-28,24070.25,24355.099609375,24054.05078125,24328.5,320500
2025-04-29,24370.69921875,24457.650390625,24290.75,24335.94921875,357600
2025-04-30,24342.05078125,24396.150390625,24198.75,24334.19921875,424500
2025-05-02,24311.900390625,24589.150390625,24238.5,24346.69921875,421100
2025-05-05,24419.5,24526.400390625,24400.650390625,24461.150390625,291500
2025-05-06,24500.75,24509.650390625,24331.80078125,24379.599609375,302400
2025-05-07,24233.30078125,24449.599609375,24220.0,24414.400390625,330100
2025-05-08,24431.5,24447.25,24150.19921875,24273.80078125,411400
2025-05-09,23935.75,24164.25,23935.75,24008.0,335600
2025-05-12,24420.099609375,24944.80078125,24378.849609375,24924.69921875,368700
2025-05-13,24864.05078125,24973.80078125,24547.5,24578.349609375,423000
2025-05-14,24613.80078125,24767.55078125,24535.55078125,24666.900390625,345500
2025-05-15,24694.44921875,25116.25,24494.44921875,25062.099609375,500800
2025-05-16,25064.650390625,25070.0,24953.05078125,25019.80078125,432700
2025-05-19,25005.349609375,25062.94921875,24916.650390625,24945.44921875,255300
2025-05-20,24996.19921875,25010.349609375,24669.69921875,24683.900390625,414800
2025-05-21,24744.25,24946.19921875,24685.349609375,24813.44921875,332700
2025-05-22,24733.94921875,24737.5,24462.400390625,24609.69921875,403300
2025-05-23,24639.5,24909.05078125,24614.05078125,24853.150390625,270500
2025-05-26,24919.349609375,25079.19921875,24900.5,25001.150390625,302800
2025-05-27,24956.650390625,25062.900390625,24704.099609375,24826.19921875,525700
2025-05-28,24832.5,24864.25,24737.05078125,24752.44921875,684400
2025-05-29,24825.099609375,24892.599609375,24677.30078125,24833.599609375,345400
2025-05-30,24812.599609375,24863.94921875,24717.400390625,24750.69921875,853900
2025-06-02,24669.69921875,24754.400390625,24526.150390625,24716.599609375,311100
2025-06-03,24786.30078125,24845.099609375,24502.150390625,24542.5,349300
2025-06-04,24560.44921875,24644.25,24530.44921875,24620.19921875,280900
2025-06-05,24691.19921875,24899.849609375,24613.099609375,24750.900390625,388400
2025-06-06,24748.69921875,25029.5,24671.44921875,25003.05078125,335600
2025-06-09,25160.099609375,25160.099609375,25077.150390625,25103.19921875,279200
2025-06-10,25196.05078125,25199.30078125,25055.44921875,25104.25,307300
2025-06-11,25134.150390625,25222.400390625,25081.30078125,25141.400390625,301200
2025-06-12,25164.44921875,25196.19921875,24825.900390625,24888.19921875,328300
2025-06-13,24473.0,24754.349609375,24473.0,24718.599609375,318700
2025-06-16,24732.349609375,24967.099609375,24703.599609375,24946.5,305800
2025-06-17,24977.849609375,24982.05078125,24813.69921875,24853.400390625,242400
2025-06-18,24788.349609375,24947.55078125,24750.44921875,24812.05078125,237600
2025-06-19,24803.25,24863.099609375,24733.400390625,24793.25,274600
2025-06-20,24787.650390625,25136.19921875,24783.650390625,25112.400390625,574700
2025-06-23,24939.75,25057.0,24824.849609375,24971.900390625,248500
2025-06-24,25179.900390625,25317.69921875,24999.69921875,25044.349609375,450200
2025-06-25,25150.349609375,25266.80078125,25125.05078125,25244.75,260600
2025-06-26,25268.94921875,25565.30078125,25259.900390625,25549.0,428900
2025-06-27,25576.650390625,25654.19921875,25523.55078125,25637.80078125,564000
2025-06-30,25661.650390625,25669.349609375,25473.30078125,25517.05078125,271000
2025-07-01,25551.349609375,25593.400390625,25501.80078125,25541.80078125,260700
2025-07-02,25588.30078125,25608.099609375,25378.75,25453.400390625,309800
2025-07-03,25505.099609375,25587.5,25384.349609375,25405.30078125,293400
2025-07-04,25428.849609375,25470.25,25331.650390625,25461.0,193500
2025-07-07,25450.44921875,25489.80078125,25407.25,25461.30078125,196100
2025-07-08,25427.849609375,25548.05078125,25424.150390625,25522.5,210400
2025-07-09,25514.599609375,25548.69921875,25424.349609375,25476.099609375,239100
2025-07-10,25511.650390625,25524.05078125,25340.44921875,25355.25,219600
2025-07-11,25255.5,25322.44921875,25129.0,25149.849609375,250000
2025-07-14,25149.5,25151.099609375,25001.94921875,25082.30078125,259500
2025-07-15,25089.5,25245.19921875,25088.44921875,25195.80078125,241300
2025-07-16,25196.599609375,25255.30078125,25121.05078125,25212.05078125,228800
2025-07-17,25230.75,25238.349609375,25101.0,25111.44921875,243400
2025-07-18,25108.55078125,25144.599609375,24918.650390625,24968.400390625,317000
2025-07-21,24999.0,25111.400390625,24882.30078125,25090.69921875,305200
2025-07-22,25166.650390625,25182.0,25035.55078125,25060.900390625,483700
2025-07-23,25139.349609375,25233.5,25085.5,25219.900390625,271500
2025-07-24,25243.30078125,25246.25,25018.69921875,25062.099609375,338700
2025-07-25,25010.349609375,25010.349609375,24806.349609375,24837.0,278100
2025-07-28,24782.44921875,24889.19921875,24646.599609375,24680.900390625,262100
2025-07-29,24609.650390625,24847.150390625,24598.599609375,24821.099609375,284700
2025-07-30,24890.400390625,24902.30078125,24771.94921875,24855.05078125,243900
2025-07-31,24642.25,24956.5,24635.0,24768.349609375,346300
2025-08-01,24734.900390625,24784.150390625,24535.05078125,24565.349609375,263400
2025-08-04,24596.05078125,24736.25,24554.0,24722.75,259300
2025-08-05,24720.25,24733.099609375,24590.30078125,24649.55078125,251800
2025-08-06,24641.349609375,24671.400390625,24539.19921875,24574.19921875,225100
2025-08-07,24464.19921875,24634.19921875,24344.150390625,24596.150390625,616700
2025-08-08,24544.25,24585.5,24337.5,24363.30078125,312600
2025-08-11,24371.5,24600.849609375,24347.44921875,24585.05078125,241100
2025-08-12,24563.349609375,24702.599609375,24465.650390625,24487.400390625,237000
2025-08-13,24586.19921875,24664.55078125,24535.25,24619.349609375,236000
2025-08-14,24607.25,24673.650390625,24596.900390625,24631.30078125,270200
2025-08-18,24938.19921875,25022.0,24852.849609375,24876.94921875,363100
2025-08-19,24891.349609375,25012.650390625,24873.94921875,24980.650390625,252300
2025-08-20,24965.80078125,25088.69921875,24929.69921875,25050.55078125,287100
2025-08-21,25142.0,25153.650390625,25054.900390625,25083.75,226500
2025-08-22,25064.150390625,25084.849609375,24859.150390625,24870.099609375,210200
2025-08-25,24949.150390625,25021.55078125,24894.349609375,24967.75,213000
2025-08-26,24899.5,24919.650390625,24689.599609375,24712.05078125,750500
2025-08-28,24695.80078125,24702.650390625,24481.599609375,24500.900390625,326600
2025-08-29,24466.69921875,24572.44921875,24404.69921875,24426.849609375,325500
2025-09-01,24432.69921875,24635.599609375,24432.69921875,24625.05078125,229300
2025-09-02,24653.0,24756.099609375,24522.349609375,24579.599609375,271600
2025-09-03,24616.5,24737.05078125,24533.19921875,24715.05078125,340300
2025-09-04,24980.75,24980.75,24708.19921875,24734.30078125,314100
2025-09-05,24818.849609375,24832.349609375,24621.599609375,24741.0,210100
2025-09-08,24802.599609375,24885.5,24751.55078125,24773.150390625,213200
2025-09-09,24864.099609375,24891.80078125,24814.0,24868.599609375,226900
2025-09-10,24991.0,25035.69921875,24915.05078125,24973.099609375,244100
2025-09-11,24945.5,25037.30078125,24940.150390625,25005.5,224600
2025-09-12,25074.44921875,25139.44921875,25038.05078125,25114.0,225700
2025-09-15,25118.900390625,25138.44921875,25048.75,25069.19921875,185400
2025-09-16,25073.599609375,25261.400390625,25070.44921875,25239.099609375,240100
2025-09-17,25276.599609375,25346.5,25275.349609375,25330.25,268900
2025-09-18,25441.05078125,25448.94921875,25329.75,25423.599609375,272200
2025-09-19,25410.19921875,25428.75,25286.30078125,25327.05078125,380400
2025-09-22,25238.099609375,25331.69921875,25151.05078125,25202.349609375,254500
2025-09-23,25209.0,25261.900390625,25084.650390625,25169.5,299200
2025-09-24,25108.75,25149.849609375,25027.44921875,25056.900390625,244400
2025-09-25,25034.5,25092.69921875,24878.30078125,24890.849609375,342500
2025-09-26,24818.55078125,24868.599609375,24629.44921875,24654.69921875,291500
2025-09-29,24728.55078125,24791.30078125,24606.19921875,24634.900390625,394400
2025-09-30,24691.94921875,24731.80078125,24587.69921875,24611.099609375,303000
2025-10-01,24620.55078125,24867.94921875,24605.94921875,24836.30078125,308900
2025-10-03,24759.55078125,24904.80078125,24747.55078125,24894.25,365900
2025-10-06,24916.55078125,25095.94921875,24881.650390625,25077.650390625,268800
2025-10-07,25085.30078125,25220.900390625,25076.30078125,25108.30078125,288000
2025-10-08,25079.75,25192.5,25008.5,25046.150390625,227400
2025-10-09,25074.30078125,25199.25,25024.30078125,25181.80078125,286300
2025-10-10,25167.650390625,25330.75,25156.849609375,25285.349609375,232900
2025-10-13,25177.30078125,25267.30078125,25152.30078125,25227.349609375,234300
2025-10-14,25277.55078125,25310.349609375,25060.55078125,25145.5,292100
2025-10-15,25181.94921875,25365.150390625,25159.349609375,25323.55078125,289900
2025-10-16,25394.900390625,25625.400390625,25376.849609375,25585.30078125,372800
2025-10-17,25546.849609375,25781.5,25508.599609375,25709.849609375,422100
2025-10-20,25824.599609375,25926.19921875,25788.5,25843.150390625,301100
2025-10-21,25901.19921875,25934.349609375,25825.80078125,25868.599609375,42500
2025-10-23,26057.19921875,26104.19921875,25862.44921875,25891.400390625,448400
2025-10-24,25935.099609375,25944.150390625,25718.19921875,25795.150390625,284900
2025-10-27,25843.19921875,26005.94921875,25827.0,25966.05078125,266300
2025-10-28,25939.94921875,26041.69921875,25810.05078125,25936.19921875,395200
2025-10-29,25982.0,26097.849609375,25960.30078125,26053.900390625,321900
2025-10-30,25984.400390625,26032.05078125,25845.25,25877.849609375,257400
2025-10-31,25863.80078125,25953.75,25711.19921875,25722.099609375,334400
2025-11-03,25696.849609375,25803.099609375,25645.5,25763.349609375,23300
2025-11-04,25744.75,25787.400390625,25578.400390625,25597.650390625,305100
2025-11-06,25593.349609375,25679.150390625,25491.55078125,25509.69921875,371900
2025-11-07,25433.80078125,25551.25,25318.44921875,25492.30078125,305600
2025-11-10,25503.5,25653.44921875,25503.5,25574.349609375,243600
2025-11-11,25617.0,25715.80078125,25449.25,25694.94921875,297700
2025-11-12,25834.30078125,25934.55078125,25781.150390625,25875.80078125,312600
2025-11-13,25906.099609375,26010.69921875,25808.400390625,25879.150390625,385200
2025-11-14,25767.900390625,25940.19921875,25740.80078125,25910.05078125,518900
2025-11-17,25948.19921875,26024.19921875,25906.349609375,26013.44921875,281800
2025-11-18,26021.80078125,26029.849609375,25876.5,25910.05078125,280000
2025-11-19,25918.099609375,26074.650390625,25856.19921875,26052.650390625,250100
2025-11-20,26132.099609375,26246.650390625,26063.19921875,26192.150390625,240400
2025-11-21,26109.55078125,26179.19921875,26052.19921875,26068.150390625,235600
2025-11-24,26122.80078125,26142.80078125,25912.150390625,25959.5,464700
2025-11-25,25998.5,26032.599609375,25857.5,25884.80078125,260500
2025-11-26,25842.94921875,26215.150390625,25842.94921875,26205.30078125,275300
2025-11-27,26261.25,26310.44921875,26141.900390625,26215.55078125,240300
2025-11-28,26237.44921875,26280.75,26172.400390625,26202.94921875,202500
2025-12-01,26325.80078125,26325.80078125,26124.19921875,26175.75,213800
2025-12-02,26087.94921875,26154.599609375,25997.849609375,26032.19921875,254800
2025-12-03,26004.900390625,26066.44921875,25891.0,25986.0,265700
2025-12-04,25981.849609375,26098.25,25938.94921875,26033.75,248100
2025-12-05,25999.80078125,26202.599609375,25985.349609375,26186.44921875,249300
2025-12-08,26159.80078125,26178.69921875,25892.25,25960.55078125,320700
2025-12-09,25867.099609375,25923.650390625,25728.0,25839.650390625,276000
2025-12-10,25864.05078125,25947.650390625,25734.55078125,25758.0,207900
2025-12-11,25771.400390625,25922.80078125,25693.25,25898.55078125,206100
2025-12-12,25971.19921875,26057.599609375,25938.44921875,26046.94921875,216300
2025-12-15,25930.05078125,26047.150390625,25904.75,26027.30078125,181600
2025-12-16,25951.5,25980.75,25834.349609375,25860.099609375,264400
2025-12-17,25902.400390625,25929.150390625,25770.349609375,25818.55078125,206500
2025-12-18,25764.69921875,25902.349609375,25726.30078125,25815.55078125,197600
2025-12-19,25911.5,25993.349609375,25880.44921875,25966.400390625,382900
2025-12-22,26055.849609375,26180.69921875,26047.80078125,26172.400390625,253000
2025-12-23,26205.19921875,26233.55078125,26119.05078125,26177.150390625,216600
2025-12-24,26170.650390625,26236.400390625,26123.0,26142.099609375,188800
2025-12-26,26121.25,26144.19921875,26008.599609375,26042.30078125,142200
2025-12-29,26063.349609375,26106.80078125,25920.30078125,25942.099609375,234300
2025-12-30,25940.900390625,25976.75,25878.0,25938.849609375,396900
2025-12-31,25971.05078125,26187.94921875,25969.0,26129.599609375,246300
2026-01-01,26173.30078125,26197.55078125,26113.400390625,26146.55078125,425600
2026-01-02,26155.099609375,26340.0,26118.400390625,26328.55078125,357500
2026-01-05,26333.69921875,26373.19921875,26210.05078125,26250.30078125,338800
2026-01-06,26189.69921875,26273.94921875,26124.75,26178.69921875,383000
2026-01-07,26143.099609375,26187.150390625,26067.900390625,26140.75,338200
2026-01-08,26106.5,26133.19921875,25858.44921875,25876.849609375,328500
2026-01-09,25840.400390625,25940.599609375,25623.0,25683.30078125,348800
2026-01-12,25669.05078125,25813.150390625,25473.400390625,25790.25,275800
2026-01-13,25897.349609375,25899.80078125,25603.30078125,25732.30078125,339500
2026-01-14,25648.55078125,25791.75,25603.94921875,25665.599609375,393100
2026-01-16,25696.05078125,25873.5,25662.400390625,25694.349609375,434000
2026-01-19,25653.099609375,25653.30078125,25494.349609375,25585.5,443100
2026-01-20,25580.30078125,25585.0,25171.349609375,25232.5,409800
2026-01-21,25141.0,25300.94921875,24919.80078125,25157.5,395600
2026-01-22,25344.150390625,25435.75,25168.5,25289.900390625,486400
2026-01-23,25344.599609375,25347.94921875,25025.30078125,25048.650390625,393900
2026-01-27,25063.349609375,25246.650390625,24932.55078125,25175.400390625,618700
2026-01-28,25258.849609375,25372.099609375,25187.650390625,25342.75,574900
2026-01-29,25345.0,25458.150390625,25159.80078125,25418.900390625,582400
2026-01-30,25247.55078125,25370.69921875,25213.650390625,25320.650390625,508400
2026-02-02,24796.5,25108.099609375,24679.400390625,25088.400390625,449200
2026-02-03,26308.05078125,26341.19921875,25641.30078125,25727.55078125,637300
2026-02-04,25675.05078125,25818.55078125,25563.94921875,25776.0,429800
2026-02-05,25755.900390625,25757.650390625,25579.5,25642.80078125,343800
2026-02-06,25605.80078125,25703.94921875,25491.900390625,25693.69921875,375500
2026-02-09,25888.69921875,25922.25,25780.900390625,25867.30078125,359400
2026-02-10,25922.650390625,25989.44921875,25870.44921875,25935.150390625,460900
2026-02-11,25997.44921875,26009.400390625,25899.80078125,25953.849609375,331400
2026-02-12,25906.69921875,25906.69921875,25752.400390625,25807.19921875,419400
2026-02-13,25571.150390625,25630.349609375,25444.30078125,25471.099609375,453500
2026-02-16,25423.599609375,25697.0,25372.69921875,25682.75,275800
2026-02-17,25637.94921875,25764.400390625,25570.30078125,25725.400390625,344100
2026-02-18,25752.650390625,25828.05078125,25645.150390625,25819.349609375,310200
2026-02-19,25873.349609375,25885.30078125,25388.75,25454.349609375,298200
2026-02-20,25406.55078125,25663.55078125,25379.75,25571.25,296600
2026-02-23,25678.400390625,25771.44921875,25609.349609375,25713.0,313700
2026-02-24,25641.80078125,25641.80078125,25327.599609375,25424.650390625,439100
2026-02-25,25512.599609375,25652.599609375,25428.19921875,25482.5,414200
2026-02-26,25556.30078125,25572.94921875,25400.94921875,25496.55078125,405200
2026-02-27,25459.849609375,25476.400390625,25141.30078125,25178.650390625,438900
2026-03-02,24659.25,24989.349609375,24603.5,24865.69921875,519200
2026-03-04,24388.80078125,24602.44921875,24305.400390625,24480.5,599000
2026-03-05,24615.94921875,24854.19921875,24529.400390625,24765.900390625,504300
2026-03-06,24656.400390625,24700.900390625,24415.75,24450.44921875,433400
2026-03-09,23868.05078125,24078.150390625,23697.80078125,24028.05078125,526900
2026-03-10,24280.80078125,24303.80078125,24079.94921875,24261.599609375,444300
2026-03-11,24231.849609375,24299.0,23834.30078125,23866.849609375,407400
2026-03-12,23674.849609375,23833.150390625,23556.30078125,23639.150390625,501000
2026-03-13,23462.5,23492.400390625,23112.0,23151.099609375,519800
2026-03-16,23116.099609375,23502.0,22955.25,23408.80078125,540300
2026-03-17,23493.19921875,23656.80078125,23346.599609375,23581.150390625,458800
2026-03-18,23632.900390625,23862.25,23618.44921875,23777.80078125,382900
2026-03-19,23197.75,23378.69921875,22930.349609375,23002.150390625,550100
2026-03-20,23110.150390625,23345.150390625,23067.599609375,23114.5,663300
2026-03-23,22824.349609375,22851.69921875,22471.25,22512.650390625,550300
2026-03-24,22878.44921875,23057.30078125,22624.19921875,22912.400390625,538100
2026-03-25,23064.400390625,23465.349609375,23063.19921875,23306.44921875,505400
2026-03-27,23173.55078125,23186.099609375,22804.55078125,22819.599609375,612600
2026-03-30,22549.650390625,22714.099609375,22283.849609375,22331.400390625,698600
2026-04-01,22899.0,22941.30078125,22618.599609375,22679.400390625,518000
2026-04-02,22383.400390625,22782.30078125,22182.55078125,22713.099609375,495100
2026-04-06,22780.30078125,22998.349609375,22542.94921875,22968.25,426400
2026-04-07,22838.69921875,23153.849609375,22719.30078125,23123.650390625,477000
2026-04-08,23855.150390625,24025.150390625,23828.5,23997.349609375,639300
2026-04-09,23909.05078125,23990.75,23682.80078125,23775.099609375,466600
2026-04-10,23880.55078125,24074.05078125,23856.349609375,24050.599609375,481300
2026-04-13,23589.599609375,23907.400390625,23555.599609375,23842.650390625,488800
2026-04-15,24163.80078125,24280.900390625,24145.80078125,24231.30078125,460300
2026-04-16,24385.19921875,24400.94921875,24102.80078125,24196.75,508000
2026-04-17,24165.900390625,24371.900390625,24096.05078125,24353.55078125,498600
2026-04-20,24391.5,24480.650390625,24241.25,24364.849609375,415900
2026-04-21,24374.55078125,24601.69921875,24354.900390625,24576.599609375,425800
2026-04-22,24470.849609375,24515.94921875,24352.900390625,24378.099609375,440500
2026-04-23,24202.349609375,24310.19921875,24134.80078125,24173.05078125,467500
2026-04-24,24100.55078125,24206.0,23813.650390625,23897.94921875,438400
2026-04-27,23945.44921875,24130.69921875,23936.19921875,24092.69921875,430300
2026-04-28,24049.900390625,24181.80078125,23957.05078125,23995.69921875,554100
2026-04-29,24096.900390625,24334.69921875,24059.94921875,24177.650390625,531100
2026-04-30,23996.94921875,24087.44921875,23796.849609375,23997.55078125,505500
2026-05-04,24063.55078125,24290.19921875,24004.75,24119.30078125,419100
2026-05-05,24052.599609375,24081.69921875,23882.05078125,24032.80078125,363300
2026-05-06,24171.0,24356.5,23997.900390625,24330.94921875,429200
2026-05-07,24398.5,24482.099609375,24284.0,24326.650390625,440600
2026-05-08,24233.650390625,24253.80078125,24126.650390625,24176.150390625,335900
2026-05-11,23970.099609375,23997.44921875,23799.099609375,23815.849609375,390100
2026-05-12,23722.599609375,23757.55078125,23348.400390625,23379.55078125,447500
2026-05-13,23362.44921875,23582.94921875,23262.55078125,23412.599609375,415400
2026-05-14,23530.25,23777.19921875,23426.55078125,23689.599609375,428700
2026-05-15,23731.400390625,23839.30078125,23610.30078125,23643.5,408900
2026-05-18,23482.19921875,23695.650390625,23317.099609375,23649.94921875,392000
2026-05-19,23675.30078125,23782.30078125,23587.19921875,23618.0,442000
2026-05-20,23457.25,23690.900390625,23397.30078125,23659.0,344100
2026-05-21,23830.05078125,23859.900390625,23596.599609375,23654.69921875,348200
2026-05-22,23671.19921875,23835.650390625,23671.0,23719.30078125,336100
2026-05-25,23940.25,24054.44921875,23922.849609375,24031.69921875,351200
2026-05-26,24004.099609375,24089.80078125,23885.44921875,23913.69921875,387900
2026-05-27,23880.349609375,23983.19921875,23858.25,23907.150390625,531600
2026-05-29,23902.150390625,24002.80078125,23484.75,23547.75,1198000
2026-06-01,23654.5,23733.69921875,23357.94921875,23382.599609375,421700
2026-06-02,23229.150390625,23556.94921875,23229.150390625,23483.55078125,511900
2026-06-03,23415.94921875,23459.650390625,23151.5,23405.599609375,450100
2026-06-04,23282.44921875,23465.30078125,23247.30078125,23416.55078125,412500
2026-06-05,23478.94921875,23516.349609375,23282.650390625,23366.69921875,366200
2026-06-08,23080.69921875,23267.30078125,23070.150390625,23123.0,375700
2026-06-09,23259.05078125,23279.400390625,23104.44921875,23242.099609375,402600
2026-06-10,23233.94921875,23425.349609375,23184.599609375,23214.94921875,380000
2026-06-11,23104.400390625,23327.44921875,23072.05078125,23161.599609375,363000
2026-06-12,23412.55078125,23645.349609375,23313.900390625,23622.900390625,351900
2026-06-15,23984.849609375,24011.400390625,23817.80078125,23853.900390625,398900
2026-06-16,23923.900390625,24002.599609375,23888.19921875,23989.150390625,327300
2026-06-17,24044.5,24108.19921875,23969.69921875,24085.69921875,352700
2026-06-18,24073.80078125,24189.25,24036.94921875,24168.0,340000
2026-06-19,23991.19921875,24047.19921875,23901.900390625,24013.099609375,447900
2026-06-22,24106.599609375,24168.05078125,24073.150390625,24102.900390625,252800
2026-06-23,24071.30078125,24135.5,23784.94921875,23824.099609375,340100
2026-06-24,23795.80078125,24090.05078125,23789.25,24021.650390625,395600
2026-06-25,24125.849609375,24261.599609375,24039.0,24056.0,448800
2026-06-29,24061.75,24120.0,23924.55078125,23946.25,588500
2026-06-30,24032.05078125,24035.55078125,23829.19921875,23865.75,449000
2026-07-01,23897.650390625,24049.900390625,23895.099609375,24005.849609375,352100
2026-07-02,24062.19921875,24194.55078125,24058.80078125,24175.69921875,372900
2026-07-03,24375.650390625,24378.150390625,24252.349609375,24270.849609375,326600
2026-07-06,24306.849609375,24458.650390625,24287.099609375,24430.349609375,329400
2026-07-07,24464.44921875,24530.900390625,24348.94921875,24398.69921875,412600
2026-07-08,24259.55078125,24300.0,23805.19921875,23882.05078125,420500
2026-07-09,23928.94921875,24134.69921875,23925.69921875,23962.80078125,384800
2026-07-10,24124.69921875,24228.44921875,24120.349609375,24206.900390625,313100
2026-07-13,24039.400390625,24259.80078125,24000.19921875,24211.0,322700
2026-07-14,24068.0,24157.099609375,24023.69921875,24052.05078125,355800
2026-07-15,24085.849609375,24220.349609375,24010.55078125,24078.5,306900
2026-07-16,24142.099609375,24186.5,24050.0,24072.75,264300
2026-07-17,24127.599609375,24367.30078125,24099.05078125,24334.30078125,387800
2026-07-20,24190.05078125,24266.099609375,24135.849609375,24238.5,353100
2026-07-21,24216.05078125,24262.19921875,24135.650390625,24187.69921875,315600
2026-07-22,24150.44921875,24166.30078125,23961.400390625,23996.25,304700
2026-07-23,23904.80078125,23990.75,23807.19921875,23869.599609375,344000
2026-07-24,23666.349609375,23823.599609375,23606.30078125,23767.44921875,333900
2026-07-27,23928.400390625,24011.599609375,23891.55078125,23995.94921875,319400
2026-07-28,23971.25,24041.150390625,23954.599609375,23985.349609375,437800
2026-07-29,24176.650390625,24283.55078125,24136.75,24250.19921875,424200
2026-07-30,24249.55078125,24342.94921875,24187.099609375,24317.150390625,400600
2026-07-31,24361.44921875,24429.400390625,24299.69921875,24383.599609375,411700
2026-08-03,24572.69921875,24774.30078125,24515.150390625,24774.30078125,342300
2026-08-04,24703.900390625,24703.900390625,24427.94921875,24614.900390625,296500
2026-08-05,24669.19921875,24677.599609375,24497.94921875,24624.650390625,355500
2026-08-06,24641.0,24677.05078125,24604.150390625,24636.0,344000
2026-08-07,24538.900390625,24630.400390625,24522.75,24570.650390625,0
2026-08-10,24581.25,24620.94921875,24511.099609375,24583.80078125,269500
2026-08-11,24575.099609375,24576.849609375,24429.25,24471.69921875,271800
2026-08-12,24472.44921875,24473.30078125,24265.94921875,24435.94921875,317600
2026-08-13,24431.599609375,24431.599609375,24311.400390625,24395.849609375,295800
2026-08-14,24361.900390625,24405.19921875,24296.80078125,24366.0,267700
2026-08-17,24343.44921875,24360.099609375,24226.94921875,24287.650390625,225400
2026-08-18,24223.849609375,24269.650390625,24154.900390625,24154.900390625,227000
2026-08-19,24152.05078125,24172.849609375,24025.650390625,24078.30078125,238700
2026-08-20,24225.44921875,24265.150390625,24184.55078125,24231.849609375,253900
2026-08-21,24284.05078125,24284.05078125,24206.80078125,24252.0,259300
2026-08-24,24285.05078125,24313.0,24144.30078125,24219.05078125,236300
2026-08-25,24175.75,24334.55078125,24115.44921875,24334.55078125,239500
2026-08-26,24341.94921875,24378.599609375,24207.75,24207.75,244800
2026-08-27,24277.599609375,24297.44921875,24090.849609375,24090.849609375,323400
2026-08-28,24122.599609375,24188.30078125,24076.849609375,24175.650390625,0
2026-08-31,24117.55078125,24128.69921875,23993.599609375,24080.400390625,710900
2026-09-01,24077.55078125,24143.150390625,23952.55078125,24055.80078125,334200
2026-09-02,23858.0,23914.44921875,23786.80078125,23914.44921875,318900
2026-09-03,23997.94921875,24025.400390625,23873.44921875,23873.44921875,239100
2026-09-04,23910.900390625,24005.75,23895.849609375,23897.69921875,231400
2026-09-07,23883.150390625,23890.0,23737.900390625,23779.150390625,205900
2026-09-08,23743.099609375,23758.94921875,23623.099609375,23635.099609375,230100
2026-09-09,23522.05078125,23571.55078125,23431.5,23431.5,352900
2026-09-10,23446.599609375,23494.94921875,23380.099609375,23477.80078125,253200
2026-09-11,23270.30078125,23448.099609375,23231.400390625,23398.099609375,293000
2026-09-15,23576.150390625,23592.849609375,23118.599609375,23118.599609375,338800
2026-09-16,23201.599609375,23284.75,23116.099609375,23217.599609375,261600
2026-09-17,23195.25,23363.55078125,23193.650390625,23270.599609375,259700
2026-09-18,23334.69921875,23360.55078125,23286.599609375,23334.650390625,0
